ISO-10303-21;
HEADER;
FILE_DESCRIPTION(('FreeCAD Model'),'2;1');
FILE_NAME('Open CASCADE Shape Model','2026-08-05T21:56:14',('FreeCAD'),(
    'FreeCAD'),'Open CASCADE STEP processor 7.8','FreeCAD','Unknown');
FILE_SCHEMA(('AUTOMOTIVE_DESIGN { 1 0 10303 214 1 1 1 1 }'));
ENDSEC;
DATA;
#1 = APPLICATION_PROTOCOL_DEFINITION('international standard',
  'automotive_design',2000,#2);
#2 = APPLICATION_CONTEXT(
  'core data for automotive mechanical design processes');
#3 = SHAPE_DEFINITION_REPRESENTATION(#4,#10);
#4 = PRODUCT_DEFINITION_SHAPE('','',#5);
#5 = PRODUCT_DEFINITION('design','',#6,#9);
#6 = PRODUCT_DEFINITION_FORMATION('','',#7);
#7 = PRODUCT('Open CASCADE STEP translator 7.8 1',
  'Open CASCADE STEP translator 7.8 1','',(#8));
#8 = PRODUCT_CONTEXT('',#2,'mechanical');
#9 = PRODUCT_DEFINITION_CONTEXT('part definition',#2,'design');
#10 = ADVANCED_BREP_SHAPE_REPRESENTATION('',(#11,#15),#6340);
#11 = AXIS2_PLACEMENT_3D('',#12,#13,#14);
#12 = CARTESIAN_POINT('',(0.,0.,0.));
#13 = DIRECTION('',(0.,0.,1.));
#14 = DIRECTION('',(1.,0.,-0.));
#15 = MANIFOLD_SOLID_BREP('',#16);
#16 = CLOSED_SHELL('',(#17,#73,#104,#135,#328,#1374,#1397,#1453,#1470,
    #1503,#1527,#1551,#1575,#1599,#1646,#1663,#1680,#1705,#1761,#1785,
    #1809,#1833,#1857,#1881,#1905,#1929,#1953,#1977,#2017,#2041,#2059,
    #2090,#2114,#2138,#2162,#2186,#2210,#2234,#2258,#2282,#2306,#2330,
    #2354,#2378,#2402,#2426,#2450,#2474,#2498,#2522,#2546,#2570,#2594,
    #2618,#2642,#2666,#2690,#2714,#2738,#2762,#2786,#2810,#2834,#2858,
    #2882,#2906,#2930,#2954,#2992,#3024,#3048,#3072,#3096,#3120,#3144,
    #3168,#3192,#3216,#3241,#3265,#3289,#3313,#3337,#3361,#3386,#3410,
    #3434,#3458,#3482,#3506,#3530,#3554,#3578,#3602,#3626,#3650,#3674,
    #3698,#3722,#3746,#3771,#3795,#3819,#3843,#3867,#3891,#3915,#3939,
    #3963,#3988,#4012,#4036,#4060,#4084,#4108,#4132,#4156,#4180,#4204,
    #4228,#4252,#4276,#4300,#4325,#4349,#4373,#4397,#4421,#4445,#4469,
    #4493,#4518,#4574,#4614,#4676,#4700,#4724,#4748,#4772,#4796,#4820,
    #4844,#4868,#4892,#4916,#4940,#4964,#4988,#5012,#5036,#5060,#5084,
    #5108,#5125,#5150,#5189,#5245,#5269,#5286,#5360,#5377,#5403,#5415,
    #5431,#5443,#5642,#5667,#5844,#5856,#5873,#5897,#5921,#5968,#5986,
    #6003,#6020,#6037,#6054,#6066,#6090,#6114,#6138,#6162,#6179,#6203,
    #6220,#6237,#6254,#6271,#6288,#6305));
#17 = ADVANCED_FACE('',(#18),#68,.F.);
#18 = FACE_BOUND('',#19,.F.);
#19 = EDGE_LOOP('',(#20,#30,#38,#46,#54,#62));
#20 = ORIENTED_EDGE('',*,*,#21,.T.);
#21 = EDGE_CURVE('',#22,#24,#26,.T.);
#22 = VERTEX_POINT('',#23);
#23 = CARTESIAN_POINT('',(-4.604,-12.965,-12.151));
#24 = VERTEX_POINT('',#25);
#25 = CARTESIAN_POINT('',(-4.604,-6.9,-12.151));
#26 = LINE('',#27,#28);
#27 = CARTESIAN_POINT('',(-4.604,-12.965,-12.151));
#28 = VECTOR('',#29,1.);
#29 = DIRECTION('',(0.,1.,0.));
#30 = ORIENTED_EDGE('',*,*,#31,.T.);
#31 = EDGE_CURVE('',#24,#32,#34,.T.);
#32 = VERTEX_POINT('',#33);
#33 = CARTESIAN_POINT('',(-4.521529982138,-6.9,-12.00056767698));
#34 = LINE('',#35,#36);
#35 = CARTESIAN_POINT('',(-4.604,-6.9,-12.151));
#36 = VECTOR('',#37,1.);
#37 = DIRECTION('',(0.480720004114,0.,0.876874151543));
#38 = ORIENTED_EDGE('',*,*,#39,.T.);
#39 = EDGE_CURVE('',#32,#40,#42,.T.);
#40 = VERTEX_POINT('',#41);
#41 = CARTESIAN_POINT('',(-3.861369009978,-6.9,-10.79637794618));
#42 = LINE('',#43,#44);
#43 = CARTESIAN_POINT('',(-4.604,-6.9,-12.151));
#44 = VECTOR('',#45,1.);
#45 = DIRECTION('',(0.480720004114,0.,0.876874151543));
#46 = ORIENTED_EDGE('',*,*,#47,.T.);
#47 = EDGE_CURVE('',#40,#48,#50,.T.);
#48 = VERTEX_POINT('',#49);
#49 = CARTESIAN_POINT('',(-3.757,-6.9,-10.606));
#50 = LINE('',#51,#52);
#51 = CARTESIAN_POINT('',(-4.604,-6.9,-12.151));
#52 = VECTOR('',#53,1.);
#53 = DIRECTION('',(0.480720004114,0.,0.876874151543));
#54 = ORIENTED_EDGE('',*,*,#55,.F.);
#55 = EDGE_CURVE('',#56,#48,#58,.T.);
#56 = VERTEX_POINT('',#57);
#57 = CARTESIAN_POINT('',(-3.757,-12.965,-10.606));
#58 = LINE('',#59,#60);
#59 = CARTESIAN_POINT('',(-3.757,-12.965,-10.606));
#60 = VECTOR('',#61,1.);
#61 = DIRECTION('',(0.,1.,0.));
#62 = ORIENTED_EDGE('',*,*,#63,.F.);
#63 = EDGE_CURVE('',#22,#56,#64,.T.);
#64 = LINE('',#65,#66);
#65 = CARTESIAN_POINT('',(-4.604,-12.965,-12.151));
#66 = VECTOR('',#67,1.);
#67 = DIRECTION('',(0.480720004114,0.,0.876874151543));
#68 = PLANE('',#69);
#69 = AXIS2_PLACEMENT_3D('',#70,#71,#72);
#70 = CARTESIAN_POINT('',(-4.604,-12.965,-12.151));
#71 = DIRECTION('',(0.876874151543,0.,-0.480720004114));
#72 = DIRECTION('',(0.480720004114,0.,0.876874151543));
#73 = ADVANCED_FACE('',(#74),#99,.F.);
#74 = FACE_BOUND('',#75,.F.);
#75 = EDGE_LOOP('',(#76,#86,#92,#93));
#76 = ORIENTED_EDGE('',*,*,#77,.T.);
#77 = EDGE_CURVE('',#78,#80,#82,.T.);
#78 = VERTEX_POINT('',#79);
#79 = CARTESIAN_POINT('',(-4.556,-12.965,-12.362));
#80 = VERTEX_POINT('',#81);
#81 = CARTESIAN_POINT('',(-4.556,-6.9,-12.362));
#82 = LINE('',#83,#84);
#83 = CARTESIAN_POINT('',(-4.556,-12.965,-12.362));
#84 = VECTOR('',#85,1.);
#85 = DIRECTION('',(0.,1.,0.));
#86 = ORIENTED_EDGE('',*,*,#87,.T.);
#87 = EDGE_CURVE('',#80,#24,#88,.T.);
#88 = LINE('',#89,#90);
#89 = CARTESIAN_POINT('',(-4.556,-6.9,-12.362));
#90 = VECTOR('',#91,1.);
#91 = DIRECTION('',(-0.221820839381,0.,0.97508743978));
#92 = ORIENTED_EDGE('',*,*,#21,.F.);
#93 = ORIENTED_EDGE('',*,*,#94,.F.);
#94 = EDGE_CURVE('',#78,#22,#95,.T.);
#95 = LINE('',#96,#97);
#96 = CARTESIAN_POINT('',(-4.556,-12.965,-12.362));
#97 = VECTOR('',#98,1.);
#98 = DIRECTION('',(-0.221820839381,0.,0.97508743978));
#99 = PLANE('',#100);
#100 = AXIS2_PLACEMENT_3D('',#101,#102,#103);
#101 = CARTESIAN_POINT('',(-4.556,-12.965,-12.362));
#102 = DIRECTION('',(0.97508743978,-0.,0.221820839381));
#103 = DIRECTION('',(-0.221820839381,0.,0.97508743978));
#104 = ADVANCED_FACE('',(#105),#130,.F.);
#105 = FACE_BOUND('',#106,.F.);
#106 = EDGE_LOOP('',(#107,#108,#116,#124));
#107 = ORIENTED_EDGE('',*,*,#55,.T.);
#108 = ORIENTED_EDGE('',*,*,#109,.T.);
#109 = EDGE_CURVE('',#48,#110,#112,.T.);
#110 = VERTEX_POINT('',#111);
#111 = CARTESIAN_POINT('',(-3.596,-6.9,-9.976));
#112 = LINE('',#113,#114);
#113 = CARTESIAN_POINT('',(-3.757,-6.9,-10.606));
#114 = VECTOR('',#115,1.);
#115 = DIRECTION('',(0.247598267511,0.,0.968862785912));
#116 = ORIENTED_EDGE('',*,*,#117,.F.);
#117 = EDGE_CURVE('',#118,#110,#120,.T.);
#118 = VERTEX_POINT('',#119);
#119 = CARTESIAN_POINT('',(-3.596,-12.965,-9.976));
#120 = LINE('',#121,#122);
#121 = CARTESIAN_POINT('',(-3.596,-12.965,-9.976));
#122 = VECTOR('',#123,1.);
#123 = DIRECTION('',(0.,1.,0.));
#124 = ORIENTED_EDGE('',*,*,#125,.F.);
#125 = EDGE_CURVE('',#56,#118,#126,.T.);
#126 = LINE('',#127,#128);
#127 = CARTESIAN_POINT('',(-3.757,-12.965,-10.606));
#128 = VECTOR('',#129,1.);
#129 = DIRECTION('',(0.247598267511,0.,0.968862785912));
#130 = PLANE('',#131);
#131 = AXIS2_PLACEMENT_3D('',#132,#133,#134);
#132 = CARTESIAN_POINT('',(-3.757,-12.965,-10.606));
#133 = DIRECTION('',(0.968862785912,0.,-0.247598267511));
#134 = DIRECTION('',(0.247598267511,0.,0.968862785912));
#135 = ADVANCED_FACE('',(#136),#323,.F.);
#136 = FACE_BOUND('',#137,.F.);
#137 = EDGE_LOOP('',(#138,#139,#140,#148,#156,#164,#172,#180,#188,#196,
    #204,#212,#220,#228,#236,#244,#252,#260,#268,#276,#284,#292,#300,
    #308,#316,#322));
#138 = ORIENTED_EDGE('',*,*,#63,.T.);
#139 = ORIENTED_EDGE('',*,*,#125,.T.);
#140 = ORIENTED_EDGE('',*,*,#141,.T.);
#141 = EDGE_CURVE('',#118,#142,#144,.T.);
#142 = VERTEX_POINT('',#143);
#143 = CARTESIAN_POINT('',(-3.655,-12.965,43.644));
#144 = LINE('',#145,#146);
#145 = CARTESIAN_POINT('',(-3.596,-12.965,-9.976));
#146 = VECTOR('',#147,1.);
#147 = DIRECTION('',(-1.100335029527E-03,0.,0.999999394631));
#148 = ORIENTED_EDGE('',*,*,#149,.T.);
#149 = EDGE_CURVE('',#142,#150,#152,.T.);
#150 = VERTEX_POINT('',#151);
#151 = CARTESIAN_POINT('',(-3.815,-12.965,44.056));
#152 = LINE('',#153,#154);
#153 = CARTESIAN_POINT('',(-3.655,-12.965,43.644));
#154 = VECTOR('',#155,1.);
#155 = DIRECTION('',(-0.3620094807,0.,0.932174412802));
#156 = ORIENTED_EDGE('',*,*,#157,.T.);
#157 = EDGE_CURVE('',#150,#158,#160,.T.);
#158 = VERTEX_POINT('',#159);
#159 = CARTESIAN_POINT('',(-4.034,-12.965,44.339));
#160 = LINE('',#161,#162);
#161 = CARTESIAN_POINT('',(-3.815,-12.965,44.056));
#162 = VECTOR('',#163,1.);
#163 = DIRECTION('',(-0.612004088463,0.,0.790854598333));
#164 = ORIENTED_EDGE('',*,*,#165,.T.);
#165 = EDGE_CURVE('',#158,#166,#168,.T.);
#166 = VERTEX_POINT('',#167);
#167 = CARTESIAN_POINT('',(-4.31,-12.965,44.55));
#168 = LINE('',#169,#170);
#169 = CARTESIAN_POINT('',(-4.034,-12.965,44.339));
#170 = VECTOR('',#171,1.);
#171 = DIRECTION('',(-0.794439527218,0.,0.60734326175));
#172 = ORIENTED_EDGE('',*,*,#173,.T.);
#173 = EDGE_CURVE('',#166,#174,#176,.T.);
#174 = VERTEX_POINT('',#175);
#175 = CARTESIAN_POINT('',(-4.829,-12.965,44.731));
#176 = LINE('',#177,#178);
#177 = CARTESIAN_POINT('',(-4.31,-12.965,44.55));
#178 = VECTOR('',#179,1.);
#179 = DIRECTION('',(-0.94422649452,0.,0.329296715815));
#180 = ORIENTED_EDGE('',*,*,#181,.T.);
#181 = EDGE_CURVE('',#174,#182,#184,.T.);
#182 = VERTEX_POINT('',#183);
#183 = CARTESIAN_POINT('',(-23.974,-12.965,44.729));
#184 = LINE('',#185,#186);
#185 = CARTESIAN_POINT('',(-4.829,-12.965,44.731));
#186 = VECTOR('',#187,1.);
#187 = DIRECTION('',(-0.999999994543,0.,-1.044659174244E-04));
#188 = ORIENTED_EDGE('',*,*,#189,.T.);
#189 = EDGE_CURVE('',#182,#190,#192,.T.);
#190 = VERTEX_POINT('',#191);
#191 = CARTESIAN_POINT('',(-24.114,-12.965,44.881));
#192 = LINE('',#193,#194);
#193 = CARTESIAN_POINT('',(-23.974,-12.965,44.729));
#194 = VECTOR('',#195,1.);
#195 = DIRECTION('',(-0.677475754752,0.,0.735545105159));
#196 = ORIENTED_EDGE('',*,*,#197,.T.);
#197 = EDGE_CURVE('',#190,#198,#200,.T.);
#198 = VERTEX_POINT('',#199);
#199 = CARTESIAN_POINT('',(-24.122,-12.965,46.077));
#200 = LINE('',#201,#202);
#201 = CARTESIAN_POINT('',(-24.114,-12.965,44.881));
#202 = VECTOR('',#203,1.);
#203 = DIRECTION('',(-6.688813576162E-03,0.,0.999977629636));
#204 = ORIENTED_EDGE('',*,*,#205,.T.);
#205 = EDGE_CURVE('',#198,#206,#208,.T.);
#206 = VERTEX_POINT('',#207);
#207 = CARTESIAN_POINT('',(-23.968,-12.965,46.23));
#208 = LINE('',#209,#210);
#209 = CARTESIAN_POINT('',(-24.122,-12.965,46.077));
#210 = VECTOR('',#211,1.);
#211 = DIRECTION('',(0.709406297146,0.,0.704799762748));
#212 = ORIENTED_EDGE('',*,*,#213,.T.);
#213 = EDGE_CURVE('',#206,#214,#216,.T.);
#214 = VERTEX_POINT('',#215);
#215 = CARTESIAN_POINT('',(-4.995,-12.965,46.236));
#216 = LINE('',#217,#218);
#217 = CARTESIAN_POINT('',(-23.968,-12.965,46.23));
#218 = VECTOR('',#219,1.);
#219 = DIRECTION('',(0.999999949996,0.,3.162388499436E-04));
#220 = ORIENTED_EDGE('',*,*,#221,.T.);
#221 = EDGE_CURVE('',#214,#222,#224,.T.);
#222 = VERTEX_POINT('',#223);
#223 = CARTESIAN_POINT('',(-4.255,-12.965,46.136));
#224 = LINE('',#225,#226);
#225 = CARTESIAN_POINT('',(-4.995,-12.965,46.236));
#226 = VECTOR('',#227,1.);
#227 = DIRECTION('',(0.99099243041,0.,-0.133917896001));
#228 = ORIENTED_EDGE('',*,*,#229,.T.);
#229 = EDGE_CURVE('',#222,#230,#232,.T.);
#230 = VERTEX_POINT('',#231);
#231 = CARTESIAN_POINT('',(-3.566,-12.965,45.854));
#232 = LINE('',#233,#234);
#233 = CARTESIAN_POINT('',(-4.255,-12.965,46.136));
#234 = VECTOR('',#235,1.);
#235 = DIRECTION('',(0.925482753342,0.,-0.378789748102));
#236 = ORIENTED_EDGE('',*,*,#237,.T.);
#237 = EDGE_CURVE('',#230,#238,#240,.T.);
#238 = VERTEX_POINT('',#239);
#239 = CARTESIAN_POINT('',(-2.975,-12.965,45.4));
#240 = LINE('',#241,#242);
#241 = CARTESIAN_POINT('',(-3.566,-12.965,45.854));
#242 = VECTOR('',#243,1.);
#243 = DIRECTION('',(0.793022877261,0.,-0.609191854952));
#244 = ORIENTED_EDGE('',*,*,#245,.T.);
#245 = EDGE_CURVE('',#238,#246,#248,.T.);
#246 = VERTEX_POINT('',#247);
#247 = CARTESIAN_POINT('',(-2.521,-12.965,44.81));
#248 = LINE('',#249,#250);
#249 = CARTESIAN_POINT('',(-2.975,-12.965,45.4));
#250 = VECTOR('',#251,1.);
#251 = DIRECTION('',(0.609840584608,0.,-0.79252410775));
#252 = ORIENTED_EDGE('',*,*,#253,.T.);
#253 = EDGE_CURVE('',#246,#254,#256,.T.);
#254 = VERTEX_POINT('',#255);
#255 = CARTESIAN_POINT('',(-2.237,-12.965,44.12));
#256 = LINE('',#257,#258);
#257 = CARTESIAN_POINT('',(-2.521,-12.965,44.81));
#258 = VECTOR('',#259,1.);
#259 = DIRECTION('',(0.380614988831,0.,-0.924733599626));
#260 = ORIENTED_EDGE('',*,*,#261,.T.);
#261 = EDGE_CURVE('',#254,#262,#264,.T.);
#262 = VERTEX_POINT('',#263);
#263 = CARTESIAN_POINT('',(-2.142,-12.965,43.392));
#264 = LINE('',#265,#266);
#265 = CARTESIAN_POINT('',(-2.237,-12.965,44.12));
#266 = VECTOR('',#267,1.);
#267 = DIRECTION('',(0.129397413947,0.,-0.991592814246));
#268 = ORIENTED_EDGE('',*,*,#269,.T.);
#269 = EDGE_CURVE('',#262,#270,#272,.T.);
#270 = VERTEX_POINT('',#271);
#271 = CARTESIAN_POINT('',(-2.091,-12.965,-9.68));
#272 = LINE('',#273,#274);
#273 = CARTESIAN_POINT('',(-2.142,-12.965,43.392));
#274 = VECTOR('',#275,1.);
#275 = DIRECTION('',(9.60958253924E-04,0.,-0.99999953828));
#276 = ORIENTED_EDGE('',*,*,#277,.T.);
#277 = EDGE_CURVE('',#270,#278,#280,.T.);
#278 = VERTEX_POINT('',#279);
#279 = CARTESIAN_POINT('',(-2.148,-12.965,-10.382));
#280 = LINE('',#281,#282);
#281 = CARTESIAN_POINT('',(-2.091,-12.965,-9.68));
#282 = VECTOR('',#283,1.);
#283 = DIRECTION('',(-8.093023760196E-02,0.,-0.996719768361));
#284 = ORIENTED_EDGE('',*,*,#285,.T.);
#285 = EDGE_CURVE('',#278,#286,#288,.T.);
#286 = VERTEX_POINT('',#287);
#287 = CARTESIAN_POINT('',(-2.333,-12.965,-11.071));
#288 = LINE('',#289,#290);
#289 = CARTESIAN_POINT('',(-2.148,-12.965,-10.382));
#290 = VECTOR('',#291,1.);
#291 = DIRECTION('',(-0.259319918052,0.,-0.965791478582));
#292 = ORIENTED_EDGE('',*,*,#293,.T.);
#293 = EDGE_CURVE('',#286,#294,#296,.T.);
#294 = VERTEX_POINT('',#295);
#295 = CARTESIAN_POINT('',(-2.688,-12.965,-11.837));
#296 = LINE('',#297,#298);
#297 = CARTESIAN_POINT('',(-2.333,-12.965,-11.071));
#298 = VECTOR('',#299,1.);
#299 = DIRECTION('',(-0.420484794732,0.,-0.907299585252));
#300 = ORIENTED_EDGE('',*,*,#301,.T.);
#301 = EDGE_CURVE('',#294,#302,#304,.T.);
#302 = VERTEX_POINT('',#303);
#303 = CARTESIAN_POINT('',(-3.308,-12.965,-12.905));
#304 = LINE('',#305,#306);
#305 = CARTESIAN_POINT('',(-2.688,-12.965,-11.837));
#306 = VECTOR('',#307,1.);
#307 = DIRECTION('',(-0.502057374111,0.,-0.864834315404));
#308 = ORIENTED_EDGE('',*,*,#309,.T.);
#309 = EDGE_CURVE('',#302,#310,#312,.T.);
#310 = VERTEX_POINT('',#311);
#311 = CARTESIAN_POINT('',(-3.51,-12.965,-12.954));
#312 = LINE('',#313,#314);
#313 = CARTESIAN_POINT('',(-3.308,-12.965,-12.905));
#314 = VECTOR('',#315,1.);
#315 = DIRECTION('',(-0.97181671537,0.,-0.235737718085));
#316 = ORIENTED_EDGE('',*,*,#317,.T.);
#317 = EDGE_CURVE('',#310,#78,#318,.T.);
#318 = LINE('',#319,#320);
#319 = CARTESIAN_POINT('',(-3.51,-12.965,-12.954));
#320 = VECTOR('',#321,1.);
#321 = DIRECTION('',(-0.870283772443,0.,0.492550662798));
#322 = ORIENTED_EDGE('',*,*,#94,.T.);
#323 = PLANE('',#324);
#324 = AXIS2_PLACEMENT_3D('',#325,#326,#327);
#325 = CARTESIAN_POINT('',(-5.887329302706,-12.965,23.695878498611));
#326 = DIRECTION('',(0.,1.,0.));
#327 = DIRECTION('',(0.,-0.,1.));
#328 = ADVANCED_FACE('',(#329),#1369,.F.);
#329 = FACE_BOUND('',#330,.F.);
#330 = EDGE_LOOP('',(#331,#341,#349,#357,#365,#373,#381,#389,#397,#405,
    #413,#421,#429,#437,#445,#453,#461,#469,#477,#485,#493,#501,#509,
    #517,#525,#533,#541,#549,#558,#566,#574,#582,#590,#598,#606,#614,
    #623,#631,#639,#647,#655,#663,#671,#679,#687,#695,#703,#711,#719,
    #727,#736,#744,#752,#760,#768,#776,#784,#792,#800,#809,#817,#825,
    #833,#841,#849,#857,#865,#873,#881,#889,#897,#905,#913,#921,#929,
    #938,#946,#954,#962,#970,#978,#987,#995,#1003,#1011,#1019,#1027,
    #1035,#1043,#1051,#1057,#1058,#1059,#1067,#1075,#1083,#1091,#1099,
    #1107,#1115,#1123,#1131,#1139,#1147,#1155,#1163,#1171,#1179,#1187,
    #1195,#1203,#1211,#1219,#1227,#1235,#1243,#1251,#1259,#1267,#1275,
    #1283,#1291,#1299,#1307,#1315,#1323,#1331,#1339,#1347,#1355,#1363));
#331 = ORIENTED_EDGE('',*,*,#332,.T.);
#332 = EDGE_CURVE('',#333,#335,#337,.T.);
#333 = VERTEX_POINT('',#334);
#334 = CARTESIAN_POINT('',(-79.509,-6.9,48.729));
#335 = VERTEX_POINT('',#336);
#336 = CARTESIAN_POINT('',(-79.337,-6.9,49.282));
#337 = LINE('',#338,#339);
#338 = CARTESIAN_POINT('',(-79.509,-6.9,48.729));
#339 = VECTOR('',#340,1.);
#340 = DIRECTION('',(0.29699658102,0.,0.954878542466));
#341 = ORIENTED_EDGE('',*,*,#342,.T.);
#342 = EDGE_CURVE('',#335,#343,#345,.T.);
#343 = VERTEX_POINT('',#344);
#344 = CARTESIAN_POINT('',(-79.022,-6.9,49.826));
#345 = LINE('',#346,#347);
#346 = CARTESIAN_POINT('',(-79.337,-6.9,49.282));
#347 = VECTOR('',#348,1.);
#348 = DIRECTION('',(0.501098976732,0.,0.865389978864));
#349 = ORIENTED_EDGE('',*,*,#350,.T.);
#350 = EDGE_CURVE('',#343,#351,#353,.T.);
#351 = VERTEX_POINT('',#352);
#352 = CARTESIAN_POINT('',(-78.579,-6.9,50.306));
#353 = LINE('',#354,#355);
#354 = CARTESIAN_POINT('',(-79.022,-6.9,49.826));
#355 = VECTOR('',#356,1.);
#356 = DIRECTION('',(0.67821651388,0.,0.734862136935));
#357 = ORIENTED_EDGE('',*,*,#358,.T.);
#358 = EDGE_CURVE('',#351,#359,#361,.T.);
#359 = VERTEX_POINT('',#360);
#360 = CARTESIAN_POINT('',(-78.014,-6.9,50.684));
#361 = LINE('',#362,#363);
#362 = CARTESIAN_POINT('',(-78.579,-6.9,50.306));
#363 = VECTOR('',#364,1.);
#364 = DIRECTION('',(0.831143924034,0.,0.556057350947));
#365 = ORIENTED_EDGE('',*,*,#366,.T.);
#366 = EDGE_CURVE('',#359,#367,#369,.T.);
#367 = VERTEX_POINT('',#368);
#368 = CARTESIAN_POINT('',(-77.398,-6.9,50.911));
#369 = LINE('',#370,#371);
#370 = CARTESIAN_POINT('',(-78.014,-6.9,50.684));
#371 = VECTOR('',#372,1.);
#372 = DIRECTION('',(0.93831710759,0.,0.345775947115));
#373 = ORIENTED_EDGE('',*,*,#374,.T.);
#374 = EDGE_CURVE('',#367,#375,#377,.T.);
#375 = VERTEX_POINT('',#376);
#376 = CARTESIAN_POINT('',(-76.765,-6.9,50.984));
#377 = LINE('',#378,#379);
#378 = CARTESIAN_POINT('',(-77.398,-6.9,50.911));
#379 = VECTOR('',#380,1.);
#380 = DIRECTION('',(0.99341580727,0.,0.114564540175));
#381 = ORIENTED_EDGE('',*,*,#382,.T.);
#382 = EDGE_CURVE('',#375,#383,#385,.T.);
#383 = VERTEX_POINT('',#384);
#384 = CARTESIAN_POINT('',(-60.721,-6.9,50.967));
#385 = LINE('',#386,#387);
#386 = CARTESIAN_POINT('',(-76.765,-6.9,50.984));
#387 = VECTOR('',#388,1.);
#388 = DIRECTION('',(0.999999438639,0.,-1.05958554331E-03));
#389 = ORIENTED_EDGE('',*,*,#390,.T.);
#390 = EDGE_CURVE('',#383,#391,#393,.T.);
#391 = VERTEX_POINT('',#392);
#392 = CARTESIAN_POINT('',(-60.08,-6.9,50.894));
#393 = LINE('',#394,#395);
#394 = CARTESIAN_POINT('',(-60.721,-6.9,50.967));
#395 = VECTOR('',#396,1.);
#396 = DIRECTION('',(0.99357755974,0.,-0.113153138629));
#397 = ORIENTED_EDGE('',*,*,#398,.T.);
#398 = EDGE_CURVE('',#391,#399,#401,.T.);
#399 = VERTEX_POINT('',#400);
#400 = CARTESIAN_POINT('',(-59.464,-6.9,50.676));
#401 = LINE('',#402,#403);
#402 = CARTESIAN_POINT('',(-60.08,-6.9,50.894));
#403 = VECTOR('',#404,1.);
#404 = DIRECTION('',(0.942707464102,0.,-0.33362049866));
#405 = ORIENTED_EDGE('',*,*,#406,.T.);
#406 = EDGE_CURVE('',#399,#407,#409,.T.);
#407 = VERTEX_POINT('',#408);
#408 = CARTESIAN_POINT('',(-58.913,-6.9,50.311));
#409 = LINE('',#410,#411);
#410 = CARTESIAN_POINT('',(-59.464,-6.9,50.676));
#411 = VECTOR('',#412,1.);
#412 = DIRECTION('',(0.833676114831,0.,-0.552253687683));
#413 = ORIENTED_EDGE('',*,*,#414,.T.);
#414 = EDGE_CURVE('',#407,#415,#417,.T.);
#415 = VERTEX_POINT('',#416);
#416 = CARTESIAN_POINT('',(-58.458,-6.9,49.833));
#417 = LINE('',#418,#419);
#418 = CARTESIAN_POINT('',(-58.913,-6.9,50.311));
#419 = VECTOR('',#420,1.);
#420 = DIRECTION('',(0.689465960376,0.,-0.724318085845));
#421 = ORIENTED_EDGE('',*,*,#422,.T.);
#422 = EDGE_CURVE('',#415,#423,#425,.T.);
#423 = VERTEX_POINT('',#424);
#424 = CARTESIAN_POINT('',(-58.141,-6.9,49.289));
#425 = LINE('',#426,#427);
#426 = CARTESIAN_POINT('',(-58.458,-6.9,49.833));
#427 = VECTOR('',#428,1.);
#428 = DIRECTION('',(0.503475967095,0.,-0.864009230598));
#429 = ORIENTED_EDGE('',*,*,#430,.T.);
#430 = EDGE_CURVE('',#423,#431,#433,.T.);
#431 = VERTEX_POINT('',#432);
#432 = CARTESIAN_POINT('',(-57.954,-6.9,48.72));
#433 = LINE('',#434,#435);
#434 = CARTESIAN_POINT('',(-58.141,-6.9,49.289));
#435 = VECTOR('',#436,1.);
#436 = DIRECTION('',(0.312217870861,0.,-0.950010526844));
#437 = ORIENTED_EDGE('',*,*,#438,.T.);
#438 = EDGE_CURVE('',#431,#439,#441,.T.);
#439 = VERTEX_POINT('',#440);
#440 = CARTESIAN_POINT('',(-42.729,-6.9,48.712));
#441 = LINE('',#442,#443);
#442 = CARTESIAN_POINT('',(-57.954,-6.9,48.72));
#443 = VECTOR('',#444,1.);
#444 = DIRECTION('',(0.99999986195,0.,-5.254514873956E-04));
#445 = ORIENTED_EDGE('',*,*,#446,.T.);
#446 = EDGE_CURVE('',#439,#447,#449,.T.);
#447 = VERTEX_POINT('',#448);
#448 = CARTESIAN_POINT('',(-42.039,-6.9,48.623));
#449 = LINE('',#450,#451);
#450 = CARTESIAN_POINT('',(-42.729,-6.9,48.712));
#451 = VECTOR('',#452,1.);
#452 = DIRECTION('',(0.991783750407,0.,-0.127925730125));
#453 = ORIENTED_EDGE('',*,*,#454,.T.);
#454 = EDGE_CURVE('',#447,#455,#457,.T.);
#455 = VERTEX_POINT('',#456);
#456 = CARTESIAN_POINT('',(-41.383,-6.9,48.372));
#457 = LINE('',#458,#459);
#458 = CARTESIAN_POINT('',(-42.039,-6.9,48.623));
#459 = VECTOR('',#460,1.);
#460 = DIRECTION('',(0.933967997,0.,-0.357356657389));
#461 = ORIENTED_EDGE('',*,*,#462,.T.);
#462 = EDGE_CURVE('',#455,#463,#465,.T.);
#463 = VERTEX_POINT('',#464);
#464 = CARTESIAN_POINT('',(-40.807,-6.9,47.959));
#465 = LINE('',#466,#467);
#466 = CARTESIAN_POINT('',(-41.383,-6.9,48.372));
#467 = VECTOR('',#468,1.);
#468 = DIRECTION('',(0.812683498382,0.,-0.582705355611));
#469 = ORIENTED_EDGE('',*,*,#470,.T.);
#470 = EDGE_CURVE('',#463,#471,#473,.T.);
#471 = VERTEX_POINT('',#472);
#472 = CARTESIAN_POINT('',(-40.353,-6.9,47.424));
#473 = LINE('',#474,#475);
#474 = CARTESIAN_POINT('',(-40.807,-6.9,47.959));
#475 = VECTOR('',#476,1.);
#476 = DIRECTION('',(0.647027666381,0.,-0.762466523158));
#477 = ORIENTED_EDGE('',*,*,#478,.T.);
#478 = EDGE_CURVE('',#471,#479,#481,.T.);
#479 = VERTEX_POINT('',#480);
#480 = CARTESIAN_POINT('',(-40.052,-6.9,46.816));
#481 = LINE('',#482,#483);
#482 = CARTESIAN_POINT('',(-40.353,-6.9,47.424));
#483 = VECTOR('',#484,1.);
#484 = DIRECTION('',(0.443672509454,0.,-0.896188989195));
#485 = ORIENTED_EDGE('',*,*,#486,.T.);
#486 = EDGE_CURVE('',#479,#487,#489,.T.);
#487 = VERTEX_POINT('',#488);
#488 = CARTESIAN_POINT('',(-39.913,-6.9,46.214));
#489 = LINE('',#490,#491);
#490 = CARTESIAN_POINT('',(-40.052,-6.9,46.816));
#491 = VECTOR('',#492,1.);
#492 = DIRECTION('',(0.224977713365,0.,-0.974363909681));
#493 = ORIENTED_EDGE('',*,*,#494,.T.);
#494 = EDGE_CURVE('',#487,#495,#497,.T.);
#495 = VERTEX_POINT('',#496);
#496 = CARTESIAN_POINT('',(-23.97675207122,-6.9,46.22130476041));
#497 = LINE('',#498,#499);
#498 = CARTESIAN_POINT('',(-39.913,-6.9,46.214));
#499 = VECTOR('',#500,1.);
#500 = DIRECTION('',(0.999999894947,0.,4.583738703703E-04));
#501 = ORIENTED_EDGE('',*,*,#502,.F.);
#502 = EDGE_CURVE('',#503,#495,#505,.T.);
#503 = VERTEX_POINT('',#504);
#504 = CARTESIAN_POINT('',(-24.122,-6.9,46.077));
#505 = LINE('',#506,#507);
#506 = CARTESIAN_POINT('',(-24.122,-6.9,46.077));
#507 = VECTOR('',#508,1.);
#508 = DIRECTION('',(0.709406297146,0.,0.704799762748));
#509 = ORIENTED_EDGE('',*,*,#510,.F.);
#510 = EDGE_CURVE('',#511,#503,#513,.T.);
#511 = VERTEX_POINT('',#512);
#512 = CARTESIAN_POINT('',(-24.114,-6.9,44.881));
#513 = LINE('',#514,#515);
#514 = CARTESIAN_POINT('',(-24.114,-6.9,44.881));
#515 = VECTOR('',#516,1.);
#516 = DIRECTION('',(-6.688813576162E-03,0.,0.999977629636));
#517 = ORIENTED_EDGE('',*,*,#518,.F.);
#518 = EDGE_CURVE('',#519,#511,#521,.T.);
#519 = VERTEX_POINT('',#520);
#520 = CARTESIAN_POINT('',(-23.974,-6.9,44.729));
#521 = LINE('',#522,#523);
#522 = CARTESIAN_POINT('',(-23.974,-6.9,44.729));
#523 = VECTOR('',#524,1.);
#524 = DIRECTION('',(-0.677475754752,0.,0.735545105159));
#525 = ORIENTED_EDGE('',*,*,#526,.F.);
#526 = EDGE_CURVE('',#527,#519,#529,.T.);
#527 = VERTEX_POINT('',#528);
#528 = CARTESIAN_POINT('',(-19.465,-6.9,44.729471036824));
#529 = LINE('',#530,#531);
#530 = CARTESIAN_POINT('',(-4.829,-6.9,44.731));
#531 = VECTOR('',#532,1.);
#532 = DIRECTION('',(-0.999999994543,0.,-1.044659174244E-04));
#533 = ORIENTED_EDGE('',*,*,#534,.T.);
#534 = EDGE_CURVE('',#527,#535,#537,.T.);
#535 = VERTEX_POINT('',#536);
#536 = CARTESIAN_POINT('',(-19.465,-6.9,44.723372672306));
#537 = LINE('',#538,#539);
#538 = CARTESIAN_POINT('',(-19.465,-6.9,26.86301093706));
#539 = VECTOR('',#540,1.);
#540 = DIRECTION('',(-0.,0.,-1.));
#541 = ORIENTED_EDGE('',*,*,#542,.F.);
#542 = EDGE_CURVE('',#543,#535,#545,.T.);
#543 = VERTEX_POINT('',#544);
#544 = CARTESIAN_POINT('',(-39.91231243919,-6.9,44.71400015758));
#545 = LINE('',#546,#547);
#546 = CARTESIAN_POINT('',(-39.91231243919,-6.9,44.71400015758));
#547 = VECTOR('',#548,1.);
#548 = DIRECTION('',(0.999999894947,0.,4.583738703703E-04));
#549 = ORIENTED_EDGE('',*,*,#550,.F.);
#550 = EDGE_CURVE('',#551,#543,#553,.T.);
#551 = VERTEX_POINT('',#552);
#552 = CARTESIAN_POINT('',(-41.37454586452,-6.9,45.876533429953));
#553 = CIRCLE('',#554,1.5);
#554 = AXIS2_PLACEMENT_3D('',#555,#556,#557);
#555 = CARTESIAN_POINT('',(-39.913,-6.9,46.214));
#556 = DIRECTION('',(0.,-1.,-0.));
#557 = DIRECTION('',(-0.224977713365,-0.,0.974363909681));
#558 = ORIENTED_EDGE('',*,*,#559,.F.);
#559 = EDGE_CURVE('',#560,#551,#562,.T.);
#560 = VERTEX_POINT('',#561);
#561 = CARTESIAN_POINT('',(-41.47409112214,-6.9,46.307657495352));
#562 = LINE('',#563,#564);
#563 = CARTESIAN_POINT('',(-41.51354586452,-6.9,46.478533429953));
#564 = VECTOR('',#565,1.);
#565 = DIRECTION('',(0.224977713365,0.,-0.974363909681));
#566 = ORIENTED_EDGE('',*,*,#567,.F.);
#567 = EDGE_CURVE('',#568,#560,#570,.T.);
#568 = VERTEX_POINT('',#569);
#569 = CARTESIAN_POINT('',(-41.61569050793,-6.9,46.593678846046));
#570 = LINE('',#571,#572);
#571 = CARTESIAN_POINT('',(-41.69728348379,-6.9,46.75849123582));
#572 = VECTOR('',#573,1.);
#573 = DIRECTION('',(0.443672509454,0.,-0.896188989195));
#574 = ORIENTED_EDGE('',*,*,#575,.F.);
#575 = EDGE_CURVE('',#576,#568,#578,.T.);
#576 = VERTEX_POINT('',#577);
#577 = CARTESIAN_POINT('',(-41.83117910329,-6.9,46.847613644548));
#578 = LINE('',#579,#580);
#579 = CARTESIAN_POINT('',(-41.95069978473,-6.9,46.988458500428));
#580 = VECTOR('',#581,1.);
#581 = DIRECTION('',(0.647027666381,0.,-0.762466523158));
#582 = ORIENTED_EDGE('',*,*,#583,.F.);
#583 = EDGE_CURVE('',#584,#576,#586,.T.);
#584 = VERTEX_POINT('',#585);
#585 = CARTESIAN_POINT('',(-42.09978238148,-6.9,47.040205925605));
#586 = LINE('',#587,#588);
#587 = CARTESIAN_POINT('',(-42.25705803341,-6.9,47.152974752427));
#588 = VECTOR('',#589,1.);
#589 = DIRECTION('',(0.812683498382,0.,-0.582705355611));
#590 = ORIENTED_EDGE('',*,*,#591,.F.);
#591 = EDGE_CURVE('',#592,#584,#594,.T.);
#592 = VERTEX_POINT('',#593);
#593 = CARTESIAN_POINT('',(-42.40812784667,-6.9,47.158185669145));
#594 = LINE('',#595,#596);
#595 = CARTESIAN_POINT('',(-42.57503498608,-6.9,47.2220480045));
#596 = VECTOR('',#597,1.);
#597 = DIRECTION('',(0.933967997,0.,-0.357356657389));
#598 = ORIENTED_EDGE('',*,*,#599,.F.);
#599 = EDGE_CURVE('',#600,#592,#602,.T.);
#600 = VERTEX_POINT('',#601);
#601 = CARTESIAN_POINT('',(-42.82573253102,-6.9,47.212050621185));
#602 = LINE('',#603,#604);
#603 = CARTESIAN_POINT('',(-42.92088859518,-6.9,47.224324374389));
#604 = VECTOR('',#605,1.);
#605 = DIRECTION('',(0.991783750407,0.,-0.127925730125));
#606 = ORIENTED_EDGE('',*,*,#607,.F.);
#607 = EDGE_CURVE('',#608,#600,#610,.T.);
#608 = VERTEX_POINT('',#609);
#609 = CARTESIAN_POINT('',(-57.95478817723,-6.9,47.220000207074));
#610 = LINE('',#611,#612);
#611 = CARTESIAN_POINT('',(-57.95478817723,-6.9,47.220000207074));
#612 = VECTOR('',#613,1.);
#613 = DIRECTION('',(0.99999986195,0.,-5.254514873956E-04));
#614 = ORIENTED_EDGE('',*,*,#615,.F.);
#615 = EDGE_CURVE('',#616,#608,#618,.T.);
#616 = VERTEX_POINT('',#617);
#617 = CARTESIAN_POINT('',(-59.37901579026,-6.9,48.251673193709));
#618 = CIRCLE('',#619,1.5);
#619 = AXIS2_PLACEMENT_3D('',#620,#621,#622);
#620 = CARTESIAN_POINT('',(-57.954,-6.9,48.72));
#621 = DIRECTION('',(0.,-1.,-0.));
#622 = DIRECTION('',(-0.312217870861,-0.,0.950010526844));
#623 = ORIENTED_EDGE('',*,*,#624,.F.);
#624 = EDGE_CURVE('',#625,#616,#627,.T.);
#625 = VERTEX_POINT('',#626);
#626 = CARTESIAN_POINT('',(-59.5166385478,-6.9,48.670429070936));
#627 = LINE('',#628,#629);
#628 = CARTESIAN_POINT('',(-59.56601579026,-6.9,48.820673193709));
#629 = VECTOR('',#630,1.);
#630 = DIRECTION('',(0.312217870861,0.,-0.950010526844));
#631 = ORIENTED_EDGE('',*,*,#632,.F.);
#632 = EDGE_CURVE('',#633,#625,#635,.T.);
#633 = VERTEX_POINT('',#634);
#634 = CARTESIAN_POINT('',(-59.66557978312,-6.9,48.92602538643));
#635 = LINE('',#636,#637);
#636 = CARTESIAN_POINT('',(-59.75401384589,-6.9,49.077786049358));
#637 = VECTOR('',#638,1.);
#638 = DIRECTION('',(0.503475967095,0.,-0.864009230598));
#639 = ORIENTED_EDGE('',*,*,#640,.F.);
#640 = EDGE_CURVE('',#641,#633,#643,.T.);
#641 = VERTEX_POINT('',#642);
#642 = CARTESIAN_POINT('',(-59.88264704365,-6.9,49.154065277711));
#643 = LINE('',#644,#645);
#644 = CARTESIAN_POINT('',(-59.99947712876,-6.9,49.276801059436));
#645 = VECTOR('',#646,1.);
#646 = DIRECTION('',(0.689465960376,0.,-0.724318085845));
#647 = ORIENTED_EDGE('',*,*,#648,.F.);
#648 = EDGE_CURVE('',#649,#641,#651,.T.);
#649 = VERTEX_POINT('',#650);
#650 = CARTESIAN_POINT('',(-60.13847013478,-6.9,49.323530664758));
#651 = LINE('',#652,#653);
#652 = CARTESIAN_POINT('',(-60.29238053152,-6.9,49.425485827753));
#653 = VECTOR('',#654,1.);
#654 = DIRECTION('',(0.833676114831,0.,-0.552253687683));
#655 = ORIENTED_EDGE('',*,*,#656,.F.);
#656 = EDGE_CURVE('',#657,#649,#659,.T.);
#657 = VERTEX_POINT('',#658);
#658 = CARTESIAN_POINT('',(-60.41942431815,-6.9,49.422959255625));
#659 = LINE('',#660,#661);
#660 = CARTESIAN_POINT('',(-60.58043074798,-6.9,49.479938803847));
#661 = VECTOR('',#662,1.);
#662 = DIRECTION('',(0.942707464102,0.,-0.33362049866));
#663 = ORIENTED_EDGE('',*,*,#664,.F.);
#664 = EDGE_CURVE('',#665,#657,#667,.T.);
#665 = VERTEX_POINT('',#666);
#666 = CARTESIAN_POINT('',(-60.80693035705,-6.9,49.467090208573));
#667 = LINE('',#668,#669);
#668 = CARTESIAN_POINT('',(-60.89072970794,-6.9,49.47663366039));
#669 = VECTOR('',#670,1.);
#670 = DIRECTION('',(0.99357755974,0.,-0.113153138629));
#671 = ORIENTED_EDGE('',*,*,#672,.F.);
#672 = EDGE_CURVE('',#673,#665,#675,.T.);
#673 = VERTEX_POINT('',#674);
#674 = CARTESIAN_POINT('',(-76.67958488109,-6.9,49.483908653282));
#675 = LINE('',#676,#677);
#676 = CARTESIAN_POINT('',(-76.76658937831,-6.9,49.484000842041));
#677 = VECTOR('',#678,1.);
#678 = DIRECTION('',(0.999999438639,0.,-1.05958554331E-03));
#679 = ORIENTED_EDGE('',*,*,#680,.F.);
#680 = EDGE_CURVE('',#681,#673,#683,.T.);
#681 = VERTEX_POINT('',#682);
#682 = CARTESIAN_POINT('',(-77.04779851292,-6.9,49.441444837921));
#683 = LINE('',#684,#685);
#684 = CARTESIAN_POINT('',(-77.22615318973,-6.9,49.420876289095));
#685 = VECTOR('',#686,1.);
#686 = DIRECTION('',(0.99341580727,0.,0.114564540175));
#687 = ORIENTED_EDGE('',*,*,#688,.F.);
#688 = EDGE_CURVE('',#689,#681,#691,.T.);
#689 = VERTEX_POINT('',#690);
#690 = CARTESIAN_POINT('',(-77.3280727417,-6.9,49.338161964652));
#691 = LINE('',#692,#693);
#692 = CARTESIAN_POINT('',(-77.49533607932,-6.9,49.276524338615));
#693 = VECTOR('',#694,1.);
#694 = DIRECTION('',(0.93831710759,0.,0.345775947115));
#695 = ORIENTED_EDGE('',*,*,#696,.F.);
#696 = EDGE_CURVE('',#697,#689,#699,.T.);
#697 = VERTEX_POINT('',#698);
#698 = CARTESIAN_POINT('',(-77.5972230963,-6.9,49.15809323184));
#699 = LINE('',#700,#701);
#700 = CARTESIAN_POINT('',(-77.74491397358,-6.9,49.059284113949));
#701 = VECTOR('',#702,1.);
#702 = DIRECTION('',(0.831143924034,0.,0.556057350947));
#703 = ORIENTED_EDGE('',*,*,#704,.F.);
#704 = EDGE_CURVE('',#705,#697,#707,.T.);
#705 = VERTEX_POINT('',#706);
#706 = CARTESIAN_POINT('',(-77.80710825083,-6.9,48.930678165985));
#707 = LINE('',#708,#709);
#708 = CARTESIAN_POINT('',(-77.91970679459,-6.9,48.80867522918));
#709 = VECTOR('',#710,1.);
#710 = DIRECTION('',(0.67821651388,0.,0.734862136935));
#711 = ORIENTED_EDGE('',*,*,#712,.F.);
#712 = EDGE_CURVE('',#713,#705,#715,.T.);
#713 = VERTEX_POINT('',#714);
#714 = CARTESIAN_POINT('',(-77.95463447053,-6.9,48.675902726258));
#715 = LINE('',#716,#717);
#716 = CARTESIAN_POINT('',(-78.0389150317,-6.9,48.530351534902));
#717 = VECTOR('',#718,1.);
#718 = DIRECTION('',(0.501098976732,0.,0.865389978864));
#719 = ORIENTED_EDGE('',*,*,#720,.F.);
#720 = EDGE_CURVE('',#721,#713,#723,.T.);
#721 = VERTEX_POINT('',#722);
#722 = CARTESIAN_POINT('',(-78.0766821863,-6.9,48.28350512847));
#723 = LINE('',#724,#725);
#724 = CARTESIAN_POINT('',(-78.0766821863,-6.9,48.28350512847));
#725 = VECTOR('',#726,1.);
#726 = DIRECTION('',(0.29699658102,0.,0.954878542466));
#727 = ORIENTED_EDGE('',*,*,#728,.F.);
#728 = EDGE_CURVE('',#729,#721,#731,.T.);
#729 = VERTEX_POINT('',#730);
#730 = CARTESIAN_POINT('',(-79.5081142315,-6.9,47.229000261529));
#731 = CIRCLE('',#732,1.5);
#732 = AXIS2_PLACEMENT_3D('',#733,#734,#735);
#733 = CARTESIAN_POINT('',(-79.509,-6.9,48.729));
#734 = DIRECTION('',(0.,-1.,-0.));
#735 = DIRECTION('',(-0.999999825648,0.,-5.905123306101E-04));
#736 = ORIENTED_EDGE('',*,*,#737,.F.);
#737 = EDGE_CURVE('',#738,#729,#740,.T.);
#738 = VERTEX_POINT('',#739);
#739 = CARTESIAN_POINT('',(-94.6492479535,-6.9,47.220059233807));
#740 = LINE('',#741,#742);
#741 = CARTESIAN_POINT('',(-94.7491142315,-6.9,47.220000261529));
#742 = VECTOR('',#743,1.);
#743 = DIRECTION('',(0.999999825648,0.,5.905123306101E-04));
#744 = ORIENTED_EDGE('',*,*,#745,.F.);
#745 = EDGE_CURVE('',#746,#738,#748,.T.);
#746 = VERTEX_POINT('',#747);
#747 = CARTESIAN_POINT('',(-95.0802453774,-6.9,47.162155147771));
#748 = LINE('',#749,#750);
#749 = CARTESIAN_POINT('',(-95.27227091439,-6.9,47.13635670305));
#750 = VECTOR('',#751,1.);
#751 = DIRECTION('',(0.9910955313,0.,0.133152723734));
#752 = ORIENTED_EDGE('',*,*,#753,.F.);
#753 = EDGE_CURVE('',#754,#746,#756,.T.);
#754 = VERTEX_POINT('',#755);
#755 = CARTESIAN_POINT('',(-95.40242947041,-6.9,47.02954604282));
#756 = LINE('',#757,#758);
#757 = CARTESIAN_POINT('',(-95.59107751675,-6.9,46.951899600561));
#758 = VECTOR('',#759,1.);
#759 = DIRECTION('',(0.924733599626,0.,0.380614988831));
#760 = ORIENTED_EDGE('',*,*,#761,.F.);
#761 = EDGE_CURVE('',#762,#754,#764,.T.);
#762 = VERTEX_POINT('',#763);
#763 = CARTESIAN_POINT('',(-95.67705382329,-6.9,46.816053823292));
#764 = LINE('',#765,#766);
#765 = CARTESIAN_POINT('',(-95.82536988064,-6.9,46.700753326649));
#766 = VECTOR('',#767,1.);
#767 = DIRECTION('',(0.789497782234,0.,0.613753412901));
#768 = ORIENTED_EDGE('',*,*,#769,.F.);
#769 = EDGE_CURVE('',#770,#762,#772,.T.);
#770 = VERTEX_POINT('',#771);
#771 = CARTESIAN_POINT('',(-95.88587570706,-6.9,46.547437126985));
#772 = LINE('',#773,#774);
#773 = CARTESIAN_POINT('',(-96.01575332664,-6.9,46.380369880648));
#774 = VECTOR('',#775,1.);
#775 = DIRECTION('',(0.613753412901,0.,0.789497782234));
#776 = ORIENTED_EDGE('',*,*,#777,.F.);
#777 = EDGE_CURVE('',#778,#770,#780,.T.);
#778 = VERTEX_POINT('',#779);
#779 = CARTESIAN_POINT('',(-96.0141165991,-6.9,46.22683489688));
#780 = LINE('',#781,#782);
#781 = CARTESIAN_POINT('',(-96.08328496367,-6.9,46.053913985469));
#782 = VECTOR('',#783,1.);
#783 = DIRECTION('',(0.371390676354,0.,0.928476690885));
#784 = ORIENTED_EDGE('',*,*,#785,.F.);
#785 = EDGE_CURVE('',#786,#778,#788,.T.);
#786 = VERTEX_POINT('',#787);
#787 = CARTESIAN_POINT('',(-96.074,-6.9,45.780764665744));
#788 = LINE('',#789,#790);
#789 = CARTESIAN_POINT('',(-96.08733660984,-6.9,45.681420531185));
#790 = VECTOR('',#791,1.);
#791 = DIRECTION('',(0.13305297921,0.,0.99110892677));
#792 = ORIENTED_EDGE('',*,*,#793,.F.);
#793 = EDGE_CURVE('',#794,#786,#796,.T.);
#794 = VERTEX_POINT('',#795);
#795 = CARTESIAN_POINT('',(-96.074,-6.9,43.967));
#796 = LINE('',#797,#798);
#797 = CARTESIAN_POINT('',(-96.074,-6.9,43.967));
#798 = VECTOR('',#799,1.);
#799 = DIRECTION('',(0.,0.,1.));
#800 = ORIENTED_EDGE('',*,*,#801,.F.);
#801 = EDGE_CURVE('',#802,#794,#804,.T.);
#802 = VERTEX_POINT('',#803);
#803 = CARTESIAN_POINT('',(-97.57365305887,-6.9,42.467000040123));
#804 = CIRCLE('',#805,1.5);
#805 = AXIS2_PLACEMENT_3D('',#806,#807,#808);
#806 = CARTESIAN_POINT('',(-97.574,-6.9,43.967));
#807 = DIRECTION('',(0.,-1.,-0.));
#808 = DIRECTION('',(-0.999999973252,0.,-2.312940842491E-04));
#809 = ORIENTED_EDGE('',*,*,#810,.F.);
#810 = EDGE_CURVE('',#811,#802,#813,.T.);
#811 = VERTEX_POINT('',#812);
#812 = CARTESIAN_POINT('',(-132.0595084462,-6.9,42.459023665568));
#813 = LINE('',#814,#815);
#814 = CARTESIAN_POINT('',(-132.1616530588,-6.9,42.459000040123));
#815 = VECTOR('',#816,1.);
#816 = DIRECTION('',(0.999999973252,0.,2.312940842491E-04));
#817 = ORIENTED_EDGE('',*,*,#818,.F.);
#818 = EDGE_CURVE('',#819,#811,#821,.T.);
#819 = VERTEX_POINT('',#820);
#820 = CARTESIAN_POINT('',(-132.4798595493,-6.9,42.40140910877));
#821 = LINE('',#822,#823);
#822 = CARTESIAN_POINT('',(-132.6733099776,-6.9,42.374894224893));
#823 = VECTOR('',#824,1.);
#824 = DIRECTION('',(0.990737183405,0.,0.135793348215));
#825 = ORIENTED_EDGE('',*,*,#826,.F.);
#826 = EDGE_CURVE('',#827,#819,#829,.T.);
#827 = VERTEX_POINT('',#828);
#828 = CARTESIAN_POINT('',(-132.8016831229,-6.9,42.267197809391));
#829 = LINE('',#830,#831);
#830 = CARTESIAN_POINT('',(-132.9806438981,-6.9,42.192565121924));
#831 = VECTOR('',#832,1.);
#832 = DIRECTION('',(0.922956585384,0.,0.384904067913));
#833 = ORIENTED_EDGE('',*,*,#834,.F.);
#834 = EDGE_CURVE('',#835,#827,#837,.T.);
#835 = VERTEX_POINT('',#836);
#836 = CARTESIAN_POINT('',(-133.073728684,-6.9,42.05943698702));
#837 = LINE('',#838,#839);
#838 = CARTESIAN_POINT('',(-133.2315827085,-6.9,41.938884084736));
#839 = VECTOR('',#840,1.);
#840 = DIRECTION('',(0.794743943509,0.,0.606944860968));
#841 = ORIENTED_EDGE('',*,*,#842,.F.);
#842 = EDGE_CURVE('',#843,#835,#845,.T.);
#843 = VERTEX_POINT('',#844);
#844 = CARTESIAN_POINT('',(-133.2878587684,-6.9,41.780832569498));
#845 = LINE('',#846,#847);
#846 = CARTESIAN_POINT('',(-133.4076907012,-6.9,41.624919373421));
#847 = VECTOR('',#848,1.);
#848 = DIRECTION('',(0.609387084386,0.,0.792872865839));
#849 = ORIENTED_EDGE('',*,*,#850,.F.);
#850 = EDGE_CURVE('',#851,#843,#853,.T.);
#851 = VERTEX_POINT('',#852);
#852 = CARTESIAN_POINT('',(-133.4149006972,-6.9,41.475753008006));
#853 = LINE('',#854,#855);
#854 = CARTESIAN_POINT('',(-133.4962645031,-6.9,41.280365276977));
#855 = VECTOR('',#856,1.);
#856 = DIRECTION('',(0.384423148682,0.,0.923156997892));
#857 = ORIENTED_EDGE('',*,*,#858,.F.);
#858 = EDGE_CURVE('',#859,#851,#861,.T.);
#859 = VERTEX_POINT('',#860);
#860 = CARTESIAN_POINT('',(-133.4620137045,-6.9,41.065113710134));
#861 = LINE('',#862,#863);
#862 = CARTESIAN_POINT('',(-133.4717759738,-6.9,40.980025288784));
#863 = VECTOR('',#864,1.);
#864 = DIRECTION('',(0.113983140811,0.,0.993482684102));
#865 = ORIENTED_EDGE('',*,*,#866,.F.);
#866 = EDGE_CURVE('',#867,#859,#869,.T.);
#867 = VERTEX_POINT('',#868);
#868 = CARTESIAN_POINT('',(-133.4699836113,-6.9,-8.81255571778));
#869 = LINE('',#870,#871);
#870 = CARTESIAN_POINT('',(-133.4700000191,-6.9,-8.915239683615));
#871 = VECTOR('',#872,1.);
#872 = DIRECTION('',(1.597890763768E-04,0.,0.999999987234));
#873 = ORIENTED_EDGE('',*,*,#874,.F.);
#874 = EDGE_CURVE('',#875,#867,#877,.T.);
#875 = VERTEX_POINT('',#876);
#876 = CARTESIAN_POINT('',(-133.4134503486,-6.9,-9.224024619948));
#877 = LINE('',#878,#879);
#878 = CARTESIAN_POINT('',(-133.3869604445,-6.9,-9.416827426523));
#879 = VECTOR('',#880,1.);
#880 = DIRECTION('',(-0.136115048985,-0.,0.990693036939));
#881 = ORIENTED_EDGE('',*,*,#882,.F.);
#882 = EDGE_CURVE('',#883,#875,#885,.T.);
#883 = VERTEX_POINT('',#884);
#884 = CARTESIAN_POINT('',(-133.2792734896,-6.9,-9.546238062886));
#885 = LINE('',#886,#887);
#886 = CARTESIAN_POINT('',(-133.2042645031,-6.9,-9.726365276977));
#887 = VECTOR('',#888,1.);
#888 = DIRECTION('',(-0.384423148682,-0.,0.923156997892));
#889 = ORIENTED_EDGE('',*,*,#890,.F.);
#890 = EDGE_CURVE('',#891,#883,#893,.T.);
#891 = VERTEX_POINT('',#892);
#892 = CARTESIAN_POINT('',(-133.0715837436,-6.9,-9.817582160574));
#893 = LINE('',#894,#895);
#894 = CARTESIAN_POINT('',(-132.9508686181,-6.9,-9.975294986808));
#895 = VECTOR('',#896,1.);
#896 = DIRECTION('',(-0.607803342128,-0.,0.794087587926));
#897 = ORIENTED_EDGE('',*,*,#898,.F.);
#898 = EDGE_CURVE('',#899,#891,#901,.T.);
#899 = VERTEX_POINT('',#900);
#900 = CARTESIAN_POINT('',(-132.7922656454,-6.9,-10.03178894536));
#901 = LINE('',#902,#903);
#902 = CARTESIAN_POINT('',(-132.6371838532,-6.9,-10.15071991437));
#903 = VECTOR('',#904,1.);
#904 = DIRECTION('',(-0.793520057084,-0.,0.608544097831));
#905 = ORIENTED_EDGE('',*,*,#906,.F.);
#906 = EDGE_CURVE('',#907,#899,#909,.T.);
#907 = VERTEX_POINT('',#908);
#908 = CARTESIAN_POINT('',(-132.486484661,-6.9,-10.15930994325));
#909 = LINE('',#910,#911);
#910 = CARTESIAN_POINT('',(-132.2916438981,-6.9,-10.24056512192));
#911 = VECTOR('',#912,1.);
#912 = DIRECTION('',(-0.922956585384,-0.,0.384904067913));
#913 = ORIENTED_EDGE('',*,*,#914,.F.);
#914 = EDGE_CURVE('',#915,#907,#917,.T.);
#915 = VERTEX_POINT('',#916);
#916 = CARTESIAN_POINT('',(-132.0753033181,-6.9,-10.207));
#917 = LINE('',#918,#919);
#918 = CARTESIAN_POINT('',(-131.9891839429,-6.9,-10.21698838581));
#919 = VECTOR('',#920,1.);
#920 = DIRECTION('',(-0.993341076125,-0.,0.115210704727));
#921 = ORIENTED_EDGE('',*,*,#922,.F.);
#922 = EDGE_CURVE('',#923,#915,#925,.T.);
#923 = VERTEX_POINT('',#924);
#924 = CARTESIAN_POINT('',(-78.429,-6.9,-10.207));
#925 = LINE('',#926,#927);
#926 = CARTESIAN_POINT('',(-78.429,-6.9,-10.207));
#927 = VECTOR('',#928,1.);
#928 = DIRECTION('',(-1.,-0.,0.));
#929 = ORIENTED_EDGE('',*,*,#930,.F.);
#930 = EDGE_CURVE('',#931,#923,#933,.T.);
#931 = VERTEX_POINT('',#932);
#932 = CARTESIAN_POINT('',(-77.2154431576,-6.9,-10.82536527388));
#933 = CIRCLE('',#934,1.5);
#934 = AXIS2_PLACEMENT_3D('',#935,#936,#937);
#935 = CARTESIAN_POINT('',(-78.429,-6.9,-11.707));
#936 = DIRECTION('',(0.,-1.,0.));
#937 = DIRECTION('',(0.587756484075,0.,-0.809037894927));
#938 = ORIENTED_EDGE('',*,*,#939,.F.);
#939 = EDGE_CURVE('',#940,#931,#942,.T.);
#940 = VERTEX_POINT('',#941);
#941 = CARTESIAN_POINT('',(-69.07841153364,-6.9,-22.02586601591));
#942 = LINE('',#943,#944);
#943 = CARTESIAN_POINT('',(-68.9654431576,-6.9,-22.18136527388));
#944 = VECTOR('',#945,1.);
#945 = DIRECTION('',(-0.587756484075,-0.,0.809037894927));
#946 = ORIENTED_EDGE('',*,*,#947,.F.);
#947 = EDGE_CURVE('',#948,#940,#950,.T.);
#948 = VERTEX_POINT('',#949);
#949 = CARTESIAN_POINT('',(-68.80786639022,-6.9,-22.24808173224));
#950 = LINE('',#951,#952);
#951 = CARTESIAN_POINT('',(-68.68393638801,-6.9,-22.34987322577));
#952 = VECTOR('',#953,1.);
#953 = DIRECTION('',(-0.77275118282,-0.,0.634709074655));
#954 = ORIENTED_EDGE('',*,*,#955,.F.);
#955 = EDGE_CURVE('',#956,#948,#958,.T.);
#956 = VERTEX_POINT('',#957);
#957 = CARTESIAN_POINT('',(-68.48688944667,-6.9,-22.4129920906));
#958 = LINE('',#959,#960);
#959 = CARTESIAN_POINT('',(-68.33351549866,-6.9,-22.49179199581));
#960 = VECTOR('',#961,1.);
#961 = DIRECTION('',(-0.889472002788,-0.,0.456989667559));
#962 = ORIENTED_EDGE('',*,*,#963,.F.);
#963 = EDGE_CURVE('',#964,#956,#966,.T.);
#964 = VERTEX_POINT('',#965);
#965 = CARTESIAN_POINT('',(-68.0851898889,-6.9,-22.5137259797));
#966 = LINE('',#967,#968);
#967 = CARTESIAN_POINT('',(-68.00414330026,-6.9,-22.53404997039));
#968 = VECTOR('',#969,1.);
#969 = DIRECTION('',(-0.969966686406,-0.,0.243237799822));
#970 = ORIENTED_EDGE('',*,*,#971,.F.);
#971 = EDGE_CURVE('',#972,#964,#974,.T.);
#972 = VERTEX_POINT('',#973);
#973 = CARTESIAN_POINT('',(-35.59999232053,-6.9,-26.90652904071));
#974 = LINE('',#975,#976);
#975 = CARTESIAN_POINT('',(-35.59999232053,-6.9,-26.90652904071));
#976 = VECTOR('',#977,1.);
#977 = DIRECTION('',(-0.990980639523,-0.,0.134005119641));
#978 = ORIENTED_EDGE('',*,*,#979,.F.);
#979 = EDGE_CURVE('',#980,#972,#982,.T.);
#980 = VERTEX_POINT('',#981);
#981 = CARTESIAN_POINT('',(-35.05191180229,-6.9,-27.09343589151));
#982 = CIRCLE('',#983,1.5);
#983 = AXIS2_PLACEMENT_3D('',#984,#985,#986);
#984 = CARTESIAN_POINT('',(-35.801,-6.9,-28.393));
#985 = DIRECTION('',(0.,-1.,0.));
#986 = DIRECTION('',(0.866376072324,0.,-0.499392131801));
#987 = ORIENTED_EDGE('',*,*,#988,.F.);
#988 = EDGE_CURVE('',#989,#980,#991,.T.);
#989 = VERTEX_POINT('',#990);
#990 = CARTESIAN_POINT('',(-20.74052902471,-6.9,-35.34273106786));
#991 = LINE('',#992,#993);
#992 = CARTESIAN_POINT('',(-20.66991180229,-6.9,-35.38343589151));
#993 = VECTOR('',#994,1.);
#994 = DIRECTION('',(-0.866376072324,-0.,0.499392131801));
#995 = ORIENTED_EDGE('',*,*,#996,.F.);
#996 = EDGE_CURVE('',#997,#989,#999,.T.);
#997 = VERTEX_POINT('',#998);
#998 = CARTESIAN_POINT('',(-20.21644857413,-6.9,-35.57321299808));
#999 = LINE('',#1000,#1001);
#1000 = CARTESIAN_POINT('',(-20.07614115385,-6.9,-35.63491788522));
#1001 = VECTOR('',#1002,1.);
#1002 = DIRECTION('',(-0.91538807652,-0.,0.402572564099));
#1003 = ORIENTED_EDGE('',*,*,#1004,.F.);
#1004 = EDGE_CURVE('',#1005,#997,#1007,.T.);
#1005 = VERTEX_POINT('',#1006);
#1006 = CARTESIAN_POINT('',(-19.73373446053,-6.9,-35.67643488401));
#1007 = LINE('',#1008,#1009);
#1008 = CARTESIAN_POINT('',(-19.57133642317,-6.9,-35.71116150835));
#1009 = VECTOR('',#1010,1.);
#1010 = DIRECTION('',(-0.977892327763,-0.,0.20910905122));
#1011 = ORIENTED_EDGE('',*,*,#1012,.F.);
#1012 = EDGE_CURVE('',#1013,#1005,#1015,.T.);
#1013 = VERTEX_POINT('',#1014);
#1014 = CARTESIAN_POINT('',(-19.24808292183,-6.9,-35.67164423998));
#1015 = LINE('',#1016,#1017);
#1016 = CARTESIAN_POINT('',(-19.08879582763,-6.9,-35.67007297394));
#1017 = VECTOR('',#1018,1.);
#1018 = DIRECTION('',(-0.999951350702,0.,-9.863885087068E-03));
#1019 = ORIENTED_EDGE('',*,*,#1020,.F.);
#1020 = EDGE_CURVE('',#1021,#1013,#1023,.T.);
#1021 = VERTEX_POINT('',#1022);
#1022 = CARTESIAN_POINT('',(-18.76289725436,-6.9,-35.56240117774));
#1023 = LINE('',#1024,#1025);
#1024 = CARTESIAN_POINT('',(-18.60848729091,-6.9,-35.52763465767));
#1025 = VECTOR('',#1026,1.);
#1026 = DIRECTION('',(-0.975576894885,0.,-0.219658193943));
#1027 = ORIENTED_EDGE('',*,*,#1028,.F.);
#1028 = EDGE_CURVE('',#1029,#1021,#1031,.T.);
#1029 = VERTEX_POINT('',#1030);
#1030 = CARTESIAN_POINT('',(-18.3190271148,-6.9,-35.35790815951));
#1031 = LINE('',#1032,#1033);
#1032 = CARTESIAN_POINT('',(-18.16865059445,-6.9,-35.2886290038));
#1033 = VECTOR('',#1034,1.);
#1034 = DIRECTION('',(-0.908247330799,0.,-0.418433729636));
#1035 = ORIENTED_EDGE('',*,*,#1036,.F.);
#1036 = EDGE_CURVE('',#1037,#1029,#1039,.T.);
#1037 = VERTEX_POINT('',#1038);
#1038 = CARTESIAN_POINT('',(-17.92954204067,-6.9,-35.06084327247));
#1039 = LINE('',#1040,#1041);
#1040 = CARTESIAN_POINT('',(-17.80167376388,-6.9,-34.96331662068));
#1041 = VECTOR('',#1042,1.);
#1042 = DIRECTION('',(-0.795122252878,0.,-0.606449175924));
#1043 = ORIENTED_EDGE('',*,*,#1044,.F.);
#1044 = EDGE_CURVE('',#1045,#1037,#1047,.T.);
#1045 = VERTEX_POINT('',#1046);
#1046 = CARTESIAN_POINT('',(-17.61073648459,-6.9,-34.68662034434));
#1047 = LINE('',#1048,#1049);
#1048 = CARTESIAN_POINT('',(-17.52183010944,-6.9,-34.5822595407));
#1049 = VECTOR('',#1050,1.);
#1050 = DIRECTION('',(-0.648493639532,0.,-0.761220072966));
#1051 = ORIENTED_EDGE('',*,*,#1052,.F.);
#1052 = EDGE_CURVE('',#32,#1045,#1053,.T.);
#1053 = LINE('',#1054,#1055);
#1054 = CARTESIAN_POINT('',(-3.939251129346,-6.9,-10.99136908888));
#1055 = VECTOR('',#1056,1.);
#1056 = DIRECTION('',(-0.499753940741,0.,-0.866167419564));
#1057 = ORIENTED_EDGE('',*,*,#31,.F.);
#1058 = ORIENTED_EDGE('',*,*,#87,.F.);
#1059 = ORIENTED_EDGE('',*,*,#1060,.F.);
#1060 = EDGE_CURVE('',#1061,#80,#1063,.T.);
#1061 = VERTEX_POINT('',#1062);
#1062 = CARTESIAN_POINT('',(-3.51,-6.9,-12.954));
#1063 = LINE('',#1064,#1065);
#1064 = CARTESIAN_POINT('',(-3.51,-6.9,-12.954));
#1065 = VECTOR('',#1066,1.);
#1066 = DIRECTION('',(-0.870283772443,0.,0.492550662798));
#1067 = ORIENTED_EDGE('',*,*,#1068,.F.);
#1068 = EDGE_CURVE('',#1069,#1061,#1071,.T.);
#1069 = VERTEX_POINT('',#1070);
#1070 = CARTESIAN_POINT('',(-3.312179867968,-6.9,-12.90601392836));
#1071 = LINE('',#1072,#1073);
#1072 = CARTESIAN_POINT('',(-3.308,-6.9,-12.905));
#1073 = VECTOR('',#1074,1.);
#1074 = DIRECTION('',(-0.97181671537,0.,-0.235737718085));
#1075 = ORIENTED_EDGE('',*,*,#1076,.T.);
#1076 = EDGE_CURVE('',#1069,#1077,#1079,.T.);
#1077 = VERTEX_POINT('',#1078);
#1078 = CARTESIAN_POINT('',(-16.38,-6.9,-35.555));
#1079 = LINE('',#1080,#1081);
#1080 = CARTESIAN_POINT('',(-2.64,-6.9,-11.741));
#1081 = VECTOR('',#1082,1.);
#1082 = DIRECTION('',(-0.499753940741,0.,-0.866167419564));
#1083 = ORIENTED_EDGE('',*,*,#1084,.T.);
#1084 = EDGE_CURVE('',#1077,#1085,#1087,.T.);
#1085 = VERTEX_POINT('',#1086);
#1086 = CARTESIAN_POINT('',(-16.892,-6.9,-36.156));
#1087 = LINE('',#1088,#1089);
#1088 = CARTESIAN_POINT('',(-16.38,-6.9,-35.555));
#1089 = VECTOR('',#1090,1.);
#1090 = DIRECTION('',(-0.648493639532,0.,-0.761220072966));
#1091 = ORIENTED_EDGE('',*,*,#1092,.T.);
#1092 = EDGE_CURVE('',#1085,#1093,#1095,.T.);
#1093 = VERTEX_POINT('',#1094);
#1094 = CARTESIAN_POINT('',(-17.541,-6.9,-36.651));
#1095 = LINE('',#1096,#1097);
#1096 = CARTESIAN_POINT('',(-16.892,-6.9,-36.156));
#1097 = VECTOR('',#1098,1.);
#1098 = DIRECTION('',(-0.795122252878,0.,-0.606449175924));
#1099 = ORIENTED_EDGE('',*,*,#1100,.T.);
#1100 = EDGE_CURVE('',#1093,#1101,#1103,.T.);
#1101 = VERTEX_POINT('',#1102);
#1102 = CARTESIAN_POINT('',(-18.279,-6.9,-36.991));
#1103 = LINE('',#1104,#1105);
#1104 = CARTESIAN_POINT('',(-17.541,-6.9,-36.651));
#1105 = VECTOR('',#1106,1.);
#1106 = DIRECTION('',(-0.908247330799,0.,-0.418433729636));
#1107 = ORIENTED_EDGE('',*,*,#1108,.T.);
#1108 = EDGE_CURVE('',#1101,#1109,#1111,.T.);
#1109 = VERTEX_POINT('',#1110);
#1110 = CARTESIAN_POINT('',(-19.074,-6.9,-37.17));
#1111 = LINE('',#1112,#1113);
#1112 = CARTESIAN_POINT('',(-18.279,-6.9,-36.991));
#1113 = VECTOR('',#1114,1.);
#1114 = DIRECTION('',(-0.975576894885,0.,-0.219658193943));
#1115 = ORIENTED_EDGE('',*,*,#1116,.T.);
#1116 = EDGE_CURVE('',#1109,#1117,#1119,.T.);
#1117 = VERTEX_POINT('',#1118);
#1118 = CARTESIAN_POINT('',(-19.885,-6.9,-37.178));
#1119 = LINE('',#1120,#1121);
#1120 = CARTESIAN_POINT('',(-19.074,-6.9,-37.17));
#1121 = VECTOR('',#1122,1.);
#1122 = DIRECTION('',(-0.999951350702,0.,-9.863885087068E-03));
#1123 = ORIENTED_EDGE('',*,*,#1124,.T.);
#1124 = EDGE_CURVE('',#1117,#1125,#1127,.T.);
#1125 = VERTEX_POINT('',#1126);
#1126 = CARTESIAN_POINT('',(-20.68,-6.9,-37.008));
#1127 = LINE('',#1128,#1129);
#1128 = CARTESIAN_POINT('',(-19.885,-6.9,-37.178));
#1129 = VECTOR('',#1130,1.);
#1130 = DIRECTION('',(-0.977892327763,0.,0.20910905122));
#1131 = ORIENTED_EDGE('',*,*,#1132,.T.);
#1132 = EDGE_CURVE('',#1125,#1133,#1135,.T.);
#1133 = VERTEX_POINT('',#1134);
#1134 = CARTESIAN_POINT('',(-21.419,-6.9,-36.683));
#1135 = LINE('',#1136,#1137);
#1136 = CARTESIAN_POINT('',(-20.68,-6.9,-37.008));
#1137 = VECTOR('',#1138,1.);
#1138 = DIRECTION('',(-0.91538807652,0.,0.402572564099));
#1139 = ORIENTED_EDGE('',*,*,#1140,.T.);
#1140 = EDGE_CURVE('',#1133,#1141,#1143,.T.);
#1141 = VERTEX_POINT('',#1142);
#1142 = CARTESIAN_POINT('',(-35.801,-6.9,-28.393));
#1143 = LINE('',#1144,#1145);
#1144 = CARTESIAN_POINT('',(-21.419,-6.9,-36.683));
#1145 = VECTOR('',#1146,1.);
#1146 = DIRECTION('',(-0.866376072324,0.,0.499392131801));
#1147 = ORIENTED_EDGE('',*,*,#1148,.T.);
#1148 = EDGE_CURVE('',#1141,#1149,#1151,.T.);
#1149 = VERTEX_POINT('',#1150);
#1150 = CARTESIAN_POINT('',(-68.369,-6.9,-23.989));
#1151 = LINE('',#1152,#1153);
#1152 = CARTESIAN_POINT('',(-35.801,-6.9,-28.393));
#1153 = VECTOR('',#1154,1.);
#1154 = DIRECTION('',(-0.990980639523,0.,0.134005119641));
#1155 = ORIENTED_EDGE('',*,*,#1156,.T.);
#1156 = EDGE_CURVE('',#1149,#1157,#1159,.T.);
#1157 = VERTEX_POINT('',#1158);
#1158 = CARTESIAN_POINT('',(-69.019,-6.9,-23.826));
#1159 = LINE('',#1160,#1161);
#1160 = CARTESIAN_POINT('',(-68.369,-6.9,-23.989));
#1161 = VECTOR('',#1162,1.);
#1162 = DIRECTION('',(-0.969966686406,0.,0.243237799822));
#1163 = ORIENTED_EDGE('',*,*,#1164,.T.);
#1164 = EDGE_CURVE('',#1157,#1165,#1167,.T.);
#1165 = VERTEX_POINT('',#1166);
#1166 = CARTESIAN_POINT('',(-69.636,-6.9,-23.509));
#1167 = LINE('',#1168,#1169);
#1168 = CARTESIAN_POINT('',(-69.019,-6.9,-23.826));
#1169 = VECTOR('',#1170,1.);
#1170 = DIRECTION('',(-0.889472002788,0.,0.456989667559));
#1171 = ORIENTED_EDGE('',*,*,#1172,.T.);
#1172 = EDGE_CURVE('',#1165,#1173,#1175,.T.);
#1173 = VERTEX_POINT('',#1174);
#1174 = CARTESIAN_POINT('',(-70.179,-6.9,-23.063));
#1175 = LINE('',#1176,#1177);
#1176 = CARTESIAN_POINT('',(-69.636,-6.9,-23.509));
#1177 = VECTOR('',#1178,1.);
#1178 = DIRECTION('',(-0.77275118282,0.,0.634709074655));
#1179 = ORIENTED_EDGE('',*,*,#1180,.T.);
#1180 = EDGE_CURVE('',#1173,#1181,#1183,.T.);
#1181 = VERTEX_POINT('',#1182);
#1182 = CARTESIAN_POINT('',(-78.429,-6.9,-11.707));
#1183 = LINE('',#1184,#1185);
#1184 = CARTESIAN_POINT('',(-70.179,-6.9,-23.063));
#1185 = VECTOR('',#1186,1.);
#1186 = DIRECTION('',(-0.587756484075,0.,0.809037894927));
#1187 = ORIENTED_EDGE('',*,*,#1188,.T.);
#1188 = EDGE_CURVE('',#1181,#1189,#1191,.T.);
#1189 = VERTEX_POINT('',#1190);
#1190 = CARTESIAN_POINT('',(-132.162,-6.9,-11.707));
#1191 = LINE('',#1192,#1193);
#1192 = CARTESIAN_POINT('',(-78.429,-6.9,-11.707));
#1193 = VECTOR('',#1194,1.);
#1194 = DIRECTION('',(-1.,0.,0.));
#1195 = ORIENTED_EDGE('',*,*,#1196,.T.);
#1196 = EDGE_CURVE('',#1189,#1197,#1199,.T.);
#1197 = VERTEX_POINT('',#1198);
#1198 = CARTESIAN_POINT('',(-132.869,-6.9,-11.625));
#1199 = LINE('',#1200,#1201);
#1200 = CARTESIAN_POINT('',(-132.162,-6.9,-11.707));
#1201 = VECTOR('',#1202,1.);
#1202 = DIRECTION('',(-0.993341076125,0.,0.115210704727));
#1203 = ORIENTED_EDGE('',*,*,#1204,.T.);
#1204 = EDGE_CURVE('',#1197,#1205,#1207,.T.);
#1205 = VERTEX_POINT('',#1206);
#1206 = CARTESIAN_POINT('',(-133.55,-6.9,-11.341));
#1207 = LINE('',#1208,#1209);
#1208 = CARTESIAN_POINT('',(-132.869,-6.9,-11.625));
#1209 = VECTOR('',#1210,1.);
#1210 = DIRECTION('',(-0.922956585384,0.,0.384904067913));
#1211 = ORIENTED_EDGE('',*,*,#1212,.T.);
#1212 = EDGE_CURVE('',#1205,#1213,#1215,.T.);
#1213 = VERTEX_POINT('',#1214);
#1214 = CARTESIAN_POINT('',(-134.142,-6.9,-10.887));
#1215 = LINE('',#1216,#1217);
#1216 = CARTESIAN_POINT('',(-133.55,-6.9,-11.341));
#1217 = VECTOR('',#1218,1.);
#1218 = DIRECTION('',(-0.793520057084,0.,0.608544097831));
#1219 = ORIENTED_EDGE('',*,*,#1220,.T.);
#1220 = EDGE_CURVE('',#1213,#1221,#1223,.T.);
#1221 = VERTEX_POINT('',#1222);
#1222 = CARTESIAN_POINT('',(-134.589,-6.9,-10.303));
#1223 = LINE('',#1224,#1225);
#1224 = CARTESIAN_POINT('',(-134.142,-6.9,-10.887));
#1225 = VECTOR('',#1226,1.);
#1226 = DIRECTION('',(-0.607803342128,0.,0.794087587926));
#1227 = ORIENTED_EDGE('',*,*,#1228,.T.);
#1228 = EDGE_CURVE('',#1221,#1229,#1231,.T.);
#1229 = VERTEX_POINT('',#1230);
#1230 = CARTESIAN_POINT('',(-134.873,-6.9,-9.621));
#1231 = LINE('',#1232,#1233);
#1232 = CARTESIAN_POINT('',(-134.589,-6.9,-10.303));
#1233 = VECTOR('',#1234,1.);
#1234 = DIRECTION('',(-0.384423148682,0.,0.923156997892));
#1235 = ORIENTED_EDGE('',*,*,#1236,.T.);
#1236 = EDGE_CURVE('',#1229,#1237,#1239,.T.);
#1237 = VERTEX_POINT('',#1238);
#1238 = CARTESIAN_POINT('',(-134.97,-6.9,-8.915));
#1239 = LINE('',#1240,#1241);
#1240 = CARTESIAN_POINT('',(-134.873,-6.9,-9.621));
#1241 = VECTOR('',#1242,1.);
#1242 = DIRECTION('',(-0.136115048985,0.,0.990693036939));
#1243 = ORIENTED_EDGE('',*,*,#1244,.T.);
#1244 = EDGE_CURVE('',#1237,#1245,#1247,.T.);
#1245 = VERTEX_POINT('',#1246);
#1246 = CARTESIAN_POINT('',(-134.962,-6.9,41.151));
#1247 = LINE('',#1248,#1249);
#1248 = CARTESIAN_POINT('',(-134.97,-6.9,-8.915));
#1249 = VECTOR('',#1250,1.);
#1250 = DIRECTION('',(1.597890763768E-04,0.,0.999999987234));
#1251 = ORIENTED_EDGE('',*,*,#1252,.T.);
#1252 = EDGE_CURVE('',#1245,#1253,#1255,.T.);
#1253 = VERTEX_POINT('',#1254);
#1254 = CARTESIAN_POINT('',(-134.881,-6.9,41.857));
#1255 = LINE('',#1256,#1257);
#1256 = CARTESIAN_POINT('',(-134.962,-6.9,41.151));
#1257 = VECTOR('',#1258,1.);
#1258 = DIRECTION('',(0.113983140811,0.,0.993482684102));
#1259 = ORIENTED_EDGE('',*,*,#1260,.T.);
#1260 = EDGE_CURVE('',#1253,#1261,#1263,.T.);
#1261 = VERTEX_POINT('',#1262);
#1262 = CARTESIAN_POINT('',(-134.597,-6.9,42.539));
#1263 = LINE('',#1264,#1265);
#1264 = CARTESIAN_POINT('',(-134.881,-6.9,41.857));
#1265 = VECTOR('',#1266,1.);
#1266 = DIRECTION('',(0.384423148682,0.,0.923156997892));
#1267 = ORIENTED_EDGE('',*,*,#1268,.T.);
#1268 = EDGE_CURVE('',#1261,#1269,#1271,.T.);
#1269 = VERTEX_POINT('',#1270);
#1270 = CARTESIAN_POINT('',(-134.142,-6.9,43.131));
#1271 = LINE('',#1272,#1273);
#1272 = CARTESIAN_POINT('',(-134.597,-6.9,42.539));
#1273 = VECTOR('',#1274,1.);
#1274 = DIRECTION('',(0.609387084386,0.,0.792872865839));
#1275 = ORIENTED_EDGE('',*,*,#1276,.T.);
#1276 = EDGE_CURVE('',#1269,#1277,#1279,.T.);
#1277 = VERTEX_POINT('',#1278);
#1278 = CARTESIAN_POINT('',(-133.558,-6.9,43.577));
#1279 = LINE('',#1280,#1281);
#1280 = CARTESIAN_POINT('',(-134.142,-6.9,43.131));
#1281 = VECTOR('',#1282,1.);
#1282 = DIRECTION('',(0.794743943509,0.,0.606944860968));
#1283 = ORIENTED_EDGE('',*,*,#1284,.T.);
#1284 = EDGE_CURVE('',#1277,#1285,#1287,.T.);
#1285 = VERTEX_POINT('',#1286);
#1286 = CARTESIAN_POINT('',(-132.877,-6.9,43.861));
#1287 = LINE('',#1288,#1289);
#1288 = CARTESIAN_POINT('',(-133.558,-6.9,43.577));
#1289 = VECTOR('',#1290,1.);
#1290 = DIRECTION('',(0.922956585384,0.,0.384904067913));
#1291 = ORIENTED_EDGE('',*,*,#1292,.T.);
#1292 = EDGE_CURVE('',#1285,#1293,#1295,.T.);
#1293 = VERTEX_POINT('',#1294);
#1294 = CARTESIAN_POINT('',(-132.162,-6.9,43.959));
#1295 = LINE('',#1296,#1297);
#1296 = CARTESIAN_POINT('',(-132.877,-6.9,43.861));
#1297 = VECTOR('',#1298,1.);
#1298 = DIRECTION('',(0.990737183405,0.,0.135793348215));
#1299 = ORIENTED_EDGE('',*,*,#1300,.T.);
#1300 = EDGE_CURVE('',#1293,#1301,#1303,.T.);
#1301 = VERTEX_POINT('',#1302);
#1302 = CARTESIAN_POINT('',(-97.574,-6.9,43.967));
#1303 = LINE('',#1304,#1305);
#1304 = CARTESIAN_POINT('',(-132.162,-6.9,43.959));
#1305 = VECTOR('',#1306,1.);
#1306 = DIRECTION('',(0.999999973252,0.,2.312940842491E-04));
#1307 = ORIENTED_EDGE('',*,*,#1308,.T.);
#1308 = EDGE_CURVE('',#1301,#1309,#1311,.T.);
#1309 = VERTEX_POINT('',#1310);
#1310 = CARTESIAN_POINT('',(-97.574,-6.9,45.881));
#1311 = LINE('',#1312,#1313);
#1312 = CARTESIAN_POINT('',(-97.574,-6.9,43.967));
#1313 = VECTOR('',#1314,1.);
#1314 = DIRECTION('',(0.,0.,1.));
#1315 = ORIENTED_EDGE('',*,*,#1316,.T.);
#1316 = EDGE_CURVE('',#1309,#1317,#1319,.T.);
#1317 = VERTEX_POINT('',#1318);
#1318 = CARTESIAN_POINT('',(-97.476,-6.9,46.611));
#1319 = LINE('',#1320,#1321);
#1320 = CARTESIAN_POINT('',(-97.574,-6.9,45.881));
#1321 = VECTOR('',#1322,1.);
#1322 = DIRECTION('',(0.13305297921,0.,0.99110892677));
#1323 = ORIENTED_EDGE('',*,*,#1324,.T.);
#1324 = EDGE_CURVE('',#1317,#1325,#1327,.T.);
#1325 = VERTEX_POINT('',#1326);
#1326 = CARTESIAN_POINT('',(-97.2,-6.9,47.301));
#1327 = LINE('',#1328,#1329);
#1328 = CARTESIAN_POINT('',(-97.476,-6.9,46.611));
#1329 = VECTOR('',#1330,1.);
#1330 = DIRECTION('',(0.371390676354,0.,0.928476690885));
#1331 = ORIENTED_EDGE('',*,*,#1332,.T.);
#1332 = EDGE_CURVE('',#1325,#1333,#1335,.T.);
#1333 = VERTEX_POINT('',#1334);
#1334 = CARTESIAN_POINT('',(-96.746,-6.9,47.885));
#1335 = LINE('',#1336,#1337);
#1336 = CARTESIAN_POINT('',(-97.2,-6.9,47.301));
#1337 = VECTOR('',#1338,1.);
#1338 = DIRECTION('',(0.613753412901,0.,0.789497782234));
#1339 = ORIENTED_EDGE('',*,*,#1340,.T.);
#1340 = EDGE_CURVE('',#1333,#1341,#1343,.T.);
#1341 = VERTEX_POINT('',#1342);
#1342 = CARTESIAN_POINT('',(-96.162,-6.9,48.339));
#1343 = LINE('',#1344,#1345);
#1344 = CARTESIAN_POINT('',(-96.746,-6.9,47.885));
#1345 = VECTOR('',#1346,1.);
#1346 = DIRECTION('',(0.789497782234,0.,0.613753412901));
#1347 = ORIENTED_EDGE('',*,*,#1348,.T.);
#1348 = EDGE_CURVE('',#1341,#1349,#1351,.T.);
#1349 = VERTEX_POINT('',#1350);
#1350 = CARTESIAN_POINT('',(-95.472,-6.9,48.623));
#1351 = LINE('',#1352,#1353);
#1352 = CARTESIAN_POINT('',(-96.162,-6.9,48.339));
#1353 = VECTOR('',#1354,1.);
#1354 = DIRECTION('',(0.924733599626,0.,0.380614988831));
#1355 = ORIENTED_EDGE('',*,*,#1356,.T.);
#1356 = EDGE_CURVE('',#1349,#1357,#1359,.T.);
#1357 = VERTEX_POINT('',#1358);
#1358 = CARTESIAN_POINT('',(-94.75,-6.9,48.72));
#1359 = LINE('',#1360,#1361);
#1360 = CARTESIAN_POINT('',(-95.472,-6.9,48.623));
#1361 = VECTOR('',#1362,1.);
#1362 = DIRECTION('',(0.9910955313,0.,0.133152723734));
#1363 = ORIENTED_EDGE('',*,*,#1364,.T.);
#1364 = EDGE_CURVE('',#1357,#333,#1365,.T.);
#1365 = LINE('',#1366,#1367);
#1366 = CARTESIAN_POINT('',(-94.75,-6.9,48.72));
#1367 = VECTOR('',#1368,1.);
#1368 = DIRECTION('',(0.999999825648,0.,5.905123306101E-04));
#1369 = PLANE('',#1370);
#1370 = AXIS2_PLACEMENT_3D('',#1371,#1372,#1373);
#1371 = CARTESIAN_POINT('',(-65.97731018769,-6.9,12.726021874121));
#1372 = DIRECTION('',(0.,1.,0.));
#1373 = DIRECTION('',(0.,-0.,1.));
#1374 = ADVANCED_FACE('',(#1375),#1392,.T.);
#1375 = FACE_BOUND('',#1376,.T.);
#1376 = EDGE_LOOP('',(#1377,#1385,#1386));
#1377 = ORIENTED_EDGE('',*,*,#1378,.T.);
#1378 = EDGE_CURVE('',#1379,#32,#1381,.T.);
#1379 = VERTEX_POINT('',#1380);
#1380 = CARTESIAN_POINT('',(-3.978419053964,-6.9,-11.05925445692));
#1381 = LINE('',#1382,#1383);
#1382 = CARTESIAN_POINT('',(-3.939251129346,-6.9,-10.99136908888));
#1383 = VECTOR('',#1384,1.);
#1384 = DIRECTION('',(-0.499753940741,0.,-0.866167419564));
#1385 = ORIENTED_EDGE('',*,*,#39,.T.);
#1386 = ORIENTED_EDGE('',*,*,#1387,.T.);
#1387 = EDGE_CURVE('',#40,#1379,#1388,.T.);
#1388 = LINE('',#1389,#1390);
#1389 = CARTESIAN_POINT('',(-3.709299047853,-6.9,-10.45485205117));
#1390 = VECTOR('',#1391,1.);
#1391 = DIRECTION('',(-0.406765299215,0.,-0.913532698569));
#1392 = PLANE('',#1393);
#1393 = AXIS2_PLACEMENT_3D('',#1394,#1395,#1396);
#1394 = CARTESIAN_POINT('',(-5.887329302706,-6.9,23.695878498611));
#1395 = DIRECTION('',(0.,1.,0.));
#1396 = DIRECTION('',(0.,-0.,1.));
#1397 = ADVANCED_FACE('',(#1398),#1448,.F.);
#1398 = FACE_BOUND('',#1399,.F.);
#1399 = EDGE_LOOP('',(#1400,#1410,#1416,#1417,#1418,#1426,#1434,#1442));
#1400 = ORIENTED_EDGE('',*,*,#1401,.T.);
#1401 = EDGE_CURVE('',#1402,#1404,#1406,.T.);
#1402 = VERTEX_POINT('',#1403);
#1403 = CARTESIAN_POINT('',(-3.603707794437,-6.9,-6.04));
#1404 = VERTEX_POINT('',#1405);
#1405 = CARTESIAN_POINT('',(-3.600330921298,-6.9,-6.04));
#1406 = LINE('',#1407,#1408);
#1407 = CARTESIAN_POINT('',(-6.587,-6.9,-6.04));
#1408 = VECTOR('',#1409,1.);
#1409 = DIRECTION('',(1.,0.,-0.));
#1410 = ORIENTED_EDGE('',*,*,#1411,.F.);
#1411 = EDGE_CURVE('',#110,#1404,#1412,.T.);
#1412 = LINE('',#1413,#1414);
#1413 = CARTESIAN_POINT('',(-3.596,-6.9,-9.976));
#1414 = VECTOR('',#1415,1.);
#1415 = DIRECTION('',(-1.100335029527E-03,0.,0.999999394631));
#1416 = ORIENTED_EDGE('',*,*,#109,.F.);
#1417 = ORIENTED_EDGE('',*,*,#47,.F.);
#1418 = ORIENTED_EDGE('',*,*,#1419,.F.);
#1419 = EDGE_CURVE('',#1420,#40,#1422,.T.);
#1420 = VERTEX_POINT('',#1421);
#1421 = CARTESIAN_POINT('',(-3.759668654747,-6.9,-10.56797449057));
#1422 = LINE('',#1423,#1424);
#1423 = CARTESIAN_POINT('',(-3.709299047853,-6.9,-10.45485205117));
#1424 = VECTOR('',#1425,1.);
#1425 = DIRECTION('',(-0.406765299215,0.,-0.913532698569));
#1426 = ORIENTED_EDGE('',*,*,#1427,.F.);
#1427 = EDGE_CURVE('',#1428,#1420,#1430,.T.);
#1428 = VERTEX_POINT('',#1429);
#1429 = CARTESIAN_POINT('',(-3.649387901645,-6.9,-10.14348600517));
#1430 = LINE('',#1431,#1432);
#1431 = CARTESIAN_POINT('',(-3.611805576488,-6.9,-9.998825546892));
#1432 = VECTOR('',#1433,1.);
#1433 = DIRECTION('',(-0.251449635405,0.,-0.967870384326));
#1434 = ORIENTED_EDGE('',*,*,#1435,.F.);
#1435 = EDGE_CURVE('',#1436,#1428,#1438,.T.);
#1436 = VERTEX_POINT('',#1437);
#1437 = CARTESIAN_POINT('',(-3.600047429281,-6.9,-9.256179843837));
#1438 = LINE('',#1439,#1440);
#1439 = CARTESIAN_POINT('',(-3.597686256968,-6.9,-9.213718095071));
#1440 = VECTOR('',#1441,1.);
#1441 = DIRECTION('',(-5.552126995248E-02,0.,-0.998457504645));
#1442 = ORIENTED_EDGE('',*,*,#1443,.F.);
#1443 = EDGE_CURVE('',#1402,#1436,#1444,.T.);
#1444 = LINE('',#1445,#1446);
#1445 = CARTESIAN_POINT('',(-3.659999028531,-6.9,43.420292836706));
#1446 = VECTOR('',#1447,1.);
#1447 = DIRECTION('',(1.138108862862E-03,0.,-0.999999352354));
#1448 = PLANE('',#1449);
#1449 = AXIS2_PLACEMENT_3D('',#1450,#1451,#1452);
#1450 = CARTESIAN_POINT('',(-65.97731018769,-6.9,12.726021874121));
#1451 = DIRECTION('',(0.,1.,0.));
#1452 = DIRECTION('',(0.,-0.,1.));
#1453 = ADVANCED_FACE('',(#1454),#1465,.F.);
#1454 = FACE_BOUND('',#1455,.F.);
#1455 = EDGE_LOOP('',(#1456,#1462,#1463,#1464));
#1456 = ORIENTED_EDGE('',*,*,#1457,.T.);
#1457 = EDGE_CURVE('',#310,#1061,#1458,.T.);
#1458 = LINE('',#1459,#1460);
#1459 = CARTESIAN_POINT('',(-3.51,-12.965,-12.954));
#1460 = VECTOR('',#1461,1.);
#1461 = DIRECTION('',(0.,1.,0.));
#1462 = ORIENTED_EDGE('',*,*,#1060,.T.);
#1463 = ORIENTED_EDGE('',*,*,#77,.F.);
#1464 = ORIENTED_EDGE('',*,*,#317,.F.);
#1465 = PLANE('',#1466);
#1466 = AXIS2_PLACEMENT_3D('',#1467,#1468,#1469);
#1467 = CARTESIAN_POINT('',(-3.51,-12.965,-12.954));
#1468 = DIRECTION('',(0.492550662798,-0.,0.870283772443));
#1469 = DIRECTION('',(-0.870283772443,0.,0.492550662798));
#1470 = ADVANCED_FACE('',(#1471),#1498,.F.);
#1471 = FACE_BOUND('',#1472,.F.);
#1472 = EDGE_LOOP('',(#1473,#1474,#1475,#1483,#1491,#1497));
#1473 = ORIENTED_EDGE('',*,*,#117,.T.);
#1474 = ORIENTED_EDGE('',*,*,#1411,.T.);
#1475 = ORIENTED_EDGE('',*,*,#1476,.T.);
#1476 = EDGE_CURVE('',#1404,#1477,#1479,.T.);
#1477 = VERTEX_POINT('',#1478);
#1478 = CARTESIAN_POINT('',(-3.617936292428,-6.9,9.96));
#1479 = LINE('',#1480,#1481);
#1480 = CARTESIAN_POINT('',(-3.596,-6.9,-9.976));
#1481 = VECTOR('',#1482,1.);
#1482 = DIRECTION('',(-1.100335029527E-03,0.,0.999999394631));
#1483 = ORIENTED_EDGE('',*,*,#1484,.T.);
#1484 = EDGE_CURVE('',#1477,#1485,#1487,.T.);
#1485 = VERTEX_POINT('',#1486);
#1486 = CARTESIAN_POINT('',(-3.655,-6.9,43.644));
#1487 = LINE('',#1488,#1489);
#1488 = CARTESIAN_POINT('',(-3.596,-6.9,-9.976));
#1489 = VECTOR('',#1490,1.);
#1490 = DIRECTION('',(-1.100335029527E-03,0.,0.999999394631));
#1491 = ORIENTED_EDGE('',*,*,#1492,.F.);
#1492 = EDGE_CURVE('',#142,#1485,#1493,.T.);
#1493 = LINE('',#1494,#1495);
#1494 = CARTESIAN_POINT('',(-3.655,-12.965,43.644));
#1495 = VECTOR('',#1496,1.);
#1496 = DIRECTION('',(0.,1.,0.));
#1497 = ORIENTED_EDGE('',*,*,#141,.F.);
#1498 = PLANE('',#1499);
#1499 = AXIS2_PLACEMENT_3D('',#1500,#1501,#1502);
#1500 = CARTESIAN_POINT('',(-3.596,-12.965,-9.976));
#1501 = DIRECTION('',(0.999999394631,-0.,1.100335029527E-03));
#1502 = DIRECTION('',(-1.100335029527E-03,0.,0.999999394631));
#1503 = ADVANCED_FACE('',(#1504),#1522,.F.);
#1504 = FACE_BOUND('',#1505,.F.);
#1505 = EDGE_LOOP('',(#1506,#1507,#1515,#1521));
#1506 = ORIENTED_EDGE('',*,*,#1492,.T.);
#1507 = ORIENTED_EDGE('',*,*,#1508,.T.);
#1508 = EDGE_CURVE('',#1485,#1509,#1511,.T.);
#1509 = VERTEX_POINT('',#1510);
#1510 = CARTESIAN_POINT('',(-3.815,-6.9,44.056));
#1511 = LINE('',#1512,#1513);
#1512 = CARTESIAN_POINT('',(-3.655,-6.9,43.644));
#1513 = VECTOR('',#1514,1.);
#1514 = DIRECTION('',(-0.3620094807,0.,0.932174412802));
#1515 = ORIENTED_EDGE('',*,*,#1516,.F.);
#1516 = EDGE_CURVE('',#150,#1509,#1517,.T.);
#1517 = LINE('',#1518,#1519);
#1518 = CARTESIAN_POINT('',(-3.815,-12.965,44.056));
#1519 = VECTOR('',#1520,1.);
#1520 = DIRECTION('',(0.,1.,0.));
#1521 = ORIENTED_EDGE('',*,*,#149,.F.);
#1522 = PLANE('',#1523);
#1523 = AXIS2_PLACEMENT_3D('',#1524,#1525,#1526);
#1524 = CARTESIAN_POINT('',(-3.655,-12.965,43.644));
#1525 = DIRECTION('',(0.932174412802,-0.,0.3620094807));
#1526 = DIRECTION('',(-0.3620094807,0.,0.932174412802));
#1527 = ADVANCED_FACE('',(#1528),#1546,.F.);
#1528 = FACE_BOUND('',#1529,.F.);
#1529 = EDGE_LOOP('',(#1530,#1531,#1539,#1545));
#1530 = ORIENTED_EDGE('',*,*,#1516,.T.);
#1531 = ORIENTED_EDGE('',*,*,#1532,.T.);
#1532 = EDGE_CURVE('',#1509,#1533,#1535,.T.);
#1533 = VERTEX_POINT('',#1534);
#1534 = CARTESIAN_POINT('',(-4.034,-6.9,44.339));
#1535 = LINE('',#1536,#1537);
#1536 = CARTESIAN_POINT('',(-3.815,-6.9,44.056));
#1537 = VECTOR('',#1538,1.);
#1538 = DIRECTION('',(-0.612004088463,0.,0.790854598333));
#1539 = ORIENTED_EDGE('',*,*,#1540,.F.);
#1540 = EDGE_CURVE('',#158,#1533,#1541,.T.);
#1541 = LINE('',#1542,#1543);
#1542 = CARTESIAN_POINT('',(-4.034,-12.965,44.339));
#1543 = VECTOR('',#1544,1.);
#1544 = DIRECTION('',(0.,1.,0.));
#1545 = ORIENTED_EDGE('',*,*,#157,.F.);
#1546 = PLANE('',#1547);
#1547 = AXIS2_PLACEMENT_3D('',#1548,#1549,#1550);
#1548 = CARTESIAN_POINT('',(-3.815,-12.965,44.056));
#1549 = DIRECTION('',(0.790854598333,-0.,0.612004088463));
#1550 = DIRECTION('',(-0.612004088463,0.,0.790854598333));
#1551 = ADVANCED_FACE('',(#1552),#1570,.F.);
#1552 = FACE_BOUND('',#1553,.F.);
#1553 = EDGE_LOOP('',(#1554,#1555,#1563,#1569));
#1554 = ORIENTED_EDGE('',*,*,#1540,.T.);
#1555 = ORIENTED_EDGE('',*,*,#1556,.T.);
#1556 = EDGE_CURVE('',#1533,#1557,#1559,.T.);
#1557 = VERTEX_POINT('',#1558);
#1558 = CARTESIAN_POINT('',(-4.31,-6.9,44.55));
#1559 = LINE('',#1560,#1561);
#1560 = CARTESIAN_POINT('',(-4.034,-6.9,44.339));
#1561 = VECTOR('',#1562,1.);
#1562 = DIRECTION('',(-0.794439527218,0.,0.60734326175));
#1563 = ORIENTED_EDGE('',*,*,#1564,.F.);
#1564 = EDGE_CURVE('',#166,#1557,#1565,.T.);
#1565 = LINE('',#1566,#1567);
#1566 = CARTESIAN_POINT('',(-4.31,-12.965,44.55));
#1567 = VECTOR('',#1568,1.);
#1568 = DIRECTION('',(0.,1.,0.));
#1569 = ORIENTED_EDGE('',*,*,#165,.F.);
#1570 = PLANE('',#1571);
#1571 = AXIS2_PLACEMENT_3D('',#1572,#1573,#1574);
#1572 = CARTESIAN_POINT('',(-4.034,-12.965,44.339));
#1573 = DIRECTION('',(0.60734326175,-0.,0.794439527218));
#1574 = DIRECTION('',(-0.794439527218,0.,0.60734326175));
#1575 = ADVANCED_FACE('',(#1576),#1594,.F.);
#1576 = FACE_BOUND('',#1577,.F.);
#1577 = EDGE_LOOP('',(#1578,#1579,#1587,#1593));
#1578 = ORIENTED_EDGE('',*,*,#1564,.T.);
#1579 = ORIENTED_EDGE('',*,*,#1580,.T.);
#1580 = EDGE_CURVE('',#1557,#1581,#1583,.T.);
#1581 = VERTEX_POINT('',#1582);
#1582 = CARTESIAN_POINT('',(-4.829,-6.9,44.731));
#1583 = LINE('',#1584,#1585);
#1584 = CARTESIAN_POINT('',(-4.31,-6.9,44.55));
#1585 = VECTOR('',#1586,1.);
#1586 = DIRECTION('',(-0.94422649452,0.,0.329296715815));
#1587 = ORIENTED_EDGE('',*,*,#1588,.F.);
#1588 = EDGE_CURVE('',#174,#1581,#1589,.T.);
#1589 = LINE('',#1590,#1591);
#1590 = CARTESIAN_POINT('',(-4.829,-12.965,44.731));
#1591 = VECTOR('',#1592,1.);
#1592 = DIRECTION('',(0.,1.,0.));
#1593 = ORIENTED_EDGE('',*,*,#173,.F.);
#1594 = PLANE('',#1595);
#1595 = AXIS2_PLACEMENT_3D('',#1596,#1597,#1598);
#1596 = CARTESIAN_POINT('',(-4.31,-12.965,44.55));
#1597 = DIRECTION('',(0.329296715815,-0.,0.94422649452));
#1598 = DIRECTION('',(-0.94422649452,0.,0.329296715815));
#1599 = ADVANCED_FACE('',(#1600),#1641,.F.);
#1600 = FACE_BOUND('',#1601,.F.);
#1601 = EDGE_LOOP('',(#1602,#1603,#1604,#1612,#1620,#1628,#1634,#1635));
#1602 = ORIENTED_EDGE('',*,*,#181,.F.);
#1603 = ORIENTED_EDGE('',*,*,#1588,.T.);
#1604 = ORIENTED_EDGE('',*,*,#1605,.T.);
#1605 = EDGE_CURVE('',#1581,#1606,#1608,.T.);
#1606 = VERTEX_POINT('',#1607);
#1607 = CARTESIAN_POINT('',(-8.515,-6.9,44.730614938626));
#1608 = LINE('',#1609,#1610);
#1609 = CARTESIAN_POINT('',(-4.829,-6.9,44.731));
#1610 = VECTOR('',#1611,1.);
#1611 = DIRECTION('',(-0.999999994543,0.,-1.044659174244E-04));
#1612 = ORIENTED_EDGE('',*,*,#1613,.F.);
#1613 = EDGE_CURVE('',#1614,#1606,#1616,.T.);
#1614 = VERTEX_POINT('',#1615);
#1615 = CARTESIAN_POINT('',(-8.515,-9.64,44.730614938626));
#1616 = LINE('',#1617,#1618);
#1617 = CARTESIAN_POINT('',(-8.515,-11.3025,44.730614938626));
#1618 = VECTOR('',#1619,1.);
#1619 = DIRECTION('',(-0.,1.,-0.));
#1620 = ORIENTED_EDGE('',*,*,#1621,.T.);
#1621 = EDGE_CURVE('',#1614,#1622,#1624,.T.);
#1622 = VERTEX_POINT('',#1623);
#1623 = CARTESIAN_POINT('',(-19.465,-9.64,44.729471036824));
#1624 = LINE('',#1625,#1626);
#1625 = CARTESIAN_POINT('',(-12.1471948013,-9.64,44.730235498062));
#1626 = VECTOR('',#1627,1.);
#1627 = DIRECTION('',(-0.999999994543,0.,-1.044659174244E-04));
#1628 = ORIENTED_EDGE('',*,*,#1629,.T.);
#1629 = EDGE_CURVE('',#1622,#527,#1630,.T.);
#1630 = LINE('',#1631,#1632);
#1631 = CARTESIAN_POINT('',(-19.465,-11.3025,44.729471036824));
#1632 = VECTOR('',#1633,1.);
#1633 = DIRECTION('',(-0.,1.,-0.));
#1634 = ORIENTED_EDGE('',*,*,#526,.T.);
#1635 = ORIENTED_EDGE('',*,*,#1636,.F.);
#1636 = EDGE_CURVE('',#182,#519,#1637,.T.);
#1637 = LINE('',#1638,#1639);
#1638 = CARTESIAN_POINT('',(-23.974,-12.965,44.729));
#1639 = VECTOR('',#1640,1.);
#1640 = DIRECTION('',(0.,1.,0.));
#1641 = PLANE('',#1642);
#1642 = AXIS2_PLACEMENT_3D('',#1643,#1644,#1645);
#1643 = CARTESIAN_POINT('',(-4.829,-12.965,44.731));
#1644 = DIRECTION('',(-1.044659174244E-04,0.,0.999999994543));
#1645 = DIRECTION('',(-0.999999994543,0.,-1.044659174244E-04));
#1646 = ADVANCED_FACE('',(#1647),#1658,.F.);
#1647 = FACE_BOUND('',#1648,.F.);
#1648 = EDGE_LOOP('',(#1649,#1650,#1651,#1657));
#1649 = ORIENTED_EDGE('',*,*,#1636,.T.);
#1650 = ORIENTED_EDGE('',*,*,#518,.T.);
#1651 = ORIENTED_EDGE('',*,*,#1652,.F.);
#1652 = EDGE_CURVE('',#190,#511,#1653,.T.);
#1653 = LINE('',#1654,#1655);
#1654 = CARTESIAN_POINT('',(-24.114,-12.965,44.881));
#1655 = VECTOR('',#1656,1.);
#1656 = DIRECTION('',(0.,1.,0.));
#1657 = ORIENTED_EDGE('',*,*,#189,.F.);
#1658 = PLANE('',#1659);
#1659 = AXIS2_PLACEMENT_3D('',#1660,#1661,#1662);
#1660 = CARTESIAN_POINT('',(-23.974,-12.965,44.729));
#1661 = DIRECTION('',(0.735545105159,-0.,0.677475754752));
#1662 = DIRECTION('',(-0.677475754752,0.,0.735545105159));
#1663 = ADVANCED_FACE('',(#1664),#1675,.F.);
#1664 = FACE_BOUND('',#1665,.F.);
#1665 = EDGE_LOOP('',(#1666,#1667,#1668,#1674));
#1666 = ORIENTED_EDGE('',*,*,#1652,.T.);
#1667 = ORIENTED_EDGE('',*,*,#510,.T.);
#1668 = ORIENTED_EDGE('',*,*,#1669,.F.);
#1669 = EDGE_CURVE('',#198,#503,#1670,.T.);
#1670 = LINE('',#1671,#1672);
#1671 = CARTESIAN_POINT('',(-24.122,-12.965,46.077));
#1672 = VECTOR('',#1673,1.);
#1673 = DIRECTION('',(0.,1.,0.));
#1674 = ORIENTED_EDGE('',*,*,#197,.F.);
#1675 = PLANE('',#1676);
#1676 = AXIS2_PLACEMENT_3D('',#1677,#1678,#1679);
#1677 = CARTESIAN_POINT('',(-24.114,-12.965,44.881));
#1678 = DIRECTION('',(0.999977629636,-0.,6.688813576162E-03));
#1679 = DIRECTION('',(-6.688813576162E-03,0.,0.999977629636));
#1680 = ADVANCED_FACE('',(#1681),#1700,.F.);
#1681 = FACE_BOUND('',#1682,.F.);
#1682 = EDGE_LOOP('',(#1683,#1684,#1685,#1693,#1699));
#1683 = ORIENTED_EDGE('',*,*,#1669,.T.);
#1684 = ORIENTED_EDGE('',*,*,#502,.T.);
#1685 = ORIENTED_EDGE('',*,*,#1686,.T.);
#1686 = EDGE_CURVE('',#495,#1687,#1689,.T.);
#1687 = VERTEX_POINT('',#1688);
#1688 = CARTESIAN_POINT('',(-23.968,-6.9,46.23));
#1689 = LINE('',#1690,#1691);
#1690 = CARTESIAN_POINT('',(-24.122,-6.9,46.077));
#1691 = VECTOR('',#1692,1.);
#1692 = DIRECTION('',(0.709406297146,0.,0.704799762748));
#1693 = ORIENTED_EDGE('',*,*,#1694,.F.);
#1694 = EDGE_CURVE('',#206,#1687,#1695,.T.);
#1695 = LINE('',#1696,#1697);
#1696 = CARTESIAN_POINT('',(-23.968,-12.965,46.23));
#1697 = VECTOR('',#1698,1.);
#1698 = DIRECTION('',(0.,1.,0.));
#1699 = ORIENTED_EDGE('',*,*,#205,.F.);
#1700 = PLANE('',#1701);
#1701 = AXIS2_PLACEMENT_3D('',#1702,#1703,#1704);
#1702 = CARTESIAN_POINT('',(-24.122,-12.965,46.077));
#1703 = DIRECTION('',(0.704799762748,0.,-0.709406297146));
#1704 = DIRECTION('',(0.709406297146,0.,0.704799762748));
#1705 = ADVANCED_FACE('',(#1706),#1756,.F.);
#1706 = FACE_BOUND('',#1707,.F.);
#1707 = EDGE_LOOP('',(#1708,#1709,#1710,#1718,#1726,#1734,#1742,#1750));
#1708 = ORIENTED_EDGE('',*,*,#213,.F.);
#1709 = ORIENTED_EDGE('',*,*,#1694,.T.);
#1710 = ORIENTED_EDGE('',*,*,#1711,.T.);
#1711 = EDGE_CURVE('',#1687,#1712,#1714,.T.);
#1712 = VERTEX_POINT('',#1713);
#1713 = CARTESIAN_POINT('',(-19.465,-6.9,46.231424023612));
#1714 = LINE('',#1715,#1716);
#1715 = CARTESIAN_POINT('',(-23.968,-6.9,46.23));
#1716 = VECTOR('',#1717,1.);
#1717 = DIRECTION('',(0.999999949996,0.,3.162388499436E-04));
#1718 = ORIENTED_EDGE('',*,*,#1719,.T.);
#1719 = EDGE_CURVE('',#1712,#1720,#1722,.T.);
#1720 = VERTEX_POINT('',#1721);
#1721 = CARTESIAN_POINT('',(-19.465,-9.64,46.231424023613));
#1722 = LINE('',#1723,#1724);
#1723 = CARTESIAN_POINT('',(-19.465,-11.3025,46.231424023612));
#1724 = VECTOR('',#1725,1.);
#1725 = DIRECTION('',(0.,-1.,0.));
#1726 = ORIENTED_EDGE('',*,*,#1727,.T.);
#1727 = EDGE_CURVE('',#1720,#1728,#1730,.T.);
#1728 = VERTEX_POINT('',#1729);
#1729 = CARTESIAN_POINT('',(-8.515,-9.64,46.234886839193));
#1730 = LINE('',#1731,#1732);
#1731 = CARTESIAN_POINT('',(-21.71732718971,-9.64,46.230711750217));
#1732 = VECTOR('',#1733,1.);
#1733 = DIRECTION('',(0.999999949996,0.,3.162388499436E-04));
#1734 = ORIENTED_EDGE('',*,*,#1735,.F.);
#1735 = EDGE_CURVE('',#1736,#1728,#1738,.T.);
#1736 = VERTEX_POINT('',#1737);
#1737 = CARTESIAN_POINT('',(-8.515,-6.9,46.234886839193));
#1738 = LINE('',#1739,#1740);
#1739 = CARTESIAN_POINT('',(-8.515,-11.3025,46.234886839193));
#1740 = VECTOR('',#1741,1.);
#1741 = DIRECTION('',(0.,-1.,0.));
#1742 = ORIENTED_EDGE('',*,*,#1743,.T.);
#1743 = EDGE_CURVE('',#1736,#1744,#1746,.T.);
#1744 = VERTEX_POINT('',#1745);
#1745 = CARTESIAN_POINT('',(-4.995,-6.9,46.236));
#1746 = LINE('',#1747,#1748);
#1747 = CARTESIAN_POINT('',(-23.968,-6.9,46.23));
#1748 = VECTOR('',#1749,1.);
#1749 = DIRECTION('',(0.999999949996,0.,3.162388499436E-04));
#1750 = ORIENTED_EDGE('',*,*,#1751,.F.);
#1751 = EDGE_CURVE('',#214,#1744,#1752,.T.);
#1752 = LINE('',#1753,#1754);
#1753 = CARTESIAN_POINT('',(-4.995,-12.965,46.236));
#1754 = VECTOR('',#1755,1.);
#1755 = DIRECTION('',(0.,1.,0.));
#1756 = PLANE('',#1757);
#1757 = AXIS2_PLACEMENT_3D('',#1758,#1759,#1760);
#1758 = CARTESIAN_POINT('',(-23.968,-12.965,46.23));
#1759 = DIRECTION('',(3.162388499436E-04,0.,-0.999999949996));
#1760 = DIRECTION('',(0.999999949996,0.,3.162388499436E-04));
#1761 = ADVANCED_FACE('',(#1762),#1780,.F.);
#1762 = FACE_BOUND('',#1763,.F.);
#1763 = EDGE_LOOP('',(#1764,#1765,#1773,#1779));
#1764 = ORIENTED_EDGE('',*,*,#1751,.T.);
#1765 = ORIENTED_EDGE('',*,*,#1766,.T.);
#1766 = EDGE_CURVE('',#1744,#1767,#1769,.T.);
#1767 = VERTEX_POINT('',#1768);
#1768 = CARTESIAN_POINT('',(-4.255,-6.9,46.136));
#1769 = LINE('',#1770,#1771);
#1770 = CARTESIAN_POINT('',(-4.995,-6.9,46.236));
#1771 = VECTOR('',#1772,1.);
#1772 = DIRECTION('',(0.99099243041,0.,-0.133917896001));
#1773 = ORIENTED_EDGE('',*,*,#1774,.F.);
#1774 = EDGE_CURVE('',#222,#1767,#1775,.T.);
#1775 = LINE('',#1776,#1777);
#1776 = CARTESIAN_POINT('',(-4.255,-12.965,46.136));
#1777 = VECTOR('',#1778,1.);
#1778 = DIRECTION('',(0.,1.,0.));
#1779 = ORIENTED_EDGE('',*,*,#221,.F.);
#1780 = PLANE('',#1781);
#1781 = AXIS2_PLACEMENT_3D('',#1782,#1783,#1784);
#1782 = CARTESIAN_POINT('',(-4.995,-12.965,46.236));
#1783 = DIRECTION('',(-0.133917896001,0.,-0.99099243041));
#1784 = DIRECTION('',(0.99099243041,0.,-0.133917896001));
#1785 = ADVANCED_FACE('',(#1786),#1804,.F.);
#1786 = FACE_BOUND('',#1787,.F.);
#1787 = EDGE_LOOP('',(#1788,#1789,#1797,#1803));
#1788 = ORIENTED_EDGE('',*,*,#1774,.T.);
#1789 = ORIENTED_EDGE('',*,*,#1790,.T.);
#1790 = EDGE_CURVE('',#1767,#1791,#1793,.T.);
#1791 = VERTEX_POINT('',#1792);
#1792 = CARTESIAN_POINT('',(-3.566,-6.9,45.854));
#1793 = LINE('',#1794,#1795);
#1794 = CARTESIAN_POINT('',(-4.255,-6.9,46.136));
#1795 = VECTOR('',#1796,1.);
#1796 = DIRECTION('',(0.925482753342,0.,-0.378789748102));
#1797 = ORIENTED_EDGE('',*,*,#1798,.F.);
#1798 = EDGE_CURVE('',#230,#1791,#1799,.T.);
#1799 = LINE('',#1800,#1801);
#1800 = CARTESIAN_POINT('',(-3.566,-12.965,45.854));
#1801 = VECTOR('',#1802,1.);
#1802 = DIRECTION('',(0.,1.,0.));
#1803 = ORIENTED_EDGE('',*,*,#229,.F.);
#1804 = PLANE('',#1805);
#1805 = AXIS2_PLACEMENT_3D('',#1806,#1807,#1808);
#1806 = CARTESIAN_POINT('',(-4.255,-12.965,46.136));
#1807 = DIRECTION('',(-0.378789748102,0.,-0.925482753342));
#1808 = DIRECTION('',(0.925482753342,0.,-0.378789748102));
#1809 = ADVANCED_FACE('',(#1810),#1828,.F.);
#1810 = FACE_BOUND('',#1811,.F.);
#1811 = EDGE_LOOP('',(#1812,#1813,#1821,#1827));
#1812 = ORIENTED_EDGE('',*,*,#1798,.T.);
#1813 = ORIENTED_EDGE('',*,*,#1814,.T.);
#1814 = EDGE_CURVE('',#1791,#1815,#1817,.T.);
#1815 = VERTEX_POINT('',#1816);
#1816 = CARTESIAN_POINT('',(-2.975,-6.9,45.4));
#1817 = LINE('',#1818,#1819);
#1818 = CARTESIAN_POINT('',(-3.566,-6.9,45.854));
#1819 = VECTOR('',#1820,1.);
#1820 = DIRECTION('',(0.793022877261,0.,-0.609191854952));
#1821 = ORIENTED_EDGE('',*,*,#1822,.F.);
#1822 = EDGE_CURVE('',#238,#1815,#1823,.T.);
#1823 = LINE('',#1824,#1825);
#1824 = CARTESIAN_POINT('',(-2.975,-12.965,45.4));
#1825 = VECTOR('',#1826,1.);
#1826 = DIRECTION('',(0.,1.,0.));
#1827 = ORIENTED_EDGE('',*,*,#237,.F.);
#1828 = PLANE('',#1829);
#1829 = AXIS2_PLACEMENT_3D('',#1830,#1831,#1832);
#1830 = CARTESIAN_POINT('',(-3.566,-12.965,45.854));
#1831 = DIRECTION('',(-0.609191854952,0.,-0.793022877261));
#1832 = DIRECTION('',(0.793022877261,0.,-0.609191854952));
#1833 = ADVANCED_FACE('',(#1834),#1852,.F.);
#1834 = FACE_BOUND('',#1835,.F.);
#1835 = EDGE_LOOP('',(#1836,#1837,#1845,#1851));
#1836 = ORIENTED_EDGE('',*,*,#1822,.T.);
#1837 = ORIENTED_EDGE('',*,*,#1838,.T.);
#1838 = EDGE_CURVE('',#1815,#1839,#1841,.T.);
#1839 = VERTEX_POINT('',#1840);
#1840 = CARTESIAN_POINT('',(-2.521,-6.9,44.81));
#1841 = LINE('',#1842,#1843);
#1842 = CARTESIAN_POINT('',(-2.975,-6.9,45.4));
#1843 = VECTOR('',#1844,1.);
#1844 = DIRECTION('',(0.609840584608,0.,-0.79252410775));
#1845 = ORIENTED_EDGE('',*,*,#1846,.F.);
#1846 = EDGE_CURVE('',#246,#1839,#1847,.T.);
#1847 = LINE('',#1848,#1849);
#1848 = CARTESIAN_POINT('',(-2.521,-12.965,44.81));
#1849 = VECTOR('',#1850,1.);
#1850 = DIRECTION('',(0.,1.,0.));
#1851 = ORIENTED_EDGE('',*,*,#245,.F.);
#1852 = PLANE('',#1853);
#1853 = AXIS2_PLACEMENT_3D('',#1854,#1855,#1856);
#1854 = CARTESIAN_POINT('',(-2.975,-12.965,45.4));
#1855 = DIRECTION('',(-0.79252410775,0.,-0.609840584608));
#1856 = DIRECTION('',(0.609840584608,0.,-0.79252410775));
#1857 = ADVANCED_FACE('',(#1858),#1876,.F.);
#1858 = FACE_BOUND('',#1859,.F.);
#1859 = EDGE_LOOP('',(#1860,#1861,#1869,#1875));
#1860 = ORIENTED_EDGE('',*,*,#1846,.T.);
#1861 = ORIENTED_EDGE('',*,*,#1862,.T.);
#1862 = EDGE_CURVE('',#1839,#1863,#1865,.T.);
#1863 = VERTEX_POINT('',#1864);
#1864 = CARTESIAN_POINT('',(-2.237,-6.9,44.12));
#1865 = LINE('',#1866,#1867);
#1866 = CARTESIAN_POINT('',(-2.521,-6.9,44.81));
#1867 = VECTOR('',#1868,1.);
#1868 = DIRECTION('',(0.380614988831,0.,-0.924733599626));
#1869 = ORIENTED_EDGE('',*,*,#1870,.F.);
#1870 = EDGE_CURVE('',#254,#1863,#1871,.T.);
#1871 = LINE('',#1872,#1873);
#1872 = CARTESIAN_POINT('',(-2.237,-12.965,44.12));
#1873 = VECTOR('',#1874,1.);
#1874 = DIRECTION('',(0.,1.,0.));
#1875 = ORIENTED_EDGE('',*,*,#253,.F.);
#1876 = PLANE('',#1877);
#1877 = AXIS2_PLACEMENT_3D('',#1878,#1879,#1880);
#1878 = CARTESIAN_POINT('',(-2.521,-12.965,44.81));
#1879 = DIRECTION('',(-0.924733599626,0.,-0.380614988831));
#1880 = DIRECTION('',(0.380614988831,0.,-0.924733599626));
#1881 = ADVANCED_FACE('',(#1882),#1900,.F.);
#1882 = FACE_BOUND('',#1883,.F.);
#1883 = EDGE_LOOP('',(#1884,#1885,#1893,#1899));
#1884 = ORIENTED_EDGE('',*,*,#1870,.T.);
#1885 = ORIENTED_EDGE('',*,*,#1886,.T.);
#1886 = EDGE_CURVE('',#1863,#1887,#1889,.T.);
#1887 = VERTEX_POINT('',#1888);
#1888 = CARTESIAN_POINT('',(-2.142,-6.9,43.392));
#1889 = LINE('',#1890,#1891);
#1890 = CARTESIAN_POINT('',(-2.237,-6.9,44.12));
#1891 = VECTOR('',#1892,1.);
#1892 = DIRECTION('',(0.129397413947,0.,-0.991592814246));
#1893 = ORIENTED_EDGE('',*,*,#1894,.F.);
#1894 = EDGE_CURVE('',#262,#1887,#1895,.T.);
#1895 = LINE('',#1896,#1897);
#1896 = CARTESIAN_POINT('',(-2.142,-12.965,43.392));
#1897 = VECTOR('',#1898,1.);
#1898 = DIRECTION('',(0.,1.,0.));
#1899 = ORIENTED_EDGE('',*,*,#261,.F.);
#1900 = PLANE('',#1901);
#1901 = AXIS2_PLACEMENT_3D('',#1902,#1903,#1904);
#1902 = CARTESIAN_POINT('',(-2.237,-12.965,44.12));
#1903 = DIRECTION('',(-0.991592814246,0.,-0.129397413947));
#1904 = DIRECTION('',(0.129397413947,0.,-0.991592814246));
#1905 = ADVANCED_FACE('',(#1906),#1924,.F.);
#1906 = FACE_BOUND('',#1907,.F.);
#1907 = EDGE_LOOP('',(#1908,#1909,#1917,#1923));
#1908 = ORIENTED_EDGE('',*,*,#1894,.T.);
#1909 = ORIENTED_EDGE('',*,*,#1910,.T.);
#1910 = EDGE_CURVE('',#1887,#1911,#1913,.T.);
#1911 = VERTEX_POINT('',#1912);
#1912 = CARTESIAN_POINT('',(-2.091,-6.9,-9.68));
#1913 = LINE('',#1914,#1915);
#1914 = CARTESIAN_POINT('',(-2.142,-6.9,43.392));
#1915 = VECTOR('',#1916,1.);
#1916 = DIRECTION('',(9.60958253924E-04,0.,-0.99999953828));
#1917 = ORIENTED_EDGE('',*,*,#1918,.F.);
#1918 = EDGE_CURVE('',#270,#1911,#1919,.T.);
#1919 = LINE('',#1920,#1921);
#1920 = CARTESIAN_POINT('',(-2.091,-12.965,-9.68));
#1921 = VECTOR('',#1922,1.);
#1922 = DIRECTION('',(0.,1.,0.));
#1923 = ORIENTED_EDGE('',*,*,#269,.F.);
#1924 = PLANE('',#1925);
#1925 = AXIS2_PLACEMENT_3D('',#1926,#1927,#1928);
#1926 = CARTESIAN_POINT('',(-2.142,-12.965,43.392));
#1927 = DIRECTION('',(-0.99999953828,0.,-9.60958253924E-04));
#1928 = DIRECTION('',(9.60958253924E-04,0.,-0.99999953828));
#1929 = ADVANCED_FACE('',(#1930),#1948,.F.);
#1930 = FACE_BOUND('',#1931,.F.);
#1931 = EDGE_LOOP('',(#1932,#1933,#1941,#1947));
#1932 = ORIENTED_EDGE('',*,*,#1918,.T.);
#1933 = ORIENTED_EDGE('',*,*,#1934,.T.);
#1934 = EDGE_CURVE('',#1911,#1935,#1937,.T.);
#1935 = VERTEX_POINT('',#1936);
#1936 = CARTESIAN_POINT('',(-2.148,-6.9,-10.382));
#1937 = LINE('',#1938,#1939);
#1938 = CARTESIAN_POINT('',(-2.091,-6.9,-9.68));
#1939 = VECTOR('',#1940,1.);
#1940 = DIRECTION('',(-8.093023760196E-02,0.,-0.996719768361));
#1941 = ORIENTED_EDGE('',*,*,#1942,.F.);
#1942 = EDGE_CURVE('',#278,#1935,#1943,.T.);
#1943 = LINE('',#1944,#1945);
#1944 = CARTESIAN_POINT('',(-2.148,-12.965,-10.382));
#1945 = VECTOR('',#1946,1.);
#1946 = DIRECTION('',(0.,1.,0.));
#1947 = ORIENTED_EDGE('',*,*,#277,.F.);
#1948 = PLANE('',#1949);
#1949 = AXIS2_PLACEMENT_3D('',#1950,#1951,#1952);
#1950 = CARTESIAN_POINT('',(-2.091,-12.965,-9.68));
#1951 = DIRECTION('',(-0.996719768361,0.,8.093023760196E-02));
#1952 = DIRECTION('',(-8.093023760196E-02,0.,-0.996719768361));
#1953 = ADVANCED_FACE('',(#1954),#1972,.F.);
#1954 = FACE_BOUND('',#1955,.F.);
#1955 = EDGE_LOOP('',(#1956,#1957,#1965,#1971));
#1956 = ORIENTED_EDGE('',*,*,#1942,.T.);
#1957 = ORIENTED_EDGE('',*,*,#1958,.T.);
#1958 = EDGE_CURVE('',#1935,#1959,#1961,.T.);
#1959 = VERTEX_POINT('',#1960);
#1960 = CARTESIAN_POINT('',(-2.333,-6.9,-11.071));
#1961 = LINE('',#1962,#1963);
#1962 = CARTESIAN_POINT('',(-2.148,-6.9,-10.382));
#1963 = VECTOR('',#1964,1.);
#1964 = DIRECTION('',(-0.259319918052,0.,-0.965791478582));
#1965 = ORIENTED_EDGE('',*,*,#1966,.F.);
#1966 = EDGE_CURVE('',#286,#1959,#1967,.T.);
#1967 = LINE('',#1968,#1969);
#1968 = CARTESIAN_POINT('',(-2.333,-12.965,-11.071));
#1969 = VECTOR('',#1970,1.);
#1970 = DIRECTION('',(0.,1.,0.));
#1971 = ORIENTED_EDGE('',*,*,#285,.F.);
#1972 = PLANE('',#1973);
#1973 = AXIS2_PLACEMENT_3D('',#1974,#1975,#1976);
#1974 = CARTESIAN_POINT('',(-2.148,-12.965,-10.382));
#1975 = DIRECTION('',(-0.965791478582,0.,0.259319918052));
#1976 = DIRECTION('',(-0.259319918052,0.,-0.965791478582));
#1977 = ADVANCED_FACE('',(#1978),#2012,.F.);
#1978 = FACE_BOUND('',#1979,.F.);
#1979 = EDGE_LOOP('',(#1980,#1981,#1989,#1997,#2005,#2011));
#1980 = ORIENTED_EDGE('',*,*,#1966,.T.);
#1981 = ORIENTED_EDGE('',*,*,#1982,.T.);
#1982 = EDGE_CURVE('',#1959,#1983,#1985,.T.);
#1983 = VERTEX_POINT('',#1984);
#1984 = CARTESIAN_POINT('',(-2.554054811982,-6.9,-11.54798024219));
#1985 = LINE('',#1986,#1987);
#1986 = CARTESIAN_POINT('',(-2.333,-6.9,-11.071));
#1987 = VECTOR('',#1988,1.);
#1988 = DIRECTION('',(-0.420484794732,0.,-0.907299585252));
#1989 = ORIENTED_EDGE('',*,*,#1990,.T.);
#1990 = EDGE_CURVE('',#1983,#1991,#1993,.T.);
#1991 = VERTEX_POINT('',#1992);
#1992 = CARTESIAN_POINT('',(-2.657834591259,-6.9,-11.7719106955));
#1993 = LINE('',#1994,#1995);
#1994 = CARTESIAN_POINT('',(-2.333,-6.9,-11.071));
#1995 = VECTOR('',#1996,1.);
#1996 = DIRECTION('',(-0.420484794732,0.,-0.907299585252));
#1997 = ORIENTED_EDGE('',*,*,#1998,.T.);
#1998 = EDGE_CURVE('',#1991,#1999,#2001,.T.);
#1999 = VERTEX_POINT('',#2000);
#2000 = CARTESIAN_POINT('',(-2.688,-6.9,-11.837));
#2001 = LINE('',#2002,#2003);
#2002 = CARTESIAN_POINT('',(-2.333,-6.9,-11.071));
#2003 = VECTOR('',#2004,1.);
#2004 = DIRECTION('',(-0.420484794732,0.,-0.907299585252));
#2005 = ORIENTED_EDGE('',*,*,#2006,.F.);
#2006 = EDGE_CURVE('',#294,#1999,#2007,.T.);
#2007 = LINE('',#2008,#2009);
#2008 = CARTESIAN_POINT('',(-2.688,-12.965,-11.837));
#2009 = VECTOR('',#2010,1.);
#2010 = DIRECTION('',(0.,1.,0.));
#2011 = ORIENTED_EDGE('',*,*,#293,.F.);
#2012 = PLANE('',#2013);
#2013 = AXIS2_PLACEMENT_3D('',#2014,#2015,#2016);
#2014 = CARTESIAN_POINT('',(-2.333,-12.965,-11.071));
#2015 = DIRECTION('',(-0.907299585252,0.,0.420484794732));
#2016 = DIRECTION('',(-0.420484794732,0.,-0.907299585252));
#2017 = ADVANCED_FACE('',(#2018),#2036,.F.);
#2018 = FACE_BOUND('',#2019,.F.);
#2019 = EDGE_LOOP('',(#2020,#2021,#2029,#2035));
#2020 = ORIENTED_EDGE('',*,*,#2006,.T.);
#2021 = ORIENTED_EDGE('',*,*,#2022,.T.);
#2022 = EDGE_CURVE('',#1999,#2023,#2025,.T.);
#2023 = VERTEX_POINT('',#2024);
#2024 = CARTESIAN_POINT('',(-3.308,-6.9,-12.905));
#2025 = LINE('',#2026,#2027);
#2026 = CARTESIAN_POINT('',(-2.688,-6.9,-11.837));
#2027 = VECTOR('',#2028,1.);
#2028 = DIRECTION('',(-0.502057374111,0.,-0.864834315404));
#2029 = ORIENTED_EDGE('',*,*,#2030,.F.);
#2030 = EDGE_CURVE('',#302,#2023,#2031,.T.);
#2031 = LINE('',#2032,#2033);
#2032 = CARTESIAN_POINT('',(-3.308,-12.965,-12.905));
#2033 = VECTOR('',#2034,1.);
#2034 = DIRECTION('',(0.,1.,0.));
#2035 = ORIENTED_EDGE('',*,*,#301,.F.);
#2036 = PLANE('',#2037);
#2037 = AXIS2_PLACEMENT_3D('',#2038,#2039,#2040);
#2038 = CARTESIAN_POINT('',(-2.688,-12.965,-11.837));
#2039 = DIRECTION('',(-0.864834315404,0.,0.502057374111));
#2040 = DIRECTION('',(-0.502057374111,0.,-0.864834315404));
#2041 = ADVANCED_FACE('',(#2042),#2054,.F.);
#2042 = FACE_BOUND('',#2043,.F.);
#2043 = EDGE_LOOP('',(#2044,#2045,#2051,#2052,#2053));
#2044 = ORIENTED_EDGE('',*,*,#2030,.T.);
#2045 = ORIENTED_EDGE('',*,*,#2046,.T.);
#2046 = EDGE_CURVE('',#2023,#1069,#2047,.T.);
#2047 = LINE('',#2048,#2049);
#2048 = CARTESIAN_POINT('',(-3.308,-6.9,-12.905));
#2049 = VECTOR('',#2050,1.);
#2050 = DIRECTION('',(-0.97181671537,0.,-0.235737718085));
#2051 = ORIENTED_EDGE('',*,*,#1068,.T.);
#2052 = ORIENTED_EDGE('',*,*,#1457,.F.);
#2053 = ORIENTED_EDGE('',*,*,#309,.F.);
#2054 = PLANE('',#2055);
#2055 = AXIS2_PLACEMENT_3D('',#2056,#2057,#2058);
#2056 = CARTESIAN_POINT('',(-3.308,-12.965,-12.905));
#2057 = DIRECTION('',(-0.235737718085,0.,0.97181671537));
#2058 = DIRECTION('',(-0.97181671537,0.,-0.235737718085));
#2059 = ADVANCED_FACE('',(#2060),#2085,.T.);
#2060 = FACE_BOUND('',#2061,.T.);
#2061 = EDGE_LOOP('',(#2062,#2063,#2071,#2079));
#2062 = ORIENTED_EDGE('',*,*,#332,.T.);
#2063 = ORIENTED_EDGE('',*,*,#2064,.T.);
#2064 = EDGE_CURVE('',#335,#2065,#2067,.T.);
#2065 = VERTEX_POINT('',#2066);
#2066 = CARTESIAN_POINT('',(-79.337,3.532,49.282));
#2067 = LINE('',#2068,#2069);
#2068 = CARTESIAN_POINT('',(-79.337,2.034,49.282));
#2069 = VECTOR('',#2070,1.);
#2070 = DIRECTION('',(0.,1.,0.));
#2071 = ORIENTED_EDGE('',*,*,#2072,.F.);
#2072 = EDGE_CURVE('',#2073,#2065,#2075,.T.);
#2073 = VERTEX_POINT('',#2074);
#2074 = CARTESIAN_POINT('',(-79.509,3.532,48.729));
#2075 = LINE('',#2076,#2077);
#2076 = CARTESIAN_POINT('',(-79.509,3.532,48.729));
#2077 = VECTOR('',#2078,1.);
#2078 = DIRECTION('',(0.29699658102,0.,0.954878542466));
#2079 = ORIENTED_EDGE('',*,*,#2080,.F.);
#2080 = EDGE_CURVE('',#333,#2073,#2081,.T.);
#2081 = LINE('',#2082,#2083);
#2082 = CARTESIAN_POINT('',(-79.509,2.034,48.729));
#2083 = VECTOR('',#2084,1.);
#2084 = DIRECTION('',(0.,1.,0.));
#2085 = PLANE('',#2086);
#2086 = AXIS2_PLACEMENT_3D('',#2087,#2088,#2089);
#2087 = CARTESIAN_POINT('',(-79.423,-1.684,49.0055));
#2088 = DIRECTION('',(-0.954878542466,-0.,0.29699658102));
#2089 = DIRECTION('',(-0.29699658102,0.,-0.954878542466));
#2090 = ADVANCED_FACE('',(#2091),#2109,.T.);
#2091 = FACE_BOUND('',#2092,.T.);
#2092 = EDGE_LOOP('',(#2093,#2094,#2095,#2103));
#2093 = ORIENTED_EDGE('',*,*,#1364,.T.);
#2094 = ORIENTED_EDGE('',*,*,#2080,.T.);
#2095 = ORIENTED_EDGE('',*,*,#2096,.F.);
#2096 = EDGE_CURVE('',#2097,#2073,#2099,.T.);
#2097 = VERTEX_POINT('',#2098);
#2098 = CARTESIAN_POINT('',(-94.75,3.532,48.72));
#2099 = LINE('',#2100,#2101);
#2100 = CARTESIAN_POINT('',(-94.75,3.532,48.72));
#2101 = VECTOR('',#2102,1.);
#2102 = DIRECTION('',(0.999999825648,0.,5.905123306101E-04));
#2103 = ORIENTED_EDGE('',*,*,#2104,.F.);
#2104 = EDGE_CURVE('',#1357,#2097,#2105,.T.);
#2105 = LINE('',#2106,#2107);
#2106 = CARTESIAN_POINT('',(-94.75,2.034,48.72));
#2107 = VECTOR('',#2108,1.);
#2108 = DIRECTION('',(0.,1.,0.));
#2109 = PLANE('',#2110);
#2110 = AXIS2_PLACEMENT_3D('',#2111,#2112,#2113);
#2111 = CARTESIAN_POINT('',(-87.1295,-1.684,48.7245));
#2112 = DIRECTION('',(-5.905123306101E-04,0.,0.999999825648));
#2113 = DIRECTION('',(0.999999825648,0.,5.905123306101E-04));
#2114 = ADVANCED_FACE('',(#2115),#2133,.T.);
#2115 = FACE_BOUND('',#2116,.T.);
#2116 = EDGE_LOOP('',(#2117,#2118,#2119,#2127));
#2117 = ORIENTED_EDGE('',*,*,#1356,.T.);
#2118 = ORIENTED_EDGE('',*,*,#2104,.T.);
#2119 = ORIENTED_EDGE('',*,*,#2120,.F.);
#2120 = EDGE_CURVE('',#2121,#2097,#2123,.T.);
#2121 = VERTEX_POINT('',#2122);
#2122 = CARTESIAN_POINT('',(-95.472,3.532,48.623));
#2123 = LINE('',#2124,#2125);
#2124 = CARTESIAN_POINT('',(-95.472,3.532,48.623));
#2125 = VECTOR('',#2126,1.);
#2126 = DIRECTION('',(0.9910955313,0.,0.133152723734));
#2127 = ORIENTED_EDGE('',*,*,#2128,.F.);
#2128 = EDGE_CURVE('',#1349,#2121,#2129,.T.);
#2129 = LINE('',#2130,#2131);
#2130 = CARTESIAN_POINT('',(-95.472,2.034,48.623));
#2131 = VECTOR('',#2132,1.);
#2132 = DIRECTION('',(0.,1.,0.));
#2133 = PLANE('',#2134);
#2134 = AXIS2_PLACEMENT_3D('',#2135,#2136,#2137);
#2135 = CARTESIAN_POINT('',(-95.111,-1.684,48.6715));
#2136 = DIRECTION('',(-0.133152723734,0.,0.9910955313));
#2137 = DIRECTION('',(0.9910955313,0.,0.133152723734));
#2138 = ADVANCED_FACE('',(#2139),#2157,.T.);
#2139 = FACE_BOUND('',#2140,.T.);
#2140 = EDGE_LOOP('',(#2141,#2142,#2143,#2151));
#2141 = ORIENTED_EDGE('',*,*,#1348,.T.);
#2142 = ORIENTED_EDGE('',*,*,#2128,.T.);
#2143 = ORIENTED_EDGE('',*,*,#2144,.F.);
#2144 = EDGE_CURVE('',#2145,#2121,#2147,.T.);
#2145 = VERTEX_POINT('',#2146);
#2146 = CARTESIAN_POINT('',(-96.162,3.532,48.339));
#2147 = LINE('',#2148,#2149);
#2148 = CARTESIAN_POINT('',(-96.162,3.532,48.339));
#2149 = VECTOR('',#2150,1.);
#2150 = DIRECTION('',(0.924733599626,0.,0.380614988831));
#2151 = ORIENTED_EDGE('',*,*,#2152,.F.);
#2152 = EDGE_CURVE('',#1341,#2145,#2153,.T.);
#2153 = LINE('',#2154,#2155);
#2154 = CARTESIAN_POINT('',(-96.162,2.034,48.339));
#2155 = VECTOR('',#2156,1.);
#2156 = DIRECTION('',(0.,1.,0.));
#2157 = PLANE('',#2158);
#2158 = AXIS2_PLACEMENT_3D('',#2159,#2160,#2161);
#2159 = CARTESIAN_POINT('',(-95.817,-1.684,48.481));
#2160 = DIRECTION('',(-0.380614988831,0.,0.924733599626));
#2161 = DIRECTION('',(0.924733599626,0.,0.380614988831));
#2162 = ADVANCED_FACE('',(#2163),#2181,.T.);
#2163 = FACE_BOUND('',#2164,.T.);
#2164 = EDGE_LOOP('',(#2165,#2166,#2167,#2175));
#2165 = ORIENTED_EDGE('',*,*,#1340,.T.);
#2166 = ORIENTED_EDGE('',*,*,#2152,.T.);
#2167 = ORIENTED_EDGE('',*,*,#2168,.F.);
#2168 = EDGE_CURVE('',#2169,#2145,#2171,.T.);
#2169 = VERTEX_POINT('',#2170);
#2170 = CARTESIAN_POINT('',(-96.746,3.532,47.885));
#2171 = LINE('',#2172,#2173);
#2172 = CARTESIAN_POINT('',(-96.746,3.532,47.885));
#2173 = VECTOR('',#2174,1.);
#2174 = DIRECTION('',(0.789497782234,0.,0.613753412901));
#2175 = ORIENTED_EDGE('',*,*,#2176,.F.);
#2176 = EDGE_CURVE('',#1333,#2169,#2177,.T.);
#2177 = LINE('',#2178,#2179);
#2178 = CARTESIAN_POINT('',(-96.746,2.034,47.885));
#2179 = VECTOR('',#2180,1.);
#2180 = DIRECTION('',(0.,1.,0.));
#2181 = PLANE('',#2182);
#2182 = AXIS2_PLACEMENT_3D('',#2183,#2184,#2185);
#2183 = CARTESIAN_POINT('',(-96.454,-1.684,48.112));
#2184 = DIRECTION('',(-0.613753412901,0.,0.789497782234));
#2185 = DIRECTION('',(0.789497782234,0.,0.613753412901));
#2186 = ADVANCED_FACE('',(#2187),#2205,.T.);
#2187 = FACE_BOUND('',#2188,.T.);
#2188 = EDGE_LOOP('',(#2189,#2190,#2191,#2199));
#2189 = ORIENTED_EDGE('',*,*,#1332,.T.);
#2190 = ORIENTED_EDGE('',*,*,#2176,.T.);
#2191 = ORIENTED_EDGE('',*,*,#2192,.F.);
#2192 = EDGE_CURVE('',#2193,#2169,#2195,.T.);
#2193 = VERTEX_POINT('',#2194);
#2194 = CARTESIAN_POINT('',(-97.2,3.532,47.301));
#2195 = LINE('',#2196,#2197);
#2196 = CARTESIAN_POINT('',(-97.2,3.532,47.301));
#2197 = VECTOR('',#2198,1.);
#2198 = DIRECTION('',(0.613753412901,0.,0.789497782234));
#2199 = ORIENTED_EDGE('',*,*,#2200,.F.);
#2200 = EDGE_CURVE('',#1325,#2193,#2201,.T.);
#2201 = LINE('',#2202,#2203);
#2202 = CARTESIAN_POINT('',(-97.2,2.034,47.301));
#2203 = VECTOR('',#2204,1.);
#2204 = DIRECTION('',(0.,1.,0.));
#2205 = PLANE('',#2206);
#2206 = AXIS2_PLACEMENT_3D('',#2207,#2208,#2209);
#2207 = CARTESIAN_POINT('',(-96.973,-1.684,47.593));
#2208 = DIRECTION('',(-0.789497782234,-0.,0.613753412901));
#2209 = DIRECTION('',(-0.613753412901,0.,-0.789497782234));
#2210 = ADVANCED_FACE('',(#2211),#2229,.T.);
#2211 = FACE_BOUND('',#2212,.T.);
#2212 = EDGE_LOOP('',(#2213,#2214,#2215,#2223));
#2213 = ORIENTED_EDGE('',*,*,#1324,.T.);
#2214 = ORIENTED_EDGE('',*,*,#2200,.T.);
#2215 = ORIENTED_EDGE('',*,*,#2216,.F.);
#2216 = EDGE_CURVE('',#2217,#2193,#2219,.T.);
#2217 = VERTEX_POINT('',#2218);
#2218 = CARTESIAN_POINT('',(-97.476,3.532,46.611));
#2219 = LINE('',#2220,#2221);
#2220 = CARTESIAN_POINT('',(-97.476,3.532,46.611));
#2221 = VECTOR('',#2222,1.);
#2222 = DIRECTION('',(0.371390676354,0.,0.928476690885));
#2223 = ORIENTED_EDGE('',*,*,#2224,.F.);
#2224 = EDGE_CURVE('',#1317,#2217,#2225,.T.);
#2225 = LINE('',#2226,#2227);
#2226 = CARTESIAN_POINT('',(-97.476,2.034,46.611));
#2227 = VECTOR('',#2228,1.);
#2228 = DIRECTION('',(0.,1.,0.));
#2229 = PLANE('',#2230);
#2230 = AXIS2_PLACEMENT_3D('',#2231,#2232,#2233);
#2231 = CARTESIAN_POINT('',(-97.338,-1.684,46.956));
#2232 = DIRECTION('',(-0.928476690885,-0.,0.371390676354));
#2233 = DIRECTION('',(-0.371390676354,0.,-0.928476690885));
#2234 = ADVANCED_FACE('',(#2235),#2253,.T.);
#2235 = FACE_BOUND('',#2236,.T.);
#2236 = EDGE_LOOP('',(#2237,#2238,#2239,#2247));
#2237 = ORIENTED_EDGE('',*,*,#1316,.T.);
#2238 = ORIENTED_EDGE('',*,*,#2224,.T.);
#2239 = ORIENTED_EDGE('',*,*,#2240,.F.);
#2240 = EDGE_CURVE('',#2241,#2217,#2243,.T.);
#2241 = VERTEX_POINT('',#2242);
#2242 = CARTESIAN_POINT('',(-97.574,3.532,45.881));
#2243 = LINE('',#2244,#2245);
#2244 = CARTESIAN_POINT('',(-97.574,3.532,45.881));
#2245 = VECTOR('',#2246,1.);
#2246 = DIRECTION('',(0.13305297921,0.,0.99110892677));
#2247 = ORIENTED_EDGE('',*,*,#2248,.F.);
#2248 = EDGE_CURVE('',#1309,#2241,#2249,.T.);
#2249 = LINE('',#2250,#2251);
#2250 = CARTESIAN_POINT('',(-97.574,2.034,45.881));
#2251 = VECTOR('',#2252,1.);
#2252 = DIRECTION('',(0.,1.,0.));
#2253 = PLANE('',#2254);
#2254 = AXIS2_PLACEMENT_3D('',#2255,#2256,#2257);
#2255 = CARTESIAN_POINT('',(-97.525,-1.684,46.246));
#2256 = DIRECTION('',(-0.99110892677,-0.,0.13305297921));
#2257 = DIRECTION('',(-0.13305297921,0.,-0.99110892677));
#2258 = ADVANCED_FACE('',(#2259),#2277,.T.);
#2259 = FACE_BOUND('',#2260,.T.);
#2260 = EDGE_LOOP('',(#2261,#2262,#2263,#2271));
#2261 = ORIENTED_EDGE('',*,*,#1308,.T.);
#2262 = ORIENTED_EDGE('',*,*,#2248,.T.);
#2263 = ORIENTED_EDGE('',*,*,#2264,.F.);
#2264 = EDGE_CURVE('',#2265,#2241,#2267,.T.);
#2265 = VERTEX_POINT('',#2266);
#2266 = CARTESIAN_POINT('',(-97.574,3.532,43.967));
#2267 = LINE('',#2268,#2269);
#2268 = CARTESIAN_POINT('',(-97.574,3.532,43.967));
#2269 = VECTOR('',#2270,1.);
#2270 = DIRECTION('',(0.,0.,1.));
#2271 = ORIENTED_EDGE('',*,*,#2272,.F.);
#2272 = EDGE_CURVE('',#1301,#2265,#2273,.T.);
#2273 = LINE('',#2274,#2275);
#2274 = CARTESIAN_POINT('',(-97.574,2.034,43.967));
#2275 = VECTOR('',#2276,1.);
#2276 = DIRECTION('',(0.,1.,0.));
#2277 = PLANE('',#2278);
#2278 = AXIS2_PLACEMENT_3D('',#2279,#2280,#2281);
#2279 = CARTESIAN_POINT('',(-97.574,-1.684,44.924));
#2280 = DIRECTION('',(-1.,-0.,-0.));
#2281 = DIRECTION('',(0.,0.,-1.));
#2282 = ADVANCED_FACE('',(#2283),#2301,.T.);
#2283 = FACE_BOUND('',#2284,.T.);
#2284 = EDGE_LOOP('',(#2285,#2286,#2287,#2295));
#2285 = ORIENTED_EDGE('',*,*,#1300,.T.);
#2286 = ORIENTED_EDGE('',*,*,#2272,.T.);
#2287 = ORIENTED_EDGE('',*,*,#2288,.F.);
#2288 = EDGE_CURVE('',#2289,#2265,#2291,.T.);
#2289 = VERTEX_POINT('',#2290);
#2290 = CARTESIAN_POINT('',(-132.162,3.532,43.959));
#2291 = LINE('',#2292,#2293);
#2292 = CARTESIAN_POINT('',(-132.162,3.532,43.959));
#2293 = VECTOR('',#2294,1.);
#2294 = DIRECTION('',(0.999999973252,0.,2.312940842491E-04));
#2295 = ORIENTED_EDGE('',*,*,#2296,.F.);
#2296 = EDGE_CURVE('',#1293,#2289,#2297,.T.);
#2297 = LINE('',#2298,#2299);
#2298 = CARTESIAN_POINT('',(-132.162,2.034,43.959));
#2299 = VECTOR('',#2300,1.);
#2300 = DIRECTION('',(0.,1.,0.));
#2301 = PLANE('',#2302);
#2302 = AXIS2_PLACEMENT_3D('',#2303,#2304,#2305);
#2303 = CARTESIAN_POINT('',(-114.868,-1.684,43.963));
#2304 = DIRECTION('',(-2.312940842491E-04,0.,0.999999973252));
#2305 = DIRECTION('',(0.999999973252,0.,2.312940842491E-04));
#2306 = ADVANCED_FACE('',(#2307),#2325,.T.);
#2307 = FACE_BOUND('',#2308,.T.);
#2308 = EDGE_LOOP('',(#2309,#2310,#2311,#2319));
#2309 = ORIENTED_EDGE('',*,*,#1292,.T.);
#2310 = ORIENTED_EDGE('',*,*,#2296,.T.);
#2311 = ORIENTED_EDGE('',*,*,#2312,.F.);
#2312 = EDGE_CURVE('',#2313,#2289,#2315,.T.);
#2313 = VERTEX_POINT('',#2314);
#2314 = CARTESIAN_POINT('',(-132.877,3.532,43.861));
#2315 = LINE('',#2316,#2317);
#2316 = CARTESIAN_POINT('',(-132.877,3.532,43.861));
#2317 = VECTOR('',#2318,1.);
#2318 = DIRECTION('',(0.990737183405,0.,0.135793348215));
#2319 = ORIENTED_EDGE('',*,*,#2320,.F.);
#2320 = EDGE_CURVE('',#1285,#2313,#2321,.T.);
#2321 = LINE('',#2322,#2323);
#2322 = CARTESIAN_POINT('',(-132.877,2.034,43.861));
#2323 = VECTOR('',#2324,1.);
#2324 = DIRECTION('',(0.,1.,0.));
#2325 = PLANE('',#2326);
#2326 = AXIS2_PLACEMENT_3D('',#2327,#2328,#2329);
#2327 = CARTESIAN_POINT('',(-132.5195,-1.684,43.91));
#2328 = DIRECTION('',(-0.135793348215,0.,0.990737183405));
#2329 = DIRECTION('',(0.990737183405,0.,0.135793348215));
#2330 = ADVANCED_FACE('',(#2331),#2349,.T.);
#2331 = FACE_BOUND('',#2332,.T.);
#2332 = EDGE_LOOP('',(#2333,#2334,#2335,#2343));
#2333 = ORIENTED_EDGE('',*,*,#1284,.T.);
#2334 = ORIENTED_EDGE('',*,*,#2320,.T.);
#2335 = ORIENTED_EDGE('',*,*,#2336,.F.);
#2336 = EDGE_CURVE('',#2337,#2313,#2339,.T.);
#2337 = VERTEX_POINT('',#2338);
#2338 = CARTESIAN_POINT('',(-133.558,3.532,43.577));
#2339 = LINE('',#2340,#2341);
#2340 = CARTESIAN_POINT('',(-133.558,3.532,43.577));
#2341 = VECTOR('',#2342,1.);
#2342 = DIRECTION('',(0.922956585384,0.,0.384904067913));
#2343 = ORIENTED_EDGE('',*,*,#2344,.F.);
#2344 = EDGE_CURVE('',#1277,#2337,#2345,.T.);
#2345 = LINE('',#2346,#2347);
#2346 = CARTESIAN_POINT('',(-133.558,2.034,43.577));
#2347 = VECTOR('',#2348,1.);
#2348 = DIRECTION('',(0.,1.,0.));
#2349 = PLANE('',#2350);
#2350 = AXIS2_PLACEMENT_3D('',#2351,#2352,#2353);
#2351 = CARTESIAN_POINT('',(-133.2175,-1.684,43.719));
#2352 = DIRECTION('',(-0.384904067913,0.,0.922956585384));
#2353 = DIRECTION('',(0.922956585384,0.,0.384904067913));
#2354 = ADVANCED_FACE('',(#2355),#2373,.T.);
#2355 = FACE_BOUND('',#2356,.T.);
#2356 = EDGE_LOOP('',(#2357,#2358,#2359,#2367));
#2357 = ORIENTED_EDGE('',*,*,#1276,.T.);
#2358 = ORIENTED_EDGE('',*,*,#2344,.T.);
#2359 = ORIENTED_EDGE('',*,*,#2360,.F.);
#2360 = EDGE_CURVE('',#2361,#2337,#2363,.T.);
#2361 = VERTEX_POINT('',#2362);
#2362 = CARTESIAN_POINT('',(-134.142,3.532,43.131));
#2363 = LINE('',#2364,#2365);
#2364 = CARTESIAN_POINT('',(-134.142,3.532,43.131));
#2365 = VECTOR('',#2366,1.);
#2366 = DIRECTION('',(0.794743943509,0.,0.606944860968));
#2367 = ORIENTED_EDGE('',*,*,#2368,.F.);
#2368 = EDGE_CURVE('',#1269,#2361,#2369,.T.);
#2369 = LINE('',#2370,#2371);
#2370 = CARTESIAN_POINT('',(-134.142,2.034,43.131));
#2371 = VECTOR('',#2372,1.);
#2372 = DIRECTION('',(0.,1.,0.));
#2373 = PLANE('',#2374);
#2374 = AXIS2_PLACEMENT_3D('',#2375,#2376,#2377);
#2375 = CARTESIAN_POINT('',(-133.85,-1.684,43.354));
#2376 = DIRECTION('',(-0.606944860968,0.,0.794743943509));
#2377 = DIRECTION('',(0.794743943509,0.,0.606944860968));
#2378 = ADVANCED_FACE('',(#2379),#2397,.T.);
#2379 = FACE_BOUND('',#2380,.T.);
#2380 = EDGE_LOOP('',(#2381,#2382,#2383,#2391));
#2381 = ORIENTED_EDGE('',*,*,#1268,.T.);
#2382 = ORIENTED_EDGE('',*,*,#2368,.T.);
#2383 = ORIENTED_EDGE('',*,*,#2384,.F.);
#2384 = EDGE_CURVE('',#2385,#2361,#2387,.T.);
#2385 = VERTEX_POINT('',#2386);
#2386 = CARTESIAN_POINT('',(-134.597,3.532,42.539));
#2387 = LINE('',#2388,#2389);
#2388 = CARTESIAN_POINT('',(-134.597,3.532,42.539));
#2389 = VECTOR('',#2390,1.);
#2390 = DIRECTION('',(0.609387084386,0.,0.792872865839));
#2391 = ORIENTED_EDGE('',*,*,#2392,.F.);
#2392 = EDGE_CURVE('',#1261,#2385,#2393,.T.);
#2393 = LINE('',#2394,#2395);
#2394 = CARTESIAN_POINT('',(-134.597,2.034,42.539));
#2395 = VECTOR('',#2396,1.);
#2396 = DIRECTION('',(0.,1.,0.));
#2397 = PLANE('',#2398);
#2398 = AXIS2_PLACEMENT_3D('',#2399,#2400,#2401);
#2399 = CARTESIAN_POINT('',(-134.3695,-1.684,42.835));
#2400 = DIRECTION('',(-0.792872865839,-0.,0.609387084386));
#2401 = DIRECTION('',(-0.609387084386,0.,-0.792872865839));
#2402 = ADVANCED_FACE('',(#2403),#2421,.T.);
#2403 = FACE_BOUND('',#2404,.T.);
#2404 = EDGE_LOOP('',(#2405,#2406,#2407,#2415));
#2405 = ORIENTED_EDGE('',*,*,#1260,.T.);
#2406 = ORIENTED_EDGE('',*,*,#2392,.T.);
#2407 = ORIENTED_EDGE('',*,*,#2408,.F.);
#2408 = EDGE_CURVE('',#2409,#2385,#2411,.T.);
#2409 = VERTEX_POINT('',#2410);
#2410 = CARTESIAN_POINT('',(-134.881,3.532,41.857));
#2411 = LINE('',#2412,#2413);
#2412 = CARTESIAN_POINT('',(-134.881,3.532,41.857));
#2413 = VECTOR('',#2414,1.);
#2414 = DIRECTION('',(0.384423148682,0.,0.923156997892));
#2415 = ORIENTED_EDGE('',*,*,#2416,.F.);
#2416 = EDGE_CURVE('',#1253,#2409,#2417,.T.);
#2417 = LINE('',#2418,#2419);
#2418 = CARTESIAN_POINT('',(-134.881,2.034,41.857));
#2419 = VECTOR('',#2420,1.);
#2420 = DIRECTION('',(0.,1.,0.));
#2421 = PLANE('',#2422);
#2422 = AXIS2_PLACEMENT_3D('',#2423,#2424,#2425);
#2423 = CARTESIAN_POINT('',(-134.739,-1.684,42.198));
#2424 = DIRECTION('',(-0.923156997892,-0.,0.384423148682));
#2425 = DIRECTION('',(-0.384423148682,0.,-0.923156997892));
#2426 = ADVANCED_FACE('',(#2427),#2445,.T.);
#2427 = FACE_BOUND('',#2428,.T.);
#2428 = EDGE_LOOP('',(#2429,#2430,#2431,#2439));
#2429 = ORIENTED_EDGE('',*,*,#1252,.T.);
#2430 = ORIENTED_EDGE('',*,*,#2416,.T.);
#2431 = ORIENTED_EDGE('',*,*,#2432,.F.);
#2432 = EDGE_CURVE('',#2433,#2409,#2435,.T.);
#2433 = VERTEX_POINT('',#2434);
#2434 = CARTESIAN_POINT('',(-134.962,3.532,41.151));
#2435 = LINE('',#2436,#2437);
#2436 = CARTESIAN_POINT('',(-134.962,3.532,41.151));
#2437 = VECTOR('',#2438,1.);
#2438 = DIRECTION('',(0.113983140811,0.,0.993482684102));
#2439 = ORIENTED_EDGE('',*,*,#2440,.F.);
#2440 = EDGE_CURVE('',#1245,#2433,#2441,.T.);
#2441 = LINE('',#2442,#2443);
#2442 = CARTESIAN_POINT('',(-134.962,2.034,41.151));
#2443 = VECTOR('',#2444,1.);
#2444 = DIRECTION('',(0.,1.,0.));
#2445 = PLANE('',#2446);
#2446 = AXIS2_PLACEMENT_3D('',#2447,#2448,#2449);
#2447 = CARTESIAN_POINT('',(-134.9215,-1.684,41.504));
#2448 = DIRECTION('',(-0.993482684102,-0.,0.113983140811));
#2449 = DIRECTION('',(-0.113983140811,0.,-0.993482684102));
#2450 = ADVANCED_FACE('',(#2451),#2469,.T.);
#2451 = FACE_BOUND('',#2452,.T.);
#2452 = EDGE_LOOP('',(#2453,#2454,#2455,#2463));
#2453 = ORIENTED_EDGE('',*,*,#1244,.T.);
#2454 = ORIENTED_EDGE('',*,*,#2440,.T.);
#2455 = ORIENTED_EDGE('',*,*,#2456,.F.);
#2456 = EDGE_CURVE('',#2457,#2433,#2459,.T.);
#2457 = VERTEX_POINT('',#2458);
#2458 = CARTESIAN_POINT('',(-134.97,3.532,-8.915));
#2459 = LINE('',#2460,#2461);
#2460 = CARTESIAN_POINT('',(-134.97,3.532,-8.915));
#2461 = VECTOR('',#2462,1.);
#2462 = DIRECTION('',(1.597890763768E-04,0.,0.999999987234));
#2463 = ORIENTED_EDGE('',*,*,#2464,.F.);
#2464 = EDGE_CURVE('',#1237,#2457,#2465,.T.);
#2465 = LINE('',#2466,#2467);
#2466 = CARTESIAN_POINT('',(-134.97,2.034,-8.915));
#2467 = VECTOR('',#2468,1.);
#2468 = DIRECTION('',(0.,1.,0.));
#2469 = PLANE('',#2470);
#2470 = AXIS2_PLACEMENT_3D('',#2471,#2472,#2473);
#2471 = CARTESIAN_POINT('',(-134.966,-1.684,16.118));
#2472 = DIRECTION('',(-0.999999987234,-0.,1.597890763768E-04));
#2473 = DIRECTION('',(-1.597890763768E-04,0.,-0.999999987234));
#2474 = ADVANCED_FACE('',(#2475),#2493,.T.);
#2475 = FACE_BOUND('',#2476,.T.);
#2476 = EDGE_LOOP('',(#2477,#2478,#2479,#2487));
#2477 = ORIENTED_EDGE('',*,*,#1236,.T.);
#2478 = ORIENTED_EDGE('',*,*,#2464,.T.);
#2479 = ORIENTED_EDGE('',*,*,#2480,.F.);
#2480 = EDGE_CURVE('',#2481,#2457,#2483,.T.);
#2481 = VERTEX_POINT('',#2482);
#2482 = CARTESIAN_POINT('',(-134.873,3.532,-9.621));
#2483 = LINE('',#2484,#2485);
#2484 = CARTESIAN_POINT('',(-134.873,3.532,-9.621));
#2485 = VECTOR('',#2486,1.);
#2486 = DIRECTION('',(-0.136115048985,0.,0.990693036939));
#2487 = ORIENTED_EDGE('',*,*,#2488,.F.);
#2488 = EDGE_CURVE('',#1229,#2481,#2489,.T.);
#2489 = LINE('',#2490,#2491);
#2490 = CARTESIAN_POINT('',(-134.873,2.034,-9.621));
#2491 = VECTOR('',#2492,1.);
#2492 = DIRECTION('',(0.,1.,0.));
#2493 = PLANE('',#2494);
#2494 = AXIS2_PLACEMENT_3D('',#2495,#2496,#2497);
#2495 = CARTESIAN_POINT('',(-134.9215,-1.684,-9.268));
#2496 = DIRECTION('',(-0.990693036939,-0.,-0.136115048985));
#2497 = DIRECTION('',(0.136115048985,0.,-0.990693036939));
#2498 = ADVANCED_FACE('',(#2499),#2517,.T.);
#2499 = FACE_BOUND('',#2500,.T.);
#2500 = EDGE_LOOP('',(#2501,#2502,#2503,#2511));
#2501 = ORIENTED_EDGE('',*,*,#1228,.T.);
#2502 = ORIENTED_EDGE('',*,*,#2488,.T.);
#2503 = ORIENTED_EDGE('',*,*,#2504,.F.);
#2504 = EDGE_CURVE('',#2505,#2481,#2507,.T.);
#2505 = VERTEX_POINT('',#2506);
#2506 = CARTESIAN_POINT('',(-134.589,3.532,-10.303));
#2507 = LINE('',#2508,#2509);
#2508 = CARTESIAN_POINT('',(-134.589,3.532,-10.303));
#2509 = VECTOR('',#2510,1.);
#2510 = DIRECTION('',(-0.384423148682,0.,0.923156997892));
#2511 = ORIENTED_EDGE('',*,*,#2512,.F.);
#2512 = EDGE_CURVE('',#1221,#2505,#2513,.T.);
#2513 = LINE('',#2514,#2515);
#2514 = CARTESIAN_POINT('',(-134.589,2.034,-10.303));
#2515 = VECTOR('',#2516,1.);
#2516 = DIRECTION('',(0.,1.,0.));
#2517 = PLANE('',#2518);
#2518 = AXIS2_PLACEMENT_3D('',#2519,#2520,#2521);
#2519 = CARTESIAN_POINT('',(-134.731,-1.684,-9.962));
#2520 = DIRECTION('',(-0.923156997892,-0.,-0.384423148682));
#2521 = DIRECTION('',(0.384423148682,0.,-0.923156997892));
#2522 = ADVANCED_FACE('',(#2523),#2541,.T.);
#2523 = FACE_BOUND('',#2524,.T.);
#2524 = EDGE_LOOP('',(#2525,#2526,#2527,#2535));
#2525 = ORIENTED_EDGE('',*,*,#1220,.T.);
#2526 = ORIENTED_EDGE('',*,*,#2512,.T.);
#2527 = ORIENTED_EDGE('',*,*,#2528,.F.);
#2528 = EDGE_CURVE('',#2529,#2505,#2531,.T.);
#2529 = VERTEX_POINT('',#2530);
#2530 = CARTESIAN_POINT('',(-134.142,3.532,-10.887));
#2531 = LINE('',#2532,#2533);
#2532 = CARTESIAN_POINT('',(-134.142,3.532,-10.887));
#2533 = VECTOR('',#2534,1.);
#2534 = DIRECTION('',(-0.607803342128,0.,0.794087587926));
#2535 = ORIENTED_EDGE('',*,*,#2536,.F.);
#2536 = EDGE_CURVE('',#1213,#2529,#2537,.T.);
#2537 = LINE('',#2538,#2539);
#2538 = CARTESIAN_POINT('',(-134.142,2.034,-10.887));
#2539 = VECTOR('',#2540,1.);
#2540 = DIRECTION('',(0.,1.,0.));
#2541 = PLANE('',#2542);
#2542 = AXIS2_PLACEMENT_3D('',#2543,#2544,#2545);
#2543 = CARTESIAN_POINT('',(-134.3655,-1.684,-10.595));
#2544 = DIRECTION('',(-0.794087587926,-0.,-0.607803342128));
#2545 = DIRECTION('',(0.607803342128,0.,-0.794087587926));
#2546 = ADVANCED_FACE('',(#2547),#2565,.T.);
#2547 = FACE_BOUND('',#2548,.T.);
#2548 = EDGE_LOOP('',(#2549,#2550,#2551,#2559));
#2549 = ORIENTED_EDGE('',*,*,#1212,.T.);
#2550 = ORIENTED_EDGE('',*,*,#2536,.T.);
#2551 = ORIENTED_EDGE('',*,*,#2552,.F.);
#2552 = EDGE_CURVE('',#2553,#2529,#2555,.T.);
#2553 = VERTEX_POINT('',#2554);
#2554 = CARTESIAN_POINT('',(-133.55,3.532,-11.341));
#2555 = LINE('',#2556,#2557);
#2556 = CARTESIAN_POINT('',(-133.55,3.532,-11.341));
#2557 = VECTOR('',#2558,1.);
#2558 = DIRECTION('',(-0.793520057084,0.,0.608544097831));
#2559 = ORIENTED_EDGE('',*,*,#2560,.F.);
#2560 = EDGE_CURVE('',#1205,#2553,#2561,.T.);
#2561 = LINE('',#2562,#2563);
#2562 = CARTESIAN_POINT('',(-133.55,2.034,-11.341));
#2563 = VECTOR('',#2564,1.);
#2564 = DIRECTION('',(0.,1.,0.));
#2565 = PLANE('',#2566);
#2566 = AXIS2_PLACEMENT_3D('',#2567,#2568,#2569);
#2567 = CARTESIAN_POINT('',(-133.846,-1.684,-11.114));
#2568 = DIRECTION('',(-0.608544097831,-0.,-0.793520057084));
#2569 = DIRECTION('',(-0.793520057084,0.,0.608544097831));
#2570 = ADVANCED_FACE('',(#2571),#2589,.T.);
#2571 = FACE_BOUND('',#2572,.T.);
#2572 = EDGE_LOOP('',(#2573,#2574,#2575,#2583));
#2573 = ORIENTED_EDGE('',*,*,#1204,.T.);
#2574 = ORIENTED_EDGE('',*,*,#2560,.T.);
#2575 = ORIENTED_EDGE('',*,*,#2576,.F.);
#2576 = EDGE_CURVE('',#2577,#2553,#2579,.T.);
#2577 = VERTEX_POINT('',#2578);
#2578 = CARTESIAN_POINT('',(-132.869,3.532,-11.625));
#2579 = LINE('',#2580,#2581);
#2580 = CARTESIAN_POINT('',(-132.869,3.532,-11.625));
#2581 = VECTOR('',#2582,1.);
#2582 = DIRECTION('',(-0.922956585384,0.,0.384904067913));
#2583 = ORIENTED_EDGE('',*,*,#2584,.F.);
#2584 = EDGE_CURVE('',#1197,#2577,#2585,.T.);
#2585 = LINE('',#2586,#2587);
#2586 = CARTESIAN_POINT('',(-132.869,2.034,-11.625));
#2587 = VECTOR('',#2588,1.);
#2588 = DIRECTION('',(0.,1.,0.));
#2589 = PLANE('',#2590);
#2590 = AXIS2_PLACEMENT_3D('',#2591,#2592,#2593);
#2591 = CARTESIAN_POINT('',(-133.2095,-1.684,-11.483));
#2592 = DIRECTION('',(-0.384904067913,-0.,-0.922956585384));
#2593 = DIRECTION('',(-0.922956585384,0.,0.384904067913));
#2594 = ADVANCED_FACE('',(#2595),#2613,.T.);
#2595 = FACE_BOUND('',#2596,.T.);
#2596 = EDGE_LOOP('',(#2597,#2598,#2599,#2607));
#2597 = ORIENTED_EDGE('',*,*,#1196,.T.);
#2598 = ORIENTED_EDGE('',*,*,#2584,.T.);
#2599 = ORIENTED_EDGE('',*,*,#2600,.F.);
#2600 = EDGE_CURVE('',#2601,#2577,#2603,.T.);
#2601 = VERTEX_POINT('',#2602);
#2602 = CARTESIAN_POINT('',(-132.162,3.532,-11.707));
#2603 = LINE('',#2604,#2605);
#2604 = CARTESIAN_POINT('',(-132.162,3.532,-11.707));
#2605 = VECTOR('',#2606,1.);
#2606 = DIRECTION('',(-0.993341076125,0.,0.115210704727));
#2607 = ORIENTED_EDGE('',*,*,#2608,.F.);
#2608 = EDGE_CURVE('',#1189,#2601,#2609,.T.);
#2609 = LINE('',#2610,#2611);
#2610 = CARTESIAN_POINT('',(-132.162,2.034,-11.707));
#2611 = VECTOR('',#2612,1.);
#2612 = DIRECTION('',(0.,1.,0.));
#2613 = PLANE('',#2614);
#2614 = AXIS2_PLACEMENT_3D('',#2615,#2616,#2617);
#2615 = CARTESIAN_POINT('',(-132.5155,-1.684,-11.666));
#2616 = DIRECTION('',(-0.115210704727,-0.,-0.993341076125));
#2617 = DIRECTION('',(-0.993341076125,0.,0.115210704727));
#2618 = ADVANCED_FACE('',(#2619),#2637,.T.);
#2619 = FACE_BOUND('',#2620,.T.);
#2620 = EDGE_LOOP('',(#2621,#2622,#2623,#2631));
#2621 = ORIENTED_EDGE('',*,*,#1188,.T.);
#2622 = ORIENTED_EDGE('',*,*,#2608,.T.);
#2623 = ORIENTED_EDGE('',*,*,#2624,.F.);
#2624 = EDGE_CURVE('',#2625,#2601,#2627,.T.);
#2625 = VERTEX_POINT('',#2626);
#2626 = CARTESIAN_POINT('',(-78.429,3.532,-11.707));
#2627 = LINE('',#2628,#2629);
#2628 = CARTESIAN_POINT('',(-78.429,3.532,-11.707));
#2629 = VECTOR('',#2630,1.);
#2630 = DIRECTION('',(-1.,0.,0.));
#2631 = ORIENTED_EDGE('',*,*,#2632,.F.);
#2632 = EDGE_CURVE('',#1181,#2625,#2633,.T.);
#2633 = LINE('',#2634,#2635);
#2634 = CARTESIAN_POINT('',(-78.429,2.034,-11.707));
#2635 = VECTOR('',#2636,1.);
#2636 = DIRECTION('',(0.,1.,0.));
#2637 = PLANE('',#2638);
#2638 = AXIS2_PLACEMENT_3D('',#2639,#2640,#2641);
#2639 = CARTESIAN_POINT('',(-105.2955,-1.684,-11.707));
#2640 = DIRECTION('',(-0.,-0.,-1.));
#2641 = DIRECTION('',(-1.,0.,0.));
#2642 = ADVANCED_FACE('',(#2643),#2661,.T.);
#2643 = FACE_BOUND('',#2644,.T.);
#2644 = EDGE_LOOP('',(#2645,#2646,#2647,#2655));
#2645 = ORIENTED_EDGE('',*,*,#1180,.T.);
#2646 = ORIENTED_EDGE('',*,*,#2632,.T.);
#2647 = ORIENTED_EDGE('',*,*,#2648,.F.);
#2648 = EDGE_CURVE('',#2649,#2625,#2651,.T.);
#2649 = VERTEX_POINT('',#2650);
#2650 = CARTESIAN_POINT('',(-70.179,3.532,-23.063));
#2651 = LINE('',#2652,#2653);
#2652 = CARTESIAN_POINT('',(-70.179,3.532,-23.063));
#2653 = VECTOR('',#2654,1.);
#2654 = DIRECTION('',(-0.587756484075,0.,0.809037894927));
#2655 = ORIENTED_EDGE('',*,*,#2656,.F.);
#2656 = EDGE_CURVE('',#1173,#2649,#2657,.T.);
#2657 = LINE('',#2658,#2659);
#2658 = CARTESIAN_POINT('',(-70.179,2.034,-23.063));
#2659 = VECTOR('',#2660,1.);
#2660 = DIRECTION('',(0.,1.,0.));
#2661 = PLANE('',#2662);
#2662 = AXIS2_PLACEMENT_3D('',#2663,#2664,#2665);
#2663 = CARTESIAN_POINT('',(-74.304,-1.684,-17.385));
#2664 = DIRECTION('',(-0.809037894927,-0.,-0.587756484075));
#2665 = DIRECTION('',(0.587756484075,0.,-0.809037894927));
#2666 = ADVANCED_FACE('',(#2667),#2685,.T.);
#2667 = FACE_BOUND('',#2668,.T.);
#2668 = EDGE_LOOP('',(#2669,#2670,#2671,#2679));
#2669 = ORIENTED_EDGE('',*,*,#1172,.T.);
#2670 = ORIENTED_EDGE('',*,*,#2656,.T.);
#2671 = ORIENTED_EDGE('',*,*,#2672,.F.);
#2672 = EDGE_CURVE('',#2673,#2649,#2675,.T.);
#2673 = VERTEX_POINT('',#2674);
#2674 = CARTESIAN_POINT('',(-69.636,3.532,-23.509));
#2675 = LINE('',#2676,#2677);
#2676 = CARTESIAN_POINT('',(-69.636,3.532,-23.509));
#2677 = VECTOR('',#2678,1.);
#2678 = DIRECTION('',(-0.77275118282,0.,0.634709074655));
#2679 = ORIENTED_EDGE('',*,*,#2680,.F.);
#2680 = EDGE_CURVE('',#1165,#2673,#2681,.T.);
#2681 = LINE('',#2682,#2683);
#2682 = CARTESIAN_POINT('',(-69.636,2.034,-23.509));
#2683 = VECTOR('',#2684,1.);
#2684 = DIRECTION('',(0.,1.,0.));
#2685 = PLANE('',#2686);
#2686 = AXIS2_PLACEMENT_3D('',#2687,#2688,#2689);
#2687 = CARTESIAN_POINT('',(-69.9075,-1.684,-23.286));
#2688 = DIRECTION('',(-0.634709074655,-0.,-0.77275118282));
#2689 = DIRECTION('',(-0.77275118282,0.,0.634709074655));
#2690 = ADVANCED_FACE('',(#2691),#2709,.T.);
#2691 = FACE_BOUND('',#2692,.T.);
#2692 = EDGE_LOOP('',(#2693,#2694,#2695,#2703));
#2693 = ORIENTED_EDGE('',*,*,#1164,.T.);
#2694 = ORIENTED_EDGE('',*,*,#2680,.T.);
#2695 = ORIENTED_EDGE('',*,*,#2696,.F.);
#2696 = EDGE_CURVE('',#2697,#2673,#2699,.T.);
#2697 = VERTEX_POINT('',#2698);
#2698 = CARTESIAN_POINT('',(-69.019,3.532,-23.826));
#2699 = LINE('',#2700,#2701);
#2700 = CARTESIAN_POINT('',(-69.019,3.532,-23.826));
#2701 = VECTOR('',#2702,1.);
#2702 = DIRECTION('',(-0.889472002788,0.,0.456989667559));
#2703 = ORIENTED_EDGE('',*,*,#2704,.F.);
#2704 = EDGE_CURVE('',#1157,#2697,#2705,.T.);
#2705 = LINE('',#2706,#2707);
#2706 = CARTESIAN_POINT('',(-69.019,2.034,-23.826));
#2707 = VECTOR('',#2708,1.);
#2708 = DIRECTION('',(0.,1.,0.));
#2709 = PLANE('',#2710);
#2710 = AXIS2_PLACEMENT_3D('',#2711,#2712,#2713);
#2711 = CARTESIAN_POINT('',(-69.3275,-1.684,-23.6675));
#2712 = DIRECTION('',(-0.456989667559,-0.,-0.889472002788));
#2713 = DIRECTION('',(-0.889472002788,0.,0.456989667559));
#2714 = ADVANCED_FACE('',(#2715),#2733,.T.);
#2715 = FACE_BOUND('',#2716,.T.);
#2716 = EDGE_LOOP('',(#2717,#2718,#2719,#2727));
#2717 = ORIENTED_EDGE('',*,*,#1156,.T.);
#2718 = ORIENTED_EDGE('',*,*,#2704,.T.);
#2719 = ORIENTED_EDGE('',*,*,#2720,.F.);
#2720 = EDGE_CURVE('',#2721,#2697,#2723,.T.);
#2721 = VERTEX_POINT('',#2722);
#2722 = CARTESIAN_POINT('',(-68.369,3.532,-23.989));
#2723 = LINE('',#2724,#2725);
#2724 = CARTESIAN_POINT('',(-68.369,3.532,-23.989));
#2725 = VECTOR('',#2726,1.);
#2726 = DIRECTION('',(-0.969966686406,0.,0.243237799822));
#2727 = ORIENTED_EDGE('',*,*,#2728,.F.);
#2728 = EDGE_CURVE('',#1149,#2721,#2729,.T.);
#2729 = LINE('',#2730,#2731);
#2730 = CARTESIAN_POINT('',(-68.369,2.034,-23.989));
#2731 = VECTOR('',#2732,1.);
#2732 = DIRECTION('',(0.,1.,0.));
#2733 = PLANE('',#2734);
#2734 = AXIS2_PLACEMENT_3D('',#2735,#2736,#2737);
#2735 = CARTESIAN_POINT('',(-68.694,-1.684,-23.9075));
#2736 = DIRECTION('',(-0.243237799822,-0.,-0.969966686406));
#2737 = DIRECTION('',(-0.969966686406,0.,0.243237799822));
#2738 = ADVANCED_FACE('',(#2739),#2757,.T.);
#2739 = FACE_BOUND('',#2740,.T.);
#2740 = EDGE_LOOP('',(#2741,#2742,#2743,#2751));
#2741 = ORIENTED_EDGE('',*,*,#1148,.T.);
#2742 = ORIENTED_EDGE('',*,*,#2728,.T.);
#2743 = ORIENTED_EDGE('',*,*,#2744,.F.);
#2744 = EDGE_CURVE('',#2745,#2721,#2747,.T.);
#2745 = VERTEX_POINT('',#2746);
#2746 = CARTESIAN_POINT('',(-35.801,3.532,-28.393));
#2747 = LINE('',#2748,#2749);
#2748 = CARTESIAN_POINT('',(-35.801,3.532,-28.393));
#2749 = VECTOR('',#2750,1.);
#2750 = DIRECTION('',(-0.990980639523,0.,0.134005119641));
#2751 = ORIENTED_EDGE('',*,*,#2752,.F.);
#2752 = EDGE_CURVE('',#1141,#2745,#2753,.T.);
#2753 = LINE('',#2754,#2755);
#2754 = CARTESIAN_POINT('',(-35.801,2.034,-28.393));
#2755 = VECTOR('',#2756,1.);
#2756 = DIRECTION('',(0.,1.,0.));
#2757 = PLANE('',#2758);
#2758 = AXIS2_PLACEMENT_3D('',#2759,#2760,#2761);
#2759 = CARTESIAN_POINT('',(-52.085,-1.684,-26.191));
#2760 = DIRECTION('',(-0.134005119641,-0.,-0.990980639523));
#2761 = DIRECTION('',(-0.990980639523,0.,0.134005119641));
#2762 = ADVANCED_FACE('',(#2763),#2781,.T.);
#2763 = FACE_BOUND('',#2764,.T.);
#2764 = EDGE_LOOP('',(#2765,#2766,#2767,#2775));
#2765 = ORIENTED_EDGE('',*,*,#1140,.T.);
#2766 = ORIENTED_EDGE('',*,*,#2752,.T.);
#2767 = ORIENTED_EDGE('',*,*,#2768,.F.);
#2768 = EDGE_CURVE('',#2769,#2745,#2771,.T.);
#2769 = VERTEX_POINT('',#2770);
#2770 = CARTESIAN_POINT('',(-21.419,3.532,-36.683));
#2771 = LINE('',#2772,#2773);
#2772 = CARTESIAN_POINT('',(-21.419,3.532,-36.683));
#2773 = VECTOR('',#2774,1.);
#2774 = DIRECTION('',(-0.866376072324,0.,0.499392131801));
#2775 = ORIENTED_EDGE('',*,*,#2776,.F.);
#2776 = EDGE_CURVE('',#1133,#2769,#2777,.T.);
#2777 = LINE('',#2778,#2779);
#2778 = CARTESIAN_POINT('',(-21.419,2.034,-36.683));
#2779 = VECTOR('',#2780,1.);
#2780 = DIRECTION('',(0.,1.,0.));
#2781 = PLANE('',#2782);
#2782 = AXIS2_PLACEMENT_3D('',#2783,#2784,#2785);
#2783 = CARTESIAN_POINT('',(-28.61,-1.684,-32.538));
#2784 = DIRECTION('',(-0.499392131801,-0.,-0.866376072324));
#2785 = DIRECTION('',(-0.866376072324,0.,0.499392131801));
#2786 = ADVANCED_FACE('',(#2787),#2805,.T.);
#2787 = FACE_BOUND('',#2788,.T.);
#2788 = EDGE_LOOP('',(#2789,#2790,#2791,#2799));
#2789 = ORIENTED_EDGE('',*,*,#1132,.T.);
#2790 = ORIENTED_EDGE('',*,*,#2776,.T.);
#2791 = ORIENTED_EDGE('',*,*,#2792,.F.);
#2792 = EDGE_CURVE('',#2793,#2769,#2795,.T.);
#2793 = VERTEX_POINT('',#2794);
#2794 = CARTESIAN_POINT('',(-20.68,3.532,-37.008));
#2795 = LINE('',#2796,#2797);
#2796 = CARTESIAN_POINT('',(-20.68,3.532,-37.008));
#2797 = VECTOR('',#2798,1.);
#2798 = DIRECTION('',(-0.91538807652,0.,0.402572564099));
#2799 = ORIENTED_EDGE('',*,*,#2800,.F.);
#2800 = EDGE_CURVE('',#1125,#2793,#2801,.T.);
#2801 = LINE('',#2802,#2803);
#2802 = CARTESIAN_POINT('',(-20.68,2.034,-37.008));
#2803 = VECTOR('',#2804,1.);
#2804 = DIRECTION('',(0.,1.,0.));
#2805 = PLANE('',#2806);
#2806 = AXIS2_PLACEMENT_3D('',#2807,#2808,#2809);
#2807 = CARTESIAN_POINT('',(-21.0495,-1.684,-36.8455));
#2808 = DIRECTION('',(-0.402572564099,-0.,-0.91538807652));
#2809 = DIRECTION('',(-0.91538807652,0.,0.402572564099));
#2810 = ADVANCED_FACE('',(#2811),#2829,.T.);
#2811 = FACE_BOUND('',#2812,.T.);
#2812 = EDGE_LOOP('',(#2813,#2814,#2815,#2823));
#2813 = ORIENTED_EDGE('',*,*,#1124,.T.);
#2814 = ORIENTED_EDGE('',*,*,#2800,.T.);
#2815 = ORIENTED_EDGE('',*,*,#2816,.F.);
#2816 = EDGE_CURVE('',#2817,#2793,#2819,.T.);
#2817 = VERTEX_POINT('',#2818);
#2818 = CARTESIAN_POINT('',(-19.885,3.532,-37.178));
#2819 = LINE('',#2820,#2821);
#2820 = CARTESIAN_POINT('',(-19.885,3.532,-37.178));
#2821 = VECTOR('',#2822,1.);
#2822 = DIRECTION('',(-0.977892327763,0.,0.20910905122));
#2823 = ORIENTED_EDGE('',*,*,#2824,.F.);
#2824 = EDGE_CURVE('',#1117,#2817,#2825,.T.);
#2825 = LINE('',#2826,#2827);
#2826 = CARTESIAN_POINT('',(-19.885,2.034,-37.178));
#2827 = VECTOR('',#2828,1.);
#2828 = DIRECTION('',(0.,1.,0.));
#2829 = PLANE('',#2830);
#2830 = AXIS2_PLACEMENT_3D('',#2831,#2832,#2833);
#2831 = CARTESIAN_POINT('',(-20.2825,-1.684,-37.093));
#2832 = DIRECTION('',(-0.20910905122,-0.,-0.977892327763));
#2833 = DIRECTION('',(-0.977892327763,0.,0.20910905122));
#2834 = ADVANCED_FACE('',(#2835),#2853,.T.);
#2835 = FACE_BOUND('',#2836,.T.);
#2836 = EDGE_LOOP('',(#2837,#2838,#2839,#2847));
#2837 = ORIENTED_EDGE('',*,*,#1116,.T.);
#2838 = ORIENTED_EDGE('',*,*,#2824,.T.);
#2839 = ORIENTED_EDGE('',*,*,#2840,.F.);
#2840 = EDGE_CURVE('',#2841,#2817,#2843,.T.);
#2841 = VERTEX_POINT('',#2842);
#2842 = CARTESIAN_POINT('',(-19.074,3.532,-37.17));
#2843 = LINE('',#2844,#2845);
#2844 = CARTESIAN_POINT('',(-19.074,3.532,-37.17));
#2845 = VECTOR('',#2846,1.);
#2846 = DIRECTION('',(-0.999951350702,0.,-9.863885087068E-03));
#2847 = ORIENTED_EDGE('',*,*,#2848,.F.);
#2848 = EDGE_CURVE('',#1109,#2841,#2849,.T.);
#2849 = LINE('',#2850,#2851);
#2850 = CARTESIAN_POINT('',(-19.074,2.034,-37.17));
#2851 = VECTOR('',#2852,1.);
#2852 = DIRECTION('',(0.,1.,0.));
#2853 = PLANE('',#2854);
#2854 = AXIS2_PLACEMENT_3D('',#2855,#2856,#2857);
#2855 = CARTESIAN_POINT('',(-19.4795,-1.684,-37.174));
#2856 = DIRECTION('',(9.863885087068E-03,-0.,-0.999951350702));
#2857 = DIRECTION('',(-0.999951350702,0.,-9.863885087068E-03));
#2858 = ADVANCED_FACE('',(#2859),#2877,.T.);
#2859 = FACE_BOUND('',#2860,.T.);
#2860 = EDGE_LOOP('',(#2861,#2862,#2863,#2871));
#2861 = ORIENTED_EDGE('',*,*,#1108,.T.);
#2862 = ORIENTED_EDGE('',*,*,#2848,.T.);
#2863 = ORIENTED_EDGE('',*,*,#2864,.F.);
#2864 = EDGE_CURVE('',#2865,#2841,#2867,.T.);
#2865 = VERTEX_POINT('',#2866);
#2866 = CARTESIAN_POINT('',(-18.279,3.532,-36.991));
#2867 = LINE('',#2868,#2869);
#2868 = CARTESIAN_POINT('',(-18.279,3.532,-36.991));
#2869 = VECTOR('',#2870,1.);
#2870 = DIRECTION('',(-0.975576894885,0.,-0.219658193943));
#2871 = ORIENTED_EDGE('',*,*,#2872,.F.);
#2872 = EDGE_CURVE('',#1101,#2865,#2873,.T.);
#2873 = LINE('',#2874,#2875);
#2874 = CARTESIAN_POINT('',(-18.279,2.034,-36.991));
#2875 = VECTOR('',#2876,1.);
#2876 = DIRECTION('',(0.,1.,0.));
#2877 = PLANE('',#2878);
#2878 = AXIS2_PLACEMENT_3D('',#2879,#2880,#2881);
#2879 = CARTESIAN_POINT('',(-18.6765,-1.684,-37.0805));
#2880 = DIRECTION('',(0.219658193943,-0.,-0.975576894885));
#2881 = DIRECTION('',(-0.975576894885,0.,-0.219658193943));
#2882 = ADVANCED_FACE('',(#2883),#2901,.T.);
#2883 = FACE_BOUND('',#2884,.T.);
#2884 = EDGE_LOOP('',(#2885,#2886,#2887,#2895));
#2885 = ORIENTED_EDGE('',*,*,#1100,.T.);
#2886 = ORIENTED_EDGE('',*,*,#2872,.T.);
#2887 = ORIENTED_EDGE('',*,*,#2888,.F.);
#2888 = EDGE_CURVE('',#2889,#2865,#2891,.T.);
#2889 = VERTEX_POINT('',#2890);
#2890 = CARTESIAN_POINT('',(-17.541,3.532,-36.651));
#2891 = LINE('',#2892,#2893);
#2892 = CARTESIAN_POINT('',(-17.541,3.532,-36.651));
#2893 = VECTOR('',#2894,1.);
#2894 = DIRECTION('',(-0.908247330799,0.,-0.418433729636));
#2895 = ORIENTED_EDGE('',*,*,#2896,.F.);
#2896 = EDGE_CURVE('',#1093,#2889,#2897,.T.);
#2897 = LINE('',#2898,#2899);
#2898 = CARTESIAN_POINT('',(-17.541,2.034,-36.651));
#2899 = VECTOR('',#2900,1.);
#2900 = DIRECTION('',(0.,1.,0.));
#2901 = PLANE('',#2902);
#2902 = AXIS2_PLACEMENT_3D('',#2903,#2904,#2905);
#2903 = CARTESIAN_POINT('',(-17.91,-1.684,-36.821));
#2904 = DIRECTION('',(0.418433729636,-0.,-0.908247330799));
#2905 = DIRECTION('',(-0.908247330799,0.,-0.418433729636));
#2906 = ADVANCED_FACE('',(#2907),#2925,.T.);
#2907 = FACE_BOUND('',#2908,.T.);
#2908 = EDGE_LOOP('',(#2909,#2910,#2911,#2919));
#2909 = ORIENTED_EDGE('',*,*,#1092,.T.);
#2910 = ORIENTED_EDGE('',*,*,#2896,.T.);
#2911 = ORIENTED_EDGE('',*,*,#2912,.F.);
#2912 = EDGE_CURVE('',#2913,#2889,#2915,.T.);
#2913 = VERTEX_POINT('',#2914);
#2914 = CARTESIAN_POINT('',(-16.892,3.532,-36.156));
#2915 = LINE('',#2916,#2917);
#2916 = CARTESIAN_POINT('',(-16.892,3.532,-36.156));
#2917 = VECTOR('',#2918,1.);
#2918 = DIRECTION('',(-0.795122252878,0.,-0.606449175924));
#2919 = ORIENTED_EDGE('',*,*,#2920,.F.);
#2920 = EDGE_CURVE('',#1085,#2913,#2921,.T.);
#2921 = LINE('',#2922,#2923);
#2922 = CARTESIAN_POINT('',(-16.892,2.034,-36.156));
#2923 = VECTOR('',#2924,1.);
#2924 = DIRECTION('',(0.,1.,0.));
#2925 = PLANE('',#2926);
#2926 = AXIS2_PLACEMENT_3D('',#2927,#2928,#2929);
#2927 = CARTESIAN_POINT('',(-17.2165,-1.684,-36.4035));
#2928 = DIRECTION('',(0.606449175924,-0.,-0.795122252878));
#2929 = DIRECTION('',(-0.795122252878,0.,-0.606449175924));
#2930 = ADVANCED_FACE('',(#2931),#2949,.T.);
#2931 = FACE_BOUND('',#2932,.T.);
#2932 = EDGE_LOOP('',(#2933,#2934,#2935,#2943));
#2933 = ORIENTED_EDGE('',*,*,#1084,.T.);
#2934 = ORIENTED_EDGE('',*,*,#2920,.T.);
#2935 = ORIENTED_EDGE('',*,*,#2936,.F.);
#2936 = EDGE_CURVE('',#2937,#2913,#2939,.T.);
#2937 = VERTEX_POINT('',#2938);
#2938 = CARTESIAN_POINT('',(-16.38,3.532,-35.555));
#2939 = LINE('',#2940,#2941);
#2940 = CARTESIAN_POINT('',(-16.38,3.532,-35.555));
#2941 = VECTOR('',#2942,1.);
#2942 = DIRECTION('',(-0.648493639532,0.,-0.761220072966));
#2943 = ORIENTED_EDGE('',*,*,#2944,.F.);
#2944 = EDGE_CURVE('',#1077,#2937,#2945,.T.);
#2945 = LINE('',#2946,#2947);
#2946 = CARTESIAN_POINT('',(-16.38,2.034,-35.555));
#2947 = VECTOR('',#2948,1.);
#2948 = DIRECTION('',(0.,1.,0.));
#2949 = PLANE('',#2950);
#2950 = AXIS2_PLACEMENT_3D('',#2951,#2952,#2953);
#2951 = CARTESIAN_POINT('',(-16.636,-1.684,-35.8555));
#2952 = DIRECTION('',(0.761220072966,0.,-0.648493639532));
#2953 = DIRECTION('',(0.648493639532,0.,0.761220072966));
#2954 = ADVANCED_FACE('',(#2955),#2987,.T.);
#2955 = FACE_BOUND('',#2956,.T.);
#2956 = EDGE_LOOP('',(#2957,#2965,#2971,#2972,#2973,#2981));
#2957 = ORIENTED_EDGE('',*,*,#2958,.T.);
#2958 = EDGE_CURVE('',#2959,#1991,#2961,.T.);
#2959 = VERTEX_POINT('',#2960);
#2960 = CARTESIAN_POINT('',(-2.64,-6.9,-11.741));
#2961 = LINE('',#2962,#2963);
#2962 = CARTESIAN_POINT('',(-2.64,-6.9,-11.741));
#2963 = VECTOR('',#2964,1.);
#2964 = DIRECTION('',(-0.499753940741,0.,-0.866167419564));
#2965 = ORIENTED_EDGE('',*,*,#2966,.T.);
#2966 = EDGE_CURVE('',#1991,#1069,#2967,.T.);
#2967 = LINE('',#2968,#2969);
#2968 = CARTESIAN_POINT('',(-2.64,-6.9,-11.741));
#2969 = VECTOR('',#2970,1.);
#2970 = DIRECTION('',(-0.499753940741,0.,-0.866167419564));
#2971 = ORIENTED_EDGE('',*,*,#1076,.T.);
#2972 = ORIENTED_EDGE('',*,*,#2944,.T.);
#2973 = ORIENTED_EDGE('',*,*,#2974,.F.);
#2974 = EDGE_CURVE('',#2975,#2937,#2977,.T.);
#2975 = VERTEX_POINT('',#2976);
#2976 = CARTESIAN_POINT('',(-2.64,3.532,-11.741));
#2977 = LINE('',#2978,#2979);
#2978 = CARTESIAN_POINT('',(-2.64,3.532,-11.741));
#2979 = VECTOR('',#2980,1.);
#2980 = DIRECTION('',(-0.499753940741,0.,-0.866167419564));
#2981 = ORIENTED_EDGE('',*,*,#2982,.F.);
#2982 = EDGE_CURVE('',#2959,#2975,#2983,.T.);
#2983 = LINE('',#2984,#2985);
#2984 = CARTESIAN_POINT('',(-2.64,2.034,-11.741));
#2985 = VECTOR('',#2986,1.);
#2986 = DIRECTION('',(0.,1.,0.));
#2987 = PLANE('',#2988);
#2988 = AXIS2_PLACEMENT_3D('',#2989,#2990,#2991);
#2989 = CARTESIAN_POINT('',(-9.51,-1.684,-23.648));
#2990 = DIRECTION('',(0.866167419564,0.,-0.499753940741));
#2991 = DIRECTION('',(0.499753940741,0.,0.866167419564));
#2992 = ADVANCED_FACE('',(#2993),#3019,.T.);
#2993 = FACE_BOUND('',#2994,.T.);
#2994 = EDGE_LOOP('',(#2995,#3003,#3011,#3017,#3018));
#2995 = ORIENTED_EDGE('',*,*,#2996,.T.);
#2996 = EDGE_CURVE('',#1379,#2997,#2999,.T.);
#2997 = VERTEX_POINT('',#2998);
#2998 = CARTESIAN_POINT('',(-3.978419053964,2.034,-11.05925445692));
#2999 = LINE('',#3000,#3001);
#3000 = CARTESIAN_POINT('',(-3.978419053964,-6.9,-11.05925445692));
#3001 = VECTOR('',#3002,1.);
#3002 = DIRECTION('',(0.,1.,0.));
#3003 = ORIENTED_EDGE('',*,*,#3004,.T.);
#3004 = EDGE_CURVE('',#2997,#3005,#3007,.T.);
#3005 = VERTEX_POINT('',#3006);
#3006 = CARTESIAN_POINT('',(-17.61073648459,2.034,-34.68662034434));
#3007 = LINE('',#3008,#3009);
#3008 = CARTESIAN_POINT('',(-3.939251129346,2.034,-10.99136908888));
#3009 = VECTOR('',#3010,1.);
#3010 = DIRECTION('',(-0.499753940741,0.,-0.866167419564));
#3011 = ORIENTED_EDGE('',*,*,#3012,.F.);
#3012 = EDGE_CURVE('',#1045,#3005,#3013,.T.);
#3013 = LINE('',#3014,#3015);
#3014 = CARTESIAN_POINT('',(-17.61073648459,-6.9,-34.68662034434));
#3015 = VECTOR('',#3016,1.);
#3016 = DIRECTION('',(0.,1.,0.));
#3017 = ORIENTED_EDGE('',*,*,#1052,.F.);
#3018 = ORIENTED_EDGE('',*,*,#1378,.F.);
#3019 = PLANE('',#3020);
#3020 = AXIS2_PLACEMENT_3D('',#3021,#3022,#3023);
#3021 = CARTESIAN_POINT('',(-3.978419053964,-6.9,-11.05925445692));
#3022 = DIRECTION('',(-0.866167419564,0.,0.499753940741));
#3023 = DIRECTION('',(-0.499753940741,0.,-0.866167419564));
#3024 = ADVANCED_FACE('',(#3025),#3043,.T.);
#3025 = FACE_BOUND('',#3026,.T.);
#3026 = EDGE_LOOP('',(#3027,#3028,#3036,#3042));
#3027 = ORIENTED_EDGE('',*,*,#3012,.T.);
#3028 = ORIENTED_EDGE('',*,*,#3029,.T.);
#3029 = EDGE_CURVE('',#3005,#3030,#3032,.T.);
#3030 = VERTEX_POINT('',#3031);
#3031 = CARTESIAN_POINT('',(-17.92954204067,2.034,-35.06084327247));
#3032 = LINE('',#3033,#3034);
#3033 = CARTESIAN_POINT('',(-17.52183010944,2.034,-34.5822595407));
#3034 = VECTOR('',#3035,1.);
#3035 = DIRECTION('',(-0.648493639532,0.,-0.761220072966));
#3036 = ORIENTED_EDGE('',*,*,#3037,.F.);
#3037 = EDGE_CURVE('',#1037,#3030,#3038,.T.);
#3038 = LINE('',#3039,#3040);
#3039 = CARTESIAN_POINT('',(-17.92954204067,-6.9,-35.06084327247));
#3040 = VECTOR('',#3041,1.);
#3041 = DIRECTION('',(0.,1.,0.));
#3042 = ORIENTED_EDGE('',*,*,#1044,.F.);
#3043 = PLANE('',#3044);
#3044 = AXIS2_PLACEMENT_3D('',#3045,#3046,#3047);
#3045 = CARTESIAN_POINT('',(-17.61073648459,-6.9,-34.68662034434));
#3046 = DIRECTION('',(-0.761220072966,0.,0.648493639532));
#3047 = DIRECTION('',(-0.648493639532,0.,-0.761220072966));
#3048 = ADVANCED_FACE('',(#3049),#3067,.T.);
#3049 = FACE_BOUND('',#3050,.T.);
#3050 = EDGE_LOOP('',(#3051,#3052,#3060,#3066));
#3051 = ORIENTED_EDGE('',*,*,#3037,.T.);
#3052 = ORIENTED_EDGE('',*,*,#3053,.T.);
#3053 = EDGE_CURVE('',#3030,#3054,#3056,.T.);
#3054 = VERTEX_POINT('',#3055);
#3055 = CARTESIAN_POINT('',(-18.3190271148,2.034,-35.35790815951));
#3056 = LINE('',#3057,#3058);
#3057 = CARTESIAN_POINT('',(-17.80167376388,2.034,-34.96331662068));
#3058 = VECTOR('',#3059,1.);
#3059 = DIRECTION('',(-0.795122252878,0.,-0.606449175924));
#3060 = ORIENTED_EDGE('',*,*,#3061,.F.);
#3061 = EDGE_CURVE('',#1029,#3054,#3062,.T.);
#3062 = LINE('',#3063,#3064);
#3063 = CARTESIAN_POINT('',(-18.3190271148,-6.9,-35.35790815951));
#3064 = VECTOR('',#3065,1.);
#3065 = DIRECTION('',(0.,1.,0.));
#3066 = ORIENTED_EDGE('',*,*,#1036,.F.);
#3067 = PLANE('',#3068);
#3068 = AXIS2_PLACEMENT_3D('',#3069,#3070,#3071);
#3069 = CARTESIAN_POINT('',(-17.92954204067,-6.9,-35.06084327247));
#3070 = DIRECTION('',(-0.606449175924,0.,0.795122252878));
#3071 = DIRECTION('',(-0.795122252878,0.,-0.606449175924));
#3072 = ADVANCED_FACE('',(#3073),#3091,.T.);
#3073 = FACE_BOUND('',#3074,.T.);
#3074 = EDGE_LOOP('',(#3075,#3076,#3084,#3090));
#3075 = ORIENTED_EDGE('',*,*,#3061,.T.);
#3076 = ORIENTED_EDGE('',*,*,#3077,.T.);
#3077 = EDGE_CURVE('',#3054,#3078,#3080,.T.);
#3078 = VERTEX_POINT('',#3079);
#3079 = CARTESIAN_POINT('',(-18.76289725436,2.034,-35.56240117774));
#3080 = LINE('',#3081,#3082);
#3081 = CARTESIAN_POINT('',(-18.16865059445,2.034,-35.2886290038));
#3082 = VECTOR('',#3083,1.);
#3083 = DIRECTION('',(-0.908247330799,0.,-0.418433729636));
#3084 = ORIENTED_EDGE('',*,*,#3085,.F.);
#3085 = EDGE_CURVE('',#1021,#3078,#3086,.T.);
#3086 = LINE('',#3087,#3088);
#3087 = CARTESIAN_POINT('',(-18.76289725436,-6.9,-35.56240117774));
#3088 = VECTOR('',#3089,1.);
#3089 = DIRECTION('',(0.,1.,0.));
#3090 = ORIENTED_EDGE('',*,*,#1028,.F.);
#3091 = PLANE('',#3092);
#3092 = AXIS2_PLACEMENT_3D('',#3093,#3094,#3095);
#3093 = CARTESIAN_POINT('',(-18.3190271148,-6.9,-35.35790815951));
#3094 = DIRECTION('',(-0.418433729636,0.,0.908247330799));
#3095 = DIRECTION('',(-0.908247330799,0.,-0.418433729636));
#3096 = ADVANCED_FACE('',(#3097),#3115,.T.);
#3097 = FACE_BOUND('',#3098,.T.);
#3098 = EDGE_LOOP('',(#3099,#3100,#3108,#3114));
#3099 = ORIENTED_EDGE('',*,*,#3085,.T.);
#3100 = ORIENTED_EDGE('',*,*,#3101,.T.);
#3101 = EDGE_CURVE('',#3078,#3102,#3104,.T.);
#3102 = VERTEX_POINT('',#3103);
#3103 = CARTESIAN_POINT('',(-19.24808292183,2.034,-35.67164423998));
#3104 = LINE('',#3105,#3106);
#3105 = CARTESIAN_POINT('',(-18.60848729091,2.034,-35.52763465767));
#3106 = VECTOR('',#3107,1.);
#3107 = DIRECTION('',(-0.975576894885,0.,-0.219658193943));
#3108 = ORIENTED_EDGE('',*,*,#3109,.F.);
#3109 = EDGE_CURVE('',#1013,#3102,#3110,.T.);
#3110 = LINE('',#3111,#3112);
#3111 = CARTESIAN_POINT('',(-19.24808292183,-6.9,-35.67164423998));
#3112 = VECTOR('',#3113,1.);
#3113 = DIRECTION('',(0.,1.,0.));
#3114 = ORIENTED_EDGE('',*,*,#1020,.F.);
#3115 = PLANE('',#3116);
#3116 = AXIS2_PLACEMENT_3D('',#3117,#3118,#3119);
#3117 = CARTESIAN_POINT('',(-18.76289725436,-6.9,-35.56240117774));
#3118 = DIRECTION('',(-0.219658193943,0.,0.975576894885));
#3119 = DIRECTION('',(-0.975576894885,0.,-0.219658193943));
#3120 = ADVANCED_FACE('',(#3121),#3139,.T.);
#3121 = FACE_BOUND('',#3122,.T.);
#3122 = EDGE_LOOP('',(#3123,#3124,#3132,#3138));
#3123 = ORIENTED_EDGE('',*,*,#3109,.T.);
#3124 = ORIENTED_EDGE('',*,*,#3125,.T.);
#3125 = EDGE_CURVE('',#3102,#3126,#3128,.T.);
#3126 = VERTEX_POINT('',#3127);
#3127 = CARTESIAN_POINT('',(-19.73373446053,2.034,-35.67643488401));
#3128 = LINE('',#3129,#3130);
#3129 = CARTESIAN_POINT('',(-19.08879582763,2.034,-35.67007297394));
#3130 = VECTOR('',#3131,1.);
#3131 = DIRECTION('',(-0.999951350702,0.,-9.863885087068E-03));
#3132 = ORIENTED_EDGE('',*,*,#3133,.F.);
#3133 = EDGE_CURVE('',#1005,#3126,#3134,.T.);
#3134 = LINE('',#3135,#3136);
#3135 = CARTESIAN_POINT('',(-19.73373446053,-6.9,-35.67643488401));
#3136 = VECTOR('',#3137,1.);
#3137 = DIRECTION('',(0.,1.,0.));
#3138 = ORIENTED_EDGE('',*,*,#1012,.F.);
#3139 = PLANE('',#3140);
#3140 = AXIS2_PLACEMENT_3D('',#3141,#3142,#3143);
#3141 = CARTESIAN_POINT('',(-19.24808292183,-6.9,-35.67164423998));
#3142 = DIRECTION('',(-9.863885087068E-03,0.,0.999951350702));
#3143 = DIRECTION('',(-0.999951350702,0.,-9.863885087068E-03));
#3144 = ADVANCED_FACE('',(#3145),#3163,.T.);
#3145 = FACE_BOUND('',#3146,.T.);
#3146 = EDGE_LOOP('',(#3147,#3148,#3156,#3162));
#3147 = ORIENTED_EDGE('',*,*,#3133,.T.);
#3148 = ORIENTED_EDGE('',*,*,#3149,.T.);
#3149 = EDGE_CURVE('',#3126,#3150,#3152,.T.);
#3150 = VERTEX_POINT('',#3151);
#3151 = CARTESIAN_POINT('',(-20.21644857413,2.034,-35.57321299808));
#3152 = LINE('',#3153,#3154);
#3153 = CARTESIAN_POINT('',(-19.57133642317,2.034,-35.71116150835));
#3154 = VECTOR('',#3155,1.);
#3155 = DIRECTION('',(-0.977892327763,-0.,0.20910905122));
#3156 = ORIENTED_EDGE('',*,*,#3157,.F.);
#3157 = EDGE_CURVE('',#997,#3150,#3158,.T.);
#3158 = LINE('',#3159,#3160);
#3159 = CARTESIAN_POINT('',(-20.21644857413,-6.9,-35.57321299808));
#3160 = VECTOR('',#3161,1.);
#3161 = DIRECTION('',(0.,1.,0.));
#3162 = ORIENTED_EDGE('',*,*,#1004,.F.);
#3163 = PLANE('',#3164);
#3164 = AXIS2_PLACEMENT_3D('',#3165,#3166,#3167);
#3165 = CARTESIAN_POINT('',(-19.73373446053,-6.9,-35.67643488401));
#3166 = DIRECTION('',(0.20910905122,-0.,0.977892327763));
#3167 = DIRECTION('',(-0.977892327763,0.,0.20910905122));
#3168 = ADVANCED_FACE('',(#3169),#3187,.T.);
#3169 = FACE_BOUND('',#3170,.T.);
#3170 = EDGE_LOOP('',(#3171,#3172,#3180,#3186));
#3171 = ORIENTED_EDGE('',*,*,#3157,.T.);
#3172 = ORIENTED_EDGE('',*,*,#3173,.T.);
#3173 = EDGE_CURVE('',#3150,#3174,#3176,.T.);
#3174 = VERTEX_POINT('',#3175);
#3175 = CARTESIAN_POINT('',(-20.74052902471,2.034,-35.34273106786));
#3176 = LINE('',#3177,#3178);
#3177 = CARTESIAN_POINT('',(-20.07614115385,2.034,-35.63491788522));
#3178 = VECTOR('',#3179,1.);
#3179 = DIRECTION('',(-0.91538807652,-0.,0.402572564099));
#3180 = ORIENTED_EDGE('',*,*,#3181,.F.);
#3181 = EDGE_CURVE('',#989,#3174,#3182,.T.);
#3182 = LINE('',#3183,#3184);
#3183 = CARTESIAN_POINT('',(-20.74052902471,-6.9,-35.34273106786));
#3184 = VECTOR('',#3185,1.);
#3185 = DIRECTION('',(0.,1.,0.));
#3186 = ORIENTED_EDGE('',*,*,#996,.F.);
#3187 = PLANE('',#3188);
#3188 = AXIS2_PLACEMENT_3D('',#3189,#3190,#3191);
#3189 = CARTESIAN_POINT('',(-20.21644857413,-6.9,-35.57321299808));
#3190 = DIRECTION('',(0.402572564099,-0.,0.91538807652));
#3191 = DIRECTION('',(-0.91538807652,0.,0.402572564099));
#3192 = ADVANCED_FACE('',(#3193),#3211,.T.);
#3193 = FACE_BOUND('',#3194,.T.);
#3194 = EDGE_LOOP('',(#3195,#3196,#3204,#3210));
#3195 = ORIENTED_EDGE('',*,*,#3181,.T.);
#3196 = ORIENTED_EDGE('',*,*,#3197,.T.);
#3197 = EDGE_CURVE('',#3174,#3198,#3200,.T.);
#3198 = VERTEX_POINT('',#3199);
#3199 = CARTESIAN_POINT('',(-35.05191180229,2.034,-27.09343589151));
#3200 = LINE('',#3201,#3202);
#3201 = CARTESIAN_POINT('',(-20.66991180229,2.034,-35.38343589151));
#3202 = VECTOR('',#3203,1.);
#3203 = DIRECTION('',(-0.866376072324,-0.,0.499392131801));
#3204 = ORIENTED_EDGE('',*,*,#3205,.F.);
#3205 = EDGE_CURVE('',#980,#3198,#3206,.T.);
#3206 = LINE('',#3207,#3208);
#3207 = CARTESIAN_POINT('',(-35.05191180229,-6.9,-27.09343589151));
#3208 = VECTOR('',#3209,1.);
#3209 = DIRECTION('',(0.,1.,0.));
#3210 = ORIENTED_EDGE('',*,*,#988,.F.);
#3211 = PLANE('',#3212);
#3212 = AXIS2_PLACEMENT_3D('',#3213,#3214,#3215);
#3213 = CARTESIAN_POINT('',(-20.74052902471,-6.9,-35.34273106786));
#3214 = DIRECTION('',(0.499392131801,-0.,0.866376072324));
#3215 = DIRECTION('',(-0.866376072324,0.,0.499392131801));
#3216 = ADVANCED_FACE('',(#3217),#3236,.T.);
#3217 = FACE_BOUND('',#3218,.T.);
#3218 = EDGE_LOOP('',(#3219,#3220,#3229,#3235));
#3219 = ORIENTED_EDGE('',*,*,#3205,.T.);
#3220 = ORIENTED_EDGE('',*,*,#3221,.T.);
#3221 = EDGE_CURVE('',#3198,#3222,#3224,.T.);
#3222 = VERTEX_POINT('',#3223);
#3223 = CARTESIAN_POINT('',(-35.59999232053,2.034,-26.90652904071));
#3224 = CIRCLE('',#3225,1.5);
#3225 = AXIS2_PLACEMENT_3D('',#3226,#3227,#3228);
#3226 = CARTESIAN_POINT('',(-35.801,2.034,-28.393));
#3227 = DIRECTION('',(0.,-1.,0.));
#3228 = DIRECTION('',(0.866376072324,0.,-0.499392131801));
#3229 = ORIENTED_EDGE('',*,*,#3230,.F.);
#3230 = EDGE_CURVE('',#972,#3222,#3231,.T.);
#3231 = LINE('',#3232,#3233);
#3232 = CARTESIAN_POINT('',(-35.59999232053,-6.9,-26.90652904071));
#3233 = VECTOR('',#3234,1.);
#3234 = DIRECTION('',(0.,1.,0.));
#3235 = ORIENTED_EDGE('',*,*,#979,.F.);
#3236 = CYLINDRICAL_SURFACE('',#3237,1.5);
#3237 = AXIS2_PLACEMENT_3D('',#3238,#3239,#3240);
#3238 = CARTESIAN_POINT('',(-35.801,-6.9,-28.393));
#3239 = DIRECTION('',(0.,-1.,0.));
#3240 = DIRECTION('',(0.866376072324,0.,-0.499392131801));
#3241 = ADVANCED_FACE('',(#3242),#3260,.T.);
#3242 = FACE_BOUND('',#3243,.T.);
#3243 = EDGE_LOOP('',(#3244,#3245,#3253,#3259));
#3244 = ORIENTED_EDGE('',*,*,#3230,.T.);
#3245 = ORIENTED_EDGE('',*,*,#3246,.T.);
#3246 = EDGE_CURVE('',#3222,#3247,#3249,.T.);
#3247 = VERTEX_POINT('',#3248);
#3248 = CARTESIAN_POINT('',(-68.0851898889,2.034,-22.5137259797));
#3249 = LINE('',#3250,#3251);
#3250 = CARTESIAN_POINT('',(-35.59999232053,2.034,-26.90652904071));
#3251 = VECTOR('',#3252,1.);
#3252 = DIRECTION('',(-0.990980639523,-0.,0.134005119641));
#3253 = ORIENTED_EDGE('',*,*,#3254,.F.);
#3254 = EDGE_CURVE('',#964,#3247,#3255,.T.);
#3255 = LINE('',#3256,#3257);
#3256 = CARTESIAN_POINT('',(-68.0851898889,-6.9,-22.5137259797));
#3257 = VECTOR('',#3258,1.);
#3258 = DIRECTION('',(0.,1.,0.));
#3259 = ORIENTED_EDGE('',*,*,#971,.F.);
#3260 = PLANE('',#3261);
#3261 = AXIS2_PLACEMENT_3D('',#3262,#3263,#3264);
#3262 = CARTESIAN_POINT('',(-35.59999232053,-6.9,-26.90652904071));
#3263 = DIRECTION('',(0.134005119641,-0.,0.990980639523));
#3264 = DIRECTION('',(-0.990980639523,0.,0.134005119641));
#3265 = ADVANCED_FACE('',(#3266),#3284,.T.);
#3266 = FACE_BOUND('',#3267,.T.);
#3267 = EDGE_LOOP('',(#3268,#3269,#3277,#3283));
#3268 = ORIENTED_EDGE('',*,*,#3254,.T.);
#3269 = ORIENTED_EDGE('',*,*,#3270,.T.);
#3270 = EDGE_CURVE('',#3247,#3271,#3273,.T.);
#3271 = VERTEX_POINT('',#3272);
#3272 = CARTESIAN_POINT('',(-68.48688944667,2.034,-22.4129920906));
#3273 = LINE('',#3274,#3275);
#3274 = CARTESIAN_POINT('',(-68.00414330026,2.034,-22.53404997039));
#3275 = VECTOR('',#3276,1.);
#3276 = DIRECTION('',(-0.969966686406,-0.,0.243237799822));
#3277 = ORIENTED_EDGE('',*,*,#3278,.F.);
#3278 = EDGE_CURVE('',#956,#3271,#3279,.T.);
#3279 = LINE('',#3280,#3281);
#3280 = CARTESIAN_POINT('',(-68.48688944667,-6.9,-22.4129920906));
#3281 = VECTOR('',#3282,1.);
#3282 = DIRECTION('',(0.,1.,0.));
#3283 = ORIENTED_EDGE('',*,*,#963,.F.);
#3284 = PLANE('',#3285);
#3285 = AXIS2_PLACEMENT_3D('',#3286,#3287,#3288);
#3286 = CARTESIAN_POINT('',(-68.0851898889,-6.9,-22.5137259797));
#3287 = DIRECTION('',(0.243237799822,-0.,0.969966686406));
#3288 = DIRECTION('',(-0.969966686406,0.,0.243237799822));
#3289 = ADVANCED_FACE('',(#3290),#3308,.T.);
#3290 = FACE_BOUND('',#3291,.T.);
#3291 = EDGE_LOOP('',(#3292,#3293,#3301,#3307));
#3292 = ORIENTED_EDGE('',*,*,#3278,.T.);
#3293 = ORIENTED_EDGE('',*,*,#3294,.T.);
#3294 = EDGE_CURVE('',#3271,#3295,#3297,.T.);
#3295 = VERTEX_POINT('',#3296);
#3296 = CARTESIAN_POINT('',(-68.80786639022,2.034,-22.24808173224));
#3297 = LINE('',#3298,#3299);
#3298 = CARTESIAN_POINT('',(-68.33351549866,2.034,-22.49179199581));
#3299 = VECTOR('',#3300,1.);
#3300 = DIRECTION('',(-0.889472002788,-0.,0.456989667559));
#3301 = ORIENTED_EDGE('',*,*,#3302,.F.);
#3302 = EDGE_CURVE('',#948,#3295,#3303,.T.);
#3303 = LINE('',#3304,#3305);
#3304 = CARTESIAN_POINT('',(-68.80786639022,-6.9,-22.24808173224));
#3305 = VECTOR('',#3306,1.);
#3306 = DIRECTION('',(0.,1.,0.));
#3307 = ORIENTED_EDGE('',*,*,#955,.F.);
#3308 = PLANE('',#3309);
#3309 = AXIS2_PLACEMENT_3D('',#3310,#3311,#3312);
#3310 = CARTESIAN_POINT('',(-68.48688944667,-6.9,-22.4129920906));
#3311 = DIRECTION('',(0.456989667559,-0.,0.889472002788));
#3312 = DIRECTION('',(-0.889472002788,0.,0.456989667559));
#3313 = ADVANCED_FACE('',(#3314),#3332,.T.);
#3314 = FACE_BOUND('',#3315,.T.);
#3315 = EDGE_LOOP('',(#3316,#3317,#3325,#3331));
#3316 = ORIENTED_EDGE('',*,*,#3302,.T.);
#3317 = ORIENTED_EDGE('',*,*,#3318,.T.);
#3318 = EDGE_CURVE('',#3295,#3319,#3321,.T.);
#3319 = VERTEX_POINT('',#3320);
#3320 = CARTESIAN_POINT('',(-69.07841153364,2.034,-22.02586601591));
#3321 = LINE('',#3322,#3323);
#3322 = CARTESIAN_POINT('',(-68.68393638801,2.034,-22.34987322577));
#3323 = VECTOR('',#3324,1.);
#3324 = DIRECTION('',(-0.77275118282,-0.,0.634709074655));
#3325 = ORIENTED_EDGE('',*,*,#3326,.F.);
#3326 = EDGE_CURVE('',#940,#3319,#3327,.T.);
#3327 = LINE('',#3328,#3329);
#3328 = CARTESIAN_POINT('',(-69.07841153364,-6.9,-22.02586601591));
#3329 = VECTOR('',#3330,1.);
#3330 = DIRECTION('',(0.,1.,0.));
#3331 = ORIENTED_EDGE('',*,*,#947,.F.);
#3332 = PLANE('',#3333);
#3333 = AXIS2_PLACEMENT_3D('',#3334,#3335,#3336);
#3334 = CARTESIAN_POINT('',(-68.80786639022,-6.9,-22.24808173224));
#3335 = DIRECTION('',(0.634709074655,-0.,0.77275118282));
#3336 = DIRECTION('',(-0.77275118282,0.,0.634709074655));
#3337 = ADVANCED_FACE('',(#3338),#3356,.T.);
#3338 = FACE_BOUND('',#3339,.T.);
#3339 = EDGE_LOOP('',(#3340,#3341,#3349,#3355));
#3340 = ORIENTED_EDGE('',*,*,#3326,.T.);
#3341 = ORIENTED_EDGE('',*,*,#3342,.T.);
#3342 = EDGE_CURVE('',#3319,#3343,#3345,.T.);
#3343 = VERTEX_POINT('',#3344);
#3344 = CARTESIAN_POINT('',(-77.2154431576,2.034,-10.82536527388));
#3345 = LINE('',#3346,#3347);
#3346 = CARTESIAN_POINT('',(-68.9654431576,2.034,-22.18136527388));
#3347 = VECTOR('',#3348,1.);
#3348 = DIRECTION('',(-0.587756484075,-0.,0.809037894927));
#3349 = ORIENTED_EDGE('',*,*,#3350,.F.);
#3350 = EDGE_CURVE('',#931,#3343,#3351,.T.);
#3351 = LINE('',#3352,#3353);
#3352 = CARTESIAN_POINT('',(-77.2154431576,-6.9,-10.82536527388));
#3353 = VECTOR('',#3354,1.);
#3354 = DIRECTION('',(0.,1.,0.));
#3355 = ORIENTED_EDGE('',*,*,#939,.F.);
#3356 = PLANE('',#3357);
#3357 = AXIS2_PLACEMENT_3D('',#3358,#3359,#3360);
#3358 = CARTESIAN_POINT('',(-69.07841153364,-6.9,-22.02586601591));
#3359 = DIRECTION('',(0.809037894927,-0.,0.587756484075));
#3360 = DIRECTION('',(-0.587756484075,0.,0.809037894927));
#3361 = ADVANCED_FACE('',(#3362),#3381,.T.);
#3362 = FACE_BOUND('',#3363,.T.);
#3363 = EDGE_LOOP('',(#3364,#3365,#3374,#3380));
#3364 = ORIENTED_EDGE('',*,*,#3350,.T.);
#3365 = ORIENTED_EDGE('',*,*,#3366,.T.);
#3366 = EDGE_CURVE('',#3343,#3367,#3369,.T.);
#3367 = VERTEX_POINT('',#3368);
#3368 = CARTESIAN_POINT('',(-78.429,2.034,-10.207));
#3369 = CIRCLE('',#3370,1.5);
#3370 = AXIS2_PLACEMENT_3D('',#3371,#3372,#3373);
#3371 = CARTESIAN_POINT('',(-78.429,2.034,-11.707));
#3372 = DIRECTION('',(0.,-1.,0.));
#3373 = DIRECTION('',(0.587756484075,0.,-0.809037894927));
#3374 = ORIENTED_EDGE('',*,*,#3375,.F.);
#3375 = EDGE_CURVE('',#923,#3367,#3376,.T.);
#3376 = LINE('',#3377,#3378);
#3377 = CARTESIAN_POINT('',(-78.429,-6.9,-10.207));
#3378 = VECTOR('',#3379,1.);
#3379 = DIRECTION('',(0.,1.,0.));
#3380 = ORIENTED_EDGE('',*,*,#930,.F.);
#3381 = CYLINDRICAL_SURFACE('',#3382,1.5);
#3382 = AXIS2_PLACEMENT_3D('',#3383,#3384,#3385);
#3383 = CARTESIAN_POINT('',(-78.429,-6.9,-11.707));
#3384 = DIRECTION('',(0.,-1.,0.));
#3385 = DIRECTION('',(0.587756484075,0.,-0.809037894927));
#3386 = ADVANCED_FACE('',(#3387),#3405,.T.);
#3387 = FACE_BOUND('',#3388,.T.);
#3388 = EDGE_LOOP('',(#3389,#3390,#3398,#3404));
#3389 = ORIENTED_EDGE('',*,*,#3375,.T.);
#3390 = ORIENTED_EDGE('',*,*,#3391,.T.);
#3391 = EDGE_CURVE('',#3367,#3392,#3394,.T.);
#3392 = VERTEX_POINT('',#3393);
#3393 = CARTESIAN_POINT('',(-132.0753033181,2.034,-10.207));
#3394 = LINE('',#3395,#3396);
#3395 = CARTESIAN_POINT('',(-78.429,2.034,-10.207));
#3396 = VECTOR('',#3397,1.);
#3397 = DIRECTION('',(-1.,-0.,0.));
#3398 = ORIENTED_EDGE('',*,*,#3399,.F.);
#3399 = EDGE_CURVE('',#915,#3392,#3400,.T.);
#3400 = LINE('',#3401,#3402);
#3401 = CARTESIAN_POINT('',(-132.0753033181,-6.9,-10.207));
#3402 = VECTOR('',#3403,1.);
#3403 = DIRECTION('',(0.,1.,0.));
#3404 = ORIENTED_EDGE('',*,*,#922,.F.);
#3405 = PLANE('',#3406);
#3406 = AXIS2_PLACEMENT_3D('',#3407,#3408,#3409);
#3407 = CARTESIAN_POINT('',(-78.429,-6.9,-10.207));
#3408 = DIRECTION('',(0.,-0.,1.));
#3409 = DIRECTION('',(-1.,0.,0.));
#3410 = ADVANCED_FACE('',(#3411),#3429,.T.);
#3411 = FACE_BOUND('',#3412,.T.);
#3412 = EDGE_LOOP('',(#3413,#3414,#3422,#3428));
#3413 = ORIENTED_EDGE('',*,*,#3399,.T.);
#3414 = ORIENTED_EDGE('',*,*,#3415,.T.);
#3415 = EDGE_CURVE('',#3392,#3416,#3418,.T.);
#3416 = VERTEX_POINT('',#3417);
#3417 = CARTESIAN_POINT('',(-132.486484661,2.034,-10.15930994325));
#3418 = LINE('',#3419,#3420);
#3419 = CARTESIAN_POINT('',(-131.9891839429,2.034,-10.21698838581));
#3420 = VECTOR('',#3421,1.);
#3421 = DIRECTION('',(-0.993341076125,-0.,0.115210704727));
#3422 = ORIENTED_EDGE('',*,*,#3423,.F.);
#3423 = EDGE_CURVE('',#907,#3416,#3424,.T.);
#3424 = LINE('',#3425,#3426);
#3425 = CARTESIAN_POINT('',(-132.486484661,-6.9,-10.15930994325));
#3426 = VECTOR('',#3427,1.);
#3427 = DIRECTION('',(0.,1.,0.));
#3428 = ORIENTED_EDGE('',*,*,#914,.F.);
#3429 = PLANE('',#3430);
#3430 = AXIS2_PLACEMENT_3D('',#3431,#3432,#3433);
#3431 = CARTESIAN_POINT('',(-132.0753033181,-6.9,-10.207));
#3432 = DIRECTION('',(0.115210704727,-0.,0.993341076125));
#3433 = DIRECTION('',(-0.993341076125,0.,0.115210704727));
#3434 = ADVANCED_FACE('',(#3435),#3453,.T.);
#3435 = FACE_BOUND('',#3436,.T.);
#3436 = EDGE_LOOP('',(#3437,#3438,#3446,#3452));
#3437 = ORIENTED_EDGE('',*,*,#3423,.T.);
#3438 = ORIENTED_EDGE('',*,*,#3439,.T.);
#3439 = EDGE_CURVE('',#3416,#3440,#3442,.T.);
#3440 = VERTEX_POINT('',#3441);
#3441 = CARTESIAN_POINT('',(-132.7922656454,2.034,-10.03178894536));
#3442 = LINE('',#3443,#3444);
#3443 = CARTESIAN_POINT('',(-132.2916438981,2.034,-10.24056512192));
#3444 = VECTOR('',#3445,1.);
#3445 = DIRECTION('',(-0.922956585384,-0.,0.384904067913));
#3446 = ORIENTED_EDGE('',*,*,#3447,.F.);
#3447 = EDGE_CURVE('',#899,#3440,#3448,.T.);
#3448 = LINE('',#3449,#3450);
#3449 = CARTESIAN_POINT('',(-132.7922656454,-6.9,-10.03178894536));
#3450 = VECTOR('',#3451,1.);
#3451 = DIRECTION('',(0.,1.,0.));
#3452 = ORIENTED_EDGE('',*,*,#906,.F.);
#3453 = PLANE('',#3454);
#3454 = AXIS2_PLACEMENT_3D('',#3455,#3456,#3457);
#3455 = CARTESIAN_POINT('',(-132.486484661,-6.9,-10.15930994325));
#3456 = DIRECTION('',(0.384904067913,-0.,0.922956585384));
#3457 = DIRECTION('',(-0.922956585384,0.,0.384904067913));
#3458 = ADVANCED_FACE('',(#3459),#3477,.T.);
#3459 = FACE_BOUND('',#3460,.T.);
#3460 = EDGE_LOOP('',(#3461,#3462,#3470,#3476));
#3461 = ORIENTED_EDGE('',*,*,#3447,.T.);
#3462 = ORIENTED_EDGE('',*,*,#3463,.T.);
#3463 = EDGE_CURVE('',#3440,#3464,#3466,.T.);
#3464 = VERTEX_POINT('',#3465);
#3465 = CARTESIAN_POINT('',(-133.0715837436,2.034,-9.817582160574));
#3466 = LINE('',#3467,#3468);
#3467 = CARTESIAN_POINT('',(-132.6371838532,2.034,-10.15071991437));
#3468 = VECTOR('',#3469,1.);
#3469 = DIRECTION('',(-0.793520057084,-0.,0.608544097831));
#3470 = ORIENTED_EDGE('',*,*,#3471,.F.);
#3471 = EDGE_CURVE('',#891,#3464,#3472,.T.);
#3472 = LINE('',#3473,#3474);
#3473 = CARTESIAN_POINT('',(-133.0715837436,-6.9,-9.817582160574));
#3474 = VECTOR('',#3475,1.);
#3475 = DIRECTION('',(0.,1.,0.));
#3476 = ORIENTED_EDGE('',*,*,#898,.F.);
#3477 = PLANE('',#3478);
#3478 = AXIS2_PLACEMENT_3D('',#3479,#3480,#3481);
#3479 = CARTESIAN_POINT('',(-132.7922656454,-6.9,-10.03178894536));
#3480 = DIRECTION('',(0.608544097831,-0.,0.793520057084));
#3481 = DIRECTION('',(-0.793520057084,0.,0.608544097831));
#3482 = ADVANCED_FACE('',(#3483),#3501,.T.);
#3483 = FACE_BOUND('',#3484,.T.);
#3484 = EDGE_LOOP('',(#3485,#3486,#3494,#3500));
#3485 = ORIENTED_EDGE('',*,*,#3471,.T.);
#3486 = ORIENTED_EDGE('',*,*,#3487,.T.);
#3487 = EDGE_CURVE('',#3464,#3488,#3490,.T.);
#3488 = VERTEX_POINT('',#3489);
#3489 = CARTESIAN_POINT('',(-133.2792734896,2.034,-9.546238062886));
#3490 = LINE('',#3491,#3492);
#3491 = CARTESIAN_POINT('',(-132.9508686181,2.034,-9.975294986808));
#3492 = VECTOR('',#3493,1.);
#3493 = DIRECTION('',(-0.607803342128,-0.,0.794087587926));
#3494 = ORIENTED_EDGE('',*,*,#3495,.F.);
#3495 = EDGE_CURVE('',#883,#3488,#3496,.T.);
#3496 = LINE('',#3497,#3498);
#3497 = CARTESIAN_POINT('',(-133.2792734896,-6.9,-9.546238062886));
#3498 = VECTOR('',#3499,1.);
#3499 = DIRECTION('',(0.,1.,0.));
#3500 = ORIENTED_EDGE('',*,*,#890,.F.);
#3501 = PLANE('',#3502);
#3502 = AXIS2_PLACEMENT_3D('',#3503,#3504,#3505);
#3503 = CARTESIAN_POINT('',(-133.0715837436,-6.9,-9.817582160574));
#3504 = DIRECTION('',(0.794087587926,-0.,0.607803342128));
#3505 = DIRECTION('',(-0.607803342128,0.,0.794087587926));
#3506 = ADVANCED_FACE('',(#3507),#3525,.T.);
#3507 = FACE_BOUND('',#3508,.T.);
#3508 = EDGE_LOOP('',(#3509,#3510,#3518,#3524));
#3509 = ORIENTED_EDGE('',*,*,#3495,.T.);
#3510 = ORIENTED_EDGE('',*,*,#3511,.T.);
#3511 = EDGE_CURVE('',#3488,#3512,#3514,.T.);
#3512 = VERTEX_POINT('',#3513);
#3513 = CARTESIAN_POINT('',(-133.4134503486,2.034,-9.224024619948));
#3514 = LINE('',#3515,#3516);
#3515 = CARTESIAN_POINT('',(-133.2042645031,2.034,-9.726365276977));
#3516 = VECTOR('',#3517,1.);
#3517 = DIRECTION('',(-0.384423148682,-0.,0.923156997892));
#3518 = ORIENTED_EDGE('',*,*,#3519,.F.);
#3519 = EDGE_CURVE('',#875,#3512,#3520,.T.);
#3520 = LINE('',#3521,#3522);
#3521 = CARTESIAN_POINT('',(-133.4134503486,-6.9,-9.224024619948));
#3522 = VECTOR('',#3523,1.);
#3523 = DIRECTION('',(0.,1.,0.));
#3524 = ORIENTED_EDGE('',*,*,#882,.F.);
#3525 = PLANE('',#3526);
#3526 = AXIS2_PLACEMENT_3D('',#3527,#3528,#3529);
#3527 = CARTESIAN_POINT('',(-133.2792734896,-6.9,-9.546238062886));
#3528 = DIRECTION('',(0.923156997892,-0.,0.384423148682));
#3529 = DIRECTION('',(-0.384423148682,0.,0.923156997892));
#3530 = ADVANCED_FACE('',(#3531),#3549,.T.);
#3531 = FACE_BOUND('',#3532,.T.);
#3532 = EDGE_LOOP('',(#3533,#3534,#3542,#3548));
#3533 = ORIENTED_EDGE('',*,*,#3519,.T.);
#3534 = ORIENTED_EDGE('',*,*,#3535,.T.);
#3535 = EDGE_CURVE('',#3512,#3536,#3538,.T.);
#3536 = VERTEX_POINT('',#3537);
#3537 = CARTESIAN_POINT('',(-133.4699836113,2.034,-8.81255571778));
#3538 = LINE('',#3539,#3540);
#3539 = CARTESIAN_POINT('',(-133.3869604445,2.034,-9.416827426523));
#3540 = VECTOR('',#3541,1.);
#3541 = DIRECTION('',(-0.136115048985,-0.,0.990693036939));
#3542 = ORIENTED_EDGE('',*,*,#3543,.F.);
#3543 = EDGE_CURVE('',#867,#3536,#3544,.T.);
#3544 = LINE('',#3545,#3546);
#3545 = CARTESIAN_POINT('',(-133.4699836113,-6.9,-8.81255571778));
#3546 = VECTOR('',#3547,1.);
#3547 = DIRECTION('',(0.,1.,0.));
#3548 = ORIENTED_EDGE('',*,*,#874,.F.);
#3549 = PLANE('',#3550);
#3550 = AXIS2_PLACEMENT_3D('',#3551,#3552,#3553);
#3551 = CARTESIAN_POINT('',(-133.4134503486,-6.9,-9.224024619948));
#3552 = DIRECTION('',(0.990693036939,-0.,0.136115048985));
#3553 = DIRECTION('',(-0.136115048985,0.,0.990693036939));
#3554 = ADVANCED_FACE('',(#3555),#3573,.T.);
#3555 = FACE_BOUND('',#3556,.T.);
#3556 = EDGE_LOOP('',(#3557,#3558,#3566,#3572));
#3557 = ORIENTED_EDGE('',*,*,#3543,.T.);
#3558 = ORIENTED_EDGE('',*,*,#3559,.T.);
#3559 = EDGE_CURVE('',#3536,#3560,#3562,.T.);
#3560 = VERTEX_POINT('',#3561);
#3561 = CARTESIAN_POINT('',(-133.4620137045,2.034,41.065113710134));
#3562 = LINE('',#3563,#3564);
#3563 = CARTESIAN_POINT('',(-133.4700000191,2.034,-8.915239683615));
#3564 = VECTOR('',#3565,1.);
#3565 = DIRECTION('',(1.597890763768E-04,0.,0.999999987234));
#3566 = ORIENTED_EDGE('',*,*,#3567,.F.);
#3567 = EDGE_CURVE('',#859,#3560,#3568,.T.);
#3568 = LINE('',#3569,#3570);
#3569 = CARTESIAN_POINT('',(-133.4620137045,-6.9,41.065113710134));
#3570 = VECTOR('',#3571,1.);
#3571 = DIRECTION('',(0.,1.,0.));
#3572 = ORIENTED_EDGE('',*,*,#866,.F.);
#3573 = PLANE('',#3574);
#3574 = AXIS2_PLACEMENT_3D('',#3575,#3576,#3577);
#3575 = CARTESIAN_POINT('',(-133.4699836113,-6.9,-8.81255571778));
#3576 = DIRECTION('',(0.999999987234,0.,-1.597890763768E-04));
#3577 = DIRECTION('',(1.597890763768E-04,0.,0.999999987234));
#3578 = ADVANCED_FACE('',(#3579),#3597,.T.);
#3579 = FACE_BOUND('',#3580,.T.);
#3580 = EDGE_LOOP('',(#3581,#3582,#3590,#3596));
#3581 = ORIENTED_EDGE('',*,*,#3567,.T.);
#3582 = ORIENTED_EDGE('',*,*,#3583,.T.);
#3583 = EDGE_CURVE('',#3560,#3584,#3586,.T.);
#3584 = VERTEX_POINT('',#3585);
#3585 = CARTESIAN_POINT('',(-133.4149006972,2.034,41.475753008006));
#3586 = LINE('',#3587,#3588);
#3587 = CARTESIAN_POINT('',(-133.4717759738,2.034,40.980025288784));
#3588 = VECTOR('',#3589,1.);
#3589 = DIRECTION('',(0.113983140811,0.,0.993482684102));
#3590 = ORIENTED_EDGE('',*,*,#3591,.F.);
#3591 = EDGE_CURVE('',#851,#3584,#3592,.T.);
#3592 = LINE('',#3593,#3594);
#3593 = CARTESIAN_POINT('',(-133.4149006972,-6.9,41.475753008006));
#3594 = VECTOR('',#3595,1.);
#3595 = DIRECTION('',(0.,1.,0.));
#3596 = ORIENTED_EDGE('',*,*,#858,.F.);
#3597 = PLANE('',#3598);
#3598 = AXIS2_PLACEMENT_3D('',#3599,#3600,#3601);
#3599 = CARTESIAN_POINT('',(-133.4620137045,-6.9,41.065113710134));
#3600 = DIRECTION('',(0.993482684102,0.,-0.113983140811));
#3601 = DIRECTION('',(0.113983140811,0.,0.993482684102));
#3602 = ADVANCED_FACE('',(#3603),#3621,.T.);
#3603 = FACE_BOUND('',#3604,.T.);
#3604 = EDGE_LOOP('',(#3605,#3606,#3614,#3620));
#3605 = ORIENTED_EDGE('',*,*,#3591,.T.);
#3606 = ORIENTED_EDGE('',*,*,#3607,.T.);
#3607 = EDGE_CURVE('',#3584,#3608,#3610,.T.);
#3608 = VERTEX_POINT('',#3609);
#3609 = CARTESIAN_POINT('',(-133.2878587684,2.034,41.780832569498));
#3610 = LINE('',#3611,#3612);
#3611 = CARTESIAN_POINT('',(-133.4962645031,2.034,41.280365276977));
#3612 = VECTOR('',#3613,1.);
#3613 = DIRECTION('',(0.384423148682,0.,0.923156997892));
#3614 = ORIENTED_EDGE('',*,*,#3615,.F.);
#3615 = EDGE_CURVE('',#843,#3608,#3616,.T.);
#3616 = LINE('',#3617,#3618);
#3617 = CARTESIAN_POINT('',(-133.2878587684,-6.9,41.780832569498));
#3618 = VECTOR('',#3619,1.);
#3619 = DIRECTION('',(0.,1.,0.));
#3620 = ORIENTED_EDGE('',*,*,#850,.F.);
#3621 = PLANE('',#3622);
#3622 = AXIS2_PLACEMENT_3D('',#3623,#3624,#3625);
#3623 = CARTESIAN_POINT('',(-133.4149006972,-6.9,41.475753008006));
#3624 = DIRECTION('',(0.923156997892,0.,-0.384423148682));
#3625 = DIRECTION('',(0.384423148682,0.,0.923156997892));
#3626 = ADVANCED_FACE('',(#3627),#3645,.T.);
#3627 = FACE_BOUND('',#3628,.T.);
#3628 = EDGE_LOOP('',(#3629,#3630,#3638,#3644));
#3629 = ORIENTED_EDGE('',*,*,#3615,.T.);
#3630 = ORIENTED_EDGE('',*,*,#3631,.T.);
#3631 = EDGE_CURVE('',#3608,#3632,#3634,.T.);
#3632 = VERTEX_POINT('',#3633);
#3633 = CARTESIAN_POINT('',(-133.073728684,2.034,42.05943698702));
#3634 = LINE('',#3635,#3636);
#3635 = CARTESIAN_POINT('',(-133.4076907012,2.034,41.624919373421));
#3636 = VECTOR('',#3637,1.);
#3637 = DIRECTION('',(0.609387084386,0.,0.792872865839));
#3638 = ORIENTED_EDGE('',*,*,#3639,.F.);
#3639 = EDGE_CURVE('',#835,#3632,#3640,.T.);
#3640 = LINE('',#3641,#3642);
#3641 = CARTESIAN_POINT('',(-133.073728684,-6.9,42.05943698702));
#3642 = VECTOR('',#3643,1.);
#3643 = DIRECTION('',(0.,1.,0.));
#3644 = ORIENTED_EDGE('',*,*,#842,.F.);
#3645 = PLANE('',#3646);
#3646 = AXIS2_PLACEMENT_3D('',#3647,#3648,#3649);
#3647 = CARTESIAN_POINT('',(-133.2878587684,-6.9,41.780832569498));
#3648 = DIRECTION('',(0.792872865839,0.,-0.609387084386));
#3649 = DIRECTION('',(0.609387084386,0.,0.792872865839));
#3650 = ADVANCED_FACE('',(#3651),#3669,.T.);
#3651 = FACE_BOUND('',#3652,.T.);
#3652 = EDGE_LOOP('',(#3653,#3654,#3662,#3668));
#3653 = ORIENTED_EDGE('',*,*,#3639,.T.);
#3654 = ORIENTED_EDGE('',*,*,#3655,.T.);
#3655 = EDGE_CURVE('',#3632,#3656,#3658,.T.);
#3656 = VERTEX_POINT('',#3657);
#3657 = CARTESIAN_POINT('',(-132.8016831229,2.034,42.267197809391));
#3658 = LINE('',#3659,#3660);
#3659 = CARTESIAN_POINT('',(-133.2315827085,2.034,41.938884084736));
#3660 = VECTOR('',#3661,1.);
#3661 = DIRECTION('',(0.794743943509,0.,0.606944860968));
#3662 = ORIENTED_EDGE('',*,*,#3663,.F.);
#3663 = EDGE_CURVE('',#827,#3656,#3664,.T.);
#3664 = LINE('',#3665,#3666);
#3665 = CARTESIAN_POINT('',(-132.8016831229,-6.9,42.267197809391));
#3666 = VECTOR('',#3667,1.);
#3667 = DIRECTION('',(0.,1.,0.));
#3668 = ORIENTED_EDGE('',*,*,#834,.F.);
#3669 = PLANE('',#3670);
#3670 = AXIS2_PLACEMENT_3D('',#3671,#3672,#3673);
#3671 = CARTESIAN_POINT('',(-133.073728684,-6.9,42.05943698702));
#3672 = DIRECTION('',(0.606944860968,0.,-0.794743943509));
#3673 = DIRECTION('',(0.794743943509,0.,0.606944860968));
#3674 = ADVANCED_FACE('',(#3675),#3693,.T.);
#3675 = FACE_BOUND('',#3676,.T.);
#3676 = EDGE_LOOP('',(#3677,#3678,#3686,#3692));
#3677 = ORIENTED_EDGE('',*,*,#3663,.T.);
#3678 = ORIENTED_EDGE('',*,*,#3679,.T.);
#3679 = EDGE_CURVE('',#3656,#3680,#3682,.T.);
#3680 = VERTEX_POINT('',#3681);
#3681 = CARTESIAN_POINT('',(-132.4798595493,2.034,42.40140910877));
#3682 = LINE('',#3683,#3684);
#3683 = CARTESIAN_POINT('',(-132.9806438981,2.034,42.192565121924));
#3684 = VECTOR('',#3685,1.);
#3685 = DIRECTION('',(0.922956585384,0.,0.384904067913));
#3686 = ORIENTED_EDGE('',*,*,#3687,.F.);
#3687 = EDGE_CURVE('',#819,#3680,#3688,.T.);
#3688 = LINE('',#3689,#3690);
#3689 = CARTESIAN_POINT('',(-132.4798595493,-6.9,42.40140910877));
#3690 = VECTOR('',#3691,1.);
#3691 = DIRECTION('',(0.,1.,0.));
#3692 = ORIENTED_EDGE('',*,*,#826,.F.);
#3693 = PLANE('',#3694);
#3694 = AXIS2_PLACEMENT_3D('',#3695,#3696,#3697);
#3695 = CARTESIAN_POINT('',(-132.8016831229,-6.9,42.267197809391));
#3696 = DIRECTION('',(0.384904067913,0.,-0.922956585384));
#3697 = DIRECTION('',(0.922956585384,0.,0.384904067913));
#3698 = ADVANCED_FACE('',(#3699),#3717,.T.);
#3699 = FACE_BOUND('',#3700,.T.);
#3700 = EDGE_LOOP('',(#3701,#3702,#3710,#3716));
#3701 = ORIENTED_EDGE('',*,*,#3687,.T.);
#3702 = ORIENTED_EDGE('',*,*,#3703,.T.);
#3703 = EDGE_CURVE('',#3680,#3704,#3706,.T.);
#3704 = VERTEX_POINT('',#3705);
#3705 = CARTESIAN_POINT('',(-132.0595084462,2.034,42.459023665568));
#3706 = LINE('',#3707,#3708);
#3707 = CARTESIAN_POINT('',(-132.6733099776,2.034,42.374894224893));
#3708 = VECTOR('',#3709,1.);
#3709 = DIRECTION('',(0.990737183405,0.,0.135793348215));
#3710 = ORIENTED_EDGE('',*,*,#3711,.F.);
#3711 = EDGE_CURVE('',#811,#3704,#3712,.T.);
#3712 = LINE('',#3713,#3714);
#3713 = CARTESIAN_POINT('',(-132.0595084462,-6.9,42.459023665568));
#3714 = VECTOR('',#3715,1.);
#3715 = DIRECTION('',(0.,1.,0.));
#3716 = ORIENTED_EDGE('',*,*,#818,.F.);
#3717 = PLANE('',#3718);
#3718 = AXIS2_PLACEMENT_3D('',#3719,#3720,#3721);
#3719 = CARTESIAN_POINT('',(-132.4798595493,-6.9,42.40140910877));
#3720 = DIRECTION('',(0.135793348215,0.,-0.990737183405));
#3721 = DIRECTION('',(0.990737183405,0.,0.135793348215));
#3722 = ADVANCED_FACE('',(#3723),#3741,.T.);
#3723 = FACE_BOUND('',#3724,.T.);
#3724 = EDGE_LOOP('',(#3725,#3726,#3734,#3740));
#3725 = ORIENTED_EDGE('',*,*,#3711,.T.);
#3726 = ORIENTED_EDGE('',*,*,#3727,.T.);
#3727 = EDGE_CURVE('',#3704,#3728,#3730,.T.);
#3728 = VERTEX_POINT('',#3729);
#3729 = CARTESIAN_POINT('',(-97.57365305887,2.034,42.467000040123));
#3730 = LINE('',#3731,#3732);
#3731 = CARTESIAN_POINT('',(-132.1616530588,2.034,42.459000040123));
#3732 = VECTOR('',#3733,1.);
#3733 = DIRECTION('',(0.999999973252,0.,2.312940842491E-04));
#3734 = ORIENTED_EDGE('',*,*,#3735,.F.);
#3735 = EDGE_CURVE('',#802,#3728,#3736,.T.);
#3736 = LINE('',#3737,#3738);
#3737 = CARTESIAN_POINT('',(-97.57365305887,-6.9,42.467000040123));
#3738 = VECTOR('',#3739,1.);
#3739 = DIRECTION('',(0.,1.,0.));
#3740 = ORIENTED_EDGE('',*,*,#810,.F.);
#3741 = PLANE('',#3742);
#3742 = AXIS2_PLACEMENT_3D('',#3743,#3744,#3745);
#3743 = CARTESIAN_POINT('',(-132.0595084462,-6.9,42.459023665568));
#3744 = DIRECTION('',(2.312940842491E-04,0.,-0.999999973252));
#3745 = DIRECTION('',(0.999999973252,0.,2.312940842491E-04));
#3746 = ADVANCED_FACE('',(#3747),#3766,.T.);
#3747 = FACE_BOUND('',#3748,.T.);
#3748 = EDGE_LOOP('',(#3749,#3750,#3759,#3765));
#3749 = ORIENTED_EDGE('',*,*,#3735,.T.);
#3750 = ORIENTED_EDGE('',*,*,#3751,.T.);
#3751 = EDGE_CURVE('',#3728,#3752,#3754,.T.);
#3752 = VERTEX_POINT('',#3753);
#3753 = CARTESIAN_POINT('',(-96.074,2.034,43.967));
#3754 = CIRCLE('',#3755,1.5);
#3755 = AXIS2_PLACEMENT_3D('',#3756,#3757,#3758);
#3756 = CARTESIAN_POINT('',(-97.574,2.034,43.967));
#3757 = DIRECTION('',(0.,-1.,-0.));
#3758 = DIRECTION('',(-0.999999973252,0.,-2.312940842491E-04));
#3759 = ORIENTED_EDGE('',*,*,#3760,.F.);
#3760 = EDGE_CURVE('',#794,#3752,#3761,.T.);
#3761 = LINE('',#3762,#3763);
#3762 = CARTESIAN_POINT('',(-96.074,-6.9,43.967));
#3763 = VECTOR('',#3764,1.);
#3764 = DIRECTION('',(0.,1.,0.));
#3765 = ORIENTED_EDGE('',*,*,#801,.F.);
#3766 = CYLINDRICAL_SURFACE('',#3767,1.5);
#3767 = AXIS2_PLACEMENT_3D('',#3768,#3769,#3770);
#3768 = CARTESIAN_POINT('',(-97.574,-6.9,43.967));
#3769 = DIRECTION('',(0.,-1.,-0.));
#3770 = DIRECTION('',(-0.999999973252,0.,-2.312940842491E-04));
#3771 = ADVANCED_FACE('',(#3772),#3790,.T.);
#3772 = FACE_BOUND('',#3773,.T.);
#3773 = EDGE_LOOP('',(#3774,#3775,#3783,#3789));
#3774 = ORIENTED_EDGE('',*,*,#3760,.T.);
#3775 = ORIENTED_EDGE('',*,*,#3776,.T.);
#3776 = EDGE_CURVE('',#3752,#3777,#3779,.T.);
#3777 = VERTEX_POINT('',#3778);
#3778 = CARTESIAN_POINT('',(-96.074,2.034,45.780764665744));
#3779 = LINE('',#3780,#3781);
#3780 = CARTESIAN_POINT('',(-96.074,2.034,43.967));
#3781 = VECTOR('',#3782,1.);
#3782 = DIRECTION('',(0.,0.,1.));
#3783 = ORIENTED_EDGE('',*,*,#3784,.F.);
#3784 = EDGE_CURVE('',#786,#3777,#3785,.T.);
#3785 = LINE('',#3786,#3787);
#3786 = CARTESIAN_POINT('',(-96.074,-6.9,45.780764665744));
#3787 = VECTOR('',#3788,1.);
#3788 = DIRECTION('',(0.,1.,0.));
#3789 = ORIENTED_EDGE('',*,*,#793,.F.);
#3790 = PLANE('',#3791);
#3791 = AXIS2_PLACEMENT_3D('',#3792,#3793,#3794);
#3792 = CARTESIAN_POINT('',(-96.074,-6.9,43.967));
#3793 = DIRECTION('',(1.,0.,0.));
#3794 = DIRECTION('',(0.,0.,1.));
#3795 = ADVANCED_FACE('',(#3796),#3814,.T.);
#3796 = FACE_BOUND('',#3797,.T.);
#3797 = EDGE_LOOP('',(#3798,#3799,#3807,#3813));
#3798 = ORIENTED_EDGE('',*,*,#3784,.T.);
#3799 = ORIENTED_EDGE('',*,*,#3800,.T.);
#3800 = EDGE_CURVE('',#3777,#3801,#3803,.T.);
#3801 = VERTEX_POINT('',#3802);
#3802 = CARTESIAN_POINT('',(-96.0141165991,2.034,46.22683489688));
#3803 = LINE('',#3804,#3805);
#3804 = CARTESIAN_POINT('',(-96.08733660984,2.034,45.681420531185));
#3805 = VECTOR('',#3806,1.);
#3806 = DIRECTION('',(0.13305297921,0.,0.99110892677));
#3807 = ORIENTED_EDGE('',*,*,#3808,.F.);
#3808 = EDGE_CURVE('',#778,#3801,#3809,.T.);
#3809 = LINE('',#3810,#3811);
#3810 = CARTESIAN_POINT('',(-96.0141165991,-6.9,46.22683489688));
#3811 = VECTOR('',#3812,1.);
#3812 = DIRECTION('',(0.,1.,0.));
#3813 = ORIENTED_EDGE('',*,*,#785,.F.);
#3814 = PLANE('',#3815);
#3815 = AXIS2_PLACEMENT_3D('',#3816,#3817,#3818);
#3816 = CARTESIAN_POINT('',(-96.074,-6.9,45.780764665744));
#3817 = DIRECTION('',(0.99110892677,0.,-0.13305297921));
#3818 = DIRECTION('',(0.13305297921,0.,0.99110892677));
#3819 = ADVANCED_FACE('',(#3820),#3838,.T.);
#3820 = FACE_BOUND('',#3821,.T.);
#3821 = EDGE_LOOP('',(#3822,#3823,#3831,#3837));
#3822 = ORIENTED_EDGE('',*,*,#3808,.T.);
#3823 = ORIENTED_EDGE('',*,*,#3824,.T.);
#3824 = EDGE_CURVE('',#3801,#3825,#3827,.T.);
#3825 = VERTEX_POINT('',#3826);
#3826 = CARTESIAN_POINT('',(-95.88587570706,2.034,46.547437126985));
#3827 = LINE('',#3828,#3829);
#3828 = CARTESIAN_POINT('',(-96.08328496367,2.034,46.053913985469));
#3829 = VECTOR('',#3830,1.);
#3830 = DIRECTION('',(0.371390676354,0.,0.928476690885));
#3831 = ORIENTED_EDGE('',*,*,#3832,.F.);
#3832 = EDGE_CURVE('',#770,#3825,#3833,.T.);
#3833 = LINE('',#3834,#3835);
#3834 = CARTESIAN_POINT('',(-95.88587570706,-6.9,46.547437126985));
#3835 = VECTOR('',#3836,1.);
#3836 = DIRECTION('',(0.,1.,0.));
#3837 = ORIENTED_EDGE('',*,*,#777,.F.);
#3838 = PLANE('',#3839);
#3839 = AXIS2_PLACEMENT_3D('',#3840,#3841,#3842);
#3840 = CARTESIAN_POINT('',(-96.0141165991,-6.9,46.22683489688));
#3841 = DIRECTION('',(0.928476690885,0.,-0.371390676354));
#3842 = DIRECTION('',(0.371390676354,0.,0.928476690885));
#3843 = ADVANCED_FACE('',(#3844),#3862,.T.);
#3844 = FACE_BOUND('',#3845,.T.);
#3845 = EDGE_LOOP('',(#3846,#3847,#3855,#3861));
#3846 = ORIENTED_EDGE('',*,*,#3832,.T.);
#3847 = ORIENTED_EDGE('',*,*,#3848,.T.);
#3848 = EDGE_CURVE('',#3825,#3849,#3851,.T.);
#3849 = VERTEX_POINT('',#3850);
#3850 = CARTESIAN_POINT('',(-95.67705382329,2.034,46.816053823292));
#3851 = LINE('',#3852,#3853);
#3852 = CARTESIAN_POINT('',(-96.01575332664,2.034,46.380369880648));
#3853 = VECTOR('',#3854,1.);
#3854 = DIRECTION('',(0.613753412901,0.,0.789497782234));
#3855 = ORIENTED_EDGE('',*,*,#3856,.F.);
#3856 = EDGE_CURVE('',#762,#3849,#3857,.T.);
#3857 = LINE('',#3858,#3859);
#3858 = CARTESIAN_POINT('',(-95.67705382329,-6.9,46.816053823292));
#3859 = VECTOR('',#3860,1.);
#3860 = DIRECTION('',(0.,1.,0.));
#3861 = ORIENTED_EDGE('',*,*,#769,.F.);
#3862 = PLANE('',#3863);
#3863 = AXIS2_PLACEMENT_3D('',#3864,#3865,#3866);
#3864 = CARTESIAN_POINT('',(-95.88587570706,-6.9,46.547437126985));
#3865 = DIRECTION('',(0.789497782234,0.,-0.613753412901));
#3866 = DIRECTION('',(0.613753412901,0.,0.789497782234));
#3867 = ADVANCED_FACE('',(#3868),#3886,.T.);
#3868 = FACE_BOUND('',#3869,.T.);
#3869 = EDGE_LOOP('',(#3870,#3871,#3879,#3885));
#3870 = ORIENTED_EDGE('',*,*,#3856,.T.);
#3871 = ORIENTED_EDGE('',*,*,#3872,.T.);
#3872 = EDGE_CURVE('',#3849,#3873,#3875,.T.);
#3873 = VERTEX_POINT('',#3874);
#3874 = CARTESIAN_POINT('',(-95.40242947041,2.034,47.02954604282));
#3875 = LINE('',#3876,#3877);
#3876 = CARTESIAN_POINT('',(-95.82536988064,2.034,46.700753326649));
#3877 = VECTOR('',#3878,1.);
#3878 = DIRECTION('',(0.789497782234,0.,0.613753412901));
#3879 = ORIENTED_EDGE('',*,*,#3880,.F.);
#3880 = EDGE_CURVE('',#754,#3873,#3881,.T.);
#3881 = LINE('',#3882,#3883);
#3882 = CARTESIAN_POINT('',(-95.40242947041,-6.9,47.02954604282));
#3883 = VECTOR('',#3884,1.);
#3884 = DIRECTION('',(0.,1.,0.));
#3885 = ORIENTED_EDGE('',*,*,#761,.F.);
#3886 = PLANE('',#3887);
#3887 = AXIS2_PLACEMENT_3D('',#3888,#3889,#3890);
#3888 = CARTESIAN_POINT('',(-95.67705382329,-6.9,46.816053823292));
#3889 = DIRECTION('',(0.613753412901,0.,-0.789497782234));
#3890 = DIRECTION('',(0.789497782234,0.,0.613753412901));
#3891 = ADVANCED_FACE('',(#3892),#3910,.T.);
#3892 = FACE_BOUND('',#3893,.T.);
#3893 = EDGE_LOOP('',(#3894,#3895,#3903,#3909));
#3894 = ORIENTED_EDGE('',*,*,#3880,.T.);
#3895 = ORIENTED_EDGE('',*,*,#3896,.T.);
#3896 = EDGE_CURVE('',#3873,#3897,#3899,.T.);
#3897 = VERTEX_POINT('',#3898);
#3898 = CARTESIAN_POINT('',(-95.0802453774,2.034,47.162155147771));
#3899 = LINE('',#3900,#3901);
#3900 = CARTESIAN_POINT('',(-95.59107751675,2.034,46.951899600561));
#3901 = VECTOR('',#3902,1.);
#3902 = DIRECTION('',(0.924733599626,0.,0.380614988831));
#3903 = ORIENTED_EDGE('',*,*,#3904,.F.);
#3904 = EDGE_CURVE('',#746,#3897,#3905,.T.);
#3905 = LINE('',#3906,#3907);
#3906 = CARTESIAN_POINT('',(-95.0802453774,-6.9,47.162155147771));
#3907 = VECTOR('',#3908,1.);
#3908 = DIRECTION('',(0.,1.,0.));
#3909 = ORIENTED_EDGE('',*,*,#753,.F.);
#3910 = PLANE('',#3911);
#3911 = AXIS2_PLACEMENT_3D('',#3912,#3913,#3914);
#3912 = CARTESIAN_POINT('',(-95.40242947041,-6.9,47.02954604282));
#3913 = DIRECTION('',(0.380614988831,0.,-0.924733599626));
#3914 = DIRECTION('',(0.924733599626,0.,0.380614988831));
#3915 = ADVANCED_FACE('',(#3916),#3934,.T.);
#3916 = FACE_BOUND('',#3917,.T.);
#3917 = EDGE_LOOP('',(#3918,#3919,#3927,#3933));
#3918 = ORIENTED_EDGE('',*,*,#3904,.T.);
#3919 = ORIENTED_EDGE('',*,*,#3920,.T.);
#3920 = EDGE_CURVE('',#3897,#3921,#3923,.T.);
#3921 = VERTEX_POINT('',#3922);
#3922 = CARTESIAN_POINT('',(-94.6492479535,2.034,47.220059233807));
#3923 = LINE('',#3924,#3925);
#3924 = CARTESIAN_POINT('',(-95.27227091439,2.034,47.13635670305));
#3925 = VECTOR('',#3926,1.);
#3926 = DIRECTION('',(0.9910955313,0.,0.133152723734));
#3927 = ORIENTED_EDGE('',*,*,#3928,.F.);
#3928 = EDGE_CURVE('',#738,#3921,#3929,.T.);
#3929 = LINE('',#3930,#3931);
#3930 = CARTESIAN_POINT('',(-94.6492479535,-6.9,47.220059233807));
#3931 = VECTOR('',#3932,1.);
#3932 = DIRECTION('',(0.,1.,0.));
#3933 = ORIENTED_EDGE('',*,*,#745,.F.);
#3934 = PLANE('',#3935);
#3935 = AXIS2_PLACEMENT_3D('',#3936,#3937,#3938);
#3936 = CARTESIAN_POINT('',(-95.0802453774,-6.9,47.162155147771));
#3937 = DIRECTION('',(0.133152723734,0.,-0.9910955313));
#3938 = DIRECTION('',(0.9910955313,0.,0.133152723734));
#3939 = ADVANCED_FACE('',(#3940),#3958,.T.);
#3940 = FACE_BOUND('',#3941,.T.);
#3941 = EDGE_LOOP('',(#3942,#3943,#3951,#3957));
#3942 = ORIENTED_EDGE('',*,*,#3928,.T.);
#3943 = ORIENTED_EDGE('',*,*,#3944,.T.);
#3944 = EDGE_CURVE('',#3921,#3945,#3947,.T.);
#3945 = VERTEX_POINT('',#3946);
#3946 = CARTESIAN_POINT('',(-79.5081142315,2.034,47.229000261529));
#3947 = LINE('',#3948,#3949);
#3948 = CARTESIAN_POINT('',(-94.7491142315,2.034,47.220000261529));
#3949 = VECTOR('',#3950,1.);
#3950 = DIRECTION('',(0.999999825648,0.,5.905123306101E-04));
#3951 = ORIENTED_EDGE('',*,*,#3952,.F.);
#3952 = EDGE_CURVE('',#729,#3945,#3953,.T.);
#3953 = LINE('',#3954,#3955);
#3954 = CARTESIAN_POINT('',(-79.5081142315,-6.9,47.229000261529));
#3955 = VECTOR('',#3956,1.);
#3956 = DIRECTION('',(0.,1.,0.));
#3957 = ORIENTED_EDGE('',*,*,#737,.F.);
#3958 = PLANE('',#3959);
#3959 = AXIS2_PLACEMENT_3D('',#3960,#3961,#3962);
#3960 = CARTESIAN_POINT('',(-94.6492479535,-6.9,47.220059233807));
#3961 = DIRECTION('',(5.905123306101E-04,0.,-0.999999825648));
#3962 = DIRECTION('',(0.999999825648,0.,5.905123306101E-04));
#3963 = ADVANCED_FACE('',(#3964),#3983,.T.);
#3964 = FACE_BOUND('',#3965,.T.);
#3965 = EDGE_LOOP('',(#3966,#3967,#3976,#3982));
#3966 = ORIENTED_EDGE('',*,*,#3952,.T.);
#3967 = ORIENTED_EDGE('',*,*,#3968,.T.);
#3968 = EDGE_CURVE('',#3945,#3969,#3971,.T.);
#3969 = VERTEX_POINT('',#3970);
#3970 = CARTESIAN_POINT('',(-78.0766821863,2.034,48.28350512847));
#3971 = CIRCLE('',#3972,1.5);
#3972 = AXIS2_PLACEMENT_3D('',#3973,#3974,#3975);
#3973 = CARTESIAN_POINT('',(-79.509,2.034,48.729));
#3974 = DIRECTION('',(0.,-1.,-0.));
#3975 = DIRECTION('',(-0.999999825648,0.,-5.905123306101E-04));
#3976 = ORIENTED_EDGE('',*,*,#3977,.F.);
#3977 = EDGE_CURVE('',#721,#3969,#3978,.T.);
#3978 = LINE('',#3979,#3980);
#3979 = CARTESIAN_POINT('',(-78.0766821863,-6.9,48.28350512847));
#3980 = VECTOR('',#3981,1.);
#3981 = DIRECTION('',(0.,1.,0.));
#3982 = ORIENTED_EDGE('',*,*,#728,.F.);
#3983 = CYLINDRICAL_SURFACE('',#3984,1.5);
#3984 = AXIS2_PLACEMENT_3D('',#3985,#3986,#3987);
#3985 = CARTESIAN_POINT('',(-79.509,-6.9,48.729));
#3986 = DIRECTION('',(0.,-1.,-0.));
#3987 = DIRECTION('',(-0.999999825648,0.,-5.905123306101E-04));
#3988 = ADVANCED_FACE('',(#3989),#4007,.T.);
#3989 = FACE_BOUND('',#3990,.T.);
#3990 = EDGE_LOOP('',(#3991,#3992,#4000,#4006));
#3991 = ORIENTED_EDGE('',*,*,#3977,.T.);
#3992 = ORIENTED_EDGE('',*,*,#3993,.T.);
#3993 = EDGE_CURVE('',#3969,#3994,#3996,.T.);
#3994 = VERTEX_POINT('',#3995);
#3995 = CARTESIAN_POINT('',(-77.95463447053,2.034,48.675902726258));
#3996 = LINE('',#3997,#3998);
#3997 = CARTESIAN_POINT('',(-78.0766821863,2.034,48.28350512847));
#3998 = VECTOR('',#3999,1.);
#3999 = DIRECTION('',(0.29699658102,0.,0.954878542466));
#4000 = ORIENTED_EDGE('',*,*,#4001,.F.);
#4001 = EDGE_CURVE('',#713,#3994,#4002,.T.);
#4002 = LINE('',#4003,#4004);
#4003 = CARTESIAN_POINT('',(-77.95463447053,-6.9,48.675902726258));
#4004 = VECTOR('',#4005,1.);
#4005 = DIRECTION('',(0.,1.,0.));
#4006 = ORIENTED_EDGE('',*,*,#720,.F.);
#4007 = PLANE('',#4008);
#4008 = AXIS2_PLACEMENT_3D('',#4009,#4010,#4011);
#4009 = CARTESIAN_POINT('',(-78.0766821863,-6.9,48.28350512847));
#4010 = DIRECTION('',(0.954878542466,0.,-0.29699658102));
#4011 = DIRECTION('',(0.29699658102,0.,0.954878542466));
#4012 = ADVANCED_FACE('',(#4013),#4031,.T.);
#4013 = FACE_BOUND('',#4014,.T.);
#4014 = EDGE_LOOP('',(#4015,#4016,#4024,#4030));
#4015 = ORIENTED_EDGE('',*,*,#4001,.T.);
#4016 = ORIENTED_EDGE('',*,*,#4017,.T.);
#4017 = EDGE_CURVE('',#3994,#4018,#4020,.T.);
#4018 = VERTEX_POINT('',#4019);
#4019 = CARTESIAN_POINT('',(-77.80710825083,2.034,48.930678165985));
#4020 = LINE('',#4021,#4022);
#4021 = CARTESIAN_POINT('',(-78.0389150317,2.034,48.530351534902));
#4022 = VECTOR('',#4023,1.);
#4023 = DIRECTION('',(0.501098976732,0.,0.865389978864));
#4024 = ORIENTED_EDGE('',*,*,#4025,.F.);
#4025 = EDGE_CURVE('',#705,#4018,#4026,.T.);
#4026 = LINE('',#4027,#4028);
#4027 = CARTESIAN_POINT('',(-77.80710825083,-6.9,48.930678165985));
#4028 = VECTOR('',#4029,1.);
#4029 = DIRECTION('',(0.,1.,0.));
#4030 = ORIENTED_EDGE('',*,*,#712,.F.);
#4031 = PLANE('',#4032);
#4032 = AXIS2_PLACEMENT_3D('',#4033,#4034,#4035);
#4033 = CARTESIAN_POINT('',(-77.95463447053,-6.9,48.675902726258));
#4034 = DIRECTION('',(0.865389978864,0.,-0.501098976732));
#4035 = DIRECTION('',(0.501098976732,0.,0.865389978864));
#4036 = ADVANCED_FACE('',(#4037),#4055,.T.);
#4037 = FACE_BOUND('',#4038,.T.);
#4038 = EDGE_LOOP('',(#4039,#4040,#4048,#4054));
#4039 = ORIENTED_EDGE('',*,*,#4025,.T.);
#4040 = ORIENTED_EDGE('',*,*,#4041,.T.);
#4041 = EDGE_CURVE('',#4018,#4042,#4044,.T.);
#4042 = VERTEX_POINT('',#4043);
#4043 = CARTESIAN_POINT('',(-77.5972230963,2.034,49.15809323184));
#4044 = LINE('',#4045,#4046);
#4045 = CARTESIAN_POINT('',(-77.91970679459,2.034,48.80867522918));
#4046 = VECTOR('',#4047,1.);
#4047 = DIRECTION('',(0.67821651388,0.,0.734862136935));
#4048 = ORIENTED_EDGE('',*,*,#4049,.F.);
#4049 = EDGE_CURVE('',#697,#4042,#4050,.T.);
#4050 = LINE('',#4051,#4052);
#4051 = CARTESIAN_POINT('',(-77.5972230963,-6.9,49.15809323184));
#4052 = VECTOR('',#4053,1.);
#4053 = DIRECTION('',(0.,1.,0.));
#4054 = ORIENTED_EDGE('',*,*,#704,.F.);
#4055 = PLANE('',#4056);
#4056 = AXIS2_PLACEMENT_3D('',#4057,#4058,#4059);
#4057 = CARTESIAN_POINT('',(-77.80710825083,-6.9,48.930678165985));
#4058 = DIRECTION('',(0.734862136935,0.,-0.67821651388));
#4059 = DIRECTION('',(0.67821651388,0.,0.734862136935));
#4060 = ADVANCED_FACE('',(#4061),#4079,.T.);
#4061 = FACE_BOUND('',#4062,.T.);
#4062 = EDGE_LOOP('',(#4063,#4064,#4072,#4078));
#4063 = ORIENTED_EDGE('',*,*,#4049,.T.);
#4064 = ORIENTED_EDGE('',*,*,#4065,.T.);
#4065 = EDGE_CURVE('',#4042,#4066,#4068,.T.);
#4066 = VERTEX_POINT('',#4067);
#4067 = CARTESIAN_POINT('',(-77.3280727417,2.034,49.338161964652));
#4068 = LINE('',#4069,#4070);
#4069 = CARTESIAN_POINT('',(-77.74491397358,2.034,49.059284113949));
#4070 = VECTOR('',#4071,1.);
#4071 = DIRECTION('',(0.831143924034,0.,0.556057350947));
#4072 = ORIENTED_EDGE('',*,*,#4073,.F.);
#4073 = EDGE_CURVE('',#689,#4066,#4074,.T.);
#4074 = LINE('',#4075,#4076);
#4075 = CARTESIAN_POINT('',(-77.3280727417,-6.9,49.338161964652));
#4076 = VECTOR('',#4077,1.);
#4077 = DIRECTION('',(0.,1.,0.));
#4078 = ORIENTED_EDGE('',*,*,#696,.F.);
#4079 = PLANE('',#4080);
#4080 = AXIS2_PLACEMENT_3D('',#4081,#4082,#4083);
#4081 = CARTESIAN_POINT('',(-77.5972230963,-6.9,49.15809323184));
#4082 = DIRECTION('',(0.556057350947,0.,-0.831143924034));
#4083 = DIRECTION('',(0.831143924034,0.,0.556057350947));
#4084 = ADVANCED_FACE('',(#4085),#4103,.T.);
#4085 = FACE_BOUND('',#4086,.T.);
#4086 = EDGE_LOOP('',(#4087,#4088,#4096,#4102));
#4087 = ORIENTED_EDGE('',*,*,#4073,.T.);
#4088 = ORIENTED_EDGE('',*,*,#4089,.T.);
#4089 = EDGE_CURVE('',#4066,#4090,#4092,.T.);
#4090 = VERTEX_POINT('',#4091);
#4091 = CARTESIAN_POINT('',(-77.04779851292,2.034,49.441444837921));
#4092 = LINE('',#4093,#4094);
#4093 = CARTESIAN_POINT('',(-77.49533607932,2.034,49.276524338615));
#4094 = VECTOR('',#4095,1.);
#4095 = DIRECTION('',(0.93831710759,0.,0.345775947115));
#4096 = ORIENTED_EDGE('',*,*,#4097,.F.);
#4097 = EDGE_CURVE('',#681,#4090,#4098,.T.);
#4098 = LINE('',#4099,#4100);
#4099 = CARTESIAN_POINT('',(-77.04779851292,-6.9,49.441444837921));
#4100 = VECTOR('',#4101,1.);
#4101 = DIRECTION('',(0.,1.,0.));
#4102 = ORIENTED_EDGE('',*,*,#688,.F.);
#4103 = PLANE('',#4104);
#4104 = AXIS2_PLACEMENT_3D('',#4105,#4106,#4107);
#4105 = CARTESIAN_POINT('',(-77.3280727417,-6.9,49.338161964652));
#4106 = DIRECTION('',(0.345775947115,0.,-0.93831710759));
#4107 = DIRECTION('',(0.93831710759,0.,0.345775947115));
#4108 = ADVANCED_FACE('',(#4109),#4127,.T.);
#4109 = FACE_BOUND('',#4110,.T.);
#4110 = EDGE_LOOP('',(#4111,#4112,#4120,#4126));
#4111 = ORIENTED_EDGE('',*,*,#4097,.T.);
#4112 = ORIENTED_EDGE('',*,*,#4113,.T.);
#4113 = EDGE_CURVE('',#4090,#4114,#4116,.T.);
#4114 = VERTEX_POINT('',#4115);
#4115 = CARTESIAN_POINT('',(-76.67958488109,2.034,49.483908653282));
#4116 = LINE('',#4117,#4118);
#4117 = CARTESIAN_POINT('',(-77.22615318973,2.034,49.420876289095));
#4118 = VECTOR('',#4119,1.);
#4119 = DIRECTION('',(0.99341580727,0.,0.114564540175));
#4120 = ORIENTED_EDGE('',*,*,#4121,.F.);
#4121 = EDGE_CURVE('',#673,#4114,#4122,.T.);
#4122 = LINE('',#4123,#4124);
#4123 = CARTESIAN_POINT('',(-76.67958488109,-6.9,49.483908653282));
#4124 = VECTOR('',#4125,1.);
#4125 = DIRECTION('',(0.,1.,0.));
#4126 = ORIENTED_EDGE('',*,*,#680,.F.);
#4127 = PLANE('',#4128);
#4128 = AXIS2_PLACEMENT_3D('',#4129,#4130,#4131);
#4129 = CARTESIAN_POINT('',(-77.04779851292,-6.9,49.441444837921));
#4130 = DIRECTION('',(0.114564540175,0.,-0.99341580727));
#4131 = DIRECTION('',(0.99341580727,0.,0.114564540175));
#4132 = ADVANCED_FACE('',(#4133),#4151,.T.);
#4133 = FACE_BOUND('',#4134,.T.);
#4134 = EDGE_LOOP('',(#4135,#4136,#4144,#4150));
#4135 = ORIENTED_EDGE('',*,*,#4121,.T.);
#4136 = ORIENTED_EDGE('',*,*,#4137,.T.);
#4137 = EDGE_CURVE('',#4114,#4138,#4140,.T.);
#4138 = VERTEX_POINT('',#4139);
#4139 = CARTESIAN_POINT('',(-60.80693035705,2.034,49.467090208573));
#4140 = LINE('',#4141,#4142);
#4141 = CARTESIAN_POINT('',(-76.76658937831,2.034,49.484000842041));
#4142 = VECTOR('',#4143,1.);
#4143 = DIRECTION('',(0.999999438639,0.,-1.05958554331E-03));
#4144 = ORIENTED_EDGE('',*,*,#4145,.F.);
#4145 = EDGE_CURVE('',#665,#4138,#4146,.T.);
#4146 = LINE('',#4147,#4148);
#4147 = CARTESIAN_POINT('',(-60.80693035705,-6.9,49.467090208573));
#4148 = VECTOR('',#4149,1.);
#4149 = DIRECTION('',(0.,1.,0.));
#4150 = ORIENTED_EDGE('',*,*,#672,.F.);
#4151 = PLANE('',#4152);
#4152 = AXIS2_PLACEMENT_3D('',#4153,#4154,#4155);
#4153 = CARTESIAN_POINT('',(-76.67958488109,-6.9,49.483908653282));
#4154 = DIRECTION('',(-1.05958554331E-03,0.,-0.999999438639));
#4155 = DIRECTION('',(0.999999438639,0.,-1.05958554331E-03));
#4156 = ADVANCED_FACE('',(#4157),#4175,.T.);
#4157 = FACE_BOUND('',#4158,.T.);
#4158 = EDGE_LOOP('',(#4159,#4160,#4168,#4174));
#4159 = ORIENTED_EDGE('',*,*,#4145,.T.);
#4160 = ORIENTED_EDGE('',*,*,#4161,.T.);
#4161 = EDGE_CURVE('',#4138,#4162,#4164,.T.);
#4162 = VERTEX_POINT('',#4163);
#4163 = CARTESIAN_POINT('',(-60.41942431815,2.034,49.422959255625));
#4164 = LINE('',#4165,#4166);
#4165 = CARTESIAN_POINT('',(-60.89072970794,2.034,49.47663366039));
#4166 = VECTOR('',#4167,1.);
#4167 = DIRECTION('',(0.99357755974,0.,-0.113153138629));
#4168 = ORIENTED_EDGE('',*,*,#4169,.F.);
#4169 = EDGE_CURVE('',#657,#4162,#4170,.T.);
#4170 = LINE('',#4171,#4172);
#4171 = CARTESIAN_POINT('',(-60.41942431815,-6.9,49.422959255625));
#4172 = VECTOR('',#4173,1.);
#4173 = DIRECTION('',(0.,1.,0.));
#4174 = ORIENTED_EDGE('',*,*,#664,.F.);
#4175 = PLANE('',#4176);
#4176 = AXIS2_PLACEMENT_3D('',#4177,#4178,#4179);
#4177 = CARTESIAN_POINT('',(-60.80693035705,-6.9,49.467090208573));
#4178 = DIRECTION('',(-0.113153138629,0.,-0.99357755974));
#4179 = DIRECTION('',(0.99357755974,0.,-0.113153138629));
#4180 = ADVANCED_FACE('',(#4181),#4199,.T.);
#4181 = FACE_BOUND('',#4182,.T.);
#4182 = EDGE_LOOP('',(#4183,#4184,#4192,#4198));
#4183 = ORIENTED_EDGE('',*,*,#4169,.T.);
#4184 = ORIENTED_EDGE('',*,*,#4185,.T.);
#4185 = EDGE_CURVE('',#4162,#4186,#4188,.T.);
#4186 = VERTEX_POINT('',#4187);
#4187 = CARTESIAN_POINT('',(-60.13847013478,2.034,49.323530664758));
#4188 = LINE('',#4189,#4190);
#4189 = CARTESIAN_POINT('',(-60.58043074798,2.034,49.479938803847));
#4190 = VECTOR('',#4191,1.);
#4191 = DIRECTION('',(0.942707464102,0.,-0.33362049866));
#4192 = ORIENTED_EDGE('',*,*,#4193,.F.);
#4193 = EDGE_CURVE('',#649,#4186,#4194,.T.);
#4194 = LINE('',#4195,#4196);
#4195 = CARTESIAN_POINT('',(-60.13847013478,-6.9,49.323530664758));
#4196 = VECTOR('',#4197,1.);
#4197 = DIRECTION('',(0.,1.,0.));
#4198 = ORIENTED_EDGE('',*,*,#656,.F.);
#4199 = PLANE('',#4200);
#4200 = AXIS2_PLACEMENT_3D('',#4201,#4202,#4203);
#4201 = CARTESIAN_POINT('',(-60.41942431815,-6.9,49.422959255625));
#4202 = DIRECTION('',(-0.33362049866,0.,-0.942707464102));
#4203 = DIRECTION('',(0.942707464102,0.,-0.33362049866));
#4204 = ADVANCED_FACE('',(#4205),#4223,.T.);
#4205 = FACE_BOUND('',#4206,.T.);
#4206 = EDGE_LOOP('',(#4207,#4208,#4216,#4222));
#4207 = ORIENTED_EDGE('',*,*,#4193,.T.);
#4208 = ORIENTED_EDGE('',*,*,#4209,.T.);
#4209 = EDGE_CURVE('',#4186,#4210,#4212,.T.);
#4210 = VERTEX_POINT('',#4211);
#4211 = CARTESIAN_POINT('',(-59.88264704365,2.034,49.154065277711));
#4212 = LINE('',#4213,#4214);
#4213 = CARTESIAN_POINT('',(-60.29238053152,2.034,49.425485827753));
#4214 = VECTOR('',#4215,1.);
#4215 = DIRECTION('',(0.833676114831,0.,-0.552253687683));
#4216 = ORIENTED_EDGE('',*,*,#4217,.F.);
#4217 = EDGE_CURVE('',#641,#4210,#4218,.T.);
#4218 = LINE('',#4219,#4220);
#4219 = CARTESIAN_POINT('',(-59.88264704365,-6.9,49.154065277711));
#4220 = VECTOR('',#4221,1.);
#4221 = DIRECTION('',(0.,1.,0.));
#4222 = ORIENTED_EDGE('',*,*,#648,.F.);
#4223 = PLANE('',#4224);
#4224 = AXIS2_PLACEMENT_3D('',#4225,#4226,#4227);
#4225 = CARTESIAN_POINT('',(-60.13847013478,-6.9,49.323530664758));
#4226 = DIRECTION('',(-0.552253687683,0.,-0.833676114831));
#4227 = DIRECTION('',(0.833676114831,0.,-0.552253687683));
#4228 = ADVANCED_FACE('',(#4229),#4247,.T.);
#4229 = FACE_BOUND('',#4230,.T.);
#4230 = EDGE_LOOP('',(#4231,#4232,#4240,#4246));
#4231 = ORIENTED_EDGE('',*,*,#4217,.T.);
#4232 = ORIENTED_EDGE('',*,*,#4233,.T.);
#4233 = EDGE_CURVE('',#4210,#4234,#4236,.T.);
#4234 = VERTEX_POINT('',#4235);
#4235 = CARTESIAN_POINT('',(-59.66557978312,2.034,48.92602538643));
#4236 = LINE('',#4237,#4238);
#4237 = CARTESIAN_POINT('',(-59.99947712876,2.034,49.276801059436));
#4238 = VECTOR('',#4239,1.);
#4239 = DIRECTION('',(0.689465960376,0.,-0.724318085845));
#4240 = ORIENTED_EDGE('',*,*,#4241,.F.);
#4241 = EDGE_CURVE('',#633,#4234,#4242,.T.);
#4242 = LINE('',#4243,#4244);
#4243 = CARTESIAN_POINT('',(-59.66557978312,-6.9,48.92602538643));
#4244 = VECTOR('',#4245,1.);
#4245 = DIRECTION('',(0.,1.,0.));
#4246 = ORIENTED_EDGE('',*,*,#640,.F.);
#4247 = PLANE('',#4248);
#4248 = AXIS2_PLACEMENT_3D('',#4249,#4250,#4251);
#4249 = CARTESIAN_POINT('',(-59.88264704365,-6.9,49.154065277711));
#4250 = DIRECTION('',(-0.724318085845,0.,-0.689465960376));
#4251 = DIRECTION('',(0.689465960376,0.,-0.724318085845));
#4252 = ADVANCED_FACE('',(#4253),#4271,.T.);
#4253 = FACE_BOUND('',#4254,.T.);
#4254 = EDGE_LOOP('',(#4255,#4256,#4264,#4270));
#4255 = ORIENTED_EDGE('',*,*,#4241,.T.);
#4256 = ORIENTED_EDGE('',*,*,#4257,.T.);
#4257 = EDGE_CURVE('',#4234,#4258,#4260,.T.);
#4258 = VERTEX_POINT('',#4259);
#4259 = CARTESIAN_POINT('',(-59.5166385478,2.034,48.670429070936));
#4260 = LINE('',#4261,#4262);
#4261 = CARTESIAN_POINT('',(-59.75401384589,2.034,49.077786049358));
#4262 = VECTOR('',#4263,1.);
#4263 = DIRECTION('',(0.503475967095,0.,-0.864009230598));
#4264 = ORIENTED_EDGE('',*,*,#4265,.F.);
#4265 = EDGE_CURVE('',#625,#4258,#4266,.T.);
#4266 = LINE('',#4267,#4268);
#4267 = CARTESIAN_POINT('',(-59.5166385478,-6.9,48.670429070936));
#4268 = VECTOR('',#4269,1.);
#4269 = DIRECTION('',(0.,1.,0.));
#4270 = ORIENTED_EDGE('',*,*,#632,.F.);
#4271 = PLANE('',#4272);
#4272 = AXIS2_PLACEMENT_3D('',#4273,#4274,#4275);
#4273 = CARTESIAN_POINT('',(-59.66557978312,-6.9,48.92602538643));
#4274 = DIRECTION('',(-0.864009230598,0.,-0.503475967095));
#4275 = DIRECTION('',(0.503475967095,0.,-0.864009230598));
#4276 = ADVANCED_FACE('',(#4277),#4295,.T.);
#4277 = FACE_BOUND('',#4278,.T.);
#4278 = EDGE_LOOP('',(#4279,#4280,#4288,#4294));
#4279 = ORIENTED_EDGE('',*,*,#4265,.T.);
#4280 = ORIENTED_EDGE('',*,*,#4281,.T.);
#4281 = EDGE_CURVE('',#4258,#4282,#4284,.T.);
#4282 = VERTEX_POINT('',#4283);
#4283 = CARTESIAN_POINT('',(-59.37901579026,2.034,48.251673193709));
#4284 = LINE('',#4285,#4286);
#4285 = CARTESIAN_POINT('',(-59.56601579026,2.034,48.820673193709));
#4286 = VECTOR('',#4287,1.);
#4287 = DIRECTION('',(0.312217870861,0.,-0.950010526844));
#4288 = ORIENTED_EDGE('',*,*,#4289,.F.);
#4289 = EDGE_CURVE('',#616,#4282,#4290,.T.);
#4290 = LINE('',#4291,#4292);
#4291 = CARTESIAN_POINT('',(-59.37901579026,-6.9,48.251673193709));
#4292 = VECTOR('',#4293,1.);
#4293 = DIRECTION('',(0.,1.,0.));
#4294 = ORIENTED_EDGE('',*,*,#624,.F.);
#4295 = PLANE('',#4296);
#4296 = AXIS2_PLACEMENT_3D('',#4297,#4298,#4299);
#4297 = CARTESIAN_POINT('',(-59.5166385478,-6.9,48.670429070936));
#4298 = DIRECTION('',(-0.950010526844,0.,-0.312217870861));
#4299 = DIRECTION('',(0.312217870861,0.,-0.950010526844));
#4300 = ADVANCED_FACE('',(#4301),#4320,.T.);
#4301 = FACE_BOUND('',#4302,.T.);
#4302 = EDGE_LOOP('',(#4303,#4304,#4313,#4319));
#4303 = ORIENTED_EDGE('',*,*,#4289,.T.);
#4304 = ORIENTED_EDGE('',*,*,#4305,.T.);
#4305 = EDGE_CURVE('',#4282,#4306,#4308,.T.);
#4306 = VERTEX_POINT('',#4307);
#4307 = CARTESIAN_POINT('',(-57.95478817723,2.034,47.220000207074));
#4308 = CIRCLE('',#4309,1.5);
#4309 = AXIS2_PLACEMENT_3D('',#4310,#4311,#4312);
#4310 = CARTESIAN_POINT('',(-57.954,2.034,48.72));
#4311 = DIRECTION('',(0.,-1.,-0.));
#4312 = DIRECTION('',(-0.312217870861,-0.,0.950010526844));
#4313 = ORIENTED_EDGE('',*,*,#4314,.F.);
#4314 = EDGE_CURVE('',#608,#4306,#4315,.T.);
#4315 = LINE('',#4316,#4317);
#4316 = CARTESIAN_POINT('',(-57.95478817723,-6.9,47.220000207074));
#4317 = VECTOR('',#4318,1.);
#4318 = DIRECTION('',(0.,1.,0.));
#4319 = ORIENTED_EDGE('',*,*,#615,.F.);
#4320 = CYLINDRICAL_SURFACE('',#4321,1.5);
#4321 = AXIS2_PLACEMENT_3D('',#4322,#4323,#4324);
#4322 = CARTESIAN_POINT('',(-57.954,-6.9,48.72));
#4323 = DIRECTION('',(0.,-1.,-0.));
#4324 = DIRECTION('',(-0.312217870861,-0.,0.950010526844));
#4325 = ADVANCED_FACE('',(#4326),#4344,.T.);
#4326 = FACE_BOUND('',#4327,.T.);
#4327 = EDGE_LOOP('',(#4328,#4329,#4337,#4343));
#4328 = ORIENTED_EDGE('',*,*,#4314,.T.);
#4329 = ORIENTED_EDGE('',*,*,#4330,.T.);
#4330 = EDGE_CURVE('',#4306,#4331,#4333,.T.);
#4331 = VERTEX_POINT('',#4332);
#4332 = CARTESIAN_POINT('',(-42.82573253102,2.034,47.212050621185));
#4333 = LINE('',#4334,#4335);
#4334 = CARTESIAN_POINT('',(-57.95478817723,2.034,47.220000207074));
#4335 = VECTOR('',#4336,1.);
#4336 = DIRECTION('',(0.99999986195,0.,-5.254514873956E-04));
#4337 = ORIENTED_EDGE('',*,*,#4338,.F.);
#4338 = EDGE_CURVE('',#600,#4331,#4339,.T.);
#4339 = LINE('',#4340,#4341);
#4340 = CARTESIAN_POINT('',(-42.82573253102,-6.9,47.212050621185));
#4341 = VECTOR('',#4342,1.);
#4342 = DIRECTION('',(0.,1.,0.));
#4343 = ORIENTED_EDGE('',*,*,#607,.F.);
#4344 = PLANE('',#4345);
#4345 = AXIS2_PLACEMENT_3D('',#4346,#4347,#4348);
#4346 = CARTESIAN_POINT('',(-57.95478817723,-6.9,47.220000207074));
#4347 = DIRECTION('',(-5.254514873956E-04,0.,-0.99999986195));
#4348 = DIRECTION('',(0.99999986195,0.,-5.254514873956E-04));
#4349 = ADVANCED_FACE('',(#4350),#4368,.T.);
#4350 = FACE_BOUND('',#4351,.T.);
#4351 = EDGE_LOOP('',(#4352,#4353,#4361,#4367));
#4352 = ORIENTED_EDGE('',*,*,#4338,.T.);
#4353 = ORIENTED_EDGE('',*,*,#4354,.T.);
#4354 = EDGE_CURVE('',#4331,#4355,#4357,.T.);
#4355 = VERTEX_POINT('',#4356);
#4356 = CARTESIAN_POINT('',(-42.40812784667,2.034,47.158185669145));
#4357 = LINE('',#4358,#4359);
#4358 = CARTESIAN_POINT('',(-42.92088859518,2.034,47.224324374389));
#4359 = VECTOR('',#4360,1.);
#4360 = DIRECTION('',(0.991783750407,0.,-0.127925730125));
#4361 = ORIENTED_EDGE('',*,*,#4362,.F.);
#4362 = EDGE_CURVE('',#592,#4355,#4363,.T.);
#4363 = LINE('',#4364,#4365);
#4364 = CARTESIAN_POINT('',(-42.40812784667,-6.9,47.158185669145));
#4365 = VECTOR('',#4366,1.);
#4366 = DIRECTION('',(0.,1.,0.));
#4367 = ORIENTED_EDGE('',*,*,#599,.F.);
#4368 = PLANE('',#4369);
#4369 = AXIS2_PLACEMENT_3D('',#4370,#4371,#4372);
#4370 = CARTESIAN_POINT('',(-42.82573253102,-6.9,47.212050621185));
#4371 = DIRECTION('',(-0.127925730125,0.,-0.991783750407));
#4372 = DIRECTION('',(0.991783750407,0.,-0.127925730125));
#4373 = ADVANCED_FACE('',(#4374),#4392,.T.);
#4374 = FACE_BOUND('',#4375,.T.);
#4375 = EDGE_LOOP('',(#4376,#4377,#4385,#4391));
#4376 = ORIENTED_EDGE('',*,*,#4362,.T.);
#4377 = ORIENTED_EDGE('',*,*,#4378,.T.);
#4378 = EDGE_CURVE('',#4355,#4379,#4381,.T.);
#4379 = VERTEX_POINT('',#4380);
#4380 = CARTESIAN_POINT('',(-42.09978238148,2.034,47.040205925605));
#4381 = LINE('',#4382,#4383);
#4382 = CARTESIAN_POINT('',(-42.57503498608,2.034,47.2220480045));
#4383 = VECTOR('',#4384,1.);
#4384 = DIRECTION('',(0.933967997,0.,-0.357356657389));
#4385 = ORIENTED_EDGE('',*,*,#4386,.F.);
#4386 = EDGE_CURVE('',#584,#4379,#4387,.T.);
#4387 = LINE('',#4388,#4389);
#4388 = CARTESIAN_POINT('',(-42.09978238148,-6.9,47.040205925605));
#4389 = VECTOR('',#4390,1.);
#4390 = DIRECTION('',(0.,1.,0.));
#4391 = ORIENTED_EDGE('',*,*,#591,.F.);
#4392 = PLANE('',#4393);
#4393 = AXIS2_PLACEMENT_3D('',#4394,#4395,#4396);
#4394 = CARTESIAN_POINT('',(-42.40812784667,-6.9,47.158185669145));
#4395 = DIRECTION('',(-0.357356657389,0.,-0.933967997));
#4396 = DIRECTION('',(0.933967997,0.,-0.357356657389));
#4397 = ADVANCED_FACE('',(#4398),#4416,.T.);
#4398 = FACE_BOUND('',#4399,.T.);
#4399 = EDGE_LOOP('',(#4400,#4401,#4409,#4415));
#4400 = ORIENTED_EDGE('',*,*,#4386,.T.);
#4401 = ORIENTED_EDGE('',*,*,#4402,.T.);
#4402 = EDGE_CURVE('',#4379,#4403,#4405,.T.);
#4403 = VERTEX_POINT('',#4404);
#4404 = CARTESIAN_POINT('',(-41.83117910329,2.034,46.847613644548));
#4405 = LINE('',#4406,#4407);
#4406 = CARTESIAN_POINT('',(-42.25705803341,2.034,47.152974752427));
#4407 = VECTOR('',#4408,1.);
#4408 = DIRECTION('',(0.812683498382,0.,-0.582705355611));
#4409 = ORIENTED_EDGE('',*,*,#4410,.F.);
#4410 = EDGE_CURVE('',#576,#4403,#4411,.T.);
#4411 = LINE('',#4412,#4413);
#4412 = CARTESIAN_POINT('',(-41.83117910329,-6.9,46.847613644548));
#4413 = VECTOR('',#4414,1.);
#4414 = DIRECTION('',(0.,1.,0.));
#4415 = ORIENTED_EDGE('',*,*,#583,.F.);
#4416 = PLANE('',#4417);
#4417 = AXIS2_PLACEMENT_3D('',#4418,#4419,#4420);
#4418 = CARTESIAN_POINT('',(-42.09978238148,-6.9,47.040205925605));
#4419 = DIRECTION('',(-0.582705355611,0.,-0.812683498382));
#4420 = DIRECTION('',(0.812683498382,0.,-0.582705355611));
#4421 = ADVANCED_FACE('',(#4422),#4440,.T.);
#4422 = FACE_BOUND('',#4423,.T.);
#4423 = EDGE_LOOP('',(#4424,#4425,#4433,#4439));
#4424 = ORIENTED_EDGE('',*,*,#4410,.T.);
#4425 = ORIENTED_EDGE('',*,*,#4426,.T.);
#4426 = EDGE_CURVE('',#4403,#4427,#4429,.T.);
#4427 = VERTEX_POINT('',#4428);
#4428 = CARTESIAN_POINT('',(-41.61569050793,2.034,46.593678846046));
#4429 = LINE('',#4430,#4431);
#4430 = CARTESIAN_POINT('',(-41.95069978473,2.034,46.988458500428));
#4431 = VECTOR('',#4432,1.);
#4432 = DIRECTION('',(0.647027666381,0.,-0.762466523158));
#4433 = ORIENTED_EDGE('',*,*,#4434,.F.);
#4434 = EDGE_CURVE('',#568,#4427,#4435,.T.);
#4435 = LINE('',#4436,#4437);
#4436 = CARTESIAN_POINT('',(-41.61569050793,-6.9,46.593678846046));
#4437 = VECTOR('',#4438,1.);
#4438 = DIRECTION('',(0.,1.,0.));
#4439 = ORIENTED_EDGE('',*,*,#575,.F.);
#4440 = PLANE('',#4441);
#4441 = AXIS2_PLACEMENT_3D('',#4442,#4443,#4444);
#4442 = CARTESIAN_POINT('',(-41.83117910329,-6.9,46.847613644548));
#4443 = DIRECTION('',(-0.762466523158,0.,-0.647027666381));
#4444 = DIRECTION('',(0.647027666381,0.,-0.762466523158));
#4445 = ADVANCED_FACE('',(#4446),#4464,.T.);
#4446 = FACE_BOUND('',#4447,.T.);
#4447 = EDGE_LOOP('',(#4448,#4449,#4457,#4463));
#4448 = ORIENTED_EDGE('',*,*,#4434,.T.);
#4449 = ORIENTED_EDGE('',*,*,#4450,.T.);
#4450 = EDGE_CURVE('',#4427,#4451,#4453,.T.);
#4451 = VERTEX_POINT('',#4452);
#4452 = CARTESIAN_POINT('',(-41.47409112214,2.034,46.307657495352));
#4453 = LINE('',#4454,#4455);
#4454 = CARTESIAN_POINT('',(-41.69728348379,2.034,46.75849123582));
#4455 = VECTOR('',#4456,1.);
#4456 = DIRECTION('',(0.443672509454,0.,-0.896188989195));
#4457 = ORIENTED_EDGE('',*,*,#4458,.F.);
#4458 = EDGE_CURVE('',#560,#4451,#4459,.T.);
#4459 = LINE('',#4460,#4461);
#4460 = CARTESIAN_POINT('',(-41.47409112214,-6.9,46.307657495352));
#4461 = VECTOR('',#4462,1.);
#4462 = DIRECTION('',(0.,1.,0.));
#4463 = ORIENTED_EDGE('',*,*,#567,.F.);
#4464 = PLANE('',#4465);
#4465 = AXIS2_PLACEMENT_3D('',#4466,#4467,#4468);
#4466 = CARTESIAN_POINT('',(-41.61569050793,-6.9,46.593678846046));
#4467 = DIRECTION('',(-0.896188989195,0.,-0.443672509454));
#4468 = DIRECTION('',(0.443672509454,0.,-0.896188989195));
#4469 = ADVANCED_FACE('',(#4470),#4488,.T.);
#4470 = FACE_BOUND('',#4471,.T.);
#4471 = EDGE_LOOP('',(#4472,#4473,#4481,#4487));
#4472 = ORIENTED_EDGE('',*,*,#4458,.T.);
#4473 = ORIENTED_EDGE('',*,*,#4474,.T.);
#4474 = EDGE_CURVE('',#4451,#4475,#4477,.T.);
#4475 = VERTEX_POINT('',#4476);
#4476 = CARTESIAN_POINT('',(-41.37454586452,2.034,45.876533429953));
#4477 = LINE('',#4478,#4479);
#4478 = CARTESIAN_POINT('',(-41.51354586452,2.034,46.478533429953));
#4479 = VECTOR('',#4480,1.);
#4480 = DIRECTION('',(0.224977713365,0.,-0.974363909681));
#4481 = ORIENTED_EDGE('',*,*,#4482,.F.);
#4482 = EDGE_CURVE('',#551,#4475,#4483,.T.);
#4483 = LINE('',#4484,#4485);
#4484 = CARTESIAN_POINT('',(-41.37454586452,-6.9,45.876533429953));
#4485 = VECTOR('',#4486,1.);
#4486 = DIRECTION('',(0.,1.,0.));
#4487 = ORIENTED_EDGE('',*,*,#559,.F.);
#4488 = PLANE('',#4489);
#4489 = AXIS2_PLACEMENT_3D('',#4490,#4491,#4492);
#4490 = CARTESIAN_POINT('',(-41.47409112214,-6.9,46.307657495352));
#4491 = DIRECTION('',(-0.974363909681,0.,-0.224977713365));
#4492 = DIRECTION('',(0.224977713365,0.,-0.974363909681));
#4493 = ADVANCED_FACE('',(#4494),#4513,.T.);
#4494 = FACE_BOUND('',#4495,.T.);
#4495 = EDGE_LOOP('',(#4496,#4497,#4506,#4512));
#4496 = ORIENTED_EDGE('',*,*,#4482,.T.);
#4497 = ORIENTED_EDGE('',*,*,#4498,.T.);
#4498 = EDGE_CURVE('',#4475,#4499,#4501,.T.);
#4499 = VERTEX_POINT('',#4500);
#4500 = CARTESIAN_POINT('',(-39.91231243919,2.034,44.71400015758));
#4501 = CIRCLE('',#4502,1.5);
#4502 = AXIS2_PLACEMENT_3D('',#4503,#4504,#4505);
#4503 = CARTESIAN_POINT('',(-39.913,2.034,46.214));
#4504 = DIRECTION('',(0.,-1.,-0.));
#4505 = DIRECTION('',(-0.224977713365,-0.,0.974363909681));
#4506 = ORIENTED_EDGE('',*,*,#4507,.F.);
#4507 = EDGE_CURVE('',#543,#4499,#4508,.T.);
#4508 = LINE('',#4509,#4510);
#4509 = CARTESIAN_POINT('',(-39.91231243919,-6.9,44.71400015758));
#4510 = VECTOR('',#4511,1.);
#4511 = DIRECTION('',(0.,1.,0.));
#4512 = ORIENTED_EDGE('',*,*,#550,.F.);
#4513 = CYLINDRICAL_SURFACE('',#4514,1.5);
#4514 = AXIS2_PLACEMENT_3D('',#4515,#4516,#4517);
#4515 = CARTESIAN_POINT('',(-39.913,-6.9,46.214));
#4516 = DIRECTION('',(0.,-1.,-0.));
#4517 = DIRECTION('',(-0.224977713365,-0.,0.974363909681));
#4518 = ADVANCED_FACE('',(#4519),#4569,.T.);
#4519 = FACE_BOUND('',#4520,.T.);
#4520 = EDGE_LOOP('',(#4521,#4522,#4523,#4531,#4539,#4547,#4555,#4563));
#4521 = ORIENTED_EDGE('',*,*,#542,.F.);
#4522 = ORIENTED_EDGE('',*,*,#4507,.T.);
#4523 = ORIENTED_EDGE('',*,*,#4524,.T.);
#4524 = EDGE_CURVE('',#4499,#4525,#4527,.T.);
#4525 = VERTEX_POINT('',#4526);
#4526 = CARTESIAN_POINT('',(-5.112693758047,2.034,44.729951395158));
#4527 = LINE('',#4528,#4529);
#4528 = CARTESIAN_POINT('',(-39.91231243919,2.034,44.71400015758));
#4529 = VECTOR('',#4530,1.);
#4530 = DIRECTION('',(0.999999894947,0.,4.583738703703E-04));
#4531 = ORIENTED_EDGE('',*,*,#4532,.F.);
#4532 = EDGE_CURVE('',#4533,#4525,#4535,.T.);
#4533 = VERTEX_POINT('',#4534);
#4534 = CARTESIAN_POINT('',(-5.112693758047,-6.9,44.729951395158));
#4535 = LINE('',#4536,#4537);
#4536 = CARTESIAN_POINT('',(-5.112693758047,-6.9,44.729951395158));
#4537 = VECTOR('',#4538,1.);
#4538 = DIRECTION('',(0.,1.,0.));
#4539 = ORIENTED_EDGE('',*,*,#4540,.F.);
#4540 = EDGE_CURVE('',#4541,#4533,#4543,.T.);
#4541 = VERTEX_POINT('',#4542);
#4542 = CARTESIAN_POINT('',(-8.515,-6.9,44.728391866714));
#4543 = LINE('',#4544,#4545);
#4544 = CARTESIAN_POINT('',(-39.91231243919,-6.9,44.71400015758));
#4545 = VECTOR('',#4546,1.);
#4546 = DIRECTION('',(0.999999894947,0.,4.583738703703E-04));
#4547 = ORIENTED_EDGE('',*,*,#4548,.F.);
#4548 = EDGE_CURVE('',#4549,#4541,#4551,.T.);
#4549 = VERTEX_POINT('',#4550);
#4550 = CARTESIAN_POINT('',(-8.515,-6.14,44.728391866714));
#4551 = LINE('',#4552,#4553);
#4552 = CARTESIAN_POINT('',(-8.515,-8.27,44.728391866714));
#4553 = VECTOR('',#4554,1.);
#4554 = DIRECTION('',(0.,-1.,0.));
#4555 = ORIENTED_EDGE('',*,*,#4556,.F.);
#4556 = EDGE_CURVE('',#4557,#4549,#4559,.T.);
#4557 = VERTEX_POINT('',#4558);
#4558 = CARTESIAN_POINT('',(-19.465,-6.14,44.723372672306));
#4559 = LINE('',#4560,#4561);
#4560 = CARTESIAN_POINT('',(-29.68950956787,-6.14,44.71868602379));
#4561 = VECTOR('',#4562,1.);
#4562 = DIRECTION('',(0.999999894947,0.,4.583738703703E-04));
#4563 = ORIENTED_EDGE('',*,*,#4564,.T.);
#4564 = EDGE_CURVE('',#4557,#535,#4565,.T.);
#4565 = LINE('',#4566,#4567);
#4566 = CARTESIAN_POINT('',(-19.465,-8.27,44.723372672306));
#4567 = VECTOR('',#4568,1.);
#4568 = DIRECTION('',(0.,-1.,0.));
#4569 = PLANE('',#4570);
#4570 = AXIS2_PLACEMENT_3D('',#4571,#4572,#4573);
#4571 = CARTESIAN_POINT('',(-39.91231243919,-6.9,44.71400015758));
#4572 = DIRECTION('',(4.583738703703E-04,0.,-0.999999894947));
#4573 = DIRECTION('',(0.999999894947,0.,4.583738703703E-04));
#4574 = ADVANCED_FACE('',(#4575),#4609,.T.);
#4575 = FACE_BOUND('',#4576,.T.);
#4576 = EDGE_LOOP('',(#4577,#4583,#4584,#4585,#4586,#4594,#4602,#4608));
#4577 = ORIENTED_EDGE('',*,*,#4578,.F.);
#4578 = EDGE_CURVE('',#1622,#1720,#4579,.T.);
#4579 = LINE('',#4580,#4581);
#4580 = CARTESIAN_POINT('',(-19.465,-9.64,41.));
#4581 = VECTOR('',#4582,1.);
#4582 = DIRECTION('',(0.,0.,1.));
#4583 = ORIENTED_EDGE('',*,*,#1629,.T.);
#4584 = ORIENTED_EDGE('',*,*,#534,.T.);
#4585 = ORIENTED_EDGE('',*,*,#4564,.F.);
#4586 = ORIENTED_EDGE('',*,*,#4587,.T.);
#4587 = EDGE_CURVE('',#4557,#4588,#4590,.T.);
#4588 = VERTEX_POINT('',#4589);
#4589 = CARTESIAN_POINT('',(-19.465,-6.14,46.223372829886));
#4590 = LINE('',#4591,#4592);
#4591 = CARTESIAN_POINT('',(-19.465,-6.14,41.));
#4592 = VECTOR('',#4593,1.);
#4593 = DIRECTION('',(0.,0.,1.));
#4594 = ORIENTED_EDGE('',*,*,#4595,.F.);
#4595 = EDGE_CURVE('',#4596,#4588,#4598,.T.);
#4596 = VERTEX_POINT('',#4597);
#4597 = CARTESIAN_POINT('',(-19.465,-6.9,46.223372829886));
#4598 = LINE('',#4599,#4600);
#4599 = CARTESIAN_POINT('',(-19.465,-5.662,46.223372829886));
#4600 = VECTOR('',#4601,1.);
#4601 = DIRECTION('',(-0.,1.,-0.));
#4602 = ORIENTED_EDGE('',*,*,#4603,.F.);
#4603 = EDGE_CURVE('',#1712,#4596,#4604,.T.);
#4604 = LINE('',#4605,#4606);
#4605 = CARTESIAN_POINT('',(-19.465,-6.9,32.347939249306));
#4606 = VECTOR('',#4607,1.);
#4607 = DIRECTION('',(-0.,0.,-1.));
#4608 = ORIENTED_EDGE('',*,*,#1719,.T.);
#4609 = PLANE('',#4610);
#4610 = AXIS2_PLACEMENT_3D('',#4611,#4612,#4613);
#4611 = CARTESIAN_POINT('',(-19.465,-9.64,41.));
#4612 = DIRECTION('',(1.,0.,-0.));
#4613 = DIRECTION('',(0.,0.,1.));
#4614 = ADVANCED_FACE('',(#4615),#4671,.T.);
#4615 = FACE_BOUND('',#4616,.T.);
#4616 = EDGE_LOOP('',(#4617,#4625,#4626,#4632,#4633,#4641,#4649,#4657,
    #4665));
#4617 = ORIENTED_EDGE('',*,*,#4618,.F.);
#4618 = EDGE_CURVE('',#487,#4619,#4621,.T.);
#4619 = VERTEX_POINT('',#4620);
#4620 = CARTESIAN_POINT('',(-39.913,3.532,46.214));
#4621 = LINE('',#4622,#4623);
#4622 = CARTESIAN_POINT('',(-39.913,2.034,46.214));
#4623 = VECTOR('',#4624,1.);
#4624 = DIRECTION('',(0.,1.,0.));
#4625 = ORIENTED_EDGE('',*,*,#494,.T.);
#4626 = ORIENTED_EDGE('',*,*,#4627,.T.);
#4627 = EDGE_CURVE('',#495,#4596,#4628,.T.);
#4628 = LINE('',#4629,#4630);
#4629 = CARTESIAN_POINT('',(-39.913,-6.9,46.214));
#4630 = VECTOR('',#4631,1.);
#4631 = DIRECTION('',(0.999999894947,0.,4.583738703703E-04));
#4632 = ORIENTED_EDGE('',*,*,#4595,.T.);
#4633 = ORIENTED_EDGE('',*,*,#4634,.F.);
#4634 = EDGE_CURVE('',#4635,#4588,#4637,.T.);
#4635 = VERTEX_POINT('',#4636);
#4636 = CARTESIAN_POINT('',(-8.515,-6.14,46.228392024294));
#4637 = LINE('',#4638,#4639);
#4638 = CARTESIAN_POINT('',(-20.96369712868,-6.14,46.22268586621));
#4639 = VECTOR('',#4640,1.);
#4640 = DIRECTION('',(-0.999999894947,0.,-4.583738703703E-04));
#4641 = ORIENTED_EDGE('',*,*,#4642,.F.);
#4642 = EDGE_CURVE('',#4643,#4635,#4645,.T.);
#4643 = VERTEX_POINT('',#4644);
#4644 = CARTESIAN_POINT('',(-8.515,-6.9,46.228392024294));
#4645 = LINE('',#4646,#4647);
#4646 = CARTESIAN_POINT('',(-8.515,-5.662,46.228392024294));
#4647 = VECTOR('',#4648,1.);
#4648 = DIRECTION('',(-0.,1.,-0.));
#4649 = ORIENTED_EDGE('',*,*,#4650,.T.);
#4650 = EDGE_CURVE('',#4643,#4651,#4653,.T.);
#4651 = VERTEX_POINT('',#4652);
#4652 = CARTESIAN_POINT('',(-5.007,-6.9,46.23));
#4653 = LINE('',#4654,#4655);
#4654 = CARTESIAN_POINT('',(-39.913,-6.9,46.214));
#4655 = VECTOR('',#4656,1.);
#4656 = DIRECTION('',(0.999999894947,0.,4.583738703703E-04));
#4657 = ORIENTED_EDGE('',*,*,#4658,.T.);
#4658 = EDGE_CURVE('',#4651,#4659,#4661,.T.);
#4659 = VERTEX_POINT('',#4660);
#4660 = CARTESIAN_POINT('',(-5.007,3.532,46.23));
#4661 = LINE('',#4662,#4663);
#4662 = CARTESIAN_POINT('',(-5.007,-6.9,46.23));
#4663 = VECTOR('',#4664,1.);
#4664 = DIRECTION('',(0.,1.,0.));
#4665 = ORIENTED_EDGE('',*,*,#4666,.F.);
#4666 = EDGE_CURVE('',#4619,#4659,#4667,.T.);
#4667 = LINE('',#4668,#4669);
#4668 = CARTESIAN_POINT('',(-39.913,3.532,46.214));
#4669 = VECTOR('',#4670,1.);
#4670 = DIRECTION('',(0.999999894947,0.,4.583738703703E-04));
#4671 = PLANE('',#4672);
#4672 = AXIS2_PLACEMENT_3D('',#4673,#4674,#4675);
#4673 = CARTESIAN_POINT('',(-22.46,-1.684,46.222));
#4674 = DIRECTION('',(-4.583738703703E-04,0.,0.999999894947));
#4675 = DIRECTION('',(0.999999894947,0.,4.583738703703E-04));
#4676 = ADVANCED_FACE('',(#4677),#4695,.T.);
#4677 = FACE_BOUND('',#4678,.T.);
#4678 = EDGE_LOOP('',(#4679,#4680,#4681,#4689));
#4679 = ORIENTED_EDGE('',*,*,#486,.T.);
#4680 = ORIENTED_EDGE('',*,*,#4618,.T.);
#4681 = ORIENTED_EDGE('',*,*,#4682,.F.);
#4682 = EDGE_CURVE('',#4683,#4619,#4685,.T.);
#4683 = VERTEX_POINT('',#4684);
#4684 = CARTESIAN_POINT('',(-40.052,3.532,46.816));
#4685 = LINE('',#4686,#4687);
#4686 = CARTESIAN_POINT('',(-40.052,3.532,46.816));
#4687 = VECTOR('',#4688,1.);
#4688 = DIRECTION('',(0.224977713365,0.,-0.974363909681));
#4689 = ORIENTED_EDGE('',*,*,#4690,.F.);
#4690 = EDGE_CURVE('',#479,#4683,#4691,.T.);
#4691 = LINE('',#4692,#4693);
#4692 = CARTESIAN_POINT('',(-40.052,2.034,46.816));
#4693 = VECTOR('',#4694,1.);
#4694 = DIRECTION('',(0.,1.,0.));
#4695 = PLANE('',#4696);
#4696 = AXIS2_PLACEMENT_3D('',#4697,#4698,#4699);
#4697 = CARTESIAN_POINT('',(-39.9825,-1.684,46.515));
#4698 = DIRECTION('',(0.974363909681,0.,0.224977713365));
#4699 = DIRECTION('',(-0.224977713365,0.,0.974363909681));
#4700 = ADVANCED_FACE('',(#4701),#4719,.T.);
#4701 = FACE_BOUND('',#4702,.T.);
#4702 = EDGE_LOOP('',(#4703,#4704,#4705,#4713));
#4703 = ORIENTED_EDGE('',*,*,#478,.T.);
#4704 = ORIENTED_EDGE('',*,*,#4690,.T.);
#4705 = ORIENTED_EDGE('',*,*,#4706,.F.);
#4706 = EDGE_CURVE('',#4707,#4683,#4709,.T.);
#4707 = VERTEX_POINT('',#4708);
#4708 = CARTESIAN_POINT('',(-40.353,3.532,47.424));
#4709 = LINE('',#4710,#4711);
#4710 = CARTESIAN_POINT('',(-40.353,3.532,47.424));
#4711 = VECTOR('',#4712,1.);
#4712 = DIRECTION('',(0.443672509454,0.,-0.896188989195));
#4713 = ORIENTED_EDGE('',*,*,#4714,.F.);
#4714 = EDGE_CURVE('',#471,#4707,#4715,.T.);
#4715 = LINE('',#4716,#4717);
#4716 = CARTESIAN_POINT('',(-40.353,2.034,47.424));
#4717 = VECTOR('',#4718,1.);
#4718 = DIRECTION('',(0.,1.,0.));
#4719 = PLANE('',#4720);
#4720 = AXIS2_PLACEMENT_3D('',#4721,#4722,#4723);
#4721 = CARTESIAN_POINT('',(-40.2025,-1.684,47.12));
#4722 = DIRECTION('',(0.896188989195,0.,0.443672509454));
#4723 = DIRECTION('',(-0.443672509454,0.,0.896188989195));
#4724 = ADVANCED_FACE('',(#4725),#4743,.T.);
#4725 = FACE_BOUND('',#4726,.T.);
#4726 = EDGE_LOOP('',(#4727,#4728,#4729,#4737));
#4727 = ORIENTED_EDGE('',*,*,#470,.T.);
#4728 = ORIENTED_EDGE('',*,*,#4714,.T.);
#4729 = ORIENTED_EDGE('',*,*,#4730,.F.);
#4730 = EDGE_CURVE('',#4731,#4707,#4733,.T.);
#4731 = VERTEX_POINT('',#4732);
#4732 = CARTESIAN_POINT('',(-40.807,3.532,47.959));
#4733 = LINE('',#4734,#4735);
#4734 = CARTESIAN_POINT('',(-40.807,3.532,47.959));
#4735 = VECTOR('',#4736,1.);
#4736 = DIRECTION('',(0.647027666381,0.,-0.762466523158));
#4737 = ORIENTED_EDGE('',*,*,#4738,.F.);
#4738 = EDGE_CURVE('',#463,#4731,#4739,.T.);
#4739 = LINE('',#4740,#4741);
#4740 = CARTESIAN_POINT('',(-40.807,2.034,47.959));
#4741 = VECTOR('',#4742,1.);
#4742 = DIRECTION('',(0.,1.,0.));
#4743 = PLANE('',#4744);
#4744 = AXIS2_PLACEMENT_3D('',#4745,#4746,#4747);
#4745 = CARTESIAN_POINT('',(-40.58,-1.684,47.6915));
#4746 = DIRECTION('',(0.762466523158,0.,0.647027666381));
#4747 = DIRECTION('',(-0.647027666381,0.,0.762466523158));
#4748 = ADVANCED_FACE('',(#4749),#4767,.T.);
#4749 = FACE_BOUND('',#4750,.T.);
#4750 = EDGE_LOOP('',(#4751,#4752,#4753,#4761));
#4751 = ORIENTED_EDGE('',*,*,#462,.T.);
#4752 = ORIENTED_EDGE('',*,*,#4738,.T.);
#4753 = ORIENTED_EDGE('',*,*,#4754,.F.);
#4754 = EDGE_CURVE('',#4755,#4731,#4757,.T.);
#4755 = VERTEX_POINT('',#4756);
#4756 = CARTESIAN_POINT('',(-41.383,3.532,48.372));
#4757 = LINE('',#4758,#4759);
#4758 = CARTESIAN_POINT('',(-41.383,3.532,48.372));
#4759 = VECTOR('',#4760,1.);
#4760 = DIRECTION('',(0.812683498382,0.,-0.582705355611));
#4761 = ORIENTED_EDGE('',*,*,#4762,.F.);
#4762 = EDGE_CURVE('',#455,#4755,#4763,.T.);
#4763 = LINE('',#4764,#4765);
#4764 = CARTESIAN_POINT('',(-41.383,2.034,48.372));
#4765 = VECTOR('',#4766,1.);
#4766 = DIRECTION('',(0.,1.,0.));
#4767 = PLANE('',#4768);
#4768 = AXIS2_PLACEMENT_3D('',#4769,#4770,#4771);
#4769 = CARTESIAN_POINT('',(-41.095,-1.684,48.1655));
#4770 = DIRECTION('',(0.582705355611,0.,0.812683498382));
#4771 = DIRECTION('',(0.812683498382,0.,-0.582705355611));
#4772 = ADVANCED_FACE('',(#4773),#4791,.T.);
#4773 = FACE_BOUND('',#4774,.T.);
#4774 = EDGE_LOOP('',(#4775,#4776,#4777,#4785));
#4775 = ORIENTED_EDGE('',*,*,#454,.T.);
#4776 = ORIENTED_EDGE('',*,*,#4762,.T.);
#4777 = ORIENTED_EDGE('',*,*,#4778,.F.);
#4778 = EDGE_CURVE('',#4779,#4755,#4781,.T.);
#4779 = VERTEX_POINT('',#4780);
#4780 = CARTESIAN_POINT('',(-42.039,3.532,48.623));
#4781 = LINE('',#4782,#4783);
#4782 = CARTESIAN_POINT('',(-42.039,3.532,48.623));
#4783 = VECTOR('',#4784,1.);
#4784 = DIRECTION('',(0.933967997,0.,-0.357356657389));
#4785 = ORIENTED_EDGE('',*,*,#4786,.F.);
#4786 = EDGE_CURVE('',#447,#4779,#4787,.T.);
#4787 = LINE('',#4788,#4789);
#4788 = CARTESIAN_POINT('',(-42.039,2.034,48.623));
#4789 = VECTOR('',#4790,1.);
#4790 = DIRECTION('',(0.,1.,0.));
#4791 = PLANE('',#4792);
#4792 = AXIS2_PLACEMENT_3D('',#4793,#4794,#4795);
#4793 = CARTESIAN_POINT('',(-41.711,-1.684,48.4975));
#4794 = DIRECTION('',(0.357356657389,0.,0.933967997));
#4795 = DIRECTION('',(0.933967997,0.,-0.357356657389));
#4796 = ADVANCED_FACE('',(#4797),#4815,.T.);
#4797 = FACE_BOUND('',#4798,.T.);
#4798 = EDGE_LOOP('',(#4799,#4800,#4801,#4809));
#4799 = ORIENTED_EDGE('',*,*,#446,.T.);
#4800 = ORIENTED_EDGE('',*,*,#4786,.T.);
#4801 = ORIENTED_EDGE('',*,*,#4802,.F.);
#4802 = EDGE_CURVE('',#4803,#4779,#4805,.T.);
#4803 = VERTEX_POINT('',#4804);
#4804 = CARTESIAN_POINT('',(-42.729,3.532,48.712));
#4805 = LINE('',#4806,#4807);
#4806 = CARTESIAN_POINT('',(-42.729,3.532,48.712));
#4807 = VECTOR('',#4808,1.);
#4808 = DIRECTION('',(0.991783750407,0.,-0.127925730125));
#4809 = ORIENTED_EDGE('',*,*,#4810,.F.);
#4810 = EDGE_CURVE('',#439,#4803,#4811,.T.);
#4811 = LINE('',#4812,#4813);
#4812 = CARTESIAN_POINT('',(-42.729,2.034,48.712));
#4813 = VECTOR('',#4814,1.);
#4814 = DIRECTION('',(0.,1.,0.));
#4815 = PLANE('',#4816);
#4816 = AXIS2_PLACEMENT_3D('',#4817,#4818,#4819);
#4817 = CARTESIAN_POINT('',(-42.384,-1.684,48.6675));
#4818 = DIRECTION('',(0.127925730125,0.,0.991783750407));
#4819 = DIRECTION('',(0.991783750407,0.,-0.127925730125));
#4820 = ADVANCED_FACE('',(#4821),#4839,.T.);
#4821 = FACE_BOUND('',#4822,.T.);
#4822 = EDGE_LOOP('',(#4823,#4824,#4825,#4833));
#4823 = ORIENTED_EDGE('',*,*,#438,.T.);
#4824 = ORIENTED_EDGE('',*,*,#4810,.T.);
#4825 = ORIENTED_EDGE('',*,*,#4826,.F.);
#4826 = EDGE_CURVE('',#4827,#4803,#4829,.T.);
#4827 = VERTEX_POINT('',#4828);
#4828 = CARTESIAN_POINT('',(-57.954,3.532,48.72));
#4829 = LINE('',#4830,#4831);
#4830 = CARTESIAN_POINT('',(-57.954,3.532,48.72));
#4831 = VECTOR('',#4832,1.);
#4832 = DIRECTION('',(0.99999986195,0.,-5.254514873956E-04));
#4833 = ORIENTED_EDGE('',*,*,#4834,.F.);
#4834 = EDGE_CURVE('',#431,#4827,#4835,.T.);
#4835 = LINE('',#4836,#4837);
#4836 = CARTESIAN_POINT('',(-57.954,2.034,48.72));
#4837 = VECTOR('',#4838,1.);
#4838 = DIRECTION('',(0.,1.,0.));
#4839 = PLANE('',#4840);
#4840 = AXIS2_PLACEMENT_3D('',#4841,#4842,#4843);
#4841 = CARTESIAN_POINT('',(-50.3415,-1.684,48.716));
#4842 = DIRECTION('',(5.254514873956E-04,0.,0.99999986195));
#4843 = DIRECTION('',(0.99999986195,0.,-5.254514873956E-04));
#4844 = ADVANCED_FACE('',(#4845),#4863,.T.);
#4845 = FACE_BOUND('',#4846,.T.);
#4846 = EDGE_LOOP('',(#4847,#4848,#4849,#4857));
#4847 = ORIENTED_EDGE('',*,*,#430,.T.);
#4848 = ORIENTED_EDGE('',*,*,#4834,.T.);
#4849 = ORIENTED_EDGE('',*,*,#4850,.F.);
#4850 = EDGE_CURVE('',#4851,#4827,#4853,.T.);
#4851 = VERTEX_POINT('',#4852);
#4852 = CARTESIAN_POINT('',(-58.141,3.532,49.289));
#4853 = LINE('',#4854,#4855);
#4854 = CARTESIAN_POINT('',(-58.141,3.532,49.289));
#4855 = VECTOR('',#4856,1.);
#4856 = DIRECTION('',(0.312217870861,0.,-0.950010526844));
#4857 = ORIENTED_EDGE('',*,*,#4858,.F.);
#4858 = EDGE_CURVE('',#423,#4851,#4859,.T.);
#4859 = LINE('',#4860,#4861);
#4860 = CARTESIAN_POINT('',(-58.141,2.034,49.289));
#4861 = VECTOR('',#4862,1.);
#4862 = DIRECTION('',(0.,1.,0.));
#4863 = PLANE('',#4864);
#4864 = AXIS2_PLACEMENT_3D('',#4865,#4866,#4867);
#4865 = CARTESIAN_POINT('',(-58.0475,-1.684,49.0045));
#4866 = DIRECTION('',(0.950010526844,0.,0.312217870861));
#4867 = DIRECTION('',(-0.312217870861,0.,0.950010526844));
#4868 = ADVANCED_FACE('',(#4869),#4887,.T.);
#4869 = FACE_BOUND('',#4870,.T.);
#4870 = EDGE_LOOP('',(#4871,#4872,#4873,#4881));
#4871 = ORIENTED_EDGE('',*,*,#422,.T.);
#4872 = ORIENTED_EDGE('',*,*,#4858,.T.);
#4873 = ORIENTED_EDGE('',*,*,#4874,.F.);
#4874 = EDGE_CURVE('',#4875,#4851,#4877,.T.);
#4875 = VERTEX_POINT('',#4876);
#4876 = CARTESIAN_POINT('',(-58.458,3.532,49.833));
#4877 = LINE('',#4878,#4879);
#4878 = CARTESIAN_POINT('',(-58.458,3.532,49.833));
#4879 = VECTOR('',#4880,1.);
#4880 = DIRECTION('',(0.503475967095,0.,-0.864009230598));
#4881 = ORIENTED_EDGE('',*,*,#4882,.F.);
#4882 = EDGE_CURVE('',#415,#4875,#4883,.T.);
#4883 = LINE('',#4884,#4885);
#4884 = CARTESIAN_POINT('',(-58.458,2.034,49.833));
#4885 = VECTOR('',#4886,1.);
#4886 = DIRECTION('',(0.,1.,0.));
#4887 = PLANE('',#4888);
#4888 = AXIS2_PLACEMENT_3D('',#4889,#4890,#4891);
#4889 = CARTESIAN_POINT('',(-58.2995,-1.684,49.561));
#4890 = DIRECTION('',(0.864009230598,0.,0.503475967095));
#4891 = DIRECTION('',(-0.503475967095,0.,0.864009230598));
#4892 = ADVANCED_FACE('',(#4893),#4911,.T.);
#4893 = FACE_BOUND('',#4894,.T.);
#4894 = EDGE_LOOP('',(#4895,#4896,#4897,#4905));
#4895 = ORIENTED_EDGE('',*,*,#414,.T.);
#4896 = ORIENTED_EDGE('',*,*,#4882,.T.);
#4897 = ORIENTED_EDGE('',*,*,#4898,.F.);
#4898 = EDGE_CURVE('',#4899,#4875,#4901,.T.);
#4899 = VERTEX_POINT('',#4900);
#4900 = CARTESIAN_POINT('',(-58.913,3.532,50.311));
#4901 = LINE('',#4902,#4903);
#4902 = CARTESIAN_POINT('',(-58.913,3.532,50.311));
#4903 = VECTOR('',#4904,1.);
#4904 = DIRECTION('',(0.689465960376,0.,-0.724318085845));
#4905 = ORIENTED_EDGE('',*,*,#4906,.F.);
#4906 = EDGE_CURVE('',#407,#4899,#4907,.T.);
#4907 = LINE('',#4908,#4909);
#4908 = CARTESIAN_POINT('',(-58.913,2.034,50.311));
#4909 = VECTOR('',#4910,1.);
#4910 = DIRECTION('',(0.,1.,0.));
#4911 = PLANE('',#4912);
#4912 = AXIS2_PLACEMENT_3D('',#4913,#4914,#4915);
#4913 = CARTESIAN_POINT('',(-58.6855,-1.684,50.072));
#4914 = DIRECTION('',(0.724318085845,0.,0.689465960376));
#4915 = DIRECTION('',(-0.689465960376,0.,0.724318085845));
#4916 = ADVANCED_FACE('',(#4917),#4935,.T.);
#4917 = FACE_BOUND('',#4918,.T.);
#4918 = EDGE_LOOP('',(#4919,#4920,#4921,#4929));
#4919 = ORIENTED_EDGE('',*,*,#406,.T.);
#4920 = ORIENTED_EDGE('',*,*,#4906,.T.);
#4921 = ORIENTED_EDGE('',*,*,#4922,.F.);
#4922 = EDGE_CURVE('',#4923,#4899,#4925,.T.);
#4923 = VERTEX_POINT('',#4924);
#4924 = CARTESIAN_POINT('',(-59.464,3.532,50.676));
#4925 = LINE('',#4926,#4927);
#4926 = CARTESIAN_POINT('',(-59.464,3.532,50.676));
#4927 = VECTOR('',#4928,1.);
#4928 = DIRECTION('',(0.833676114831,0.,-0.552253687683));
#4929 = ORIENTED_EDGE('',*,*,#4930,.F.);
#4930 = EDGE_CURVE('',#399,#4923,#4931,.T.);
#4931 = LINE('',#4932,#4933);
#4932 = CARTESIAN_POINT('',(-59.464,2.034,50.676));
#4933 = VECTOR('',#4934,1.);
#4934 = DIRECTION('',(0.,1.,0.));
#4935 = PLANE('',#4936);
#4936 = AXIS2_PLACEMENT_3D('',#4937,#4938,#4939);
#4937 = CARTESIAN_POINT('',(-59.1885,-1.684,50.4935));
#4938 = DIRECTION('',(0.552253687683,0.,0.833676114831));
#4939 = DIRECTION('',(0.833676114831,0.,-0.552253687683));
#4940 = ADVANCED_FACE('',(#4941),#4959,.T.);
#4941 = FACE_BOUND('',#4942,.T.);
#4942 = EDGE_LOOP('',(#4943,#4944,#4945,#4953));
#4943 = ORIENTED_EDGE('',*,*,#398,.T.);
#4944 = ORIENTED_EDGE('',*,*,#4930,.T.);
#4945 = ORIENTED_EDGE('',*,*,#4946,.F.);
#4946 = EDGE_CURVE('',#4947,#4923,#4949,.T.);
#4947 = VERTEX_POINT('',#4948);
#4948 = CARTESIAN_POINT('',(-60.08,3.532,50.894));
#4949 = LINE('',#4950,#4951);
#4950 = CARTESIAN_POINT('',(-60.08,3.532,50.894));
#4951 = VECTOR('',#4952,1.);
#4952 = DIRECTION('',(0.942707464102,0.,-0.33362049866));
#4953 = ORIENTED_EDGE('',*,*,#4954,.F.);
#4954 = EDGE_CURVE('',#391,#4947,#4955,.T.);
#4955 = LINE('',#4956,#4957);
#4956 = CARTESIAN_POINT('',(-60.08,2.034,50.894));
#4957 = VECTOR('',#4958,1.);
#4958 = DIRECTION('',(0.,1.,0.));
#4959 = PLANE('',#4960);
#4960 = AXIS2_PLACEMENT_3D('',#4961,#4962,#4963);
#4961 = CARTESIAN_POINT('',(-59.772,-1.684,50.785));
#4962 = DIRECTION('',(0.33362049866,0.,0.942707464102));
#4963 = DIRECTION('',(0.942707464102,0.,-0.33362049866));
#4964 = ADVANCED_FACE('',(#4965),#4983,.T.);
#4965 = FACE_BOUND('',#4966,.T.);
#4966 = EDGE_LOOP('',(#4967,#4968,#4969,#4977));
#4967 = ORIENTED_EDGE('',*,*,#390,.T.);
#4968 = ORIENTED_EDGE('',*,*,#4954,.T.);
#4969 = ORIENTED_EDGE('',*,*,#4970,.F.);
#4970 = EDGE_CURVE('',#4971,#4947,#4973,.T.);
#4971 = VERTEX_POINT('',#4972);
#4972 = CARTESIAN_POINT('',(-60.721,3.532,50.967));
#4973 = LINE('',#4974,#4975);
#4974 = CARTESIAN_POINT('',(-60.721,3.532,50.967));
#4975 = VECTOR('',#4976,1.);
#4976 = DIRECTION('',(0.99357755974,0.,-0.113153138629));
#4977 = ORIENTED_EDGE('',*,*,#4978,.F.);
#4978 = EDGE_CURVE('',#383,#4971,#4979,.T.);
#4979 = LINE('',#4980,#4981);
#4980 = CARTESIAN_POINT('',(-60.721,2.034,50.967));
#4981 = VECTOR('',#4982,1.);
#4982 = DIRECTION('',(0.,1.,0.));
#4983 = PLANE('',#4984);
#4984 = AXIS2_PLACEMENT_3D('',#4985,#4986,#4987);
#4985 = CARTESIAN_POINT('',(-60.4005,-1.684,50.9305));
#4986 = DIRECTION('',(0.113153138629,0.,0.99357755974));
#4987 = DIRECTION('',(0.99357755974,0.,-0.113153138629));
#4988 = ADVANCED_FACE('',(#4989),#5007,.T.);
#4989 = FACE_BOUND('',#4990,.T.);
#4990 = EDGE_LOOP('',(#4991,#4992,#4993,#5001));
#4991 = ORIENTED_EDGE('',*,*,#382,.T.);
#4992 = ORIENTED_EDGE('',*,*,#4978,.T.);
#4993 = ORIENTED_EDGE('',*,*,#4994,.F.);
#4994 = EDGE_CURVE('',#4995,#4971,#4997,.T.);
#4995 = VERTEX_POINT('',#4996);
#4996 = CARTESIAN_POINT('',(-76.765,3.532,50.984));
#4997 = LINE('',#4998,#4999);
#4998 = CARTESIAN_POINT('',(-76.765,3.532,50.984));
#4999 = VECTOR('',#5000,1.);
#5000 = DIRECTION('',(0.999999438639,0.,-1.05958554331E-03));
#5001 = ORIENTED_EDGE('',*,*,#5002,.F.);
#5002 = EDGE_CURVE('',#375,#4995,#5003,.T.);
#5003 = LINE('',#5004,#5005);
#5004 = CARTESIAN_POINT('',(-76.765,2.034,50.984));
#5005 = VECTOR('',#5006,1.);
#5006 = DIRECTION('',(0.,1.,0.));
#5007 = PLANE('',#5008);
#5008 = AXIS2_PLACEMENT_3D('',#5009,#5010,#5011);
#5009 = CARTESIAN_POINT('',(-68.743,-1.684,50.9755));
#5010 = DIRECTION('',(1.05958554331E-03,0.,0.999999438639));
#5011 = DIRECTION('',(0.999999438639,0.,-1.05958554331E-03));
#5012 = ADVANCED_FACE('',(#5013),#5031,.T.);
#5013 = FACE_BOUND('',#5014,.T.);
#5014 = EDGE_LOOP('',(#5015,#5016,#5017,#5025));
#5015 = ORIENTED_EDGE('',*,*,#374,.T.);
#5016 = ORIENTED_EDGE('',*,*,#5002,.T.);
#5017 = ORIENTED_EDGE('',*,*,#5018,.F.);
#5018 = EDGE_CURVE('',#5019,#4995,#5021,.T.);
#5019 = VERTEX_POINT('',#5020);
#5020 = CARTESIAN_POINT('',(-77.398,3.532,50.911));
#5021 = LINE('',#5022,#5023);
#5022 = CARTESIAN_POINT('',(-77.398,3.532,50.911));
#5023 = VECTOR('',#5024,1.);
#5024 = DIRECTION('',(0.99341580727,0.,0.114564540175));
#5025 = ORIENTED_EDGE('',*,*,#5026,.F.);
#5026 = EDGE_CURVE('',#367,#5019,#5027,.T.);
#5027 = LINE('',#5028,#5029);
#5028 = CARTESIAN_POINT('',(-77.398,2.034,50.911));
#5029 = VECTOR('',#5030,1.);
#5030 = DIRECTION('',(0.,1.,0.));
#5031 = PLANE('',#5032);
#5032 = AXIS2_PLACEMENT_3D('',#5033,#5034,#5035);
#5033 = CARTESIAN_POINT('',(-77.0815,-1.684,50.9475));
#5034 = DIRECTION('',(-0.114564540175,0.,0.99341580727));
#5035 = DIRECTION('',(0.99341580727,0.,0.114564540175));
#5036 = ADVANCED_FACE('',(#5037),#5055,.T.);
#5037 = FACE_BOUND('',#5038,.T.);
#5038 = EDGE_LOOP('',(#5039,#5040,#5041,#5049));
#5039 = ORIENTED_EDGE('',*,*,#366,.T.);
#5040 = ORIENTED_EDGE('',*,*,#5026,.T.);
#5041 = ORIENTED_EDGE('',*,*,#5042,.F.);
#5042 = EDGE_CURVE('',#5043,#5019,#5045,.T.);
#5043 = VERTEX_POINT('',#5044);
#5044 = CARTESIAN_POINT('',(-78.014,3.532,50.684));
#5045 = LINE('',#5046,#5047);
#5046 = CARTESIAN_POINT('',(-78.014,3.532,50.684));
#5047 = VECTOR('',#5048,1.);
#5048 = DIRECTION('',(0.93831710759,0.,0.345775947115));
#5049 = ORIENTED_EDGE('',*,*,#5050,.F.);
#5050 = EDGE_CURVE('',#359,#5043,#5051,.T.);
#5051 = LINE('',#5052,#5053);
#5052 = CARTESIAN_POINT('',(-78.014,2.034,50.684));
#5053 = VECTOR('',#5054,1.);
#5054 = DIRECTION('',(0.,1.,0.));
#5055 = PLANE('',#5056);
#5056 = AXIS2_PLACEMENT_3D('',#5057,#5058,#5059);
#5057 = CARTESIAN_POINT('',(-77.706,-1.684,50.7975));
#5058 = DIRECTION('',(-0.345775947115,0.,0.93831710759));
#5059 = DIRECTION('',(0.93831710759,0.,0.345775947115));
#5060 = ADVANCED_FACE('',(#5061),#5079,.T.);
#5061 = FACE_BOUND('',#5062,.T.);
#5062 = EDGE_LOOP('',(#5063,#5071,#5072,#5073));
#5063 = ORIENTED_EDGE('',*,*,#5064,.F.);
#5064 = EDGE_CURVE('',#351,#5065,#5067,.T.);
#5065 = VERTEX_POINT('',#5066);
#5066 = CARTESIAN_POINT('',(-78.579,3.532,50.306));
#5067 = LINE('',#5068,#5069);
#5068 = CARTESIAN_POINT('',(-78.579,-6.9,50.306));
#5069 = VECTOR('',#5070,1.);
#5070 = DIRECTION('',(0.,1.,0.));
#5071 = ORIENTED_EDGE('',*,*,#358,.T.);
#5072 = ORIENTED_EDGE('',*,*,#5050,.T.);
#5073 = ORIENTED_EDGE('',*,*,#5074,.F.);
#5074 = EDGE_CURVE('',#5065,#5043,#5075,.T.);
#5075 = LINE('',#5076,#5077);
#5076 = CARTESIAN_POINT('',(-78.579,3.532,50.306));
#5077 = VECTOR('',#5078,1.);
#5078 = DIRECTION('',(0.831143924034,0.,0.556057350947));
#5079 = PLANE('',#5080);
#5080 = AXIS2_PLACEMENT_3D('',#5081,#5082,#5083);
#5081 = CARTESIAN_POINT('',(-78.2965,-1.684,50.495));
#5082 = DIRECTION('',(-0.556057350947,0.,0.831143924034));
#5083 = DIRECTION('',(0.831143924034,0.,0.556057350947));
#5084 = ADVANCED_FACE('',(#5085),#5103,.T.);
#5085 = FACE_BOUND('',#5086,.T.);
#5086 = EDGE_LOOP('',(#5087,#5088,#5089,#5097));
#5087 = ORIENTED_EDGE('',*,*,#350,.T.);
#5088 = ORIENTED_EDGE('',*,*,#5064,.T.);
#5089 = ORIENTED_EDGE('',*,*,#5090,.F.);
#5090 = EDGE_CURVE('',#5091,#5065,#5093,.T.);
#5091 = VERTEX_POINT('',#5092);
#5092 = CARTESIAN_POINT('',(-79.022,3.532,49.826));
#5093 = LINE('',#5094,#5095);
#5094 = CARTESIAN_POINT('',(-79.022,3.532,49.826));
#5095 = VECTOR('',#5096,1.);
#5096 = DIRECTION('',(0.67821651388,0.,0.734862136935));
#5097 = ORIENTED_EDGE('',*,*,#5098,.F.);
#5098 = EDGE_CURVE('',#343,#5091,#5099,.T.);
#5099 = LINE('',#5100,#5101);
#5100 = CARTESIAN_POINT('',(-79.022,2.034,49.826));
#5101 = VECTOR('',#5102,1.);
#5102 = DIRECTION('',(0.,1.,0.));
#5103 = PLANE('',#5104);
#5104 = AXIS2_PLACEMENT_3D('',#5105,#5106,#5107);
#5105 = CARTESIAN_POINT('',(-78.8005,-1.684,50.066));
#5106 = DIRECTION('',(-0.734862136935,-0.,0.67821651388));
#5107 = DIRECTION('',(-0.67821651388,0.,-0.734862136935));
#5108 = ADVANCED_FACE('',(#5109),#5120,.T.);
#5109 = FACE_BOUND('',#5110,.T.);
#5110 = EDGE_LOOP('',(#5111,#5112,#5113,#5119));
#5111 = ORIENTED_EDGE('',*,*,#342,.T.);
#5112 = ORIENTED_EDGE('',*,*,#5098,.T.);
#5113 = ORIENTED_EDGE('',*,*,#5114,.F.);
#5114 = EDGE_CURVE('',#2065,#5091,#5115,.T.);
#5115 = LINE('',#5116,#5117);
#5116 = CARTESIAN_POINT('',(-79.337,3.532,49.282));
#5117 = VECTOR('',#5118,1.);
#5118 = DIRECTION('',(0.501098976732,0.,0.865389978864));
#5119 = ORIENTED_EDGE('',*,*,#2064,.F.);
#5120 = PLANE('',#5121);
#5121 = AXIS2_PLACEMENT_3D('',#5122,#5123,#5124);
#5122 = CARTESIAN_POINT('',(-79.1795,-1.684,49.554));
#5123 = DIRECTION('',(-0.865389978864,-0.,0.501098976732));
#5124 = DIRECTION('',(-0.501098976732,0.,-0.865389978864));
#5125 = ADVANCED_FACE('',(#5126),#5145,.T.);
#5126 = FACE_BOUND('',#5127,.T.);
#5127 = EDGE_LOOP('',(#5128,#5136,#5142,#5143,#5144));
#5128 = ORIENTED_EDGE('',*,*,#5129,.T.);
#5129 = EDGE_CURVE('',#1420,#5130,#5132,.T.);
#5130 = VERTEX_POINT('',#5131);
#5131 = CARTESIAN_POINT('',(-3.759668654747,2.034,-10.56797449057));
#5132 = LINE('',#5133,#5134);
#5133 = CARTESIAN_POINT('',(-3.759668654747,-6.9,-10.56797449057));
#5134 = VECTOR('',#5135,1.);
#5135 = DIRECTION('',(0.,1.,0.));
#5136 = ORIENTED_EDGE('',*,*,#5137,.T.);
#5137 = EDGE_CURVE('',#5130,#2997,#5138,.T.);
#5138 = LINE('',#5139,#5140);
#5139 = CARTESIAN_POINT('',(-3.709299047853,2.034,-10.45485205117));
#5140 = VECTOR('',#5141,1.);
#5141 = DIRECTION('',(-0.406765299215,0.,-0.913532698569));
#5142 = ORIENTED_EDGE('',*,*,#2996,.F.);
#5143 = ORIENTED_EDGE('',*,*,#1387,.F.);
#5144 = ORIENTED_EDGE('',*,*,#1419,.F.);
#5145 = PLANE('',#5146);
#5146 = AXIS2_PLACEMENT_3D('',#5147,#5148,#5149);
#5147 = CARTESIAN_POINT('',(-3.759668654747,-6.9,-10.56797449057));
#5148 = DIRECTION('',(-0.913532698569,0.,0.406765299215));
#5149 = DIRECTION('',(-0.406765299215,0.,-0.913532698569));
#5150 = ADVANCED_FACE('',(#5151),#5184,.T.);
#5151 = FACE_BOUND('',#5152,.T.);
#5152 = EDGE_LOOP('',(#5153,#5163,#5169,#5170,#5178));
#5153 = ORIENTED_EDGE('',*,*,#5154,.F.);
#5154 = EDGE_CURVE('',#5155,#5157,#5159,.T.);
#5155 = VERTEX_POINT('',#5156);
#5156 = CARTESIAN_POINT('',(-3.603707794437,-3.,-6.04));
#5157 = VERTEX_POINT('',#5158);
#5158 = CARTESIAN_POINT('',(-2.103706822967,-3.,-6.04));
#5159 = LINE('',#5160,#5161);
#5160 = CARTESIAN_POINT('',(-6.587,-3.,-6.04));
#5161 = VECTOR('',#5162,1.);
#5162 = DIRECTION('',(1.,0.,-0.));
#5163 = ORIENTED_EDGE('',*,*,#5164,.F.);
#5164 = EDGE_CURVE('',#1402,#5155,#5165,.T.);
#5165 = LINE('',#5166,#5167);
#5166 = CARTESIAN_POINT('',(-3.603707794437,-6.9,-6.04));
#5167 = VECTOR('',#5168,1.);
#5168 = DIRECTION('',(0.,1.,-0.));
#5169 = ORIENTED_EDGE('',*,*,#1401,.T.);
#5170 = ORIENTED_EDGE('',*,*,#5171,.T.);
#5171 = EDGE_CURVE('',#1404,#5172,#5174,.T.);
#5172 = VERTEX_POINT('',#5173);
#5173 = CARTESIAN_POINT('',(-2.103706822967,-6.9,-6.04));
#5174 = LINE('',#5175,#5176);
#5175 = CARTESIAN_POINT('',(-6.587,-6.9,-6.04));
#5176 = VECTOR('',#5177,1.);
#5177 = DIRECTION('',(1.,0.,-0.));
#5178 = ORIENTED_EDGE('',*,*,#5179,.F.);
#5179 = EDGE_CURVE('',#5157,#5172,#5180,.T.);
#5180 = LINE('',#5181,#5182);
#5181 = CARTESIAN_POINT('',(-2.103706822967,-4.292,-6.04));
#5182 = VECTOR('',#5183,1.);
#5183 = DIRECTION('',(0.,-1.,0.));
#5184 = PLANE('',#5185);
#5185 = AXIS2_PLACEMENT_3D('',#5186,#5187,#5188);
#5186 = CARTESIAN_POINT('',(-6.587,-6.9,-6.04));
#5187 = DIRECTION('',(0.,0.,1.));
#5188 = DIRECTION('',(1.,0.,-0.));
#5189 = ADVANCED_FACE('',(#5190),#5240,.T.);
#5190 = FACE_BOUND('',#5191,.T.);
#5191 = EDGE_LOOP('',(#5192,#5202,#5210,#5218,#5224,#5225,#5226,#5234));
#5192 = ORIENTED_EDGE('',*,*,#5193,.F.);
#5193 = EDGE_CURVE('',#5194,#5196,#5198,.T.);
#5194 = VERTEX_POINT('',#5195);
#5195 = CARTESIAN_POINT('',(-3.65989160492,-6.9,43.325905081321));
#5196 = VERTEX_POINT('',#5197);
#5197 = CARTESIAN_POINT('',(-3.621917548036,-6.9,9.96));
#5198 = LINE('',#5199,#5200);
#5199 = CARTESIAN_POINT('',(-3.659999028531,-6.9,43.420292836706));
#5200 = VECTOR('',#5201,1.);
#5201 = DIRECTION('',(1.138108862862E-03,0.,-0.999999352354));
#5202 = ORIENTED_EDGE('',*,*,#5203,.T.);
#5203 = EDGE_CURVE('',#5194,#5204,#5206,.T.);
#5204 = VERTEX_POINT('',#5205);
#5205 = CARTESIAN_POINT('',(-3.65989160492,2.034,43.325905081321));
#5206 = LINE('',#5207,#5208);
#5207 = CARTESIAN_POINT('',(-3.65989160492,-6.9,43.325905081321));
#5208 = VECTOR('',#5209,1.);
#5209 = DIRECTION('',(0.,1.,0.));
#5210 = ORIENTED_EDGE('',*,*,#5211,.T.);
#5211 = EDGE_CURVE('',#5204,#5212,#5214,.T.);
#5212 = VERTEX_POINT('',#5213);
#5213 = CARTESIAN_POINT('',(-3.600047429281,2.034,-9.256179843837));
#5214 = LINE('',#5215,#5216);
#5215 = CARTESIAN_POINT('',(-3.659999028531,2.034,43.420292836706));
#5216 = VECTOR('',#5217,1.);
#5217 = DIRECTION('',(1.138108862862E-03,0.,-0.999999352354));
#5218 = ORIENTED_EDGE('',*,*,#5219,.F.);
#5219 = EDGE_CURVE('',#1436,#5212,#5220,.T.);
#5220 = LINE('',#5221,#5222);
#5221 = CARTESIAN_POINT('',(-3.600047429281,-6.9,-9.256179843837));
#5222 = VECTOR('',#5223,1.);
#5223 = DIRECTION('',(0.,1.,0.));
#5224 = ORIENTED_EDGE('',*,*,#1443,.F.);
#5225 = ORIENTED_EDGE('',*,*,#5164,.T.);
#5226 = ORIENTED_EDGE('',*,*,#5227,.F.);
#5227 = EDGE_CURVE('',#5228,#5155,#5230,.T.);
#5228 = VERTEX_POINT('',#5229);
#5229 = CARTESIAN_POINT('',(-3.621917548036,-3.,9.96));
#5230 = LINE('',#5231,#5232);
#5231 = CARTESIAN_POINT('',(-3.631801631796,-3.,18.644650195211));
#5232 = VECTOR('',#5233,1.);
#5233 = DIRECTION('',(1.138108862862E-03,0.,-0.999999352354));
#5234 = ORIENTED_EDGE('',*,*,#5235,.F.);
#5235 = EDGE_CURVE('',#5196,#5228,#5236,.T.);
#5236 = LINE('',#5237,#5238);
#5237 = CARTESIAN_POINT('',(-3.621917548036,-6.9,9.96));
#5238 = VECTOR('',#5239,1.);
#5239 = DIRECTION('',(0.,1.,-0.));
#5240 = PLANE('',#5241);
#5241 = AXIS2_PLACEMENT_3D('',#5242,#5243,#5244);
#5242 = CARTESIAN_POINT('',(-3.65989160492,-6.9,43.325905081321));
#5243 = DIRECTION('',(-0.999999352354,0.,-1.138108862862E-03));
#5244 = DIRECTION('',(1.138108862862E-03,0.,-0.999999352354));
#5245 = ADVANCED_FACE('',(#5246),#5264,.T.);
#5246 = FACE_BOUND('',#5247,.T.);
#5247 = EDGE_LOOP('',(#5248,#5249,#5257,#5263));
#5248 = ORIENTED_EDGE('',*,*,#5219,.T.);
#5249 = ORIENTED_EDGE('',*,*,#5250,.T.);
#5250 = EDGE_CURVE('',#5212,#5251,#5253,.T.);
#5251 = VERTEX_POINT('',#5252);
#5252 = CARTESIAN_POINT('',(-3.649387901645,2.034,-10.14348600517));
#5253 = LINE('',#5254,#5255);
#5254 = CARTESIAN_POINT('',(-3.597686256968,2.034,-9.213718095071));
#5255 = VECTOR('',#5256,1.);
#5256 = DIRECTION('',(-5.552126995248E-02,0.,-0.998457504645));
#5257 = ORIENTED_EDGE('',*,*,#5258,.F.);
#5258 = EDGE_CURVE('',#1428,#5251,#5259,.T.);
#5259 = LINE('',#5260,#5261);
#5260 = CARTESIAN_POINT('',(-3.649387901645,-6.9,-10.14348600517));
#5261 = VECTOR('',#5262,1.);
#5262 = DIRECTION('',(0.,1.,0.));
#5263 = ORIENTED_EDGE('',*,*,#1435,.F.);
#5264 = PLANE('',#5265);
#5265 = AXIS2_PLACEMENT_3D('',#5266,#5267,#5268);
#5266 = CARTESIAN_POINT('',(-3.600047429281,-6.9,-9.256179843837));
#5267 = DIRECTION('',(-0.998457504645,0.,5.552126995248E-02));
#5268 = DIRECTION('',(-5.552126995248E-02,0.,-0.998457504645));
#5269 = ADVANCED_FACE('',(#5270),#5281,.T.);
#5270 = FACE_BOUND('',#5271,.T.);
#5271 = EDGE_LOOP('',(#5272,#5273,#5279,#5280));
#5272 = ORIENTED_EDGE('',*,*,#5258,.T.);
#5273 = ORIENTED_EDGE('',*,*,#5274,.T.);
#5274 = EDGE_CURVE('',#5251,#5130,#5275,.T.);
#5275 = LINE('',#5276,#5277);
#5276 = CARTESIAN_POINT('',(-3.611805576488,2.034,-9.998825546892));
#5277 = VECTOR('',#5278,1.);
#5278 = DIRECTION('',(-0.251449635405,0.,-0.967870384326));
#5279 = ORIENTED_EDGE('',*,*,#5129,.F.);
#5280 = ORIENTED_EDGE('',*,*,#1427,.F.);
#5281 = PLANE('',#5282);
#5282 = AXIS2_PLACEMENT_3D('',#5283,#5284,#5285);
#5283 = CARTESIAN_POINT('',(-3.649387901645,-6.9,-10.14348600517));
#5284 = DIRECTION('',(-0.967870384326,0.,0.251449635405));
#5285 = DIRECTION('',(-0.251449635405,0.,-0.967870384326));
#5286 = ADVANCED_FACE('',(#5287),#5355,.F.);
#5287 = FACE_BOUND('',#5288,.F.);
#5288 = EDGE_LOOP('',(#5289,#5295,#5296,#5297,#5298,#5299,#5300,#5301,
    #5307,#5308,#5316,#5324,#5332,#5340,#5348,#5354));
#5289 = ORIENTED_EDGE('',*,*,#5290,.F.);
#5290 = EDGE_CURVE('',#1606,#4541,#5291,.T.);
#5291 = LINE('',#5292,#5293);
#5292 = CARTESIAN_POINT('',(-8.515,-6.9,26.86301093706));
#5293 = VECTOR('',#5294,1.);
#5294 = DIRECTION('',(-0.,0.,-1.));
#5295 = ORIENTED_EDGE('',*,*,#1605,.F.);
#5296 = ORIENTED_EDGE('',*,*,#1580,.F.);
#5297 = ORIENTED_EDGE('',*,*,#1556,.F.);
#5298 = ORIENTED_EDGE('',*,*,#1532,.F.);
#5299 = ORIENTED_EDGE('',*,*,#1508,.F.);
#5300 = ORIENTED_EDGE('',*,*,#1484,.F.);
#5301 = ORIENTED_EDGE('',*,*,#5302,.F.);
#5302 = EDGE_CURVE('',#5196,#1477,#5303,.T.);
#5303 = LINE('',#5304,#5305);
#5304 = CARTESIAN_POINT('',(-6.587,-6.9,9.96));
#5305 = VECTOR('',#5306,1.);
#5306 = DIRECTION('',(1.,0.,-0.));
#5307 = ORIENTED_EDGE('',*,*,#5193,.F.);
#5308 = ORIENTED_EDGE('',*,*,#5309,.F.);
#5309 = EDGE_CURVE('',#5310,#5194,#5312,.T.);
#5310 = VERTEX_POINT('',#5311);
#5311 = CARTESIAN_POINT('',(-3.71179790951,-6.9,43.732990481363));
#5312 = LINE('',#5313,#5314);
#5313 = CARTESIAN_POINT('',(-3.73695313915,-6.9,43.930275316068));
#5314 = VECTOR('',#5315,1.);
#5315 = DIRECTION('',(0.126483122621,0.,-0.991968759433));
#5316 = ORIENTED_EDGE('',*,*,#5317,.F.);
#5317 = EDGE_CURVE('',#5318,#5310,#5320,.T.);
#5318 = VERTEX_POINT('',#5319);
#5319 = CARTESIAN_POINT('',(-3.84245395718,-6.9,44.050429470419));
#5320 = LINE('',#5321,#5322);
#5321 = CARTESIAN_POINT('',(-3.920100399439,-6.9,44.239077516753));
#5322 = VECTOR('',#5323,1.);
#5323 = DIRECTION('',(0.380614988831,0.,-0.924733599626));
#5324 = ORIENTED_EDGE('',*,*,#5325,.F.);
#5325 = EDGE_CURVE('',#5326,#5318,#5328,.T.);
#5326 = VERTEX_POINT('',#5327);
#5327 = CARTESIAN_POINT('',(-4.055558646542,-6.9,44.324555326339));
#5328 = LINE('',#5329,#5330);
#5329 = CARTESIAN_POINT('',(-4.171246673351,-6.9,44.473369880648));
#5330 = VECTOR('',#5331,1.);
#5331 = DIRECTION('',(0.613753412901,0.,-0.789497782234));
#5332 = ORIENTED_EDGE('',*,*,#5333,.F.);
#5333 = EDGE_CURVE('',#5334,#5326,#5336,.T.);
#5334 = VERTEX_POINT('',#5335);
#5335 = CARTESIAN_POINT('',(-4.325276583594,-6.9,44.533874887744));
#5336 = LINE('',#5337,#5338);
#5337 = CARTESIAN_POINT('',(-4.491648256957,-6.9,44.662990682115));
#5338 = VECTOR('',#5339,1.);
#5339 = DIRECTION('',(0.790006211924,0.,-0.613098837972));
#5340 = ORIENTED_EDGE('',*,*,#5341,.F.);
#5341 = EDGE_CURVE('',#5342,#5334,#5344,.T.);
#5342 = VERTEX_POINT('',#5343);
#5343 = CARTESIAN_POINT('',(-4.650982371802,-6.9,44.664346292019));
#5344 = LINE('',#5345,#5346);
#5345 = CARTESIAN_POINT('',(-4.818782824882,-6.9,44.731563890059));
#5346 = VECTOR('',#5347,1.);
#5347 = DIRECTION('',(0.92829073996,0.,-0.371855216588));
#5348 = ORIENTED_EDGE('',*,*,#5349,.F.);
#5349 = EDGE_CURVE('',#4533,#5342,#5350,.T.);
#5350 = LINE('',#5351,#5352);
#5351 = CARTESIAN_POINT('',(-5.2180171669,-6.9,44.74491691974));
#5352 = VECTOR('',#5353,1.);
#5353 = DIRECTION('',(0.99005538684,0.,-0.140678111267));
#5354 = ORIENTED_EDGE('',*,*,#4540,.F.);
#5355 = PLANE('',#5356);
#5356 = AXIS2_PLACEMENT_3D('',#5357,#5358,#5359);
#5357 = CARTESIAN_POINT('',(-65.97731018769,-6.9,12.726021874121));
#5358 = DIRECTION('',(0.,1.,0.));
#5359 = DIRECTION('',(0.,-0.,1.));
#5360 = ADVANCED_FACE('',(#5361),#5372,.T.);
#5361 = FACE_BOUND('',#5362,.T.);
#5362 = EDGE_LOOP('',(#5363,#5369,#5370,#5371));
#5363 = ORIENTED_EDGE('',*,*,#5364,.F.);
#5364 = EDGE_CURVE('',#1614,#1728,#5365,.T.);
#5365 = LINE('',#5366,#5367);
#5366 = CARTESIAN_POINT('',(-8.515,-9.64,41.));
#5367 = VECTOR('',#5368,1.);
#5368 = DIRECTION('',(0.,0.,1.));
#5369 = ORIENTED_EDGE('',*,*,#1621,.T.);
#5370 = ORIENTED_EDGE('',*,*,#4578,.T.);
#5371 = ORIENTED_EDGE('',*,*,#1727,.T.);
#5372 = PLANE('',#5373);
#5373 = AXIS2_PLACEMENT_3D('',#5374,#5375,#5376);
#5374 = CARTESIAN_POINT('',(-19.465,-9.64,41.));
#5375 = DIRECTION('',(-0.,1.,0.));
#5376 = DIRECTION('',(0.,0.,1.));
#5377 = ADVANCED_FACE('',(#5378),#5398,.F.);
#5378 = FACE_BOUND('',#5379,.F.);
#5379 = EDGE_LOOP('',(#5380,#5381,#5382,#5383,#5384,#5390,#5391,#5397));
#5380 = ORIENTED_EDGE('',*,*,#5364,.F.);
#5381 = ORIENTED_EDGE('',*,*,#1613,.T.);
#5382 = ORIENTED_EDGE('',*,*,#5290,.T.);
#5383 = ORIENTED_EDGE('',*,*,#4548,.F.);
#5384 = ORIENTED_EDGE('',*,*,#5385,.T.);
#5385 = EDGE_CURVE('',#4549,#4635,#5386,.T.);
#5386 = LINE('',#5387,#5388);
#5387 = CARTESIAN_POINT('',(-8.515,-6.14,41.));
#5388 = VECTOR('',#5389,1.);
#5389 = DIRECTION('',(0.,0.,1.));
#5390 = ORIENTED_EDGE('',*,*,#4642,.F.);
#5391 = ORIENTED_EDGE('',*,*,#5392,.F.);
#5392 = EDGE_CURVE('',#1736,#4643,#5393,.T.);
#5393 = LINE('',#5394,#5395);
#5394 = CARTESIAN_POINT('',(-8.515,-6.9,32.347939249306));
#5395 = VECTOR('',#5396,1.);
#5396 = DIRECTION('',(-0.,0.,-1.));
#5397 = ORIENTED_EDGE('',*,*,#1735,.T.);
#5398 = PLANE('',#5399);
#5399 = AXIS2_PLACEMENT_3D('',#5400,#5401,#5402);
#5400 = CARTESIAN_POINT('',(-8.515,-9.64,41.));
#5401 = DIRECTION('',(1.,0.,-0.));
#5402 = DIRECTION('',(0.,0.,1.));
#5403 = ADVANCED_FACE('',(#5404),#5410,.T.);
#5404 = FACE_BOUND('',#5405,.T.);
#5405 = EDGE_LOOP('',(#5406,#5407,#5408,#5409));
#5406 = ORIENTED_EDGE('',*,*,#1711,.T.);
#5407 = ORIENTED_EDGE('',*,*,#4603,.T.);
#5408 = ORIENTED_EDGE('',*,*,#4627,.F.);
#5409 = ORIENTED_EDGE('',*,*,#1686,.T.);
#5410 = PLANE('',#5411);
#5411 = AXIS2_PLACEMENT_3D('',#5412,#5413,#5414);
#5412 = CARTESIAN_POINT('',(-5.887329302706,-6.9,23.695878498611));
#5413 = DIRECTION('',(0.,1.,0.));
#5414 = DIRECTION('',(0.,-0.,1.));
#5415 = ADVANCED_FACE('',(#5416),#5426,.F.);
#5416 = FACE_BOUND('',#5417,.F.);
#5417 = EDGE_LOOP('',(#5418,#5419,#5425));
#5418 = ORIENTED_EDGE('',*,*,#1990,.F.);
#5419 = ORIENTED_EDGE('',*,*,#5420,.T.);
#5420 = EDGE_CURVE('',#1983,#2959,#5421,.T.);
#5421 = LINE('',#5422,#5423);
#5422 = CARTESIAN_POINT('',(-2.339,-6.9,-11.065));
#5423 = VECTOR('',#5424,1.);
#5424 = DIRECTION('',(-0.406765299215,0.,-0.913532698569));
#5425 = ORIENTED_EDGE('',*,*,#2958,.T.);
#5426 = PLANE('',#5427);
#5427 = AXIS2_PLACEMENT_3D('',#5428,#5429,#5430);
#5428 = CARTESIAN_POINT('',(-65.97731018769,-6.9,12.726021874121));
#5429 = DIRECTION('',(0.,1.,0.));
#5430 = DIRECTION('',(0.,-0.,1.));
#5431 = ADVANCED_FACE('',(#5432),#5438,.T.);
#5432 = FACE_BOUND('',#5433,.T.);
#5433 = EDGE_LOOP('',(#5434,#5435,#5436,#5437));
#5434 = ORIENTED_EDGE('',*,*,#2046,.T.);
#5435 = ORIENTED_EDGE('',*,*,#2966,.F.);
#5436 = ORIENTED_EDGE('',*,*,#1998,.T.);
#5437 = ORIENTED_EDGE('',*,*,#2022,.T.);
#5438 = PLANE('',#5439);
#5439 = AXIS2_PLACEMENT_3D('',#5440,#5441,#5442);
#5440 = CARTESIAN_POINT('',(-5.887329302706,-6.9,23.695878498611));
#5441 = DIRECTION('',(0.,1.,0.));
#5442 = DIRECTION('',(0.,-0.,1.));
#5443 = ADVANCED_FACE('',(#5444,#5582,#5593,#5604,#5615,#5626),#5637,.T.
  );
#5444 = FACE_BOUND('',#5445,.T.);
#5445 = EDGE_LOOP('',(#5446,#5447,#5448,#5449,#5450,#5451,#5452,#5453,
    #5454,#5455,#5456,#5457,#5458,#5459,#5460,#5461,#5462,#5463,#5464,
    #5472,#5480,#5488,#5496,#5504,#5512,#5520,#5528,#5536,#5542,#5543,
    #5544,#5545,#5546,#5547,#5548,#5549,#5550,#5551,#5552,#5553,#5554,
    #5555,#5556,#5557,#5558,#5559,#5560,#5561,#5562,#5563,#5564,#5565,
    #5566,#5567,#5568,#5569,#5570,#5571,#5572,#5573,#5574,#5575,#5576,
    #5577,#5578,#5579,#5580,#5581));
#5446 = ORIENTED_EDGE('',*,*,#5074,.T.);
#5447 = ORIENTED_EDGE('',*,*,#5042,.T.);
#5448 = ORIENTED_EDGE('',*,*,#5018,.T.);
#5449 = ORIENTED_EDGE('',*,*,#4994,.T.);
#5450 = ORIENTED_EDGE('',*,*,#4970,.T.);
#5451 = ORIENTED_EDGE('',*,*,#4946,.T.);
#5452 = ORIENTED_EDGE('',*,*,#4922,.T.);
#5453 = ORIENTED_EDGE('',*,*,#4898,.T.);
#5454 = ORIENTED_EDGE('',*,*,#4874,.T.);
#5455 = ORIENTED_EDGE('',*,*,#4850,.T.);
#5456 = ORIENTED_EDGE('',*,*,#4826,.T.);
#5457 = ORIENTED_EDGE('',*,*,#4802,.T.);
#5458 = ORIENTED_EDGE('',*,*,#4778,.T.);
#5459 = ORIENTED_EDGE('',*,*,#4754,.T.);
#5460 = ORIENTED_EDGE('',*,*,#4730,.T.);
#5461 = ORIENTED_EDGE('',*,*,#4706,.T.);
#5462 = ORIENTED_EDGE('',*,*,#4682,.T.);
#5463 = ORIENTED_EDGE('',*,*,#4666,.T.);
#5464 = ORIENTED_EDGE('',*,*,#5465,.T.);
#5465 = EDGE_CURVE('',#4659,#5466,#5468,.T.);
#5466 = VERTEX_POINT('',#5467);
#5467 = CARTESIAN_POINT('',(-4.261,3.532,46.124));
#5468 = LINE('',#5469,#5470);
#5469 = CARTESIAN_POINT('',(-5.007,3.532,46.23));
#5470 = VECTOR('',#5471,1.);
#5471 = DIRECTION('',(0.99005538684,0.,-0.140678111267));
#5472 = ORIENTED_EDGE('',*,*,#5473,.T.);
#5473 = EDGE_CURVE('',#5466,#5474,#5476,.T.);
#5474 = VERTEX_POINT('',#5475);
#5475 = CARTESIAN_POINT('',(-3.572,3.532,45.848));
#5476 = LINE('',#5477,#5478);
#5477 = CARTESIAN_POINT('',(-4.261,3.532,46.124));
#5478 = VECTOR('',#5479,1.);
#5479 = DIRECTION('',(0.92829073996,0.,-0.371855216588));
#5480 = ORIENTED_EDGE('',*,*,#5481,.T.);
#5481 = EDGE_CURVE('',#5474,#5482,#5484,.T.);
#5482 = VERTEX_POINT('',#5483);
#5483 = CARTESIAN_POINT('',(-2.987,3.532,45.394));
#5484 = LINE('',#5485,#5486);
#5485 = CARTESIAN_POINT('',(-3.572,3.532,45.848));
#5486 = VECTOR('',#5487,1.);
#5487 = DIRECTION('',(0.790006211924,0.,-0.613098837972));
#5488 = ORIENTED_EDGE('',*,*,#5489,.T.);
#5489 = EDGE_CURVE('',#5482,#5490,#5492,.T.);
#5490 = VERTEX_POINT('',#5491);
#5491 = CARTESIAN_POINT('',(-2.533,3.532,44.81));
#5492 = LINE('',#5493,#5494);
#5493 = CARTESIAN_POINT('',(-2.987,3.532,45.394));
#5494 = VECTOR('',#5495,1.);
#5495 = DIRECTION('',(0.613753412901,0.,-0.789497782234));
#5496 = ORIENTED_EDGE('',*,*,#5497,.T.);
#5497 = EDGE_CURVE('',#5490,#5498,#5500,.T.);
#5498 = VERTEX_POINT('',#5499);
#5499 = CARTESIAN_POINT('',(-2.249,3.532,44.12));
#5500 = LINE('',#5501,#5502);
#5501 = CARTESIAN_POINT('',(-2.533,3.532,44.81));
#5502 = VECTOR('',#5503,1.);
#5503 = DIRECTION('',(0.380614988831,0.,-0.924733599626));
#5504 = ORIENTED_EDGE('',*,*,#5505,.T.);
#5505 = EDGE_CURVE('',#5498,#5506,#5508,.T.);
#5506 = VERTEX_POINT('',#5507);
#5507 = CARTESIAN_POINT('',(-2.16,3.532,43.422));
#5508 = LINE('',#5509,#5510);
#5509 = CARTESIAN_POINT('',(-2.249,3.532,44.12));
#5510 = VECTOR('',#5511,1.);
#5511 = DIRECTION('',(0.126483122621,0.,-0.991968759433));
#5512 = ORIENTED_EDGE('',*,*,#5513,.T.);
#5513 = EDGE_CURVE('',#5506,#5514,#5516,.T.);
#5514 = VERTEX_POINT('',#5515);
#5515 = CARTESIAN_POINT('',(-2.1,3.532,-9.297));
#5516 = LINE('',#5517,#5518);
#5517 = CARTESIAN_POINT('',(-2.16,3.532,43.422));
#5518 = VECTOR('',#5519,1.);
#5519 = DIRECTION('',(1.138108862862E-03,0.,-0.999999352354));
#5520 = ORIENTED_EDGE('',*,*,#5521,.T.);
#5521 = EDGE_CURVE('',#5514,#5522,#5524,.T.);
#5522 = VERTEX_POINT('',#5523);
#5523 = CARTESIAN_POINT('',(-2.16,3.532,-10.376));
#5524 = LINE('',#5525,#5526);
#5525 = CARTESIAN_POINT('',(-2.1,3.532,-9.297));
#5526 = VECTOR('',#5527,1.);
#5527 = DIRECTION('',(-5.552126995248E-02,0.,-0.998457504645));
#5528 = ORIENTED_EDGE('',*,*,#5529,.T.);
#5529 = EDGE_CURVE('',#5522,#5530,#5532,.T.);
#5530 = VERTEX_POINT('',#5531);
#5531 = CARTESIAN_POINT('',(-2.339,3.532,-11.065));
#5532 = LINE('',#5533,#5534);
#5533 = CARTESIAN_POINT('',(-2.16,3.532,-10.376));
#5534 = VECTOR('',#5535,1.);
#5535 = DIRECTION('',(-0.251449635405,0.,-0.967870384326));
#5536 = ORIENTED_EDGE('',*,*,#5537,.T.);
#5537 = EDGE_CURVE('',#5530,#2975,#5538,.T.);
#5538 = LINE('',#5539,#5540);
#5539 = CARTESIAN_POINT('',(-2.339,3.532,-11.065));
#5540 = VECTOR('',#5541,1.);
#5541 = DIRECTION('',(-0.406765299215,0.,-0.913532698569));
#5542 = ORIENTED_EDGE('',*,*,#2974,.T.);
#5543 = ORIENTED_EDGE('',*,*,#2936,.T.);
#5544 = ORIENTED_EDGE('',*,*,#2912,.T.);
#5545 = ORIENTED_EDGE('',*,*,#2888,.T.);
#5546 = ORIENTED_EDGE('',*,*,#2864,.T.);
#5547 = ORIENTED_EDGE('',*,*,#2840,.T.);
#5548 = ORIENTED_EDGE('',*,*,#2816,.T.);
#5549 = ORIENTED_EDGE('',*,*,#2792,.T.);
#5550 = ORIENTED_EDGE('',*,*,#2768,.T.);
#5551 = ORIENTED_EDGE('',*,*,#2744,.T.);
#5552 = ORIENTED_EDGE('',*,*,#2720,.T.);
#5553 = ORIENTED_EDGE('',*,*,#2696,.T.);
#5554 = ORIENTED_EDGE('',*,*,#2672,.T.);
#5555 = ORIENTED_EDGE('',*,*,#2648,.T.);
#5556 = ORIENTED_EDGE('',*,*,#2624,.T.);
#5557 = ORIENTED_EDGE('',*,*,#2600,.T.);
#5558 = ORIENTED_EDGE('',*,*,#2576,.T.);
#5559 = ORIENTED_EDGE('',*,*,#2552,.T.);
#5560 = ORIENTED_EDGE('',*,*,#2528,.T.);
#5561 = ORIENTED_EDGE('',*,*,#2504,.T.);
#5562 = ORIENTED_EDGE('',*,*,#2480,.T.);
#5563 = ORIENTED_EDGE('',*,*,#2456,.T.);
#5564 = ORIENTED_EDGE('',*,*,#2432,.T.);
#5565 = ORIENTED_EDGE('',*,*,#2408,.T.);
#5566 = ORIENTED_EDGE('',*,*,#2384,.T.);
#5567 = ORIENTED_EDGE('',*,*,#2360,.T.);
#5568 = ORIENTED_EDGE('',*,*,#2336,.T.);
#5569 = ORIENTED_EDGE('',*,*,#2312,.T.);
#5570 = ORIENTED_EDGE('',*,*,#2288,.T.);
#5571 = ORIENTED_EDGE('',*,*,#2264,.T.);
#5572 = ORIENTED_EDGE('',*,*,#2240,.T.);
#5573 = ORIENTED_EDGE('',*,*,#2216,.T.);
#5574 = ORIENTED_EDGE('',*,*,#2192,.T.);
#5575 = ORIENTED_EDGE('',*,*,#2168,.T.);
#5576 = ORIENTED_EDGE('',*,*,#2144,.T.);
#5577 = ORIENTED_EDGE('',*,*,#2120,.T.);
#5578 = ORIENTED_EDGE('',*,*,#2096,.T.);
#5579 = ORIENTED_EDGE('',*,*,#2072,.T.);
#5580 = ORIENTED_EDGE('',*,*,#5114,.T.);
#5581 = ORIENTED_EDGE('',*,*,#5090,.T.);
#5582 = FACE_BOUND('',#5583,.T.);
#5583 = EDGE_LOOP('',(#5584));
#5584 = ORIENTED_EDGE('',*,*,#5585,.F.);
#5585 = EDGE_CURVE('',#5586,#5586,#5588,.T.);
#5586 = VERTEX_POINT('',#5587);
#5587 = CARTESIAN_POINT('',(-72.867,3.532,-5.733));
#5588 = CIRCLE('',#5589,1.237);
#5589 = AXIS2_PLACEMENT_3D('',#5590,#5591,#5592);
#5590 = CARTESIAN_POINT('',(-72.867,3.532,-6.97));
#5591 = DIRECTION('',(0.,1.,0.));
#5592 = DIRECTION('',(0.,-0.,1.));
#5593 = FACE_BOUND('',#5594,.T.);
#5594 = EDGE_LOOP('',(#5595));
#5595 = ORIENTED_EDGE('',*,*,#5596,.F.);
#5596 = EDGE_CURVE('',#5597,#5597,#5599,.T.);
#5597 = VERTEX_POINT('',#5598);
#5598 = CARTESIAN_POINT('',(-113.769,3.532,8.966));
#5599 = CIRCLE('',#5600,1.236);
#5600 = AXIS2_PLACEMENT_3D('',#5601,#5602,#5603);
#5601 = CARTESIAN_POINT('',(-113.769,3.532,7.73));
#5602 = DIRECTION('',(0.,1.,0.));
#5603 = DIRECTION('',(0.,-0.,1.));
#5604 = FACE_BOUND('',#5605,.T.);
#5605 = EDGE_LOOP('',(#5606));
#5606 = ORIENTED_EDGE('',*,*,#5607,.F.);
#5607 = EDGE_CURVE('',#5608,#5608,#5610,.T.);
#5608 = VERTEX_POINT('',#5609);
#5609 = CARTESIAN_POINT('',(-113.769,3.532,25.967));
#5610 = CIRCLE('',#5611,1.236);
#5611 = AXIS2_PLACEMENT_3D('',#5612,#5613,#5614);
#5612 = CARTESIAN_POINT('',(-113.769,3.532,24.731));
#5613 = DIRECTION('',(0.,1.,0.));
#5614 = DIRECTION('',(0.,-0.,1.));
#5615 = FACE_BOUND('',#5616,.T.);
#5616 = EDGE_LOOP('',(#5617));
#5617 = ORIENTED_EDGE('',*,*,#5618,.F.);
#5618 = EDGE_CURVE('',#5619,#5619,#5621,.T.);
#5619 = VERTEX_POINT('',#5620);
#5620 = CARTESIAN_POINT('',(-28.365,3.532,-12.337));
#5621 = CIRCLE('',#5622,1.234);
#5622 = AXIS2_PLACEMENT_3D('',#5623,#5624,#5625);
#5623 = CARTESIAN_POINT('',(-28.365,3.532,-13.571));
#5624 = DIRECTION('',(0.,1.,0.));
#5625 = DIRECTION('',(0.,-0.,1.));
#5626 = FACE_BOUND('',#5627,.T.);
#5627 = EDGE_LOOP('',(#5628));
#5628 = ORIENTED_EDGE('',*,*,#5629,.F.);
#5629 = EDGE_CURVE('',#5630,#5630,#5632,.T.);
#5630 = VERTEX_POINT('',#5631);
#5631 = CARTESIAN_POINT('',(-41.773,3.532,29.364));
#5632 = CIRCLE('',#5633,1.231);
#5633 = AXIS2_PLACEMENT_3D('',#5634,#5635,#5636);
#5634 = CARTESIAN_POINT('',(-41.773,3.532,28.133));
#5635 = DIRECTION('',(0.,1.,0.));
#5636 = DIRECTION('',(0.,-0.,1.));
#5637 = PLANE('',#5638);
#5638 = AXIS2_PLACEMENT_3D('',#5639,#5640,#5641);
#5639 = CARTESIAN_POINT('',(-65.97731018769,3.532,12.726021874121));
#5640 = DIRECTION('',(0.,1.,0.));
#5641 = DIRECTION('',(0.,-0.,1.));
#5642 = ADVANCED_FACE('',(#5643),#5662,.T.);
#5643 = FACE_BOUND('',#5644,.T.);
#5644 = EDGE_LOOP('',(#5645,#5653,#5654,#5655,#5656));
#5645 = ORIENTED_EDGE('',*,*,#5646,.T.);
#5646 = EDGE_CURVE('',#5647,#1983,#5649,.T.);
#5647 = VERTEX_POINT('',#5648);
#5648 = CARTESIAN_POINT('',(-2.339,-6.9,-11.065));
#5649 = LINE('',#5650,#5651);
#5650 = CARTESIAN_POINT('',(-2.339,-6.9,-11.065));
#5651 = VECTOR('',#5652,1.);
#5652 = DIRECTION('',(-0.406765299215,0.,-0.913532698569));
#5653 = ORIENTED_EDGE('',*,*,#5420,.T.);
#5654 = ORIENTED_EDGE('',*,*,#2982,.T.);
#5655 = ORIENTED_EDGE('',*,*,#5537,.F.);
#5656 = ORIENTED_EDGE('',*,*,#5657,.F.);
#5657 = EDGE_CURVE('',#5647,#5530,#5658,.T.);
#5658 = LINE('',#5659,#5660);
#5659 = CARTESIAN_POINT('',(-2.339,2.034,-11.065));
#5660 = VECTOR('',#5661,1.);
#5661 = DIRECTION('',(0.,1.,0.));
#5662 = PLANE('',#5663);
#5663 = AXIS2_PLACEMENT_3D('',#5664,#5665,#5666);
#5664 = CARTESIAN_POINT('',(-2.4895,-1.684,-11.403));
#5665 = DIRECTION('',(0.913532698569,0.,-0.406765299215));
#5666 = DIRECTION('',(0.406765299215,0.,0.913532698569));
#5667 = ADVANCED_FACE('',(#5668,#5784,#5795,#5806,#5817,#5828),#5839,.F.
  );
#5668 = FACE_BOUND('',#5669,.F.);
#5669 = EDGE_LOOP('',(#5670,#5671,#5672,#5673,#5674,#5675,#5676,#5677,
    #5678,#5679,#5680,#5681,#5682,#5683,#5684,#5685,#5686,#5687,#5688,
    #5689,#5690,#5691,#5699,#5707,#5715,#5723,#5731,#5737,#5738,#5739,
    #5740,#5741,#5742,#5743,#5744,#5745,#5746,#5747,#5748,#5749,#5750,
    #5751,#5752,#5753,#5754,#5755,#5756,#5757,#5758,#5759,#5760,#5761,
    #5762,#5763,#5764,#5765,#5766,#5767,#5768,#5769,#5770,#5771,#5772,
    #5773,#5774,#5775,#5776,#5777,#5778,#5779,#5780,#5781,#5782,#5783));
#5670 = ORIENTED_EDGE('',*,*,#4041,.T.);
#5671 = ORIENTED_EDGE('',*,*,#4065,.T.);
#5672 = ORIENTED_EDGE('',*,*,#4089,.T.);
#5673 = ORIENTED_EDGE('',*,*,#4113,.T.);
#5674 = ORIENTED_EDGE('',*,*,#4137,.T.);
#5675 = ORIENTED_EDGE('',*,*,#4161,.T.);
#5676 = ORIENTED_EDGE('',*,*,#4185,.T.);
#5677 = ORIENTED_EDGE('',*,*,#4209,.T.);
#5678 = ORIENTED_EDGE('',*,*,#4233,.T.);
#5679 = ORIENTED_EDGE('',*,*,#4257,.T.);
#5680 = ORIENTED_EDGE('',*,*,#4281,.T.);
#5681 = ORIENTED_EDGE('',*,*,#4305,.T.);
#5682 = ORIENTED_EDGE('',*,*,#4330,.T.);
#5683 = ORIENTED_EDGE('',*,*,#4354,.T.);
#5684 = ORIENTED_EDGE('',*,*,#4378,.T.);
#5685 = ORIENTED_EDGE('',*,*,#4402,.T.);
#5686 = ORIENTED_EDGE('',*,*,#4426,.T.);
#5687 = ORIENTED_EDGE('',*,*,#4450,.T.);
#5688 = ORIENTED_EDGE('',*,*,#4474,.T.);
#5689 = ORIENTED_EDGE('',*,*,#4498,.T.);
#5690 = ORIENTED_EDGE('',*,*,#4524,.T.);
#5691 = ORIENTED_EDGE('',*,*,#5692,.T.);
#5692 = EDGE_CURVE('',#4525,#5693,#5695,.T.);
#5693 = VERTEX_POINT('',#5694);
#5694 = CARTESIAN_POINT('',(-4.650982371802,2.034,44.664346292019));
#5695 = LINE('',#5696,#5697);
#5696 = CARTESIAN_POINT('',(-5.2180171669,2.034,44.74491691974));
#5697 = VECTOR('',#5698,1.);
#5698 = DIRECTION('',(0.99005538684,0.,-0.140678111267));
#5699 = ORIENTED_EDGE('',*,*,#5700,.T.);
#5700 = EDGE_CURVE('',#5693,#5701,#5703,.T.);
#5701 = VERTEX_POINT('',#5702);
#5702 = CARTESIAN_POINT('',(-4.325276583594,2.034,44.533874887744));
#5703 = LINE('',#5704,#5705);
#5704 = CARTESIAN_POINT('',(-4.818782824882,2.034,44.731563890059));
#5705 = VECTOR('',#5706,1.);
#5706 = DIRECTION('',(0.92829073996,0.,-0.371855216588));
#5707 = ORIENTED_EDGE('',*,*,#5708,.T.);
#5708 = EDGE_CURVE('',#5701,#5709,#5711,.T.);
#5709 = VERTEX_POINT('',#5710);
#5710 = CARTESIAN_POINT('',(-4.055558646542,2.034,44.324555326339));
#5711 = LINE('',#5712,#5713);
#5712 = CARTESIAN_POINT('',(-4.491648256957,2.034,44.662990682115));
#5713 = VECTOR('',#5714,1.);
#5714 = DIRECTION('',(0.790006211924,0.,-0.613098837972));
#5715 = ORIENTED_EDGE('',*,*,#5716,.T.);
#5716 = EDGE_CURVE('',#5709,#5717,#5719,.T.);
#5717 = VERTEX_POINT('',#5718);
#5718 = CARTESIAN_POINT('',(-3.84245395718,2.034,44.050429470419));
#5719 = LINE('',#5720,#5721);
#5720 = CARTESIAN_POINT('',(-4.171246673351,2.034,44.473369880648));
#5721 = VECTOR('',#5722,1.);
#5722 = DIRECTION('',(0.613753412901,0.,-0.789497782234));
#5723 = ORIENTED_EDGE('',*,*,#5724,.T.);
#5724 = EDGE_CURVE('',#5717,#5725,#5727,.T.);
#5725 = VERTEX_POINT('',#5726);
#5726 = CARTESIAN_POINT('',(-3.71179790951,2.034,43.732990481363));
#5727 = LINE('',#5728,#5729);
#5728 = CARTESIAN_POINT('',(-3.920100399439,2.034,44.239077516753));
#5729 = VECTOR('',#5730,1.);
#5730 = DIRECTION('',(0.380614988831,0.,-0.924733599626));
#5731 = ORIENTED_EDGE('',*,*,#5732,.T.);
#5732 = EDGE_CURVE('',#5725,#5204,#5733,.T.);
#5733 = LINE('',#5734,#5735);
#5734 = CARTESIAN_POINT('',(-3.73695313915,2.034,43.930275316068));
#5735 = VECTOR('',#5736,1.);
#5736 = DIRECTION('',(0.126483122621,0.,-0.991968759433));
#5737 = ORIENTED_EDGE('',*,*,#5211,.T.);
#5738 = ORIENTED_EDGE('',*,*,#5250,.T.);
#5739 = ORIENTED_EDGE('',*,*,#5274,.T.);
#5740 = ORIENTED_EDGE('',*,*,#5137,.T.);
#5741 = ORIENTED_EDGE('',*,*,#3004,.T.);
#5742 = ORIENTED_EDGE('',*,*,#3029,.T.);
#5743 = ORIENTED_EDGE('',*,*,#3053,.T.);
#5744 = ORIENTED_EDGE('',*,*,#3077,.T.);
#5745 = ORIENTED_EDGE('',*,*,#3101,.T.);
#5746 = ORIENTED_EDGE('',*,*,#3125,.T.);
#5747 = ORIENTED_EDGE('',*,*,#3149,.T.);
#5748 = ORIENTED_EDGE('',*,*,#3173,.T.);
#5749 = ORIENTED_EDGE('',*,*,#3197,.T.);
#5750 = ORIENTED_EDGE('',*,*,#3221,.T.);
#5751 = ORIENTED_EDGE('',*,*,#3246,.T.);
#5752 = ORIENTED_EDGE('',*,*,#3270,.T.);
#5753 = ORIENTED_EDGE('',*,*,#3294,.T.);
#5754 = ORIENTED_EDGE('',*,*,#3318,.T.);
#5755 = ORIENTED_EDGE('',*,*,#3342,.T.);
#5756 = ORIENTED_EDGE('',*,*,#3366,.T.);
#5757 = ORIENTED_EDGE('',*,*,#3391,.T.);
#5758 = ORIENTED_EDGE('',*,*,#3415,.T.);
#5759 = ORIENTED_EDGE('',*,*,#3439,.T.);
#5760 = ORIENTED_EDGE('',*,*,#3463,.T.);
#5761 = ORIENTED_EDGE('',*,*,#3487,.T.);
#5762 = ORIENTED_EDGE('',*,*,#3511,.T.);
#5763 = ORIENTED_EDGE('',*,*,#3535,.T.);
#5764 = ORIENTED_EDGE('',*,*,#3559,.T.);
#5765 = ORIENTED_EDGE('',*,*,#3583,.T.);
#5766 = ORIENTED_EDGE('',*,*,#3607,.T.);
#5767 = ORIENTED_EDGE('',*,*,#3631,.T.);
#5768 = ORIENTED_EDGE('',*,*,#3655,.T.);
#5769 = ORIENTED_EDGE('',*,*,#3679,.T.);
#5770 = ORIENTED_EDGE('',*,*,#3703,.T.);
#5771 = ORIENTED_EDGE('',*,*,#3727,.T.);
#5772 = ORIENTED_EDGE('',*,*,#3751,.T.);
#5773 = ORIENTED_EDGE('',*,*,#3776,.T.);
#5774 = ORIENTED_EDGE('',*,*,#3800,.T.);
#5775 = ORIENTED_EDGE('',*,*,#3824,.T.);
#5776 = ORIENTED_EDGE('',*,*,#3848,.T.);
#5777 = ORIENTED_EDGE('',*,*,#3872,.T.);
#5778 = ORIENTED_EDGE('',*,*,#3896,.T.);
#5779 = ORIENTED_EDGE('',*,*,#3920,.T.);
#5780 = ORIENTED_EDGE('',*,*,#3944,.T.);
#5781 = ORIENTED_EDGE('',*,*,#3968,.T.);
#5782 = ORIENTED_EDGE('',*,*,#3993,.T.);
#5783 = ORIENTED_EDGE('',*,*,#4017,.T.);
#5784 = FACE_BOUND('',#5785,.F.);
#5785 = EDGE_LOOP('',(#5786));
#5786 = ORIENTED_EDGE('',*,*,#5787,.F.);
#5787 = EDGE_CURVE('',#5788,#5788,#5790,.T.);
#5788 = VERTEX_POINT('',#5789);
#5789 = CARTESIAN_POINT('',(-72.867,2.034,-5.733));
#5790 = CIRCLE('',#5791,1.237);
#5791 = AXIS2_PLACEMENT_3D('',#5792,#5793,#5794);
#5792 = CARTESIAN_POINT('',(-72.867,2.034,-6.97));
#5793 = DIRECTION('',(0.,1.,0.));
#5794 = DIRECTION('',(0.,-0.,1.));
#5795 = FACE_BOUND('',#5796,.F.);
#5796 = EDGE_LOOP('',(#5797));
#5797 = ORIENTED_EDGE('',*,*,#5798,.F.);
#5798 = EDGE_CURVE('',#5799,#5799,#5801,.T.);
#5799 = VERTEX_POINT('',#5800);
#5800 = CARTESIAN_POINT('',(-113.769,2.034,8.966));
#5801 = CIRCLE('',#5802,1.236);
#5802 = AXIS2_PLACEMENT_3D('',#5803,#5804,#5805);
#5803 = CARTESIAN_POINT('',(-113.769,2.034,7.73));
#5804 = DIRECTION('',(0.,1.,0.));
#5805 = DIRECTION('',(0.,-0.,1.));
#5806 = FACE_BOUND('',#5807,.F.);
#5807 = EDGE_LOOP('',(#5808));
#5808 = ORIENTED_EDGE('',*,*,#5809,.F.);
#5809 = EDGE_CURVE('',#5810,#5810,#5812,.T.);
#5810 = VERTEX_POINT('',#5811);
#5811 = CARTESIAN_POINT('',(-113.769,2.034,25.967));
#5812 = CIRCLE('',#5813,1.236);
#5813 = AXIS2_PLACEMENT_3D('',#5814,#5815,#5816);
#5814 = CARTESIAN_POINT('',(-113.769,2.034,24.731));
#5815 = DIRECTION('',(0.,1.,0.));
#5816 = DIRECTION('',(0.,-0.,1.));
#5817 = FACE_BOUND('',#5818,.F.);
#5818 = EDGE_LOOP('',(#5819));
#5819 = ORIENTED_EDGE('',*,*,#5820,.F.);
#5820 = EDGE_CURVE('',#5821,#5821,#5823,.T.);
#5821 = VERTEX_POINT('',#5822);
#5822 = CARTESIAN_POINT('',(-28.365,2.034,-12.337));
#5823 = CIRCLE('',#5824,1.234);
#5824 = AXIS2_PLACEMENT_3D('',#5825,#5826,#5827);
#5825 = CARTESIAN_POINT('',(-28.365,2.034,-13.571));
#5826 = DIRECTION('',(0.,1.,0.));
#5827 = DIRECTION('',(0.,-0.,1.));
#5828 = FACE_BOUND('',#5829,.F.);
#5829 = EDGE_LOOP('',(#5830));
#5830 = ORIENTED_EDGE('',*,*,#5831,.F.);
#5831 = EDGE_CURVE('',#5832,#5832,#5834,.T.);
#5832 = VERTEX_POINT('',#5833);
#5833 = CARTESIAN_POINT('',(-41.773,2.034,29.364));
#5834 = CIRCLE('',#5835,1.231);
#5835 = AXIS2_PLACEMENT_3D('',#5836,#5837,#5838);
#5836 = CARTESIAN_POINT('',(-41.773,2.034,28.133));
#5837 = DIRECTION('',(0.,1.,0.));
#5838 = DIRECTION('',(0.,-0.,1.));
#5839 = PLANE('',#5840);
#5840 = AXIS2_PLACEMENT_3D('',#5841,#5842,#5843);
#5841 = CARTESIAN_POINT('',(-65.97731018769,2.034,12.726021874121));
#5842 = DIRECTION('',(0.,1.,0.));
#5843 = DIRECTION('',(0.,-0.,1.));
#5844 = ADVANCED_FACE('',(#5845),#5851,.F.);
#5845 = FACE_BOUND('',#5846,.F.);
#5846 = EDGE_LOOP('',(#5847,#5848,#5849,#5850));
#5847 = ORIENTED_EDGE('',*,*,#5385,.F.);
#5848 = ORIENTED_EDGE('',*,*,#4556,.F.);
#5849 = ORIENTED_EDGE('',*,*,#4587,.T.);
#5850 = ORIENTED_EDGE('',*,*,#4634,.F.);
#5851 = PLANE('',#5852);
#5852 = AXIS2_PLACEMENT_3D('',#5853,#5854,#5855);
#5853 = CARTESIAN_POINT('',(-19.465,-6.14,41.));
#5854 = DIRECTION('',(-0.,1.,0.));
#5855 = DIRECTION('',(0.,0.,1.));
#5856 = ADVANCED_FACE('',(#5857),#5868,.T.);
#5857 = FACE_BOUND('',#5858,.T.);
#5858 = EDGE_LOOP('',(#5859,#5860,#5861,#5867));
#5859 = ORIENTED_EDGE('',*,*,#4532,.T.);
#5860 = ORIENTED_EDGE('',*,*,#5692,.T.);
#5861 = ORIENTED_EDGE('',*,*,#5862,.F.);
#5862 = EDGE_CURVE('',#5342,#5693,#5863,.T.);
#5863 = LINE('',#5864,#5865);
#5864 = CARTESIAN_POINT('',(-4.650982371802,-6.9,44.664346292019));
#5865 = VECTOR('',#5866,1.);
#5866 = DIRECTION('',(0.,1.,0.));
#5867 = ORIENTED_EDGE('',*,*,#5349,.F.);
#5868 = PLANE('',#5869);
#5869 = AXIS2_PLACEMENT_3D('',#5870,#5871,#5872);
#5870 = CARTESIAN_POINT('',(-5.112693758047,-6.9,44.729951395158));
#5871 = DIRECTION('',(-0.140678111267,0.,-0.99005538684));
#5872 = DIRECTION('',(0.99005538684,0.,-0.140678111267));
#5873 = ADVANCED_FACE('',(#5874),#5892,.T.);
#5874 = FACE_BOUND('',#5875,.T.);
#5875 = EDGE_LOOP('',(#5876,#5877,#5885,#5891));
#5876 = ORIENTED_EDGE('',*,*,#4658,.F.);
#5877 = ORIENTED_EDGE('',*,*,#5878,.T.);
#5878 = EDGE_CURVE('',#4651,#5879,#5881,.T.);
#5879 = VERTEX_POINT('',#5880);
#5880 = CARTESIAN_POINT('',(-4.261,-6.9,46.124));
#5881 = LINE('',#5882,#5883);
#5882 = CARTESIAN_POINT('',(-5.007,-6.9,46.23));
#5883 = VECTOR('',#5884,1.);
#5884 = DIRECTION('',(0.99005538684,0.,-0.140678111267));
#5885 = ORIENTED_EDGE('',*,*,#5886,.T.);
#5886 = EDGE_CURVE('',#5879,#5466,#5887,.T.);
#5887 = LINE('',#5888,#5889);
#5888 = CARTESIAN_POINT('',(-4.261,-6.9,46.124));
#5889 = VECTOR('',#5890,1.);
#5890 = DIRECTION('',(0.,1.,0.));
#5891 = ORIENTED_EDGE('',*,*,#5465,.F.);
#5892 = PLANE('',#5893);
#5893 = AXIS2_PLACEMENT_3D('',#5894,#5895,#5896);
#5894 = CARTESIAN_POINT('',(-4.634,-1.684,46.177));
#5895 = DIRECTION('',(0.140678111267,0.,0.99005538684));
#5896 = DIRECTION('',(0.99005538684,0.,-0.140678111267));
#5897 = ADVANCED_FACE('',(#5898),#5916,.F.);
#5898 = FACE_BOUND('',#5899,.F.);
#5899 = EDGE_LOOP('',(#5900,#5901,#5902,#5910));
#5900 = ORIENTED_EDGE('',*,*,#5154,.F.);
#5901 = ORIENTED_EDGE('',*,*,#5227,.F.);
#5902 = ORIENTED_EDGE('',*,*,#5903,.T.);
#5903 = EDGE_CURVE('',#5228,#5904,#5906,.T.);
#5904 = VERTEX_POINT('',#5905);
#5905 = CARTESIAN_POINT('',(-2.121916576566,-3.,9.96));
#5906 = LINE('',#5907,#5908);
#5907 = CARTESIAN_POINT('',(-6.587,-3.,9.96));
#5908 = VECTOR('',#5909,1.);
#5909 = DIRECTION('',(1.,0.,-0.));
#5910 = ORIENTED_EDGE('',*,*,#5911,.F.);
#5911 = EDGE_CURVE('',#5157,#5904,#5912,.T.);
#5912 = LINE('',#5913,#5914);
#5913 = CARTESIAN_POINT('',(-2.11685631507,-3.,5.513801236197));
#5914 = VECTOR('',#5915,1.);
#5915 = DIRECTION('',(-1.138108862862E-03,-0.,0.999999352354));
#5916 = PLANE('',#5917);
#5917 = AXIS2_PLACEMENT_3D('',#5918,#5919,#5920);
#5918 = CARTESIAN_POINT('',(-6.587,-3.,-6.04));
#5919 = DIRECTION('',(-0.,1.,0.));
#5920 = DIRECTION('',(0.,0.,1.));
#5921 = ADVANCED_FACE('',(#5922),#5963,.T.);
#5922 = FACE_BOUND('',#5923,.T.);
#5923 = EDGE_LOOP('',(#5924,#5932,#5940,#5946,#5947,#5948,#5956,#5962));
#5924 = ORIENTED_EDGE('',*,*,#5925,.F.);
#5925 = EDGE_CURVE('',#5926,#5506,#5928,.T.);
#5926 = VERTEX_POINT('',#5927);
#5927 = CARTESIAN_POINT('',(-2.16,-6.9,43.422));
#5928 = LINE('',#5929,#5930);
#5929 = CARTESIAN_POINT('',(-2.16,-6.9,43.422));
#5930 = VECTOR('',#5931,1.);
#5931 = DIRECTION('',(0.,1.,0.));
#5932 = ORIENTED_EDGE('',*,*,#5933,.T.);
#5933 = EDGE_CURVE('',#5926,#5934,#5936,.T.);
#5934 = VERTEX_POINT('',#5935);
#5935 = CARTESIAN_POINT('',(-2.121916576566,-6.9,9.96));
#5936 = LINE('',#5937,#5938);
#5937 = CARTESIAN_POINT('',(-2.16,-6.9,43.422));
#5938 = VECTOR('',#5939,1.);
#5939 = DIRECTION('',(1.138108862862E-03,0.,-0.999999352354));
#5940 = ORIENTED_EDGE('',*,*,#5941,.F.);
#5941 = EDGE_CURVE('',#5904,#5934,#5942,.T.);
#5942 = LINE('',#5943,#5944);
#5943 = CARTESIAN_POINT('',(-2.121916576566,-4.292,9.96));
#5944 = VECTOR('',#5945,1.);
#5945 = DIRECTION('',(0.,-1.,0.));
#5946 = ORIENTED_EDGE('',*,*,#5911,.F.);
#5947 = ORIENTED_EDGE('',*,*,#5179,.T.);
#5948 = ORIENTED_EDGE('',*,*,#5949,.T.);
#5949 = EDGE_CURVE('',#5172,#5950,#5952,.T.);
#5950 = VERTEX_POINT('',#5951);
#5951 = CARTESIAN_POINT('',(-2.1,-6.9,-9.297));
#5952 = LINE('',#5953,#5954);
#5953 = CARTESIAN_POINT('',(-2.16,-6.9,43.422));
#5954 = VECTOR('',#5955,1.);
#5955 = DIRECTION('',(1.138108862862E-03,0.,-0.999999352354));
#5956 = ORIENTED_EDGE('',*,*,#5957,.T.);
#5957 = EDGE_CURVE('',#5950,#5514,#5958,.T.);
#5958 = LINE('',#5959,#5960);
#5959 = CARTESIAN_POINT('',(-2.1,-6.9,-9.297));
#5960 = VECTOR('',#5961,1.);
#5961 = DIRECTION('',(0.,1.,0.));
#5962 = ORIENTED_EDGE('',*,*,#5513,.F.);
#5963 = PLANE('',#5964);
#5964 = AXIS2_PLACEMENT_3D('',#5965,#5966,#5967);
#5965 = CARTESIAN_POINT('',(-2.13,-1.684,17.0625));
#5966 = DIRECTION('',(0.999999352354,0.,1.138108862862E-03));
#5967 = DIRECTION('',(-1.138108862862E-03,0.,0.999999352354));
#5968 = ADVANCED_FACE('',(#5969),#5981,.F.);
#5969 = FACE_BOUND('',#5970,.F.);
#5970 = EDGE_LOOP('',(#5971,#5972,#5973,#5974,#5980));
#5971 = ORIENTED_EDGE('',*,*,#5903,.F.);
#5972 = ORIENTED_EDGE('',*,*,#5235,.F.);
#5973 = ORIENTED_EDGE('',*,*,#5302,.T.);
#5974 = ORIENTED_EDGE('',*,*,#5975,.T.);
#5975 = EDGE_CURVE('',#1477,#5934,#5976,.T.);
#5976 = LINE('',#5977,#5978);
#5977 = CARTESIAN_POINT('',(-6.587,-6.9,9.96));
#5978 = VECTOR('',#5979,1.);
#5979 = DIRECTION('',(1.,0.,-0.));
#5980 = ORIENTED_EDGE('',*,*,#5941,.F.);
#5981 = PLANE('',#5982);
#5982 = AXIS2_PLACEMENT_3D('',#5983,#5984,#5985);
#5983 = CARTESIAN_POINT('',(-6.587,-6.9,9.96));
#5984 = DIRECTION('',(0.,0.,1.));
#5985 = DIRECTION('',(1.,0.,-0.));
#5986 = ADVANCED_FACE('',(#5987),#5998,.T.);
#5987 = FACE_BOUND('',#5988,.T.);
#5988 = EDGE_LOOP('',(#5989,#5995,#5996,#5997));
#5989 = ORIENTED_EDGE('',*,*,#5990,.T.);
#5990 = EDGE_CURVE('',#5310,#5725,#5991,.T.);
#5991 = LINE('',#5992,#5993);
#5992 = CARTESIAN_POINT('',(-3.71179790951,-6.9,43.732990481363));
#5993 = VECTOR('',#5994,1.);
#5994 = DIRECTION('',(0.,1.,0.));
#5995 = ORIENTED_EDGE('',*,*,#5732,.T.);
#5996 = ORIENTED_EDGE('',*,*,#5203,.F.);
#5997 = ORIENTED_EDGE('',*,*,#5309,.F.);
#5998 = PLANE('',#5999);
#5999 = AXIS2_PLACEMENT_3D('',#6000,#6001,#6002);
#6000 = CARTESIAN_POINT('',(-3.71179790951,-6.9,43.732990481363));
#6001 = DIRECTION('',(-0.991968759433,0.,-0.126483122621));
#6002 = DIRECTION('',(0.126483122621,0.,-0.991968759433));
#6003 = ADVANCED_FACE('',(#6004),#6015,.T.);
#6004 = FACE_BOUND('',#6005,.T.);
#6005 = EDGE_LOOP('',(#6006,#6007,#6008,#6014));
#6006 = ORIENTED_EDGE('',*,*,#5862,.T.);
#6007 = ORIENTED_EDGE('',*,*,#5700,.T.);
#6008 = ORIENTED_EDGE('',*,*,#6009,.F.);
#6009 = EDGE_CURVE('',#5334,#5701,#6010,.T.);
#6010 = LINE('',#6011,#6012);
#6011 = CARTESIAN_POINT('',(-4.325276583594,-6.9,44.533874887744));
#6012 = VECTOR('',#6013,1.);
#6013 = DIRECTION('',(0.,1.,0.));
#6014 = ORIENTED_EDGE('',*,*,#5341,.F.);
#6015 = PLANE('',#6016);
#6016 = AXIS2_PLACEMENT_3D('',#6017,#6018,#6019);
#6017 = CARTESIAN_POINT('',(-4.650982371802,-6.9,44.664346292019));
#6018 = DIRECTION('',(-0.371855216588,0.,-0.92829073996));
#6019 = DIRECTION('',(0.92829073996,0.,-0.371855216588));
#6020 = ADVANCED_FACE('',(#6021),#6032,.T.);
#6021 = FACE_BOUND('',#6022,.T.);
#6022 = EDGE_LOOP('',(#6023,#6024,#6025,#6031));
#6023 = ORIENTED_EDGE('',*,*,#6009,.T.);
#6024 = ORIENTED_EDGE('',*,*,#5708,.T.);
#6025 = ORIENTED_EDGE('',*,*,#6026,.F.);
#6026 = EDGE_CURVE('',#5326,#5709,#6027,.T.);
#6027 = LINE('',#6028,#6029);
#6028 = CARTESIAN_POINT('',(-4.055558646542,-6.9,44.324555326339));
#6029 = VECTOR('',#6030,1.);
#6030 = DIRECTION('',(0.,1.,0.));
#6031 = ORIENTED_EDGE('',*,*,#5333,.F.);
#6032 = PLANE('',#6033);
#6033 = AXIS2_PLACEMENT_3D('',#6034,#6035,#6036);
#6034 = CARTESIAN_POINT('',(-4.325276583594,-6.9,44.533874887744));
#6035 = DIRECTION('',(-0.613098837972,0.,-0.790006211924));
#6036 = DIRECTION('',(0.790006211924,0.,-0.613098837972));
#6037 = ADVANCED_FACE('',(#6038),#6049,.T.);
#6038 = FACE_BOUND('',#6039,.T.);
#6039 = EDGE_LOOP('',(#6040,#6041,#6042,#6048));
#6040 = ORIENTED_EDGE('',*,*,#6026,.T.);
#6041 = ORIENTED_EDGE('',*,*,#5716,.T.);
#6042 = ORIENTED_EDGE('',*,*,#6043,.F.);
#6043 = EDGE_CURVE('',#5318,#5717,#6044,.T.);
#6044 = LINE('',#6045,#6046);
#6045 = CARTESIAN_POINT('',(-3.84245395718,-6.9,44.050429470419));
#6046 = VECTOR('',#6047,1.);
#6047 = DIRECTION('',(0.,1.,0.));
#6048 = ORIENTED_EDGE('',*,*,#5325,.F.);
#6049 = PLANE('',#6050);
#6050 = AXIS2_PLACEMENT_3D('',#6051,#6052,#6053);
#6051 = CARTESIAN_POINT('',(-4.055558646542,-6.9,44.324555326339));
#6052 = DIRECTION('',(-0.789497782234,0.,-0.613753412901));
#6053 = DIRECTION('',(0.613753412901,0.,-0.789497782234));
#6054 = ADVANCED_FACE('',(#6055),#6061,.T.);
#6055 = FACE_BOUND('',#6056,.T.);
#6056 = EDGE_LOOP('',(#6057,#6058,#6059,#6060));
#6057 = ORIENTED_EDGE('',*,*,#6043,.T.);
#6058 = ORIENTED_EDGE('',*,*,#5724,.T.);
#6059 = ORIENTED_EDGE('',*,*,#5990,.F.);
#6060 = ORIENTED_EDGE('',*,*,#5317,.F.);
#6061 = PLANE('',#6062);
#6062 = AXIS2_PLACEMENT_3D('',#6063,#6064,#6065);
#6063 = CARTESIAN_POINT('',(-3.84245395718,-6.9,44.050429470419));
#6064 = DIRECTION('',(-0.924733599626,0.,-0.380614988831));
#6065 = DIRECTION('',(0.380614988831,0.,-0.924733599626));
#6066 = ADVANCED_FACE('',(#6067),#6085,.T.);
#6067 = FACE_BOUND('',#6068,.T.);
#6068 = EDGE_LOOP('',(#6069,#6070,#6078,#6084));
#6069 = ORIENTED_EDGE('',*,*,#5886,.F.);
#6070 = ORIENTED_EDGE('',*,*,#6071,.T.);
#6071 = EDGE_CURVE('',#5879,#6072,#6074,.T.);
#6072 = VERTEX_POINT('',#6073);
#6073 = CARTESIAN_POINT('',(-3.572,-6.9,45.848));
#6074 = LINE('',#6075,#6076);
#6075 = CARTESIAN_POINT('',(-4.261,-6.9,46.124));
#6076 = VECTOR('',#6077,1.);
#6077 = DIRECTION('',(0.92829073996,0.,-0.371855216588));
#6078 = ORIENTED_EDGE('',*,*,#6079,.T.);
#6079 = EDGE_CURVE('',#6072,#5474,#6080,.T.);
#6080 = LINE('',#6081,#6082);
#6081 = CARTESIAN_POINT('',(-3.572,-6.9,45.848));
#6082 = VECTOR('',#6083,1.);
#6083 = DIRECTION('',(0.,1.,0.));
#6084 = ORIENTED_EDGE('',*,*,#5473,.F.);
#6085 = PLANE('',#6086);
#6086 = AXIS2_PLACEMENT_3D('',#6087,#6088,#6089);
#6087 = CARTESIAN_POINT('',(-3.9165,-1.684,45.986));
#6088 = DIRECTION('',(0.371855216588,0.,0.92829073996));
#6089 = DIRECTION('',(0.92829073996,0.,-0.371855216588));
#6090 = ADVANCED_FACE('',(#6091),#6109,.T.);
#6091 = FACE_BOUND('',#6092,.T.);
#6092 = EDGE_LOOP('',(#6093,#6094,#6102,#6108));
#6093 = ORIENTED_EDGE('',*,*,#6079,.F.);
#6094 = ORIENTED_EDGE('',*,*,#6095,.T.);
#6095 = EDGE_CURVE('',#6072,#6096,#6098,.T.);
#6096 = VERTEX_POINT('',#6097);
#6097 = CARTESIAN_POINT('',(-2.987,-6.9,45.394));
#6098 = LINE('',#6099,#6100);
#6099 = CARTESIAN_POINT('',(-3.572,-6.9,45.848));
#6100 = VECTOR('',#6101,1.);
#6101 = DIRECTION('',(0.790006211924,0.,-0.613098837972));
#6102 = ORIENTED_EDGE('',*,*,#6103,.T.);
#6103 = EDGE_CURVE('',#6096,#5482,#6104,.T.);
#6104 = LINE('',#6105,#6106);
#6105 = CARTESIAN_POINT('',(-2.987,-6.9,45.394));
#6106 = VECTOR('',#6107,1.);
#6107 = DIRECTION('',(0.,1.,0.));
#6108 = ORIENTED_EDGE('',*,*,#5481,.F.);
#6109 = PLANE('',#6110);
#6110 = AXIS2_PLACEMENT_3D('',#6111,#6112,#6113);
#6111 = CARTESIAN_POINT('',(-3.2795,-1.684,45.621));
#6112 = DIRECTION('',(0.613098837972,0.,0.790006211924));
#6113 = DIRECTION('',(0.790006211924,0.,-0.613098837972));
#6114 = ADVANCED_FACE('',(#6115),#6133,.T.);
#6115 = FACE_BOUND('',#6116,.T.);
#6116 = EDGE_LOOP('',(#6117,#6118,#6126,#6132));
#6117 = ORIENTED_EDGE('',*,*,#6103,.F.);
#6118 = ORIENTED_EDGE('',*,*,#6119,.T.);
#6119 = EDGE_CURVE('',#6096,#6120,#6122,.T.);
#6120 = VERTEX_POINT('',#6121);
#6121 = CARTESIAN_POINT('',(-2.533,-6.9,44.81));
#6122 = LINE('',#6123,#6124);
#6123 = CARTESIAN_POINT('',(-2.987,-6.9,45.394));
#6124 = VECTOR('',#6125,1.);
#6125 = DIRECTION('',(0.613753412901,0.,-0.789497782234));
#6126 = ORIENTED_EDGE('',*,*,#6127,.T.);
#6127 = EDGE_CURVE('',#6120,#5490,#6128,.T.);
#6128 = LINE('',#6129,#6130);
#6129 = CARTESIAN_POINT('',(-2.533,-6.9,44.81));
#6130 = VECTOR('',#6131,1.);
#6131 = DIRECTION('',(0.,1.,0.));
#6132 = ORIENTED_EDGE('',*,*,#5489,.F.);
#6133 = PLANE('',#6134);
#6134 = AXIS2_PLACEMENT_3D('',#6135,#6136,#6137);
#6135 = CARTESIAN_POINT('',(-2.76,-1.684,45.102));
#6136 = DIRECTION('',(0.789497782234,0.,0.613753412901));
#6137 = DIRECTION('',(-0.613753412901,0.,0.789497782234));
#6138 = ADVANCED_FACE('',(#6139),#6157,.T.);
#6139 = FACE_BOUND('',#6140,.T.);
#6140 = EDGE_LOOP('',(#6141,#6142,#6150,#6156));
#6141 = ORIENTED_EDGE('',*,*,#6127,.F.);
#6142 = ORIENTED_EDGE('',*,*,#6143,.T.);
#6143 = EDGE_CURVE('',#6120,#6144,#6146,.T.);
#6144 = VERTEX_POINT('',#6145);
#6145 = CARTESIAN_POINT('',(-2.249,-6.9,44.12));
#6146 = LINE('',#6147,#6148);
#6147 = CARTESIAN_POINT('',(-2.533,-6.9,44.81));
#6148 = VECTOR('',#6149,1.);
#6149 = DIRECTION('',(0.380614988831,0.,-0.924733599626));
#6150 = ORIENTED_EDGE('',*,*,#6151,.T.);
#6151 = EDGE_CURVE('',#6144,#5498,#6152,.T.);
#6152 = LINE('',#6153,#6154);
#6153 = CARTESIAN_POINT('',(-2.249,-6.9,44.12));
#6154 = VECTOR('',#6155,1.);
#6155 = DIRECTION('',(0.,1.,0.));
#6156 = ORIENTED_EDGE('',*,*,#5497,.F.);
#6157 = PLANE('',#6158);
#6158 = AXIS2_PLACEMENT_3D('',#6159,#6160,#6161);
#6159 = CARTESIAN_POINT('',(-2.391,-1.684,44.465));
#6160 = DIRECTION('',(0.924733599626,0.,0.380614988831));
#6161 = DIRECTION('',(-0.380614988831,0.,0.924733599626));
#6162 = ADVANCED_FACE('',(#6163),#6174,.T.);
#6163 = FACE_BOUND('',#6164,.T.);
#6164 = EDGE_LOOP('',(#6165,#6166,#6172,#6173));
#6165 = ORIENTED_EDGE('',*,*,#6151,.F.);
#6166 = ORIENTED_EDGE('',*,*,#6167,.T.);
#6167 = EDGE_CURVE('',#6144,#5926,#6168,.T.);
#6168 = LINE('',#6169,#6170);
#6169 = CARTESIAN_POINT('',(-2.249,-6.9,44.12));
#6170 = VECTOR('',#6171,1.);
#6171 = DIRECTION('',(0.126483122621,0.,-0.991968759433));
#6172 = ORIENTED_EDGE('',*,*,#5925,.T.);
#6173 = ORIENTED_EDGE('',*,*,#5505,.F.);
#6174 = PLANE('',#6175);
#6175 = AXIS2_PLACEMENT_3D('',#6176,#6177,#6178);
#6176 = CARTESIAN_POINT('',(-2.2045,-1.684,43.771));
#6177 = DIRECTION('',(0.991968759433,0.,0.126483122621));
#6178 = DIRECTION('',(-0.126483122621,0.,0.991968759433));
#6179 = ADVANCED_FACE('',(#6180),#6198,.T.);
#6180 = FACE_BOUND('',#6181,.T.);
#6181 = EDGE_LOOP('',(#6182,#6183,#6191,#6197));
#6182 = ORIENTED_EDGE('',*,*,#5957,.F.);
#6183 = ORIENTED_EDGE('',*,*,#6184,.T.);
#6184 = EDGE_CURVE('',#5950,#6185,#6187,.T.);
#6185 = VERTEX_POINT('',#6186);
#6186 = CARTESIAN_POINT('',(-2.16,-6.9,-10.376));
#6187 = LINE('',#6188,#6189);
#6188 = CARTESIAN_POINT('',(-2.1,-6.9,-9.297));
#6189 = VECTOR('',#6190,1.);
#6190 = DIRECTION('',(-5.552126995248E-02,0.,-0.998457504645));
#6191 = ORIENTED_EDGE('',*,*,#6192,.T.);
#6192 = EDGE_CURVE('',#6185,#5522,#6193,.T.);
#6193 = LINE('',#6194,#6195);
#6194 = CARTESIAN_POINT('',(-2.16,-6.9,-10.376));
#6195 = VECTOR('',#6196,1.);
#6196 = DIRECTION('',(0.,1.,0.));
#6197 = ORIENTED_EDGE('',*,*,#5521,.F.);
#6198 = PLANE('',#6199);
#6199 = AXIS2_PLACEMENT_3D('',#6200,#6201,#6202);
#6200 = CARTESIAN_POINT('',(-2.13,-1.684,-9.8365));
#6201 = DIRECTION('',(0.998457504645,0.,-5.552126995248E-02));
#6202 = DIRECTION('',(5.552126995248E-02,0.,0.998457504645));
#6203 = ADVANCED_FACE('',(#6204),#6215,.T.);
#6204 = FACE_BOUND('',#6205,.T.);
#6205 = EDGE_LOOP('',(#6206,#6207,#6213,#6214));
#6206 = ORIENTED_EDGE('',*,*,#6192,.F.);
#6207 = ORIENTED_EDGE('',*,*,#6208,.T.);
#6208 = EDGE_CURVE('',#6185,#5647,#6209,.T.);
#6209 = LINE('',#6210,#6211);
#6210 = CARTESIAN_POINT('',(-2.16,-6.9,-10.376));
#6211 = VECTOR('',#6212,1.);
#6212 = DIRECTION('',(-0.251449635405,0.,-0.967870384326));
#6213 = ORIENTED_EDGE('',*,*,#5657,.T.);
#6214 = ORIENTED_EDGE('',*,*,#5529,.F.);
#6215 = PLANE('',#6216);
#6216 = AXIS2_PLACEMENT_3D('',#6217,#6218,#6219);
#6217 = CARTESIAN_POINT('',(-2.2495,-1.684,-10.7205));
#6218 = DIRECTION('',(0.967870384326,0.,-0.251449635405));
#6219 = DIRECTION('',(0.251449635405,0.,0.967870384326));
#6220 = ADVANCED_FACE('',(#6221),#6232,.F.);
#6221 = FACE_BOUND('',#6222,.F.);
#6222 = EDGE_LOOP('',(#6223,#6224,#6230,#6231));
#6223 = ORIENTED_EDGE('',*,*,#5585,.F.);
#6224 = ORIENTED_EDGE('',*,*,#6225,.F.);
#6225 = EDGE_CURVE('',#5788,#5586,#6226,.T.);
#6226 = LINE('',#6227,#6228);
#6227 = CARTESIAN_POINT('',(-72.867,-2.966,-5.733));
#6228 = VECTOR('',#6229,1.);
#6229 = DIRECTION('',(0.,1.,0.));
#6230 = ORIENTED_EDGE('',*,*,#5787,.T.);
#6231 = ORIENTED_EDGE('',*,*,#6225,.T.);
#6232 = CYLINDRICAL_SURFACE('',#6233,1.237);
#6233 = AXIS2_PLACEMENT_3D('',#6234,#6235,#6236);
#6234 = CARTESIAN_POINT('',(-72.867,-2.966,-6.97));
#6235 = DIRECTION('',(0.,1.,0.));
#6236 = DIRECTION('',(0.,-0.,1.));
#6237 = ADVANCED_FACE('',(#6238),#6249,.F.);
#6238 = FACE_BOUND('',#6239,.F.);
#6239 = EDGE_LOOP('',(#6240,#6241,#6247,#6248));
#6240 = ORIENTED_EDGE('',*,*,#5596,.F.);
#6241 = ORIENTED_EDGE('',*,*,#6242,.F.);
#6242 = EDGE_CURVE('',#5799,#5597,#6243,.T.);
#6243 = LINE('',#6244,#6245);
#6244 = CARTESIAN_POINT('',(-113.769,-2.966,8.966));
#6245 = VECTOR('',#6246,1.);
#6246 = DIRECTION('',(0.,1.,0.));
#6247 = ORIENTED_EDGE('',*,*,#5798,.T.);
#6248 = ORIENTED_EDGE('',*,*,#6242,.T.);
#6249 = CYLINDRICAL_SURFACE('',#6250,1.236);
#6250 = AXIS2_PLACEMENT_3D('',#6251,#6252,#6253);
#6251 = CARTESIAN_POINT('',(-113.769,-2.966,7.73));
#6252 = DIRECTION('',(0.,1.,0.));
#6253 = DIRECTION('',(0.,-0.,1.));
#6254 = ADVANCED_FACE('',(#6255),#6266,.F.);
#6255 = FACE_BOUND('',#6256,.F.);
#6256 = EDGE_LOOP('',(#6257,#6258,#6264,#6265));
#6257 = ORIENTED_EDGE('',*,*,#5607,.F.);
#6258 = ORIENTED_EDGE('',*,*,#6259,.F.);
#6259 = EDGE_CURVE('',#5810,#5608,#6260,.T.);
#6260 = LINE('',#6261,#6262);
#6261 = CARTESIAN_POINT('',(-113.769,-2.966,25.967));
#6262 = VECTOR('',#6263,1.);
#6263 = DIRECTION('',(0.,1.,0.));
#6264 = ORIENTED_EDGE('',*,*,#5809,.T.);
#6265 = ORIENTED_EDGE('',*,*,#6259,.T.);
#6266 = CYLINDRICAL_SURFACE('',#6267,1.236);
#6267 = AXIS2_PLACEMENT_3D('',#6268,#6269,#6270);
#6268 = CARTESIAN_POINT('',(-113.769,-2.966,24.731));
#6269 = DIRECTION('',(0.,1.,0.));
#6270 = DIRECTION('',(0.,-0.,1.));
#6271 = ADVANCED_FACE('',(#6272),#6283,.F.);
#6272 = FACE_BOUND('',#6273,.F.);
#6273 = EDGE_LOOP('',(#6274,#6275,#6281,#6282));
#6274 = ORIENTED_EDGE('',*,*,#5618,.F.);
#6275 = ORIENTED_EDGE('',*,*,#6276,.F.);
#6276 = EDGE_CURVE('',#5821,#5619,#6277,.T.);
#6277 = LINE('',#6278,#6279);
#6278 = CARTESIAN_POINT('',(-28.365,-2.966,-12.337));
#6279 = VECTOR('',#6280,1.);
#6280 = DIRECTION('',(0.,1.,0.));
#6281 = ORIENTED_EDGE('',*,*,#5820,.T.);
#6282 = ORIENTED_EDGE('',*,*,#6276,.T.);
#6283 = CYLINDRICAL_SURFACE('',#6284,1.234);
#6284 = AXIS2_PLACEMENT_3D('',#6285,#6286,#6287);
#6285 = CARTESIAN_POINT('',(-28.365,-2.966,-13.571));
#6286 = DIRECTION('',(0.,1.,0.));
#6287 = DIRECTION('',(0.,-0.,1.));
#6288 = ADVANCED_FACE('',(#6289),#6300,.F.);
#6289 = FACE_BOUND('',#6290,.F.);
#6290 = EDGE_LOOP('',(#6291,#6292,#6298,#6299));
#6291 = ORIENTED_EDGE('',*,*,#5629,.F.);
#6292 = ORIENTED_EDGE('',*,*,#6293,.F.);
#6293 = EDGE_CURVE('',#5832,#5630,#6294,.T.);
#6294 = LINE('',#6295,#6296);
#6295 = CARTESIAN_POINT('',(-41.773,-2.966,29.364));
#6296 = VECTOR('',#6297,1.);
#6297 = DIRECTION('',(0.,1.,0.));
#6298 = ORIENTED_EDGE('',*,*,#5831,.T.);
#6299 = ORIENTED_EDGE('',*,*,#6293,.T.);
#6300 = CYLINDRICAL_SURFACE('',#6301,1.231);
#6301 = AXIS2_PLACEMENT_3D('',#6302,#6303,#6304);
#6302 = CARTESIAN_POINT('',(-41.773,-2.966,28.133));
#6303 = DIRECTION('',(0.,1.,0.));
#6304 = DIRECTION('',(0.,-0.,1.));
#6305 = ADVANCED_FACE('',(#6306),#6335,.T.);
#6306 = FACE_BOUND('',#6307,.T.);
#6307 = EDGE_LOOP('',(#6308,#6309,#6310,#6311,#6312,#6313,#6314,#6315,
    #6316,#6317,#6318,#6319,#6320,#6321,#6322,#6323,#6324,#6325,#6326,
    #6327,#6328,#6329,#6330,#6331,#6332,#6333,#6334));
#6308 = ORIENTED_EDGE('',*,*,#5171,.F.);
#6309 = ORIENTED_EDGE('',*,*,#1476,.T.);
#6310 = ORIENTED_EDGE('',*,*,#5975,.T.);
#6311 = ORIENTED_EDGE('',*,*,#5933,.F.);
#6312 = ORIENTED_EDGE('',*,*,#6167,.F.);
#6313 = ORIENTED_EDGE('',*,*,#6143,.F.);
#6314 = ORIENTED_EDGE('',*,*,#6119,.F.);
#6315 = ORIENTED_EDGE('',*,*,#6095,.F.);
#6316 = ORIENTED_EDGE('',*,*,#6071,.F.);
#6317 = ORIENTED_EDGE('',*,*,#5878,.F.);
#6318 = ORIENTED_EDGE('',*,*,#4650,.F.);
#6319 = ORIENTED_EDGE('',*,*,#5392,.F.);
#6320 = ORIENTED_EDGE('',*,*,#1743,.T.);
#6321 = ORIENTED_EDGE('',*,*,#1766,.T.);
#6322 = ORIENTED_EDGE('',*,*,#1790,.T.);
#6323 = ORIENTED_EDGE('',*,*,#1814,.T.);
#6324 = ORIENTED_EDGE('',*,*,#1838,.T.);
#6325 = ORIENTED_EDGE('',*,*,#1862,.T.);
#6326 = ORIENTED_EDGE('',*,*,#1886,.T.);
#6327 = ORIENTED_EDGE('',*,*,#1910,.T.);
#6328 = ORIENTED_EDGE('',*,*,#1934,.T.);
#6329 = ORIENTED_EDGE('',*,*,#1958,.T.);
#6330 = ORIENTED_EDGE('',*,*,#1982,.T.);
#6331 = ORIENTED_EDGE('',*,*,#5646,.F.);
#6332 = ORIENTED_EDGE('',*,*,#6208,.F.);
#6333 = ORIENTED_EDGE('',*,*,#6184,.F.);
#6334 = ORIENTED_EDGE('',*,*,#5949,.F.);
#6335 = PLANE('',#6336);
#6336 = AXIS2_PLACEMENT_3D('',#6337,#6338,#6339);
#6337 = CARTESIAN_POINT('',(-2.657047082001,-6.9,19.244373332962));
#6338 = DIRECTION('',(0.,1.,0.));
#6339 = DIRECTION('',(0.,-0.,1.));
#6340 = ( GEOMETRIC_REPRESENTATION_CONTEXT(3) 
GLOBAL_UNCERTAINTY_ASSIGNED_CONTEXT((#6344)) 
GLOBAL_UNIT_ASSIGNED_CONTEXT((#6341,#6342,#6343)) REPRESENTATION_CONTEXT
('Context #1','3D Context with UNIT and UNCERTAINTY') );
#6341 = ( LENGTH_UNIT() NAMED_UNIT(*) SI_UNIT(.MILLI.,.METRE.) );
#6342 = ( NAMED_UNIT(*) PLANE_ANGLE_UNIT() SI_UNIT($,.RADIAN.) );
#6343 = ( NAMED_UNIT(*) SI_UNIT($,.STERADIAN.) SOLID_ANGLE_UNIT() );
#6344 = UNCERTAINTY_MEASURE_WITH_UNIT(LENGTH_MEASURE(1.E-07),#6341,
  'distance_accuracy_value','confusion accuracy');
#6345 = PRODUCT_RELATED_PRODUCT_CATEGORY('part',$,(#7));
ENDSEC;
END-ISO-10303-21;
