ISO-10303-21;
HEADER;
FILE_DESCRIPTION(('FreeCAD Model'),'2;1');
FILE_NAME('Open CASCADE Shape Model','2026-05-21T15:22:20',('FreeCAD'),(
    'FreeCAD'),'Open CASCADE STEP processor 7.8','FreeCAD','Unknown');
FILE_SCHEMA(('AUTOMOTIVE_DESIGN { 1 0 10303 214 1 1 1 1 }'));
ENDSEC;
DATA;
#1 = APPLICATION_PROTOCOL_DEFINITION('international standard',
  'automotive_design',2000,#2);
#2 = APPLICATION_CONTEXT(
  'core data for automotive mechanical design processes');
#3 = SHAPE_DEFINITION_REPRESENTATION(#4,#10);
#4 = PRODUCT_DEFINITION_SHAPE('','',#5);
#5 = PRODUCT_DEFINITION('design','',#6,#9);
#6 = PRODUCT_DEFINITION_FORMATION('','',#7);
#7 = PRODUCT('Open CASCADE STEP translator 7.8 1',
  'Open CASCADE STEP translator 7.8 1','',(#8));
#8 = PRODUCT_CONTEXT('',#2,'mechanical');
#9 = PRODUCT_DEFINITION_CONTEXT('part definition',#2,'design');
#10 = ADVANCED_BREP_SHAPE_REPRESENTATION('',(#11,#15),#17919);
#11 = AXIS2_PLACEMENT_3D('',#12,#13,#14);
#12 = CARTESIAN_POINT('',(0.,0.,0.));
#13 = DIRECTION('',(0.,0.,1.));
#14 = DIRECTION('',(1.,0.,-0.));
#15 = MANIFOLD_SOLID_BREP('',#16);
#16 = CLOSED_SHELL('',(#17,#49,#72,#95,#126,#149,#172,#203,#226,#257,
    #280,#303,#326,#349,#380,#403,#434,#457,#480,#503,#526,#549,#572,
    #595,#618,#641,#664,#687,#710,#733,#764,#787,#810,#833,#864,#903,
    #926,#949,#972,#1003,#1026,#1049,#1072,#1103,#1134,#1157,#1188,#1211
    ,#1234,#1257,#1280,#1303,#1326,#1347,#1363,#1388,#1420,#1443,#1466,
    #1489,#1512,#1543,#1566,#1597,#1620,#1643,#1674,#1697,#1720,#1743,
    #1774,#1797,#1820,#1843,#1866,#1889,#1912,#1943,#1966,#1989,#2012,
    #2035,#2066,#2097,#2128,#2167,#2190,#2213,#2236,#2267,#2290,#2313,
    #2336,#2367,#2398,#2421,#2444,#2467,#2498,#2529,#2560,#2583,#2606,
    #2629,#2652,#2673,#2689,#2713,#2745,#2768,#2791,#2814,#2837,#2860,
    #2883,#2914,#2937,#2968,#2991,#3014,#3037,#3060,#3091,#3112,#3135,
    #3158,#3181,#3212,#3243,#3274,#3297,#3320,#3343,#3366,#3397,#3436,
    #3459,#3482,#3513,#3536,#3559,#3598,#3621,#3652,#3683,#3706,#3729,
    #3752,#3775,#3798,#3829,#3860,#3883,#3914,#3945,#3976,#3999,#4020,
    #4036,#4059,#4091,#4114,#4137,#4160,#4183,#4206,#4229,#4252,#4275,
    #4298,#4321,#4344,#4376,#4399,#4429,#4452,#4480,#4491,#4507,#4523,
    #4546,#4567,#4583,#4604,#4620,#4636,#4659,#4682,#4712,#4735,#4763,
    #4774,#4790,#4806,#4829,#4852,#4875,#4898,#4921,#4944,#4967,#4990,
    #5022,#5045,#5077,#5100,#5130,#5146,#5169,#5192,#5215,#5238,#5261,
    #5284,#5316,#5339,#5362,#5385,#5408,#5431,#5454,#5477,#5500,#5523,
    #5546,#5569,#5592,#5615,#5638,#5669,#5692,#5723,#5754,#5785,#5808,
    #5831,#5854,#5877,#5900,#5923,#5946,#5969,#5992,#6015,#6038,#6061,
    #6084,#6107,#6130,#6161,#6184,#6207,#6230,#6253,#6276,#6299,#6322,
    #6345,#6368,#6391,#6414,#6437,#6460,#6476,#6492,#6515,#6538,#6569,
    #6592,#6623,#6646,#6669,#6692,#6715,#6738,#6761,#6784,#6807,#6838,
    #6861,#6884,#6907,#6930,#6953,#6976,#6999,#7022,#7045,#7066,#7082,
    #7105,#7128,#7151,#7174,#7197,#7220,#7243,#7264,#7280,#7296,#7312,
    #7335,#7356,#7372,#7395,#7411,#7427,#7450,#7473,#7496,#7519,#7542,
    #7573,#7596,#7619,#7642,#7665,#7688,#7711,#7734,#7757,#7780,#7811,
    #7834,#7855,#7876,#7899,#7922,#7945,#7968,#7991,#8014,#8037,#8068,
    #8091,#8114,#8137,#8160,#8183,#8204,#8220,#8236,#8257,#8268,#8291,
    #8314,#8346,#8369,#8392,#8415,#8438,#8461,#8484,#8507,#8530,#8561,
    #8584,#8615,#8638,#8669,#8700,#8723,#8746,#8777,#8800,#8823,#8846,
    #8869,#8892,#8915,#8938,#8961,#8992,#9015,#9038,#9061,#9084,#9107,
    #9130,#9153,#9174,#9205,#9221,#9252,#9275,#9298,#9321,#9344,#9367,
    #9390,#9421,#9452,#9483,#9506,#9529,#9552,#9575,#9598,#9621,#9644,
    #9667,#9688,#9704,#9721,#9738,#9755,#9771,#9787,#9803,#9820,#9836,
    #9859,#9882,#9914,#9935,#9958,#9989,#10012,#10043,#10074,#10097,
    #10128,#10151,#10174,#10197,#10220,#10243,#10274,#10297,#10320,
    #10351,#10382,#10405,#10426,#10457,#10481,#10504,#10543,#10574,
    #10597,#10620,#10643,#10674,#10697,#10728,#10759,#10782,#10805,
    #10828,#10851,#10874,#10897,#10920,#10943,#10966,#10997,#11020,
    #11043,#11066,#11097,#11128,#11149,#11165,#11181,#11197,#11213,
    #11229,#11245,#11261,#11277,#11293,#11309,#11325,#11341,#11358,
    #11376,#11392,#11410,#11427,#11448,#11459,#11477,#11494,#11510,
    #11526,#11542,#11558,#11575,#11591,#11607,#11624,#11640,#11657,
    #11674,#11695,#11712,#11729,#11745,#11762,#11779,#11796,#11817,
    #11833,#11849,#11861,#11878,#11899,#11911,#11928,#11944,#11960,
    #11976,#11997,#12008,#12026,#12043,#12059,#12076,#12092,#12108,
    #12125,#12142,#12163,#12179,#12195,#12212,#12228,#12249,#12266,
    #12282,#12299,#12316,#12332,#12348,#12364,#12380,#12396,#12412,
    #12428,#12445,#12462,#12483,#12500,#12511,#12527,#12543,#12560,
    #12578,#12594,#12610,#12628,#12644,#12661,#12678,#12694,#12710,
    #12727,#12745,#12762,#12779,#12796,#12812,#12833,#12851,#12863,
    #12884,#12902,#12923,#12945,#12956,#12972,#12989,#13005,#13021,
    #13042,#13053,#13069,#13080,#13096,#13112,#13128,#13144,#13161,
    #13182,#13199,#13215,#13226,#13242,#13258,#13279,#13290,#13301,
    #13322,#13333,#13354,#13370,#13383,#13400,#13416,#13432,#13448,
    #13465,#13481,#13498,#13514,#13530,#13542,#13565,#13581,#13597,
    #13613,#13629,#13645,#13657,#13678,#13689,#13710,#13722,#13733,
    #13749,#13765,#13781,#13802,#13819,#13840,#13861,#13883,#13899,
    #13916,#13932,#13948,#13964,#13985,#14001,#14022,#14039,#14060,
    #14076,#14092,#14108,#14124,#14135,#14151,#14172,#14188,#14199,
    #14215,#14231,#14242,#14263,#14274,#14296,#14312,#14328,#14344,
    #14360,#14381,#14402,#14423,#14444,#14460,#14471,#14482,#14498,
    #14514,#14531,#14552,#14563,#14579,#14590,#14606,#14627,#14644,
    #14660,#14676,#14692,#14708,#14725,#14741,#14762,#14778,#14800,
    #14816,#14837,#14853,#14869,#14885,#14906,#14922,#14943,#14964,
    #14985,#15006,#15027,#15038,#15049,#15065,#15081,#15097,#15113,
    #15124,#15140,#15161,#15172,#15188,#15209,#15230,#15251,#15267,
    #15283,#15299,#15315,#15331,#15347,#15363,#15374,#15390,#15401,
    #15412,#15423,#15434,#15450,#15461,#15477,#15493,#15514,#15535,
    #15556,#15577,#15593,#15615,#15631,#15647,#15663,#15680,#15701,
    #15722,#15733,#15744,#15765,#15781,#15797,#15813,#15829,#15845,
    #15861,#15872,#15888,#15904,#15915,#15931,#15942,#15958,#15969,
    #15980,#15996,#16017,#16033,#16044,#16060,#16071,#16087,#16098,
    #16109,#16120,#16131,#16142,#16153,#16164,#16185,#16201,#16217,
    #16238,#16254,#16265,#16276,#16292,#16308,#16324,#16340,#16356,
    #16372,#16388,#16404,#16425,#16436,#16457,#16473,#16489,#16510,
    #16526,#16537,#16558,#16574,#16595,#16611,#16627,#16648,#16664,
    #16680,#16696,#16712,#16723,#16739,#16755,#16771,#16792,#16803,
    #16819,#16835,#16851,#16867,#16888,#16899,#16910,#16931,#16942,
    #16958,#16974,#16995,#17006,#17027,#17043,#17059,#17075,#17091,
    #17102,#17123,#17134,#17150,#17166,#17177,#17198,#17209,#17225,
    #17246,#17262,#17278,#17294,#17305,#17321,#17337,#17353,#17369,
    #17380,#17401,#17422,#17438,#17454,#17470,#17491,#17507,#17528,
    #17539,#17560,#17576,#17587,#17603,#17624,#17640,#17666,#17682,
    #17698,#17709,#17725,#17741,#17757,#17773,#17789,#17805,#17816,
    #17827,#17838,#17854,#17870,#17881,#17897,#17908));
#17 = ADVANCED_FACE('',(#18),#44,.T.);
#18 = FACE_BOUND('',#19,.T.);
#19 = EDGE_LOOP('',(#20,#30,#38));
#20 = ORIENTED_EDGE('',*,*,#21,.T.);
#21 = EDGE_CURVE('',#22,#24,#26,.T.);
#22 = VERTEX_POINT('',#23);
#23 = CARTESIAN_POINT('',(-112.5770645141,2.060631275177,24.777200698853
    ));
#24 = VERTEX_POINT('',#25);
#25 = CARTESIAN_POINT('',(-112.6005401611,2.060631275177,24.980653762817
    ));
#26 = LINE('',#27,#28);
#27 = CARTESIAN_POINT('',(-112.5770645141,2.060631275177,24.777200698853
    ));
#28 = VECTOR('',#29,1.);
#29 = DIRECTION('',(-0.114625521943,0.,0.993408772721));
#30 = ORIENTED_EDGE('',*,*,#31,.T.);
#31 = EDGE_CURVE('',#24,#32,#34,.T.);
#32 = VERTEX_POINT('',#33);
#33 = CARTESIAN_POINT('',(-112.5770645141,3.257885456085,24.777200698853
    ));
#34 = LINE('',#35,#36);
#35 = CARTESIAN_POINT('',(-112.6005401611,2.060631275177,24.980653762817
    ));
#36 = VECTOR('',#37,1.);
#37 = DIRECTION('',(1.932717141288E-02,0.98568260147,-0.16750005852));
#38 = ORIENTED_EDGE('',*,*,#39,.T.);
#39 = EDGE_CURVE('',#32,#22,#40,.T.);
#40 = LINE('',#41,#42);
#41 = CARTESIAN_POINT('',(-112.5770645141,3.257885456085,24.777200698853
    ));
#42 = VECTOR('',#43,1.);
#43 = DIRECTION('',(0.,-1.,0.));
#44 = PLANE('',#45);
#45 = AXIS2_PLACEMENT_3D('',#46,#47,#48);
#46 = CARTESIAN_POINT('',(-112.5834317761,2.612405262095,24.832382946753
    ));
#47 = DIRECTION('',(-0.993408772721,-0.,-0.114625521943));
#48 = DIRECTION('',(0.114625521943,0.,-0.993408772721));
#49 = ADVANCED_FACE('',(#50),#67,.T.);
#50 = FACE_BOUND('',#51,.T.);
#51 = EDGE_LOOP('',(#52,#60,#61));
#52 = ORIENTED_EDGE('',*,*,#53,.T.);
#53 = EDGE_CURVE('',#54,#32,#56,.T.);
#54 = VERTEX_POINT('',#55);
#55 = CARTESIAN_POINT('',(-112.6005401611,3.257885456085,24.980653762817
    ));
#56 = LINE('',#57,#58);
#57 = CARTESIAN_POINT('',(-112.6005401611,3.257885456085,24.980653762817
    ));
#58 = VECTOR('',#59,1.);
#59 = DIRECTION('',(0.114625521943,0.,-0.993408772721));
#60 = ORIENTED_EDGE('',*,*,#31,.F.);
#61 = ORIENTED_EDGE('',*,*,#62,.T.);
#62 = EDGE_CURVE('',#24,#54,#63,.T.);
#63 = LINE('',#64,#65);
#64 = CARTESIAN_POINT('',(-112.6005401611,2.060631275177,24.980653762817
    ));
#65 = VECTOR('',#66,1.);
#66 = DIRECTION('',(0.,1.,0.));
#67 = PLANE('',#68);
#68 = AXIS2_PLACEMENT_3D('',#69,#70,#71);
#69 = CARTESIAN_POINT('',(-112.594172899,2.706111469167,24.925471514917)
  );
#70 = DIRECTION('',(-0.993408772721,-0.,-0.114625521943));
#71 = DIRECTION('',(0.114625521943,0.,-0.993408772721));
#72 = ADVANCED_FACE('',(#73),#90,.T.);
#73 = FACE_BOUND('',#74,.T.);
#74 = EDGE_LOOP('',(#75,#83,#84));
#75 = ORIENTED_EDGE('',*,*,#76,.T.);
#76 = EDGE_CURVE('',#77,#54,#79,.T.);
#77 = VERTEX_POINT('',#78);
#78 = CARTESIAN_POINT('',(-112.647491455,2.060631275177,25.168458938599)
  );
#79 = LINE('',#80,#81);
#80 = CARTESIAN_POINT('',(-112.647491455,2.060631275177,25.168458938599)
  );
#81 = VECTOR('',#82,1.);
#82 = DIRECTION('',(3.871302047615E-02,0.987178876787,-0.154852081905));
#83 = ORIENTED_EDGE('',*,*,#62,.F.);
#84 = ORIENTED_EDGE('',*,*,#85,.T.);
#85 = EDGE_CURVE('',#24,#77,#86,.T.);
#86 = LINE('',#87,#88);
#87 = CARTESIAN_POINT('',(-112.6005401611,2.060631275177,24.980653762817
    ));
#88 = VECTOR('',#89,1.);
#89 = DIRECTION('',(-0.242535625036,0.,0.970142500145));
#90 = PLANE('',#91);
#91 = AXIS2_PLACEMENT_3D('',#92,#93,#94);
#92 = CARTESIAN_POINT('',(-112.6132208118,2.614749455956,25.031376365797
    ));
#93 = DIRECTION('',(-0.970142500145,-0.,-0.242535625036));
#94 = DIRECTION('',(0.242535625036,0.,-0.970142500145));
#95 = ADVANCED_FACE('',(#96),#121,.T.);
#96 = FACE_BOUND('',#97,.T.);
#97 = EDGE_LOOP('',(#98,#108,#114,#115));
#98 = ORIENTED_EDGE('',*,*,#99,.F.);
#99 = EDGE_CURVE('',#100,#102,#104,.T.);
#100 = VERTEX_POINT('',#101);
#101 = CARTESIAN_POINT('',(-112.6567680308,3.257885456085,
    25.165103464708));
#102 = VERTEX_POINT('',#103);
#103 = CARTESIAN_POINT('',(-112.7410871026,3.257885456085,
    25.344000414791));
#104 = LINE('',#105,#106);
#105 = CARTESIAN_POINT('',(-112.647491455,3.257885456085,25.168458938599
    ));
#106 = VECTOR('',#107,1.);
#107 = DIRECTION('',(-0.508741523599,0.,0.860919312228));
#108 = ORIENTED_EDGE('',*,*,#109,.F.);
#109 = EDGE_CURVE('',#54,#100,#110,.T.);
#110 = LINE('',#111,#112);
#111 = CARTESIAN_POINT('',(-112.6005401611,3.257885456085,
    24.980653762817));
#112 = VECTOR('',#113,1.);
#113 = DIRECTION('',(-0.242535625036,0.,0.970142500145));
#114 = ORIENTED_EDGE('',*,*,#76,.F.);
#115 = ORIENTED_EDGE('',*,*,#116,.T.);
#116 = EDGE_CURVE('',#77,#102,#117,.T.);
#117 = LINE('',#118,#119);
#118 = CARTESIAN_POINT('',(-112.647491455,2.060631275177,25.168458938599
    ));
#119 = VECTOR('',#120,1.);
#120 = DIRECTION('',(-7.092195691493E-02,0.986398517399,0.148283650146)
  );
#121 = PLANE('',#122);
#122 = AXIS2_PLACEMENT_3D('',#123,#124,#125);
#123 = CARTESIAN_POINT('',(-112.6586434714,2.742350784232,
    25.166262761596));
#124 = DIRECTION('',(-0.940244785265,-1.64767850858E-02,-0.340100366562)
  );
#125 = DIRECTION('',(0.340146541944,9.553451714244E-20,-0.940372442176)
  );
#126 = ADVANCED_FACE('',(#127),#144,.T.);
#127 = FACE_BOUND('',#128,.T.);
#128 = EDGE_LOOP('',(#129,#137,#138));
#129 = ORIENTED_EDGE('',*,*,#130,.T.);
#130 = EDGE_CURVE('',#131,#102,#133,.T.);
#131 = VERTEX_POINT('',#132);
#132 = CARTESIAN_POINT('',(-112.7335739135,2.060631275177,
    25.348440170288));
#133 = LINE('',#134,#135);
#134 = CARTESIAN_POINT('',(-112.7335739135,2.060631275177,
    25.348440170288));
#135 = VECTOR('',#136,1.);
#136 = DIRECTION('',(0.,1.,0.));
#137 = ORIENTED_EDGE('',*,*,#116,.F.);
#138 = ORIENTED_EDGE('',*,*,#139,.T.);
#139 = EDGE_CURVE('',#77,#131,#140,.T.);
#140 = LINE('',#141,#142);
#141 = CARTESIAN_POINT('',(-112.647491455,2.060631275177,25.168458938599
    ));
#142 = VECTOR('',#143,1.);
#143 = DIRECTION('',(-0.431473764671,0.,0.902125484842));
#144 = PLANE('',#145);
#145 = AXIS2_PLACEMENT_3D('',#146,#147,#148);
#146 = CARTESIAN_POINT('',(-112.7102725011,2.61350861567,25.299721569809
    ));
#147 = DIRECTION('',(-0.902125484842,-0.,-0.431473764671));
#148 = DIRECTION('',(0.431473764671,0.,-0.902125484842));
#149 = ADVANCED_FACE('',(#150),#167,.T.);
#150 = FACE_BOUND('',#151,.T.);
#151 = EDGE_LOOP('',(#152,#160,#161));
#152 = ORIENTED_EDGE('',*,*,#153,.T.);
#153 = EDGE_CURVE('',#154,#102,#156,.T.);
#154 = VERTEX_POINT('',#155);
#155 = CARTESIAN_POINT('',(-112.8509521484,3.257885456085,
    25.512765884399));
#156 = LINE('',#157,#158);
#157 = CARTESIAN_POINT('',(-112.8509521484,3.257885456085,
    25.512765884399));
#158 = VECTOR('',#159,1.);
#159 = DIRECTION('',(0.581247128172,0.,-0.813727089381));
#160 = ORIENTED_EDGE('',*,*,#130,.F.);
#161 = ORIENTED_EDGE('',*,*,#162,.T.);
#162 = EDGE_CURVE('',#131,#154,#163,.T.);
#163 = LINE('',#164,#165);
#164 = CARTESIAN_POINT('',(-112.7335739135,2.060631275177,
    25.348440170288));
#165 = VECTOR('',#166,1.);
#166 = DIRECTION('',(-9.66739895134E-02,0.986071551211,0.135340443493));
#167 = PLANE('',#168);
#168 = AXIS2_PLACEMENT_3D('',#169,#170,#171);
#169 = CARTESIAN_POINT('',(-112.7653759043,2.705516016445,
    25.392961923786));
#170 = DIRECTION('',(-0.813727089381,-0.,-0.581247128172));
#171 = DIRECTION('',(0.581247128172,0.,-0.813727089381));
#172 = ADVANCED_FACE('',(#173),#198,.T.);
#173 = FACE_BOUND('',#174,.T.);
#174 = EDGE_LOOP('',(#175,#183,#184,#192));
#175 = ORIENTED_EDGE('',*,*,#176,.T.);
#176 = EDGE_CURVE('',#177,#154,#179,.T.);
#177 = VERTEX_POINT('',#178);
#178 = CARTESIAN_POINT('',(-112.9918060302,2.060631275177,
    25.661445617676));
#179 = LINE('',#180,#181);
#180 = CARTESIAN_POINT('',(-112.9918060302,2.060631275177,
    25.661445617676));
#181 = VECTOR('',#182,1.);
#182 = DIRECTION('',(0.115962980379,0.985682192637,-0.122405891609));
#183 = ORIENTED_EDGE('',*,*,#162,.F.);
#184 = ORIENTED_EDGE('',*,*,#185,.F.);
#185 = EDGE_CURVE('',#186,#131,#188,.T.);
#186 = VERTEX_POINT('',#187);
#187 = CARTESIAN_POINT('',(-112.8563643333,2.060631275177,
    25.508300786513));
#188 = LINE('',#189,#190);
#189 = CARTESIAN_POINT('',(-112.8509521484,2.060631275177,
    25.512765884399));
#190 = VECTOR('',#191,1.);
#191 = DIRECTION('',(0.581247128172,0.,-0.813727089381));
#192 = ORIENTED_EDGE('',*,*,#193,.F.);
#193 = EDGE_CURVE('',#177,#186,#194,.T.);
#194 = LINE('',#195,#196);
#195 = CARTESIAN_POINT('',(-112.9918060302,2.060631275177,
    25.661445617676));
#196 = VECTOR('',#197,1.);
#197 = DIRECTION('',(0.687743098016,0.,-0.725954152224));
#198 = PLANE('',#199);
#199 = AXIS2_PLACEMENT_3D('',#200,#201,#202);
#200 = CARTESIAN_POINT('',(-112.8576721327,2.573563402334,
    25.508307689019));
#201 = DIRECTION('',(-0.771317127918,1.171989243705E-02,-0.63634309323)
  );
#202 = DIRECTION('',(0.636386800465,-2.088569965452E-19,-0.771370105846)
  );
#203 = ADVANCED_FACE('',(#204),#221,.T.);
#204 = FACE_BOUND('',#205,.T.);
#205 = EDGE_LOOP('',(#206,#214,#215));
#206 = ORIENTED_EDGE('',*,*,#207,.T.);
#207 = EDGE_CURVE('',#208,#154,#210,.T.);
#208 = VERTEX_POINT('',#209);
#209 = CARTESIAN_POINT('',(-113.1561279296,3.257885456085,
    25.770999908447));
#210 = LINE('',#211,#212);
#211 = CARTESIAN_POINT('',(-113.1561279296,3.257885456085,
    25.770999908447));
#212 = VECTOR('',#213,1.);
#213 = DIRECTION('',(0.763375969825,0.,-0.645954432366));
#214 = ORIENTED_EDGE('',*,*,#176,.F.);
#215 = ORIENTED_EDGE('',*,*,#216,.T.);
#216 = EDGE_CURVE('',#177,#208,#217,.T.);
#217 = LINE('',#218,#219);
#218 = CARTESIAN_POINT('',(-112.9918060302,2.060631275177,
    25.661445617676));
#219 = VECTOR('',#220,1.);
#220 = DIRECTION('',(-0.135418932358,0.986666314822,9.028452777371E-02)
  );
#221 = PLANE('',#222);
#222 = AXIS2_PLACEMENT_3D('',#223,#224,#225);
#223 = CARTESIAN_POINT('',(-112.998469763,2.743885871621,25.650253814444
    ));
#224 = DIRECTION('',(-0.645840259183,-1.880082558449E-02,-0.763241042251
    ));
#225 = DIRECTION('',(-0.763375969825,8.882954216679E-19,0.645954432366)
  );
#226 = ADVANCED_FACE('',(#227),#252,.T.);
#227 = FACE_BOUND('',#228,.T.);
#228 = EDGE_LOOP('',(#229,#237,#238,#246));
#229 = ORIENTED_EDGE('',*,*,#230,.T.);
#230 = EDGE_CURVE('',#231,#208,#233,.T.);
#231 = VERTEX_POINT('',#232);
#232 = CARTESIAN_POINT('',(-113.3361053466,2.060631275177,
    25.857076644897));
#233 = LINE('',#234,#235);
#234 = CARTESIAN_POINT('',(-113.3361053466,2.060631275177,
    25.857076644897));
#235 = VECTOR('',#236,1.);
#236 = DIRECTION('',(0.148280625958,0.986399306881,-7.091729937301E-02)
  );
#237 = ORIENTED_EDGE('',*,*,#216,.F.);
#238 = ORIENTED_EDGE('',*,*,#239,.F.);
#239 = EDGE_CURVE('',#240,#177,#242,.T.);
#240 = VERTEX_POINT('',#241);
#241 = CARTESIAN_POINT('',(-113.1596042013,2.060631275177,
    25.764881870958));
#242 = LINE('',#243,#244);
#243 = CARTESIAN_POINT('',(-113.1561279296,2.060631275177,
    25.770999908447));
#244 = VECTOR('',#245,1.);
#245 = DIRECTION('',(0.832035435945,0.,-0.554722483167));
#246 = ORIENTED_EDGE('',*,*,#247,.F.);
#247 = EDGE_CURVE('',#231,#240,#248,.T.);
#248 = LINE('',#249,#250);
#249 = CARTESIAN_POINT('',(-113.3361053466,2.060631275177,
    25.857076644897));
#250 = VECTOR('',#251,1.);
#251 = DIRECTION('',(0.902133089076,0.,-0.431457865376));
#252 = PLANE('',#253);
#253 = AXIS2_PLACEMENT_3D('',#254,#255,#256);
#254 = CARTESIAN_POINT('',(-113.1606008061,2.575291569706,
    25.764312936641));
#255 = DIRECTION('',(-0.493987528286,1.175388274992E-02,-0.869389537629)
  );
#256 = DIRECTION('',(-0.869449598569,-7.098791763744E-20,0.494021654939)
  );
#257 = ADVANCED_FACE('',(#258),#275,.T.);
#258 = FACE_BOUND('',#259,.T.);
#259 = EDGE_LOOP('',(#260,#268,#269));
#260 = ORIENTED_EDGE('',*,*,#261,.T.);
#261 = EDGE_CURVE('',#262,#208,#264,.T.);
#262 = VERTEX_POINT('',#263);
#263 = CARTESIAN_POINT('',(-113.3391605679,3.257885456085,
    25.848929277857));
#264 = LINE('',#265,#266);
#265 = CARTESIAN_POINT('',(-113.3361053466,3.257885456085,
    25.857076644897));
#266 = VECTOR('',#267,1.);
#267 = DIRECTION('',(0.902133089076,0.,-0.431457865376));
#268 = ORIENTED_EDGE('',*,*,#230,.F.);
#269 = ORIENTED_EDGE('',*,*,#270,.T.);
#270 = EDGE_CURVE('',#231,#262,#271,.T.);
#271 = LINE('',#272,#273);
#272 = CARTESIAN_POINT('',(-113.3361053466,2.060631275177,
    25.857076644897));
#273 = VECTOR('',#274,1.);
#274 = DIRECTION('',(0.,1.,0.));
#275 = PLANE('',#276);
#276 = AXIS2_PLACEMENT_3D('',#277,#278,#279);
#277 = CARTESIAN_POINT('',(-113.2873878875,2.705006880902,
    25.833776833415));
#278 = DIRECTION('',(-0.431457865376,-0.,-0.902133089076));
#279 = DIRECTION('',(-0.902133089076,0.,0.431457865376));
#280 = ADVANCED_FACE('',(#281),#298,.T.);
#281 = FACE_BOUND('',#282,.T.);
#282 = EDGE_LOOP('',(#283,#291,#292));
#283 = ORIENTED_EDGE('',*,*,#284,.T.);
#284 = EDGE_CURVE('',#285,#262,#287,.T.);
#285 = VERTEX_POINT('',#286);
#286 = CARTESIAN_POINT('',(-113.5317382812,2.060631275177,
    25.911851882935));
#287 = LINE('',#288,#289);
#288 = CARTESIAN_POINT('',(-113.5317382812,2.060631275177,
    25.911851882935));
#289 = VECTOR('',#290,1.);
#290 = DIRECTION('',(0.16109853109,0.985907052457,-4.510595522816E-02));
#291 = ORIENTED_EDGE('',*,*,#270,.F.);
#292 = ORIENTED_EDGE('',*,*,#293,.T.);
#293 = EDGE_CURVE('',#231,#285,#294,.T.);
#294 = LINE('',#295,#296);
#295 = CARTESIAN_POINT('',(-113.3361053466,2.060631275177,
    25.857076644897));
#296 = VECTOR('',#297,1.);
#297 = DIRECTION('',(-0.962966554863,0.,0.269620871252));
#298 = PLANE('',#299);
#299 = AXIS2_PLACEMENT_3D('',#300,#301,#302);
#300 = CARTESIAN_POINT('',(-113.3891336393,2.61274774239,25.871924029155
    ));
#301 = DIRECTION('',(-0.269620871252,-0.,-0.962966554863));
#302 = DIRECTION('',(-0.962966554863,0.,0.269620871252));
#303 = ADVANCED_FACE('',(#304),#321,.T.);
#304 = FACE_BOUND('',#305,.T.);
#305 = EDGE_LOOP('',(#306,#314,#315));
#306 = ORIENTED_EDGE('',*,*,#307,.T.);
#307 = EDGE_CURVE('',#308,#262,#310,.T.);
#308 = VERTEX_POINT('',#309);
#309 = CARTESIAN_POINT('',(-113.5317382812,3.257885456085,
    25.911851882935));
#310 = LINE('',#311,#312);
#311 = CARTESIAN_POINT('',(-113.5317382812,3.257885456085,
    25.911851882935));
#312 = VECTOR('',#313,1.);
#313 = DIRECTION('',(0.962966554863,0.,-0.269620871252));
#314 = ORIENTED_EDGE('',*,*,#284,.F.);
#315 = ORIENTED_EDGE('',*,*,#316,.T.);
#316 = EDGE_CURVE('',#285,#308,#317,.T.);
#317 = LINE('',#318,#319);
#318 = CARTESIAN_POINT('',(-113.5317382812,2.060631275177,
    25.911851882935));
#319 = VECTOR('',#320,1.);
#320 = DIRECTION('',(0.,1.,0.));
#321 = PLANE('',#322);
#322 = AXIS2_PLACEMENT_3D('',#323,#324,#325);
#323 = CARTESIAN_POINT('',(-113.4787099885,2.705768988872,
    25.897004498677));
#324 = DIRECTION('',(-0.269620871252,-0.,-0.962966554863));
#325 = DIRECTION('',(-0.962966554863,0.,0.269620871252));
#326 = ADVANCED_FACE('',(#327),#344,.T.);
#327 = FACE_BOUND('',#328,.T.);
#328 = EDGE_LOOP('',(#329,#337,#338));
#329 = ORIENTED_EDGE('',*,*,#330,.T.);
#330 = EDGE_CURVE('',#331,#308,#333,.T.);
#331 = VERTEX_POINT('',#332);
#332 = CARTESIAN_POINT('',(-113.9308242797,3.257885456085,
    25.911851882935));
#333 = LINE('',#334,#335);
#334 = CARTESIAN_POINT('',(-113.9308242797,3.257885456085,
    25.911851882935));
#335 = VECTOR('',#336,1.);
#336 = DIRECTION('',(1.,0.,0.));
#337 = ORIENTED_EDGE('',*,*,#316,.F.);
#338 = ORIENTED_EDGE('',*,*,#339,.T.);
#339 = EDGE_CURVE('',#285,#331,#340,.T.);
#340 = LINE('',#341,#342);
#341 = CARTESIAN_POINT('',(-113.5317382812,2.060631275177,
    25.911851882935));
#342 = VECTOR('',#343,1.);
#343 = DIRECTION('',(-0.316228672826,0.94868299578,0.));
#344 = PLANE('',#345);
#345 = AXIS2_PLACEMENT_3D('',#346,#347,#348);
#346 = CARTESIAN_POINT('',(-113.6477005153,2.742839130813,
    25.911851882935));
#347 = DIRECTION('',(-0.,-0.,-1.));
#348 = DIRECTION('',(-1.,0.,0.));
#349 = ADVANCED_FACE('',(#350),#375,.T.);
#350 = FACE_BOUND('',#351,.T.);
#351 = EDGE_LOOP('',(#352,#360,#361,#369));
#352 = ORIENTED_EDGE('',*,*,#353,.T.);
#353 = EDGE_CURVE('',#354,#331,#356,.T.);
#354 = VERTEX_POINT('',#355);
#355 = CARTESIAN_POINT('',(-113.9308242797,2.060631275177,
    25.911851882935));
#356 = LINE('',#357,#358);
#357 = CARTESIAN_POINT('',(-113.9308242797,2.060631275177,
    25.911851882935));
#358 = VECTOR('',#359,1.);
#359 = DIRECTION('',(0.,1.,0.));
#360 = ORIENTED_EDGE('',*,*,#339,.F.);
#361 = ORIENTED_EDGE('',*,*,#362,.F.);
#362 = EDGE_CURVE('',#363,#285,#365,.T.);
#363 = VERTEX_POINT('',#364);
#364 = CARTESIAN_POINT('',(-113.7273712158,2.060631275177,
    25.919677734375));
#365 = LINE('',#366,#367);
#366 = CARTESIAN_POINT('',(-113.7273712158,2.060631275177,
    25.927503585815));
#367 = VECTOR('',#368,1.);
#368 = DIRECTION('',(0.996814845898,0.,-7.975063007409E-02));
#369 = ORIENTED_EDGE('',*,*,#370,.F.);
#370 = EDGE_CURVE('',#354,#363,#371,.T.);
#371 = LINE('',#372,#373);
#372 = CARTESIAN_POINT('',(-113.9308242797,2.060631275177,
    25.911851882935));
#373 = VECTOR('',#374,1.);
#374 = DIRECTION('',(0.997053935637,0.,7.670364679038E-02));
#375 = PLANE('',#376);
#376 = AXIS2_PLACEMENT_3D('',#377,#378,#379);
#377 = CARTESIAN_POINT('',(-113.8148620457,2.575677600449,
    25.911851882935));
#378 = DIRECTION('',(-0.,-0.,-1.));
#379 = DIRECTION('',(-1.,0.,0.));
#380 = ADVANCED_FACE('',(#381),#398,.T.);
#381 = FACE_BOUND('',#382,.T.);
#382 = EDGE_LOOP('',(#383,#391,#392));
#383 = ORIENTED_EDGE('',*,*,#384,.T.);
#384 = EDGE_CURVE('',#385,#331,#387,.T.);
#385 = VERTEX_POINT('',#386);
#386 = CARTESIAN_POINT('',(-114.1264495849,2.060631275177,
    25.857076644897));
#387 = LINE('',#388,#389);
#388 = CARTESIAN_POINT('',(-114.1264495849,2.060631275177,
    25.857076644897));
#389 = VECTOR('',#390,1.);
#390 = DIRECTION('',(0.161092411527,0.985908050293,4.51060008799E-02));
#391 = ORIENTED_EDGE('',*,*,#353,.F.);
#392 = ORIENTED_EDGE('',*,*,#393,.T.);
#393 = EDGE_CURVE('',#354,#385,#394,.T.);
#394 = LINE('',#395,#396);
#395 = CARTESIAN_POINT('',(-113.9308242797,2.060631275177,
    25.911851882935));
#396 = VECTOR('',#397,1.);
#397 = DIRECTION('',(-0.962963824692,0.,-0.269630622026));
#398 = PLANE('',#399);
#399 = AXIS2_PLACEMENT_3D('',#400,#401,#402);
#400 = CARTESIAN_POINT('',(-113.9838503575,2.612749271835,
    25.897004539806));
#401 = DIRECTION('',(0.269630622026,-0.,-0.962963824692));
#402 = DIRECTION('',(-0.962963824692,0.,-0.269630622026));
#403 = ADVANCED_FACE('',(#404),#429,.T.);
#404 = FACE_BOUND('',#405,.T.);
#405 = EDGE_LOOP('',(#406,#416,#422,#423));
#406 = ORIENTED_EDGE('',*,*,#407,.F.);
#407 = EDGE_CURVE('',#408,#410,#412,.T.);
#408 = VERTEX_POINT('',#409);
#409 = CARTESIAN_POINT('',(-114.1233948339,3.257885456085,
    25.848930531991));
#410 = VERTEX_POINT('',#411);
#411 = CARTESIAN_POINT('',(-114.3029584808,3.257885456085,
    25.764881813119));
#412 = LINE('',#413,#414);
#413 = CARTESIAN_POINT('',(-114.1264495849,3.257885456085,
    25.857076644897));
#414 = VECTOR('',#415,1.);
#415 = DIRECTION('',(-0.869459002262,0.,-0.494005104615));
#416 = ORIENTED_EDGE('',*,*,#417,.F.);
#417 = EDGE_CURVE('',#331,#408,#418,.T.);
#418 = LINE('',#419,#420);
#419 = CARTESIAN_POINT('',(-113.9308242797,3.257885456085,
    25.911851882935));
#420 = VECTOR('',#421,1.);
#421 = DIRECTION('',(-0.962963824692,0.,-0.269630622026));
#422 = ORIENTED_EDGE('',*,*,#384,.F.);
#423 = ORIENTED_EDGE('',*,*,#424,.T.);
#424 = EDGE_CURVE('',#385,#410,#425,.T.);
#425 = LINE('',#426,#427);
#426 = CARTESIAN_POINT('',(-114.1264495849,2.060631275177,
    25.857076644897));
#427 = VECTOR('',#428,1.);
#428 = DIRECTION('',(-0.148286773484,0.986398387486,-7.091723327297E-02)
  );
#429 = PLANE('',#430);
#430 = AXIS2_PLACEMENT_3D('',#431,#432,#433);
#431 = CARTESIAN_POINT('',(-114.1219650942,2.744135059178,
    25.848149258061));
#432 = DIRECTION('',(0.351082197728,-1.45317834057E-02,-0.936231871765)
  );
#433 = DIRECTION('',(-0.936330740744,8.241838383477E-19,-0.351119273093)
  );
#434 = ADVANCED_FACE('',(#435),#452,.T.);
#435 = FACE_BOUND('',#436,.T.);
#436 = EDGE_LOOP('',(#437,#445,#446));
#437 = ORIENTED_EDGE('',*,*,#438,.T.);
#438 = EDGE_CURVE('',#439,#410,#441,.T.);
#439 = VERTEX_POINT('',#440);
#440 = CARTESIAN_POINT('',(-114.3029584808,2.060631275177,
    25.764881813119));
#441 = LINE('',#442,#443);
#442 = CARTESIAN_POINT('',(-114.3064346313,2.060631275177,
    25.770999908447));
#443 = VECTOR('',#444,1.);
#444 = DIRECTION('',(0.,1.,0.));
#445 = ORIENTED_EDGE('',*,*,#424,.F.);
#446 = ORIENTED_EDGE('',*,*,#447,.T.);
#447 = EDGE_CURVE('',#385,#439,#448,.T.);
#448 = LINE('',#449,#450);
#449 = CARTESIAN_POINT('',(-114.1264495849,2.060631275177,
    25.857076644897));
#450 = VECTOR('',#451,1.);
#451 = DIRECTION('',(-0.902140207715,0.,-0.431442980734));
#452 = PLANE('',#453);
#453 = AXIS2_PLACEMENT_3D('',#454,#455,#456);
#454 = CARTESIAN_POINT('',(-114.2577149803,2.6135084125,25.794299780525)
  );
#455 = DIRECTION('',(0.431442980734,-0.,-0.902140207715));
#456 = DIRECTION('',(-0.902140207715,0.,-0.431442980734));
#457 = ADVANCED_FACE('',(#458),#475,.T.);
#458 = FACE_BOUND('',#459,.T.);
#459 = EDGE_LOOP('',(#460,#468,#469));
#460 = ORIENTED_EDGE('',*,*,#461,.T.);
#461 = EDGE_CURVE('',#462,#410,#464,.T.);
#462 = VERTEX_POINT('',#463);
#463 = CARTESIAN_POINT('',(-114.4707641601,3.257885456085,
    25.661445617676));
#464 = LINE('',#465,#466);
#465 = CARTESIAN_POINT('',(-114.4707641601,3.257885456085,
    25.661445617676));
#466 = VECTOR('',#467,1.);
#467 = DIRECTION('',(0.832047322803,0.,0.554704653502));
#468 = ORIENTED_EDGE('',*,*,#438,.F.);
#469 = ORIENTED_EDGE('',*,*,#470,.T.);
#470 = EDGE_CURVE('',#439,#462,#471,.T.);
#471 = LINE('',#472,#473);
#472 = CARTESIAN_POINT('',(-114.3064346313,2.060631275177,
    25.770999908447));
#473 = VECTOR('',#474,1.);
#474 = DIRECTION('',(-0.135425104491,0.986665474717,-9.028445090029E-02)
  );
#475 = PLANE('',#476);
#476 = AXIS2_PLACEMENT_3D('',#477,#478,#479);
#477 = CARTESIAN_POINT('',(-114.3508827648,2.70458827637,25.741367475491
    ));
#478 = DIRECTION('',(0.554704653502,-0.,-0.832047322803));
#479 = DIRECTION('',(-0.832047322803,0.,-0.554704653502));
#480 = ADVANCED_FACE('',(#481),#498,.T.);
#481 = FACE_BOUND('',#482,.T.);
#482 = EDGE_LOOP('',(#483,#491,#492));
#483 = ORIENTED_EDGE('',*,*,#484,.T.);
#484 = EDGE_CURVE('',#485,#462,#487,.T.);
#485 = VERTEX_POINT('',#486);
#486 = CARTESIAN_POINT('',(-114.4707641601,2.060631275177,
    25.661445617676));
#487 = LINE('',#488,#489);
#488 = CARTESIAN_POINT('',(-114.4707641601,2.060631275177,
    25.661445617676));
#489 = VECTOR('',#490,1.);
#490 = DIRECTION('',(0.,1.,0.));
#491 = ORIENTED_EDGE('',*,*,#470,.F.);
#492 = ORIENTED_EDGE('',*,*,#493,.T.);
#493 = EDGE_CURVE('',#439,#485,#494,.T.);
#494 = LINE('',#495,#496);
#495 = CARTESIAN_POINT('',(-114.3064346313,2.060631275177,
    25.770999908447));
#496 = VECTOR('',#497,1.);
#497 = DIRECTION('',(-0.832047322803,0.,-0.554704653502));
#498 = PLANE('',#499);
#499 = AXIS2_PLACEMENT_3D('',#500,#501,#502);
#500 = CARTESIAN_POINT('',(-114.4263160266,2.613928454893,
    25.691078050632));
#501 = DIRECTION('',(0.554704653502,-0.,-0.832047322803));
#502 = DIRECTION('',(-0.832047322803,0.,-0.554704653502));
#503 = ADVANCED_FACE('',(#504),#521,.T.);
#504 = FACE_BOUND('',#505,.T.);
#505 = EDGE_LOOP('',(#506,#514,#515));
#506 = ORIENTED_EDGE('',*,*,#507,.T.);
#507 = EDGE_CURVE('',#508,#462,#510,.T.);
#508 = VERTEX_POINT('',#509);
#509 = CARTESIAN_POINT('',(-114.6116104125,2.060631275177,
    25.512765884399));
#510 = LINE('',#511,#512);
#511 = CARTESIAN_POINT('',(-114.6116104125,2.060631275177,
    25.512765884399));
#512 = VECTOR('',#513,1.);
#513 = DIRECTION('',(0.115956783667,0.985682910572,0.122405980765));
#514 = ORIENTED_EDGE('',*,*,#484,.F.);
#515 = ORIENTED_EDGE('',*,*,#516,.T.);
#516 = EDGE_CURVE('',#485,#508,#517,.T.);
#517 = LINE('',#518,#519);
#518 = CARTESIAN_POINT('',(-114.4707641601,2.060631275177,
    25.661445617676));
#519 = VECTOR('',#520,1.);
#520 = DIRECTION('',(-0.687723465201,0.,-0.72597275115));
#521 = PLANE('',#522);
#522 = AXIS2_PLACEMENT_3D('',#523,#524,#525);
#523 = CARTESIAN_POINT('',(-114.5089656305,2.612405731637,
    25.621119486637));
#524 = DIRECTION('',(0.72597275115,0.,-0.687723465201));
#525 = DIRECTION('',(0.687723465201,0.,0.72597275115));
#526 = ADVANCED_FACE('',(#527),#544,.T.);
#527 = FACE_BOUND('',#528,.T.);
#528 = EDGE_LOOP('',(#529,#537,#538));
#529 = ORIENTED_EDGE('',*,*,#530,.T.);
#530 = EDGE_CURVE('',#531,#462,#533,.T.);
#531 = VERTEX_POINT('',#532);
#532 = CARTESIAN_POINT('',(-114.7289962768,3.257885456085,
    25.348440170288));
#533 = LINE('',#534,#535);
#534 = CARTESIAN_POINT('',(-114.7289962768,3.257885456085,
    25.348440170288));
#535 = VECTOR('',#536,1.);
#536 = DIRECTION('',(0.636386800465,0.,0.771370105846));
#537 = ORIENTED_EDGE('',*,*,#507,.F.);
#538 = ORIENTED_EDGE('',*,*,#539,.T.);
#539 = EDGE_CURVE('',#508,#531,#540,.T.);
#540 = LINE('',#541,#542);
#541 = CARTESIAN_POINT('',(-114.6116104125,2.060631275177,
    25.512765884399));
#542 = VECTOR('',#543,1.);
#543 = DIRECTION('',(-9.668021443382E-02,0.986070952187,-0.135340361275)
  );
#544 = PLANE('',#545);
#545 = AXIS2_PLACEMENT_3D('',#546,#547,#548);
#546 = CARTESIAN_POINT('',(-114.6048948259,2.744953333376,
    25.508307644206));
#547 = DIRECTION('',(0.77131717234,-1.171497796276E-02,-0.636343129879)
  );
#548 = DIRECTION('',(0.636386800465,-1.260444055736E-19,0.771370105846)
  );
#549 = ADVANCED_FACE('',(#550),#567,.T.);
#550 = FACE_BOUND('',#551,.T.);
#551 = EDGE_LOOP('',(#552,#560,#561));
#552 = ORIENTED_EDGE('',*,*,#553,.T.);
#553 = EDGE_CURVE('',#554,#531,#556,.T.);
#554 = VERTEX_POINT('',#555);
#555 = CARTESIAN_POINT('',(-114.7289962768,2.060631275177,
    25.348440170288));
#556 = LINE('',#557,#558);
#557 = CARTESIAN_POINT('',(-114.7289962768,2.060631275177,
    25.348440170288));
#558 = VECTOR('',#559,1.);
#559 = DIRECTION('',(0.,1.,0.));
#560 = ORIENTED_EDGE('',*,*,#539,.F.);
#561 = ORIENTED_EDGE('',*,*,#562,.T.);
#562 = EDGE_CURVE('',#508,#554,#563,.T.);
#563 = LINE('',#564,#565);
#564 = CARTESIAN_POINT('',(-114.6116104125,2.060631275177,
    25.512765884399));
#565 = VECTOR('',#566,1.);
#566 = DIRECTION('',(-0.58127214352,0.,-0.813709220279));
#567 = PLANE('',#568);
#568 = AXIS2_PLACEMENT_3D('',#569,#570,#571);
#569 = CARTESIAN_POINT('',(-114.6971921658,2.61299979055,25.392961998283
    ));
#570 = DIRECTION('',(0.813709220279,0.,-0.58127214352));
#571 = DIRECTION('',(0.58127214352,0.,0.813709220279));
#572 = ADVANCED_FACE('',(#573),#590,.T.);
#573 = FACE_BOUND('',#574,.T.);
#574 = EDGE_LOOP('',(#575,#583,#584));
#575 = ORIENTED_EDGE('',*,*,#576,.T.);
#576 = EDGE_CURVE('',#577,#531,#579,.T.);
#577 = VERTEX_POINT('',#578);
#578 = CARTESIAN_POINT('',(-114.7925414871,3.257885456085,
    25.164630563794));
#579 = LINE('',#580,#581);
#580 = CARTESIAN_POINT('',(-114.8072509765,3.257885456085,
    25.168458938599));
#581 = VECTOR('',#582,1.);
#582 = DIRECTION('',(0.398734640278,0.,0.917066348004));
#583 = ORIENTED_EDGE('',*,*,#553,.F.);
#584 = ORIENTED_EDGE('',*,*,#585,.T.);
#585 = EDGE_CURVE('',#554,#577,#586,.T.);
#586 = LINE('',#587,#588);
#587 = CARTESIAN_POINT('',(-114.7289962768,2.060631275177,
    25.348440170288));
#588 = VECTOR('',#589,1.);
#589 = DIRECTION('',(-6.450095871716E-02,0.986829452874,-0.14834843196)
  );
#590 = PLANE('',#591);
#591 = AXIS2_PLACEMENT_3D('',#592,#593,#594);
#592 = CARTESIAN_POINT('',(-114.7501527914,2.704328027217,25.2997814244)
  );
#593 = DIRECTION('',(0.917066348004,0.,-0.398734640278));
#594 = DIRECTION('',(0.398734640278,0.,0.917066348004));
#595 = ADVANCED_FACE('',(#596),#613,.T.);
#596 = FACE_BOUND('',#597,.T.);
#597 = EDGE_LOOP('',(#598,#606,#607));
#598 = ORIENTED_EDGE('',*,*,#599,.T.);
#599 = EDGE_CURVE('',#600,#577,#602,.T.);
#600 = VERTEX_POINT('',#601);
#601 = CARTESIAN_POINT('',(-114.8072509765,2.060631275177,
    25.168458938599));
#602 = LINE('',#603,#604);
#603 = CARTESIAN_POINT('',(-114.8072509765,2.060631275177,
    25.168458938599));
#604 = VECTOR('',#605,1.);
#605 = DIRECTION('',(0.,1.,0.));
#606 = ORIENTED_EDGE('',*,*,#585,.F.);
#607 = ORIENTED_EDGE('',*,*,#608,.T.);
#608 = EDGE_CURVE('',#554,#600,#609,.T.);
#609 = LINE('',#610,#611);
#610 = CARTESIAN_POINT('',(-114.7289962768,2.060631275177,
    25.348440170288));
#611 = VECTOR('',#612,1.);
#612 = DIRECTION('',(-0.398734640278,0.,-0.917066348004));
#613 = PLANE('',#614);
#614 = AXIS2_PLACEMENT_3D('',#615,#616,#617);
#615 = CARTESIAN_POINT('',(-114.786094462,2.614188704045,25.217117684487
    ));
#616 = DIRECTION('',(0.917066348004,0.,-0.398734640278));
#617 = DIRECTION('',(0.398734640278,0.,0.917066348004));
#618 = ADVANCED_FACE('',(#619),#636,.T.);
#619 = FACE_BOUND('',#620,.T.);
#620 = EDGE_LOOP('',(#621,#629,#630));
#621 = ORIENTED_EDGE('',*,*,#622,.T.);
#622 = EDGE_CURVE('',#623,#577,#625,.T.);
#623 = VERTEX_POINT('',#624);
#624 = CARTESIAN_POINT('',(-114.8518664195,2.060631275177,
    24.978825872519));
#625 = LINE('',#626,#627);
#626 = CARTESIAN_POINT('',(-114.8620223999,2.060631275177,
    24.980653762817));
#627 = VECTOR('',#628,1.);
#628 = DIRECTION('',(4.51487897683E-02,0.986912043122,0.15481022551));
#629 = ORIENTED_EDGE('',*,*,#599,.F.);
#630 = ORIENTED_EDGE('',*,*,#631,.T.);
#631 = EDGE_CURVE('',#600,#623,#632,.T.);
#632 = LINE('',#633,#634);
#633 = CARTESIAN_POINT('',(-114.8072509765,2.060631275177,
    25.168458938599));
#634 = VECTOR('',#635,1.);
#635 = DIRECTION('',(-0.279976038737,0.,-0.960006988377));
#636 = PLANE('',#637);
#637 = AXIS2_PLACEMENT_3D('',#638,#639,#640);
#638 = CARTESIAN_POINT('',(-114.8220551562,2.614320477295,
    25.117697037554));
#639 = DIRECTION('',(0.960006988377,0.,-0.279976038737));
#640 = DIRECTION('',(0.279976038737,0.,0.960006988377));
#641 = ADVANCED_FACE('',(#642),#659,.T.);
#642 = FACE_BOUND('',#643,.T.);
#643 = EDGE_LOOP('',(#644,#652,#653));
#644 = ORIENTED_EDGE('',*,*,#645,.T.);
#645 = EDGE_CURVE('',#646,#577,#648,.T.);
#646 = VERTEX_POINT('',#647);
#647 = CARTESIAN_POINT('',(-114.8445537193,3.257885456085,
    24.976107265348));
#648 = LINE('',#649,#650);
#649 = CARTESIAN_POINT('',(-114.8620223999,3.257885456085,
    24.980653762817));
#650 = VECTOR('',#651,1.);
#651 = DIRECTION('',(0.279976038737,0.,0.960006988377));
#652 = ORIENTED_EDGE('',*,*,#622,.F.);
#653 = ORIENTED_EDGE('',*,*,#654,.T.);
#654 = EDGE_CURVE('',#623,#646,#655,.T.);
#655 = LINE('',#656,#657);
#656 = CARTESIAN_POINT('',(-114.8620223999,2.060631275177,
    24.980653762817));
#657 = VECTOR('',#658,1.);
#658 = DIRECTION('',(0.,1.,0.));
#659 = PLANE('',#660);
#660 = AXIS2_PLACEMENT_3D('',#661,#662,#663);
#661 = CARTESIAN_POINT('',(-114.8472182201,2.704196253967,
    25.031415663862));
#662 = DIRECTION('',(0.960006988377,0.,-0.279976038737));
#663 = DIRECTION('',(0.279976038737,0.,0.960006988377));
#664 = ADVANCED_FACE('',(#665),#682,.T.);
#665 = FACE_BOUND('',#666,.T.);
#666 = EDGE_LOOP('',(#667,#675,#676));
#667 = ORIENTED_EDGE('',*,*,#668,.T.);
#668 = EDGE_CURVE('',#669,#646,#671,.T.);
#669 = VERTEX_POINT('',#670);
#670 = CARTESIAN_POINT('',(-114.877670288,2.060631275177,24.777200698853
    ));
#671 = LINE('',#672,#673);
#672 = CARTESIAN_POINT('',(-114.877670288,2.060631275177,24.777200698853
    ));
#673 = VECTOR('',#674,1.);
#674 = DIRECTION('',(1.288402449341E-02,0.985784919388,0.167517445717));
#675 = ORIENTED_EDGE('',*,*,#654,.F.);
#676 = ORIENTED_EDGE('',*,*,#677,.T.);
#677 = EDGE_CURVE('',#623,#669,#678,.T.);
#678 = LINE('',#679,#680);
#679 = CARTESIAN_POINT('',(-114.8620223999,2.060631275177,
    24.980653762817));
#680 = VECTOR('',#681,1.);
#681 = DIRECTION('',(-7.668506221111E-02,0.,-0.99705536518));
#682 = PLANE('',#683);
#683 = AXIS2_PLACEMENT_3D('',#684,#685,#686);
#684 = CARTESIAN_POINT('',(-114.8662653538,2.612561003734,
    24.925487086054));
#685 = DIRECTION('',(0.99705536518,0.,-7.668506221111E-02));
#686 = DIRECTION('',(7.668506221111E-02,0.,0.99705536518));
#687 = ADVANCED_FACE('',(#688),#705,.T.);
#688 = FACE_BOUND('',#689,.T.);
#689 = EDGE_LOOP('',(#690,#698,#699));
#690 = ORIENTED_EDGE('',*,*,#691,.T.);
#691 = EDGE_CURVE('',#692,#646,#694,.T.);
#692 = VERTEX_POINT('',#693);
#693 = CARTESIAN_POINT('',(-114.877670288,3.257885456085,24.777200698853
    ));
#694 = LINE('',#695,#696);
#695 = CARTESIAN_POINT('',(-114.877670288,3.257885456085,24.777200698853
    ));
#696 = VECTOR('',#697,1.);
#697 = DIRECTION('',(7.668506221111E-02,0.,0.99705536518));
#698 = ORIENTED_EDGE('',*,*,#668,.F.);
#699 = ORIENTED_EDGE('',*,*,#700,.T.);
#700 = EDGE_CURVE('',#669,#692,#701,.T.);
#701 = LINE('',#702,#703);
#702 = CARTESIAN_POINT('',(-114.877670288,2.060631275177,24.777200698853
    ));
#703 = VECTOR('',#704,1.);
#704 = DIRECTION('',(0.,1.,0.));
#705 = PLANE('',#706);
#706 = AXIS2_PLACEMENT_3D('',#707,#708,#709);
#707 = CARTESIAN_POINT('',(-114.873427334,2.705955727528,24.832367375616
    ));
#708 = DIRECTION('',(0.99705536518,0.,-7.668506221111E-02));
#709 = DIRECTION('',(7.668506221111E-02,0.,0.99705536518));
#710 = ADVANCED_FACE('',(#711),#728,.T.);
#711 = FACE_BOUND('',#712,.T.);
#712 = EDGE_LOOP('',(#713,#721,#722));
#713 = ORIENTED_EDGE('',*,*,#714,.T.);
#714 = EDGE_CURVE('',#715,#692,#717,.T.);
#715 = VERTEX_POINT('',#716);
#716 = CARTESIAN_POINT('',(-114.8445532544,3.257885456085,
    24.578290438663));
#717 = LINE('',#718,#719);
#718 = CARTESIAN_POINT('',(-114.8620223999,3.257885456085,24.57374382019
    ));
#719 = VECTOR('',#720,1.);
#720 = DIRECTION('',(-7.668363286601E-02,0.,0.997055475112));
#721 = ORIENTED_EDGE('',*,*,#700,.F.);
#722 = ORIENTED_EDGE('',*,*,#723,.T.);
#723 = EDGE_CURVE('',#669,#715,#724,.T.);
#724 = LINE('',#725,#726);
#725 = CARTESIAN_POINT('',(-114.877670288,2.060631275177,24.777200698853
    ));
#726 = VECTOR('',#727,1.);
#727 = DIRECTION('',(1.288401771432E-02,0.985784400705,-0.167520498487)
  );
#728 = PLANE('',#729);
#729 = AXIS2_PLACEMENT_3D('',#730,#731,#732);
#730 = CARTESIAN_POINT('',(-114.873427328,2.705956518636,24.722032908652
    ));
#731 = DIRECTION('',(0.997055475112,0.,7.668363286601E-02));
#732 = DIRECTION('',(-7.668363286601E-02,0.,0.997055475112));
#733 = ADVANCED_FACE('',(#734),#759,.T.);
#734 = FACE_BOUND('',#735,.T.);
#735 = EDGE_LOOP('',(#736,#744,#745,#753));
#736 = ORIENTED_EDGE('',*,*,#737,.T.);
#737 = EDGE_CURVE('',#738,#715,#740,.T.);
#738 = VERTEX_POINT('',#739);
#739 = CARTESIAN_POINT('',(-114.8072509765,2.060631275177,
    24.385940551758));
#740 = LINE('',#741,#742);
#741 = CARTESIAN_POINT('',(-114.8072509765,2.060631275177,
    24.385940551758));
#742 = VECTOR('',#743,1.);
#743 = DIRECTION('',(-4.51488007575E-02,0.986912283336,0.154808690938));
#744 = ORIENTED_EDGE('',*,*,#723,.F.);
#745 = ORIENTED_EDGE('',*,*,#746,.F.);
#746 = EDGE_CURVE('',#747,#669,#749,.T.);
#747 = VERTEX_POINT('',#748);
#748 = CARTESIAN_POINT('',(-114.8518661704,2.060631275177,
    24.575571746424));
#749 = LINE('',#750,#751);
#750 = CARTESIAN_POINT('',(-114.8620223999,2.060631275177,24.57374382019
    ));
#751 = VECTOR('',#752,1.);
#752 = DIRECTION('',(-7.668363286601E-02,0.,0.997055475112));
#753 = ORIENTED_EDGE('',*,*,#754,.F.);
#754 = EDGE_CURVE('',#738,#747,#755,.T.);
#755 = LINE('',#756,#757);
#756 = CARTESIAN_POINT('',(-114.8072509765,2.060631275177,
    24.385940551758));
#757 = VECTOR('',#758,1.);
#758 = DIRECTION('',(-0.279978659309,0.,0.960006224111));
#759 = PLANE('',#760);
#760 = AXIS2_PLACEMENT_3D('',#761,#762,#763);
#761 = CARTESIAN_POINT('',(-114.8508738514,2.57502275258,24.578255951783
    ));
#762 = DIRECTION('',(0.984040419391,1.723590782625E-02,0.177108374976));
#763 = DIRECTION('',(-0.177134688208,2.812482818806E-19,0.984186619617)
  );
#764 = ADVANCED_FACE('',(#765),#782,.T.);
#765 = FACE_BOUND('',#766,.T.);
#766 = EDGE_LOOP('',(#767,#775,#776));
#767 = ORIENTED_EDGE('',*,*,#768,.T.);
#768 = EDGE_CURVE('',#769,#715,#771,.T.);
#769 = VERTEX_POINT('',#770);
#770 = CARTESIAN_POINT('',(-114.7925412546,3.257885456085,
    24.389768987065));
#771 = LINE('',#772,#773);
#772 = CARTESIAN_POINT('',(-114.8072509765,3.257885456085,
    24.385940551758));
#773 = VECTOR('',#774,1.);
#774 = DIRECTION('',(-0.279978659309,0.,0.960006224111));
#775 = ORIENTED_EDGE('',*,*,#737,.F.);
#776 = ORIENTED_EDGE('',*,*,#777,.T.);
#777 = EDGE_CURVE('',#738,#769,#778,.T.);
#778 = LINE('',#779,#780);
#779 = CARTESIAN_POINT('',(-114.8072509765,2.060631275177,
    24.385940551758));
#780 = VECTOR('',#781,1.);
#781 = DIRECTION('',(0.,1.,0.));
#782 = PLANE('',#783);
#783 = AXIS2_PLACEMENT_3D('',#784,#785,#786);
#784 = CARTESIAN_POINT('',(-114.822055146,2.704195870019,24.436701902065
    ));
#785 = DIRECTION('',(0.960006224111,0.,0.279978659309));
#786 = DIRECTION('',(-0.279978659309,0.,0.960006224111));
#787 = ADVANCED_FACE('',(#788),#805,.T.);
#788 = FACE_BOUND('',#789,.T.);
#789 = EDGE_LOOP('',(#790,#798,#799));
#790 = ORIENTED_EDGE('',*,*,#791,.T.);
#791 = EDGE_CURVE('',#792,#769,#794,.T.);
#792 = VERTEX_POINT('',#793);
#793 = CARTESIAN_POINT('',(-114.7289962768,3.257885456085,
    24.205961227417));
#794 = LINE('',#795,#796);
#795 = CARTESIAN_POINT('',(-114.7289962768,3.257885456085,
    24.205961227417));
#796 = VECTOR('',#797,1.);
#797 = DIRECTION('',(-0.398738194069,0.,0.917064802831));
#798 = ORIENTED_EDGE('',*,*,#777,.F.);
#799 = ORIENTED_EDGE('',*,*,#800,.T.);
#800 = EDGE_CURVE('',#738,#792,#801,.T.);
#801 = LINE('',#802,#803);
#802 = CARTESIAN_POINT('',(-114.8072509765,2.060631275177,
    24.385940551758));
#803 = VECTOR('',#804,1.);
#804 = DIRECTION('',(6.45009737601E-02,0.986829683023,-0.148346894437));
#805 = PLANE('',#806);
#806 = AXIS2_PLACEMENT_3D('',#807,#808,#809);
#807 = CARTESIAN_POINT('',(-114.786094476,2.704327660664,24.337282353751
    ));
#808 = DIRECTION('',(0.917064802831,0.,0.398738194069));
#809 = DIRECTION('',(-0.398738194069,0.,0.917064802831));
#810 = ADVANCED_FACE('',(#811),#828,.T.);
#811 = FACE_BOUND('',#812,.T.);
#812 = EDGE_LOOP('',(#813,#821,#822));
#813 = ORIENTED_EDGE('',*,*,#814,.T.);
#814 = EDGE_CURVE('',#815,#792,#817,.T.);
#815 = VERTEX_POINT('',#816);
#816 = CARTESIAN_POINT('',(-114.7289962768,2.060631275177,
    24.205961227417));
#817 = LINE('',#818,#819);
#818 = CARTESIAN_POINT('',(-114.7289962768,2.060631275177,
    24.205961227417));
#819 = VECTOR('',#820,1.);
#820 = DIRECTION('',(0.,1.,0.));
#821 = ORIENTED_EDGE('',*,*,#800,.F.);
#822 = ORIENTED_EDGE('',*,*,#823,.T.);
#823 = EDGE_CURVE('',#738,#815,#824,.T.);
#824 = LINE('',#825,#826);
#825 = CARTESIAN_POINT('',(-114.8072509765,2.060631275177,
    24.385940551758));
#826 = VECTOR('',#827,1.);
#827 = DIRECTION('',(0.398738194069,0.,-0.917064802831));
#828 = PLANE('',#829);
#829 = AXIS2_PLACEMENT_3D('',#830,#831,#832);
#830 = CARTESIAN_POINT('',(-114.7501527774,2.614189070598,
    24.254619425424));
#831 = DIRECTION('',(0.917064802831,0.,0.398738194069));
#832 = DIRECTION('',(-0.398738194069,0.,0.917064802831));
#833 = ADVANCED_FACE('',(#834),#859,.T.);
#834 = FACE_BOUND('',#835,.T.);
#835 = EDGE_LOOP('',(#836,#846,#852,#853));
#836 = ORIENTED_EDGE('',*,*,#837,.T.);
#837 = EDGE_CURVE('',#838,#840,#842,.T.);
#838 = VERTEX_POINT('',#839);
#839 = CARTESIAN_POINT('',(-114.4634915866,3.257885456085,23.90154864442
    ));
#840 = VERTEX_POINT('',#841);
#841 = CARTESIAN_POINT('',(-114.6061993121,3.257885456085,
    24.046093967289));
#842 = LINE('',#843,#844);
#843 = CARTESIAN_POINT('',(-114.4707641601,3.257885456085,
    23.892953872681));
#844 = VECTOR('',#845,1.);
#845 = DIRECTION('',(-0.63638449306,0.,0.77137200947));
#846 = ORIENTED_EDGE('',*,*,#847,.F.);
#847 = EDGE_CURVE('',#792,#840,#848,.T.);
#848 = LINE('',#849,#850);
#849 = CARTESIAN_POINT('',(-114.7289962768,3.257885456085,
    24.205961227417));
#850 = VECTOR('',#851,1.);
#851 = DIRECTION('',(0.58125874193,0.,-0.813718793521));
#852 = ORIENTED_EDGE('',*,*,#814,.F.);
#853 = ORIENTED_EDGE('',*,*,#854,.T.);
#854 = EDGE_CURVE('',#815,#838,#855,.T.);
#855 = LINE('',#856,#857);
#856 = CARTESIAN_POINT('',(-114.7289962768,2.060631275177,
    24.205961227417));
#857 = VECTOR('',#858,1.);
#858 = DIRECTION('',(0.204273333354,0.947082437043,-0.247603034563));
#859 = PLANE('',#860);
#860 = AXIS2_PLACEMENT_3D('',#861,#862,#863);
#861 = CARTESIAN_POINT('',(-114.6537953959,2.743979439192,
    24.114809014806));
#862 = DIRECTION('',(0.77137200947,0.,0.63638449306));
#863 = DIRECTION('',(-0.63638449306,0.,0.77137200947));
#864 = ADVANCED_FACE('',(#865),#898,.T.);
#865 = FACE_BOUND('',#866,.T.);
#866 = EDGE_LOOP('',(#867,#875,#876,#884,#892));
#867 = ORIENTED_EDGE('',*,*,#868,.T.);
#868 = EDGE_CURVE('',#869,#838,#871,.T.);
#869 = VERTEX_POINT('',#870);
#870 = CARTESIAN_POINT('',(-114.3064346313,2.060631275177,
    23.783401489258));
#871 = LINE('',#872,#873);
#872 = CARTESIAN_POINT('',(-114.3064346313,2.060631275177,
    23.783401489258));
#873 = VECTOR('',#874,1.);
#874 = DIRECTION('',(-0.13542512371,0.986665614738,9.028289185338E-02));
#875 = ORIENTED_EDGE('',*,*,#854,.F.);
#876 = ORIENTED_EDGE('',*,*,#877,.F.);
#877 = EDGE_CURVE('',#878,#815,#880,.T.);
#878 = VERTEX_POINT('',#879);
#879 = CARTESIAN_POINT('',(-114.5998738871,2.060631275177,
    24.053366369674));
#880 = LINE('',#881,#882);
#881 = CARTESIAN_POINT('',(-114.6116104125,2.060631275177,24.04162979126
    ));
#882 = VECTOR('',#883,1.);
#883 = DIRECTION('',(-0.58125874193,0.,0.813718793521));
#884 = ORIENTED_EDGE('',*,*,#885,.F.);
#885 = EDGE_CURVE('',#886,#878,#888,.T.);
#886 = VERTEX_POINT('',#887);
#887 = CARTESIAN_POINT('',(-114.4570700592,2.060631275177,
    23.906648035403));
#888 = LINE('',#889,#890);
#889 = CARTESIAN_POINT('',(-114.4707641601,2.060631275177,
    23.892953872681));
#890 = VECTOR('',#891,1.);
#891 = DIRECTION('',(-0.687732764839,0.,0.725963941368));
#892 = ORIENTED_EDGE('',*,*,#893,.F.);
#893 = EDGE_CURVE('',#869,#886,#894,.T.);
#894 = LINE('',#895,#896);
#895 = CARTESIAN_POINT('',(-114.3064346313,2.060631275177,
    23.783401489258));
#896 = VECTOR('',#897,1.);
#897 = DIRECTION('',(-0.832051780104,0.,0.554697967569));
#898 = PLANE('',#899);
#899 = AXIS2_PLACEMENT_3D('',#900,#901,#902);
#900 = CARTESIAN_POINT('',(-114.5005439756,2.542928682549,
    23.955444035313));
#901 = DIRECTION('',(0.706735442665,3.233448772262E-02,0.706738632725));
#902 = DIRECTION('',(0.707108377049,3.736524420405E-19,-0.70710518532));
#903 = ADVANCED_FACE('',(#904),#921,.T.);
#904 = FACE_BOUND('',#905,.T.);
#905 = EDGE_LOOP('',(#906,#914,#915));
#906 = ORIENTED_EDGE('',*,*,#907,.T.);
#907 = EDGE_CURVE('',#908,#838,#910,.T.);
#908 = VERTEX_POINT('',#909);
#909 = CARTESIAN_POINT('',(-114.3064346313,3.257885456085,
    23.783401489258));
#910 = LINE('',#911,#912);
#911 = CARTESIAN_POINT('',(-114.3064346313,3.257885456085,
    23.783401489258));
#912 = VECTOR('',#913,1.);
#913 = DIRECTION('',(-0.832051780104,0.,0.554697967569));
#914 = ORIENTED_EDGE('',*,*,#868,.F.);
#915 = ORIENTED_EDGE('',*,*,#916,.T.);
#916 = EDGE_CURVE('',#869,#908,#917,.T.);
#917 = LINE('',#918,#919);
#918 = CARTESIAN_POINT('',(-114.3064346313,2.060631275177,
    23.783401489258));
#919 = VECTOR('',#920,1.);
#920 = DIRECTION('',(0.,1.,0.));
#921 = PLANE('',#922);
#922 = AXIS2_PLACEMENT_3D('',#923,#924,#925);
#923 = CARTESIAN_POINT('',(-114.350882747,2.704588054918,23.813033394451
    ));
#924 = DIRECTION('',(0.554697967569,0.,0.832051780104));
#925 = DIRECTION('',(0.832051780104,0.,-0.554697967569));
#926 = ADVANCED_FACE('',(#927),#944,.T.);
#927 = FACE_BOUND('',#928,.T.);
#928 = EDGE_LOOP('',(#929,#937,#938));
#929 = ORIENTED_EDGE('',*,*,#930,.T.);
#930 = EDGE_CURVE('',#931,#908,#933,.T.);
#931 = VERTEX_POINT('',#932);
#932 = CARTESIAN_POINT('',(-114.1264495849,2.060631275177,
    23.697324752808));
#933 = LINE('',#934,#935);
#934 = CARTESIAN_POINT('',(-114.1264495849,2.060631275177,
    23.697324752808));
#935 = VECTOR('',#936,1.);
#936 = DIRECTION('',(-0.148286773484,0.986398387486,7.091723327297E-02)
  );
#937 = ORIENTED_EDGE('',*,*,#916,.F.);
#938 = ORIENTED_EDGE('',*,*,#939,.T.);
#939 = EDGE_CURVE('',#869,#931,#940,.T.);
#940 = LINE('',#941,#942);
#941 = CARTESIAN_POINT('',(-114.3064346313,2.060631275177,
    23.783401489258));
#942 = VECTOR('',#943,1.);
#943 = DIRECTION('',(0.902140207715,0.,-0.431442980734));
#944 = PLANE('',#945);
#945 = AXIS2_PLACEMENT_3D('',#946,#947,#948);
#946 = CARTESIAN_POINT('',(-114.2577149803,2.6135084125,23.76010161718)
  );
#947 = DIRECTION('',(0.431442980734,0.,0.902140207715));
#948 = DIRECTION('',(0.902140207715,0.,-0.431442980734));
#949 = ADVANCED_FACE('',(#950),#967,.T.);
#950 = FACE_BOUND('',#951,.T.);
#951 = EDGE_LOOP('',(#952,#960,#961));
#952 = ORIENTED_EDGE('',*,*,#953,.T.);
#953 = EDGE_CURVE('',#954,#908,#956,.T.);
#954 = VERTEX_POINT('',#955);
#955 = CARTESIAN_POINT('',(-113.9308242797,3.257885456085,
    23.642547607422));
#956 = LINE('',#957,#958);
#957 = CARTESIAN_POINT('',(-113.9308242797,3.257885456085,
    23.642547607422));
#958 = VECTOR('',#959,1.);
#959 = DIRECTION('',(-0.936329177569,0.,0.351123441588));
#960 = ORIENTED_EDGE('',*,*,#930,.F.);
#961 = ORIENTED_EDGE('',*,*,#962,.T.);
#962 = EDGE_CURVE('',#931,#954,#963,.T.);
#963 = LINE('',#964,#965);
#964 = CARTESIAN_POINT('',(-114.1264495849,2.060631275177,
    23.697324752808));
#965 = VECTOR('',#966,1.);
#966 = DIRECTION('',(0.161092400115,0.985907980444,-4.510756833674E-02)
  );
#967 = PLANE('',#968);
#968 = AXIS2_PLACEMENT_3D('',#969,#970,#971);
#969 = CARTESIAN_POINT('',(-114.1219650906,2.744135178206,
    23.706251595583));
#970 = DIRECTION('',(0.351086369553,-1.45310445989E-02,0.936230318809));
#971 = DIRECTION('',(0.936329177569,1.525423900171E-19,-0.351123441588)
  );
#972 = ADVANCED_FACE('',(#973),#998,.T.);
#973 = FACE_BOUND('',#974,.T.);
#974 = EDGE_LOOP('',(#975,#983,#984,#992));
#975 = ORIENTED_EDGE('',*,*,#976,.T.);
#976 = EDGE_CURVE('',#977,#954,#979,.T.);
#977 = VERTEX_POINT('',#978);
#978 = CARTESIAN_POINT('',(-113.7273712158,2.060631275177,23.62689781189
    ));
#979 = LINE('',#980,#981);
#980 = CARTESIAN_POINT('',(-113.7273712158,2.060631275177,23.62689781189
    ));
#981 = VECTOR('',#982,1.);
#982 = DIRECTION('',(-0.167517442327,0.985784899441,1.288559468909E-02)
  );
#983 = ORIENTED_EDGE('',*,*,#962,.F.);
#984 = ORIENTED_EDGE('',*,*,#985,.F.);
#985 = EDGE_CURVE('',#986,#931,#988,.T.);
#986 = VERTEX_POINT('',#987);
#987 = CARTESIAN_POINT('',(-113.9290910724,2.060631275177,
    23.652368927824));
#988 = LINE('',#989,#990);
#989 = CARTESIAN_POINT('',(-113.9308242797,2.060631275177,
    23.642547607422));
#990 = VECTOR('',#991,1.);
#991 = DIRECTION('',(-0.962961386881,0.,0.26963932832));
#992 = ORIENTED_EDGE('',*,*,#993,.F.);
#993 = EDGE_CURVE('',#977,#986,#994,.T.);
#994 = LINE('',#995,#996);
#995 = CARTESIAN_POINT('',(-113.7273712158,2.060631275177,23.62689781189
    ));
#996 = VECTOR('',#997,1.);
#997 = DIRECTION('',(-0.997054650451,0.,7.669435451074E-02));
#998 = PLANE('',#999);
#999 = AXIS2_PLACEMENT_3D('',#1000,#1001,#1002);
#1000 = CARTESIAN_POINT('',(-113.9285821848,2.573662234264,
    23.653727182465));
#1001 = DIRECTION('',(0.173764443165,1.665761087125E-02,0.984646353922)
  );
#1002 = DIRECTION('',(0.984782990223,1.37477089794E-19,-0.173788555914)
  );
#1003 = ADVANCED_FACE('',(#1004),#1021,.T.);
#1004 = FACE_BOUND('',#1005,.T.);
#1005 = EDGE_LOOP('',(#1006,#1014,#1015));
#1006 = ORIENTED_EDGE('',*,*,#1007,.T.);
#1007 = EDGE_CURVE('',#1008,#954,#1010,.T.);
#1008 = VERTEX_POINT('',#1009);
#1009 = CARTESIAN_POINT('',(-113.7289416103,3.257885456085,
    23.643947684677));
#1010 = LINE('',#1011,#1012);
#1011 = CARTESIAN_POINT('',(-113.7273712158,3.257885456085,
    23.62689781189));
#1012 = VECTOR('',#1013,1.);
#1013 = DIRECTION('',(-0.997054650451,0.,7.669435451074E-02));
#1014 = ORIENTED_EDGE('',*,*,#976,.F.);
#1015 = ORIENTED_EDGE('',*,*,#1016,.T.);
#1016 = EDGE_CURVE('',#977,#1008,#1017,.T.);
#1017 = LINE('',#1018,#1019);
#1018 = CARTESIAN_POINT('',(-113.7273712158,2.060631275177,
    23.62689781189));
#1019 = VECTOR('',#1020,1.);
#1020 = DIRECTION('',(0.,1.,0.));
#1021 = PLANE('',#1022);
#1022 = AXIS2_PLACEMENT_3D('',#1023,#1024,#1025);
#1023 = CARTESIAN_POINT('',(-113.7825378956,2.705955757953,
    23.631141283294));
#1024 = DIRECTION('',(7.669435451074E-02,0.,0.997054650451));
#1025 = DIRECTION('',(0.997054650451,0.,-7.669435451074E-02));
#1026 = ADVANCED_FACE('',(#1027),#1044,.T.);
#1027 = FACE_BOUND('',#1028,.T.);
#1028 = EDGE_LOOP('',(#1029,#1037,#1038));
#1029 = ORIENTED_EDGE('',*,*,#1030,.T.);
#1030 = EDGE_CURVE('',#1031,#1008,#1033,.T.);
#1031 = VERTEX_POINT('',#1032);
#1032 = CARTESIAN_POINT('',(-113.5334168647,3.257885456085,
    23.660772095098));
#1033 = LINE('',#1034,#1035);
#1034 = CARTESIAN_POINT('',(-113.5317382812,3.257885456085,
    23.642547607422));
#1035 = VECTOR('',#1036,1.);
#1036 = DIRECTION('',(-0.996815618446,0.,-7.974097329915E-02));
#1037 = ORIENTED_EDGE('',*,*,#1016,.F.);
#1038 = ORIENTED_EDGE('',*,*,#1039,.T.);
#1039 = EDGE_CURVE('',#977,#1031,#1040,.T.);
#1040 = LINE('',#1041,#1042);
#1041 = CARTESIAN_POINT('',(-113.7273712158,2.060631275177,
    23.62689781189));
#1042 = VECTOR('',#1043,1.);
#1043 = DIRECTION('',(0.161249246012,0.986829412849,1.289924794796E-02)
  );
#1044 = PLANE('',#1045);
#1045 = AXIS2_PLACEMENT_3D('',#1046,#1047,#1048);
#1046 = CARTESIAN_POINT('',(-113.6744809546,2.704328090965,
    23.631128805891));
#1047 = DIRECTION('',(-7.974097329915E-02,0.,0.996815618446));
#1048 = DIRECTION('',(0.996815618446,0.,7.974097329915E-02));
#1049 = ADVANCED_FACE('',(#1050),#1067,.T.);
#1050 = FACE_BOUND('',#1051,.T.);
#1051 = EDGE_LOOP('',(#1052,#1060,#1061));
#1052 = ORIENTED_EDGE('',*,*,#1053,.T.);
#1053 = EDGE_CURVE('',#1054,#1031,#1056,.T.);
#1054 = VERTEX_POINT('',#1055);
#1055 = CARTESIAN_POINT('',(-113.5317382812,2.060631275177,
    23.642547607422));
#1056 = LINE('',#1057,#1058);
#1057 = CARTESIAN_POINT('',(-113.5317382812,2.060631275177,
    23.642547607422));
#1058 = VECTOR('',#1059,1.);
#1059 = DIRECTION('',(0.,1.,0.));
#1060 = ORIENTED_EDGE('',*,*,#1039,.F.);
#1061 = ORIENTED_EDGE('',*,*,#1062,.T.);
#1062 = EDGE_CURVE('',#977,#1054,#1063,.T.);
#1063 = LINE('',#1064,#1065);
#1064 = CARTESIAN_POINT('',(-113.7273712158,2.060631275177,
    23.62689781189));
#1065 = VECTOR('',#1066,1.);
#1066 = DIRECTION('',(0.996815618446,0.,7.974097329915E-02));
#1067 = PLANE('',#1068);
#1068 = AXIS2_PLACEMENT_3D('',#1069,#1070,#1071);
#1069 = CARTESIAN_POINT('',(-113.5846285424,2.614188640298,
    23.63831661342));
#1070 = DIRECTION('',(-7.974097329915E-02,0.,0.996815618446));
#1071 = DIRECTION('',(0.996815618446,0.,7.974097329915E-02));
#1072 = ADVANCED_FACE('',(#1073),#1098,.T.);
#1073 = FACE_BOUND('',#1074,.T.);
#1074 = EDGE_LOOP('',(#1075,#1083,#1084,#1092));
#1075 = ORIENTED_EDGE('',*,*,#1076,.T.);
#1076 = EDGE_CURVE('',#1077,#1031,#1079,.T.);
#1077 = VERTEX_POINT('',#1078);
#1078 = CARTESIAN_POINT('',(-113.1561279296,2.060631275177,
    23.783401489258));
#1079 = LINE('',#1080,#1081);
#1080 = CARTESIAN_POINT('',(-113.1561279296,2.060631275177,
    23.783401489258));
#1081 = VECTOR('',#1082,1.);
#1082 = DIRECTION('',(-0.297472627794,0.948190979964,-0.111552235423));
#1083 = ORIENTED_EDGE('',*,*,#1053,.F.);
#1084 = ORIENTED_EDGE('',*,*,#1085,.F.);
#1085 = EDGE_CURVE('',#1086,#1054,#1088,.T.);
#1086 = VERTEX_POINT('',#1087);
#1087 = CARTESIAN_POINT('',(-113.3391604488,2.060631275177,
    23.70547169202));
#1088 = LINE('',#1089,#1090);
#1089 = CARTESIAN_POINT('',(-113.3361053466,2.060631275177,
    23.697324752808));
#1090 = VECTOR('',#1091,1.);
#1091 = DIRECTION('',(-0.962964117221,0.,-0.26962957728));
#1092 = ORIENTED_EDGE('',*,*,#1093,.F.);
#1093 = EDGE_CURVE('',#1077,#1086,#1094,.T.);
#1094 = LINE('',#1095,#1096);
#1095 = CARTESIAN_POINT('',(-113.1561279296,2.060631275177,
    23.783401489258));
#1096 = VECTOR('',#1097,1.);
#1097 = DIRECTION('',(-0.902133089076,0.,-0.431457865376));
#1098 = PLANE('',#1099);
#1099 = AXIS2_PLACEMENT_3D('',#1100,#1101,#1102);
#1100 = CARTESIAN_POINT('',(-113.4225225451,2.575324807264,
    23.683503508461));
#1101 = DIRECTION('',(-0.351123441588,0.,0.936329177569));
#1102 = DIRECTION('',(0.936329177569,0.,0.351123441588));
#1103 = ADVANCED_FACE('',(#1104),#1129,.T.);
#1104 = FACE_BOUND('',#1105,.T.);
#1105 = EDGE_LOOP('',(#1106,#1116,#1122,#1123));
#1106 = ORIENTED_EDGE('',*,*,#1107,.T.);
#1107 = EDGE_CURVE('',#1108,#1110,#1112,.T.);
#1108 = VERTEX_POINT('',#1109);
#1109 = CARTESIAN_POINT('',(-113.1659568263,3.257885456085,
    23.79725118687));
#1110 = VERTEX_POINT('',#1111);
#1111 = CARTESIAN_POINT('',(-113.3391604488,3.257885456085,
    23.70547169202));
#1112 = LINE('',#1113,#1114);
#1113 = CARTESIAN_POINT('',(-113.1561279296,3.257885456085,
    23.783401489258));
#1114 = VECTOR('',#1115,1.);
#1115 = DIRECTION('',(-0.936329177569,0.,-0.351123441588));
#1116 = ORIENTED_EDGE('',*,*,#1117,.T.);
#1117 = EDGE_CURVE('',#1110,#1031,#1118,.T.);
#1118 = LINE('',#1119,#1120);
#1119 = CARTESIAN_POINT('',(-113.1561279296,3.257885456085,
    23.783401489258));
#1120 = VECTOR('',#1121,1.);
#1121 = DIRECTION('',(-0.936329177569,0.,-0.351123441588));
#1122 = ORIENTED_EDGE('',*,*,#1076,.F.);
#1123 = ORIENTED_EDGE('',*,*,#1124,.T.);
#1124 = EDGE_CURVE('',#1077,#1108,#1125,.T.);
#1125 = LINE('',#1126,#1127);
#1126 = CARTESIAN_POINT('',(-113.1561279296,2.060631275177,
    23.783401489258));
#1127 = VECTOR('',#1128,1.);
#1128 = DIRECTION('',(0.,1.,0.));
#1129 = PLANE('',#1130);
#1130 = AXIS2_PLACEMENT_3D('',#1131,#1132,#1133);
#1131 = CARTESIAN_POINT('',(-113.2653436657,2.743191923999,
    23.742445588219));
#1132 = DIRECTION('',(-0.351123441588,0.,0.936329177569));
#1133 = DIRECTION('',(0.936329177569,0.,0.351123441588));
#1134 = ADVANCED_FACE('',(#1135),#1152,.T.);
#1135 = FACE_BOUND('',#1136,.T.);
#1136 = EDGE_LOOP('',(#1137,#1145,#1146));
#1137 = ORIENTED_EDGE('',*,*,#1138,.T.);
#1138 = EDGE_CURVE('',#1139,#1108,#1141,.T.);
#1139 = VERTEX_POINT('',#1140);
#1140 = CARTESIAN_POINT('',(-112.8509521484,3.257885456085,
    24.04162979126));
#1141 = LINE('',#1142,#1143);
#1142 = CARTESIAN_POINT('',(-112.8509521484,3.257885456085,
    24.04162979126));
#1143 = VECTOR('',#1144,1.);
#1144 = DIRECTION('',(-0.76338302782,0.,-0.645946091278));
#1145 = ORIENTED_EDGE('',*,*,#1124,.F.);
#1146 = ORIENTED_EDGE('',*,*,#1147,.T.);
#1147 = EDGE_CURVE('',#1077,#1139,#1148,.T.);
#1148 = LINE('',#1149,#1150);
#1149 = CARTESIAN_POINT('',(-113.1561279296,2.060631275177,
    23.783401489258));
#1150 = VECTOR('',#1151,1.);
#1151 = DIRECTION('',(0.24177455765,0.948520878026,0.204580564137));
#1152 = PLANE('',#1153);
#1153 = AXIS2_PLACEMENT_3D('',#1154,#1155,#1156);
#1154 = CARTESIAN_POINT('',(-113.0674330871,2.742955599891,
    23.858451738938));
#1155 = DIRECTION('',(-0.645946091278,-0.,0.76338302782));
#1156 = DIRECTION('',(0.76338302782,0.,0.645946091278));
#1157 = ADVANCED_FACE('',(#1158),#1183,.T.);
#1158 = FACE_BOUND('',#1159,.T.);
#1159 = EDGE_LOOP('',(#1160,#1168,#1169,#1177));
#1160 = ORIENTED_EDGE('',*,*,#1161,.T.);
#1161 = EDGE_CURVE('',#1162,#1139,#1164,.T.);
#1162 = VERTEX_POINT('',#1163);
#1163 = CARTESIAN_POINT('',(-112.8509521484,2.060631275177,
    24.04162979126));
#1164 = LINE('',#1165,#1166);
#1165 = CARTESIAN_POINT('',(-112.8509521484,2.060631275177,
    24.04162979126));
#1166 = VECTOR('',#1167,1.);
#1167 = DIRECTION('',(0.,1.,0.));
#1168 = ORIENTED_EDGE('',*,*,#1147,.F.);
#1169 = ORIENTED_EDGE('',*,*,#1170,.F.);
#1170 = EDGE_CURVE('',#1171,#1077,#1173,.T.);
#1171 = VERTEX_POINT('',#1172);
#1172 = CARTESIAN_POINT('',(-112.9990770121,2.060631275177,
    23.901546763376));
#1173 = LINE('',#1174,#1175);
#1174 = CARTESIAN_POINT('',(-112.9918060302,2.060631275177,
    23.892953872681));
#1175 = VECTOR('',#1176,1.);
#1176 = DIRECTION('',(-0.83203989347,0.,-0.55471579721));
#1177 = ORIENTED_EDGE('',*,*,#1178,.F.);
#1178 = EDGE_CURVE('',#1162,#1171,#1179,.T.);
#1179 = LINE('',#1180,#1181);
#1180 = CARTESIAN_POINT('',(-112.8509521484,2.060631275177,
    24.04162979126));
#1181 = VECTOR('',#1182,1.);
#1182 = DIRECTION('',(-0.687752397443,0.,-0.725945342166));
#1183 = PLANE('',#1184);
#1184 = AXIS2_PLACEMENT_3D('',#1185,#1186,#1187);
#1185 = CARTESIAN_POINT('',(-112.9396469909,2.575561131371,
    23.96657954158));
#1186 = DIRECTION('',(-0.645946091278,-0.,0.76338302782));
#1187 = DIRECTION('',(0.76338302782,0.,0.645946091278));
#1188 = ADVANCED_FACE('',(#1189),#1206,.T.);
#1189 = FACE_BOUND('',#1190,.T.);
#1190 = EDGE_LOOP('',(#1191,#1199,#1200));
#1191 = ORIENTED_EDGE('',*,*,#1192,.T.);
#1192 = EDGE_CURVE('',#1193,#1139,#1195,.T.);
#1193 = VERTEX_POINT('',#1194);
#1194 = CARTESIAN_POINT('',(-112.7335739135,2.060631275177,
    24.205961227417));
#1195 = LINE('',#1196,#1197);
#1196 = CARTESIAN_POINT('',(-112.7335739135,2.060631275177,
    24.205961227417));
#1197 = VECTOR('',#1198,1.);
#1198 = DIRECTION('',(-9.667392785137E-02,0.98607092226,-0.135345069904)
  );
#1199 = ORIENTED_EDGE('',*,*,#1161,.F.);
#1200 = ORIENTED_EDGE('',*,*,#1201,.T.);
#1201 = EDGE_CURVE('',#1162,#1193,#1202,.T.);
#1202 = LINE('',#1203,#1204);
#1203 = CARTESIAN_POINT('',(-112.8509521484,2.060631275177,
    24.04162979126));
#1204 = VECTOR('',#1205,1.);
#1205 = DIRECTION('',(0.58123372657,0.,0.813736662009));
#1206 = PLANE('',#1207);
#1207 = AXIS2_PLACEMENT_3D('',#1208,#1209,#1210);
#1208 = CARTESIAN_POINT('',(-112.8191501018,2.612999744374,
    24.086153173288));
#1209 = DIRECTION('',(-0.813736662009,-0.,0.58123372657));
#1210 = DIRECTION('',(-0.58123372657,0.,-0.813736662009));
#1211 = ADVANCED_FACE('',(#1212),#1229,.T.);
#1212 = FACE_BOUND('',#1213,.T.);
#1213 = EDGE_LOOP('',(#1214,#1222,#1223));
#1214 = ORIENTED_EDGE('',*,*,#1215,.T.);
#1215 = EDGE_CURVE('',#1216,#1139,#1218,.T.);
#1216 = VERTEX_POINT('',#1217);
#1217 = CARTESIAN_POINT('',(-112.7335739135,3.257885456085,
    24.205961227417));
#1218 = LINE('',#1219,#1220);
#1219 = CARTESIAN_POINT('',(-112.7335739135,3.257885456085,
    24.205961227417));
#1220 = VECTOR('',#1221,1.);
#1221 = DIRECTION('',(-0.58123372657,0.,-0.813736662009));
#1222 = ORIENTED_EDGE('',*,*,#1192,.F.);
#1223 = ORIENTED_EDGE('',*,*,#1224,.T.);
#1224 = EDGE_CURVE('',#1193,#1216,#1225,.T.);
#1225 = LINE('',#1226,#1227);
#1226 = CARTESIAN_POINT('',(-112.7335739135,2.060631275177,
    24.205961227417));
#1227 = VECTOR('',#1228,1.);
#1228 = DIRECTION('',(0.,1.,0.));
#1229 = PLANE('',#1230);
#1230 = AXIS2_PLACEMENT_3D('',#1231,#1232,#1233);
#1231 = CARTESIAN_POINT('',(-112.7653759601,2.705516986888,
    24.161437845389));
#1232 = DIRECTION('',(-0.813736662009,-0.,0.58123372657));
#1233 = DIRECTION('',(-0.58123372657,0.,-0.813736662009));
#1234 = ADVANCED_FACE('',(#1235),#1252,.T.);
#1235 = FACE_BOUND('',#1236,.T.);
#1236 = EDGE_LOOP('',(#1237,#1245,#1246));
#1237 = ORIENTED_EDGE('',*,*,#1238,.T.);
#1238 = EDGE_CURVE('',#1239,#1216,#1241,.T.);
#1239 = VERTEX_POINT('',#1240);
#1240 = CARTESIAN_POINT('',(-112.647491455,2.060631275177,
    24.385940551758));
#1241 = LINE('',#1242,#1243);
#1242 = CARTESIAN_POINT('',(-112.647491455,2.060631275177,
    24.385940551758));
#1243 = VECTOR('',#1244,1.);
#1244 = DIRECTION('',(-7.092197344094E-02,0.986398747246,-0.148282113265
    ));
#1245 = ORIENTED_EDGE('',*,*,#1224,.F.);
#1246 = ORIENTED_EDGE('',*,*,#1247,.T.);
#1247 = EDGE_CURVE('',#1193,#1239,#1248,.T.);
#1248 = LINE('',#1249,#1250);
#1249 = CARTESIAN_POINT('',(-112.7335739135,2.060631275177,
    24.205961227417));
#1250 = VECTOR('',#1251,1.);
#1251 = DIRECTION('',(0.431477485969,0.,0.902123704988));
#1252 = PLANE('',#1253);
#1253 = AXIS2_PLACEMENT_3D('',#1254,#1255,#1256);
#1254 = CARTESIAN_POINT('',(-112.7102725163,2.61350897513,
    24.254679279927));
#1255 = DIRECTION('',(-0.902123704988,-0.,0.431477485969));
#1256 = DIRECTION('',(-0.431477485969,0.,-0.902123704988));
#1257 = ADVANCED_FACE('',(#1258),#1275,.T.);
#1258 = FACE_BOUND('',#1259,.T.);
#1259 = EDGE_LOOP('',(#1260,#1268,#1269));
#1260 = ORIENTED_EDGE('',*,*,#1261,.T.);
#1261 = EDGE_CURVE('',#1262,#1216,#1264,.T.);
#1262 = VERTEX_POINT('',#1263);
#1263 = CARTESIAN_POINT('',(-112.6645933518,3.257885456085,
    24.390626165623));
#1264 = LINE('',#1265,#1266);
#1265 = CARTESIAN_POINT('',(-112.647491455,3.257885456085,
    24.385940551758));
#1266 = VECTOR('',#1267,1.);
#1267 = DIRECTION('',(-0.431477485969,0.,-0.902123704988));
#1268 = ORIENTED_EDGE('',*,*,#1238,.F.);
#1269 = ORIENTED_EDGE('',*,*,#1270,.T.);
#1270 = EDGE_CURVE('',#1239,#1262,#1271,.T.);
#1271 = LINE('',#1272,#1273);
#1272 = CARTESIAN_POINT('',(-112.647491455,2.060631275177,
    24.385940551758));
#1273 = VECTOR('',#1274,1.);
#1274 = DIRECTION('',(0.,1.,0.));
#1275 = PLANE('',#1276);
#1276 = AXIS2_PLACEMENT_3D('',#1277,#1278,#1279);
#1277 = CARTESIAN_POINT('',(-112.6707928523,2.705007756133,
    24.337222499248));
#1278 = DIRECTION('',(-0.902123704988,-0.,0.431477485969));
#1279 = DIRECTION('',(-0.431477485969,0.,-0.902123704988));
#1280 = ADVANCED_FACE('',(#1281),#1298,.T.);
#1281 = FACE_BOUND('',#1282,.T.);
#1282 = EDGE_LOOP('',(#1283,#1291,#1292));
#1283 = ORIENTED_EDGE('',*,*,#1284,.T.);
#1284 = EDGE_CURVE('',#1285,#1262,#1287,.T.);
#1285 = VERTEX_POINT('',#1286);
#1286 = CARTESIAN_POINT('',(-112.6005401611,2.060631275177,
    24.57374382019));
#1287 = LINE('',#1288,#1289);
#1288 = CARTESIAN_POINT('',(-112.6005401611,2.060631275177,
    24.57374382019));
#1289 = VECTOR('',#1290,1.);
#1290 = DIRECTION('',(-3.871302990398E-02,0.987179117196,-0.154850546938
    ));
#1291 = ORIENTED_EDGE('',*,*,#1270,.F.);
#1292 = ORIENTED_EDGE('',*,*,#1293,.T.);
#1293 = EDGE_CURVE('',#1239,#1285,#1294,.T.);
#1294 = LINE('',#1295,#1296);
#1295 = CARTESIAN_POINT('',(-112.647491455,2.060631275177,
    24.385940551758));
#1296 = VECTOR('',#1297,1.);
#1297 = DIRECTION('',(0.242537943355,0.,0.970141920563));
#1298 = PLANE('',#1299);
#1299 = AXIS2_PLACEMENT_3D('',#1300,#1301,#1302);
#1300 = CARTESIAN_POINT('',(-112.6348108132,2.614749844717,
    24.436662604013));
#1301 = DIRECTION('',(-0.970141920563,-0.,0.242537943355));
#1302 = DIRECTION('',(-0.242537943355,0.,-0.970141920563));
#1303 = ADVANCED_FACE('',(#1304),#1321,.T.);
#1304 = FACE_BOUND('',#1305,.T.);
#1305 = EDGE_LOOP('',(#1306,#1314,#1315));
#1306 = ORIENTED_EDGE('',*,*,#1307,.T.);
#1307 = EDGE_CURVE('',#1308,#1262,#1310,.T.);
#1308 = VERTEX_POINT('',#1309);
#1309 = CARTESIAN_POINT('',(-112.6155475621,3.257885456085,
    24.577855579696));
#1310 = LINE('',#1311,#1312);
#1311 = CARTESIAN_POINT('',(-112.6005401611,3.257885456085,
    24.57374382019));
#1312 = VECTOR('',#1313,1.);
#1313 = DIRECTION('',(-0.242537943355,0.,-0.970141920563));
#1314 = ORIENTED_EDGE('',*,*,#1284,.F.);
#1315 = ORIENTED_EDGE('',*,*,#1316,.T.);
#1316 = EDGE_CURVE('',#1285,#1308,#1317,.T.);
#1317 = LINE('',#1318,#1319);
#1318 = CARTESIAN_POINT('',(-112.6005401611,2.060631275177,
    24.57374382019));
#1319 = VECTOR('',#1320,1.);
#1320 = DIRECTION('',(0.,1.,0.));
#1321 = PLANE('',#1322);
#1322 = AXIS2_PLACEMENT_3D('',#1323,#1324,#1325);
#1323 = CARTESIAN_POINT('',(-112.6132208029,2.703766886545,
    24.523021767935));
#1324 = DIRECTION('',(-0.970141920563,-0.,0.242537943355));
#1325 = DIRECTION('',(-0.242537943355,0.,-0.970141920563));
#1326 = ADVANCED_FACE('',(#1327),#1342,.T.);
#1327 = FACE_BOUND('',#1328,.T.);
#1328 = EDGE_LOOP('',(#1329,#1335,#1336));
#1329 = ORIENTED_EDGE('',*,*,#1330,.T.);
#1330 = EDGE_CURVE('',#32,#1308,#1331,.T.);
#1331 = LINE('',#1332,#1333);
#1332 = CARTESIAN_POINT('',(-112.5770645141,3.257885456085,
    24.777200698853));
#1333 = VECTOR('',#1334,1.);
#1334 = DIRECTION('',(-0.114623401019,0.,-0.993409017444));
#1335 = ORIENTED_EDGE('',*,*,#1316,.F.);
#1336 = ORIENTED_EDGE('',*,*,#1337,.T.);
#1337 = EDGE_CURVE('',#1285,#32,#1338,.T.);
#1338 = LINE('',#1339,#1340);
#1339 = CARTESIAN_POINT('',(-112.6005401611,2.060631275177,
    24.57374382019));
#1340 = VECTOR('',#1341,1.);
#1341 = DIRECTION('',(1.932716124576E-02,0.985682082949,0.167503110992)
  );
#1342 = PLANE('',#1343);
#1343 = AXIS2_PLACEMENT_3D('',#1344,#1345,#1346);
#1344 = CARTESIAN_POINT('',(-112.59417289,2.706112256813,24.628927181519
    ));
#1345 = DIRECTION('',(-0.993409017444,-0.,0.114623401019));
#1346 = DIRECTION('',(-0.114623401019,0.,-0.993409017444));
#1347 = ADVANCED_FACE('',(#1348),#1358,.T.);
#1348 = FACE_BOUND('',#1349,.T.);
#1349 = EDGE_LOOP('',(#1350,#1351,#1352));
#1350 = ORIENTED_EDGE('',*,*,#39,.F.);
#1351 = ORIENTED_EDGE('',*,*,#1337,.F.);
#1352 = ORIENTED_EDGE('',*,*,#1353,.T.);
#1353 = EDGE_CURVE('',#1285,#22,#1354,.T.);
#1354 = LINE('',#1355,#1356);
#1355 = CARTESIAN_POINT('',(-112.6005401611,2.060631275177,
    24.57374382019));
#1356 = VECTOR('',#1357,1.);
#1357 = DIRECTION('',(0.114623401019,0.,0.993409017444));
#1358 = PLANE('',#1359);
#1359 = AXIS2_PLACEMENT_3D('',#1360,#1361,#1362);
#1360 = CARTESIAN_POINT('',(-112.5834317852,2.612404474449,
    24.722017337524));
#1361 = DIRECTION('',(-0.993409017444,-0.,0.114623401019));
#1362 = DIRECTION('',(-0.114623401019,0.,-0.993409017444));
#1363 = ADVANCED_FACE('',(#1364),#1383,.T.);
#1364 = FACE_BOUND('',#1365,.T.);
#1365 = EDGE_LOOP('',(#1366,#1367,#1368,#1369,#1377));
#1366 = ORIENTED_EDGE('',*,*,#714,.F.);
#1367 = ORIENTED_EDGE('',*,*,#768,.F.);
#1368 = ORIENTED_EDGE('',*,*,#791,.F.);
#1369 = ORIENTED_EDGE('',*,*,#1370,.F.);
#1370 = EDGE_CURVE('',#1371,#792,#1373,.T.);
#1371 = VERTEX_POINT('',#1372);
#1372 = CARTESIAN_POINT('',(-132.6799774169,3.257885456085,
    41.225749969482));
#1373 = LINE('',#1374,#1375);
#1374 = CARTESIAN_POINT('',(-132.6799774169,3.257885456085,
    41.225749969482));
#1375 = VECTOR('',#1376,1.);
#1376 = DIRECTION('',(0.725678212769,0.,-0.6880342517));
#1377 = ORIENTED_EDGE('',*,*,#1378,.T.);
#1378 = EDGE_CURVE('',#1371,#692,#1379,.T.);
#1379 = LINE('',#1380,#1381);
#1380 = CARTESIAN_POINT('',(-132.6799774169,3.257885456085,
    41.225749969482));
#1381 = VECTOR('',#1382,1.);
#1382 = DIRECTION('',(0.734481544305,0.,-0.678628662138));
#1383 = PLANE('',#1384);
#1384 = AXIS2_PLACEMENT_3D('',#1385,#1386,#1387);
#1385 = CARTESIAN_POINT('',(-123.6348347513,3.257885456085,
    32.757584373058));
#1386 = DIRECTION('',(0.,1.,0.));
#1387 = DIRECTION('',(0.,-0.,1.));
#1388 = ADVANCED_FACE('',(#1389),#1415,.T.);
#1389 = FACE_BOUND('',#1390,.T.);
#1390 = EDGE_LOOP('',(#1391,#1401,#1409));
#1391 = ORIENTED_EDGE('',*,*,#1392,.T.);
#1392 = EDGE_CURVE('',#1393,#1395,#1397,.T.);
#1393 = VERTEX_POINT('',#1394);
#1394 = CARTESIAN_POINT('',(-40.57747268676,2.060631275177,
    28.181154251099));
#1395 = VERTEX_POINT('',#1396);
#1396 = CARTESIAN_POINT('',(-40.60094833374,2.060631275177,
    28.376783370972));
#1397 = LINE('',#1398,#1399);
#1398 = CARTESIAN_POINT('',(-40.57747268676,2.060631275177,
    28.181154251099));
#1399 = VECTOR('',#1400,1.);
#1400 = DIRECTION('',(-0.119145984054,0.,0.992876746874));
#1401 = ORIENTED_EDGE('',*,*,#1402,.T.);
#1402 = EDGE_CURVE('',#1395,#1403,#1405,.T.);
#1403 = VERTEX_POINT('',#1404);
#1404 = CARTESIAN_POINT('',(-40.58921051025,3.257885456085,
    28.181154251099));
#1405 = LINE('',#1406,#1407);
#1406 = CARTESIAN_POINT('',(-40.60094833374,2.060631275177,
    28.376783370972));
#1407 = VECTOR('',#1408,1.);
#1408 = DIRECTION('',(1.93476555583E-02,0.986727289558,-0.161229415014)
  );
#1409 = ORIENTED_EDGE('',*,*,#1410,.T.);
#1410 = EDGE_CURVE('',#1403,#1393,#1411,.T.);
#1411 = LINE('',#1412,#1413);
#1412 = CARTESIAN_POINT('',(-40.57747268676,3.257885456085,
    28.181154251099));
#1413 = VECTOR('',#1414,1.);
#1414 = DIRECTION('',(0.,-1.,0.));
#1415 = PLANE('',#1416);
#1416 = AXIS2_PLACEMENT_3D('',#1417,#1418,#1419);
#1417 = CARTESIAN_POINT('',(-40.5838212969,2.614026347138,
    28.234058991659));
#1418 = DIRECTION('',(-0.992876746874,-0.,-0.119145984054));
#1419 = DIRECTION('',(0.119145984054,0.,-0.992876746874));
#1420 = ADVANCED_FACE('',(#1421),#1438,.T.);
#1421 = FACE_BOUND('',#1422,.T.);
#1422 = EDGE_LOOP('',(#1423,#1431,#1432));
#1423 = ORIENTED_EDGE('',*,*,#1424,.T.);
#1424 = EDGE_CURVE('',#1425,#1403,#1427,.T.);
#1425 = VERTEX_POINT('',#1426);
#1426 = CARTESIAN_POINT('',(-40.60094833374,3.257885456085,
    28.376783370972));
#1427 = LINE('',#1428,#1429);
#1428 = CARTESIAN_POINT('',(-40.60094833374,3.257885456085,
    28.376783370972));
#1429 = VECTOR('',#1430,1.);
#1430 = DIRECTION('',(0.119145984054,0.,-0.992876746874));
#1431 = ORIENTED_EDGE('',*,*,#1402,.F.);
#1432 = ORIENTED_EDGE('',*,*,#1433,.T.);
#1433 = EDGE_CURVE('',#1395,#1425,#1434,.T.);
#1434 = LINE('',#1435,#1436);
#1435 = CARTESIAN_POINT('',(-40.60094833374,2.060631275177,
    28.376783370972));
#1436 = VECTOR('',#1437,1.);
#1437 = DIRECTION('',(0.,1.,0.));
#1438 = PLANE('',#1439);
#1439 = AXIS2_PLACEMENT_3D('',#1440,#1441,#1442);
#1440 = CARTESIAN_POINT('',(-40.5945997236,2.704490384124,
    28.323878630411));
#1441 = DIRECTION('',(-0.992876746874,-0.,-0.119145984054));
#1442 = DIRECTION('',(0.119145984054,0.,-0.992876746874));
#1443 = ADVANCED_FACE('',(#1444),#1461,.T.);
#1444 = FACE_BOUND('',#1445,.T.);
#1445 = EDGE_LOOP('',(#1446,#1454,#1455));
#1446 = ORIENTED_EDGE('',*,*,#1447,.T.);
#1447 = EDGE_CURVE('',#1448,#1425,#1450,.T.);
#1448 = VERTEX_POINT('',#1449);
#1449 = CARTESIAN_POINT('',(-40.64789581298,2.060631275177,
    28.572414398193));
#1450 = LINE('',#1451,#1452);
#1451 = CARTESIAN_POINT('',(-40.64789581298,2.060631275177,
    28.572414398193));
#1452 = VECTOR('',#1453,1.);
#1453 = DIRECTION('',(3.867045482993E-02,0.986173580868,-0.161140511113)
  );
#1454 = ORIENTED_EDGE('',*,*,#1433,.F.);
#1455 = ORIENTED_EDGE('',*,*,#1456,.T.);
#1456 = EDGE_CURVE('',#1395,#1448,#1457,.T.);
#1457 = LINE('',#1458,#1459);
#1458 = CARTESIAN_POINT('',(-40.60094833374,2.060631275177,
    28.376783370972));
#1459 = VECTOR('',#1460,1.);
#1460 = DIRECTION('',(-0.233354306869,0.,0.972391776737));
#1461 = PLANE('',#1462);
#1462 = AXIS2_PLACEMENT_3D('',#1463,#1464,#1465);
#1463 = CARTESIAN_POINT('',(-40.61366446474,2.61315847247,
    28.429771727564));
#1464 = DIRECTION('',(-0.972391776737,-0.,-0.233354306869));
#1465 = DIRECTION('',(0.233354306869,0.,-0.972391776737));
#1466 = ADVANCED_FACE('',(#1467),#1484,.T.);
#1467 = FACE_BOUND('',#1468,.T.);
#1468 = EDGE_LOOP('',(#1469,#1477,#1478));
#1469 = ORIENTED_EDGE('',*,*,#1470,.T.);
#1470 = EDGE_CURVE('',#1471,#1425,#1473,.T.);
#1471 = VERTEX_POINT('',#1472);
#1472 = CARTESIAN_POINT('',(-40.66591099429,3.257885456085,
    28.564059548101));
#1473 = LINE('',#1474,#1475);
#1474 = CARTESIAN_POINT('',(-40.64789581298,3.257885456085,
    28.572414398193));
#1475 = VECTOR('',#1476,1.);
#1476 = DIRECTION('',(0.233354306869,0.,-0.972391776737));
#1477 = ORIENTED_EDGE('',*,*,#1447,.F.);
#1478 = ORIENTED_EDGE('',*,*,#1479,.T.);
#1479 = EDGE_CURVE('',#1448,#1471,#1480,.T.);
#1480 = LINE('',#1481,#1482);
#1481 = CARTESIAN_POINT('',(-40.64789581298,2.060631275177,
    28.572414398193));
#1482 = VECTOR('',#1483,1.);
#1483 = DIRECTION('',(0.,1.,0.));
#1484 = PLANE('',#1485);
#1485 = AXIS2_PLACEMENT_3D('',#1486,#1487,#1488);
#1486 = CARTESIAN_POINT('',(-40.63517968198,2.705358258792,
    28.519426041601));
#1487 = DIRECTION('',(-0.972391776737,-0.,-0.233354306869));
#1488 = DIRECTION('',(0.233354306869,0.,-0.972391776737));
#1489 = ADVANCED_FACE('',(#1490),#1507,.T.);
#1490 = FACE_BOUND('',#1491,.T.);
#1491 = EDGE_LOOP('',(#1492,#1500,#1501));
#1492 = ORIENTED_EDGE('',*,*,#1493,.T.);
#1493 = EDGE_CURVE('',#1494,#1471,#1496,.T.);
#1494 = VERTEX_POINT('',#1495);
#1495 = CARTESIAN_POINT('',(-40.85135650634,3.257885456085,
    28.91672706604));
#1496 = LINE('',#1497,#1498);
#1497 = CARTESIAN_POINT('',(-40.85135650634,3.257885456085,
    28.91672706604));
#1498 = VECTOR('',#1499,1.);
#1499 = DIRECTION('',(0.508735257125,0.,-0.860923015233));
#1500 = ORIENTED_EDGE('',*,*,#1479,.F.);
#1501 = ORIENTED_EDGE('',*,*,#1502,.T.);
#1502 = EDGE_CURVE('',#1448,#1494,#1503,.T.);
#1503 = LINE('',#1504,#1505);
#1504 = CARTESIAN_POINT('',(-40.64789581298,2.060631275177,
    28.572414398193));
#1505 = VECTOR('',#1506,1.);
#1506 = DIRECTION('',(-0.161184352157,0.948481184897,0.272769218418));
#1507 = PLANE('',#1508);
#1508 = AXIS2_PLACEMENT_3D('',#1509,#1510,#1511);
#1509 = CARTESIAN_POINT('',(-40.70703193553,2.742984082573,
    28.672489335435));
#1510 = DIRECTION('',(-0.860923015233,-0.,-0.508735257125));
#1511 = DIRECTION('',(0.508735257125,0.,-0.860923015233));
#1512 = ADVANCED_FACE('',(#1513),#1538,.T.);
#1513 = FACE_BOUND('',#1514,.T.);
#1514 = EDGE_LOOP('',(#1515,#1523,#1524,#1532));
#1515 = ORIENTED_EDGE('',*,*,#1516,.T.);
#1516 = EDGE_CURVE('',#1517,#1494,#1519,.T.);
#1517 = VERTEX_POINT('',#1518);
#1518 = CARTESIAN_POINT('',(-40.85135650634,2.060631275177,
    28.91672706604));
#1519 = LINE('',#1520,#1521);
#1520 = CARTESIAN_POINT('',(-40.85135650634,2.060631275177,
    28.91672706604));
#1521 = VECTOR('',#1522,1.);
#1522 = DIRECTION('',(0.,1.,0.));
#1523 = ORIENTED_EDGE('',*,*,#1502,.F.);
#1524 = ORIENTED_EDGE('',*,*,#1525,.F.);
#1525 = EDGE_CURVE('',#1526,#1448,#1528,.T.);
#1526 = VERTEX_POINT('',#1527);
#1527 = CARTESIAN_POINT('',(-40.74148648585,2.060631275177,
    28.747956286803));
#1528 = LINE('',#1529,#1530);
#1529 = CARTESIAN_POINT('',(-40.73397064209,2.060631275177,
    28.752397537231));
#1530 = VECTOR('',#1531,1.);
#1531 = DIRECTION('',(0.431438921076,0.,-0.90214214921));
#1532 = ORIENTED_EDGE('',*,*,#1533,.F.);
#1533 = EDGE_CURVE('',#1517,#1526,#1534,.T.);
#1534 = LINE('',#1535,#1536);
#1535 = CARTESIAN_POINT('',(-40.85135650634,2.060631275177,
    28.91672706604));
#1536 = VECTOR('',#1537,1.);
#1537 = DIRECTION('',(0.581263209076,0.,-0.813715602514));
#1538 = PLANE('',#1539);
#1539 = AXIS2_PLACEMENT_3D('',#1540,#1541,#1542);
#1540 = CARTESIAN_POINT('',(-40.7922203838,2.57553264869,28.816652128798
    ));
#1541 = DIRECTION('',(-0.860923015233,-0.,-0.508735257125));
#1542 = DIRECTION('',(0.508735257125,0.,-0.860923015233));
#1543 = ADVANCED_FACE('',(#1544),#1561,.T.);
#1544 = FACE_BOUND('',#1545,.T.);
#1545 = EDGE_LOOP('',(#1546,#1554,#1555));
#1546 = ORIENTED_EDGE('',*,*,#1547,.T.);
#1547 = EDGE_CURVE('',#1548,#1494,#1550,.T.);
#1548 = VERTEX_POINT('',#1549);
#1549 = CARTESIAN_POINT('',(-40.99220657348,3.257885456085,
    29.057580947876));
#1550 = LINE('',#1551,#1552);
#1551 = CARTESIAN_POINT('',(-40.99220657348,3.257885456085,
    29.057580947876));
#1552 = VECTOR('',#1553,1.);
#1553 = DIRECTION('',(0.707097205827,0.,-0.707116356416));
#1554 = ORIENTED_EDGE('',*,*,#1516,.F.);
#1555 = ORIENTED_EDGE('',*,*,#1556,.T.);
#1556 = EDGE_CURVE('',#1517,#1548,#1557,.T.);
#1557 = LINE('',#1558,#1559);
#1558 = CARTESIAN_POINT('',(-40.85135650634,2.060631275177,
    28.91672706604));
#1559 = VECTOR('',#1560,1.);
#1560 = DIRECTION('',(-0.11604902977,0.986440325557,0.116052172772));
#1561 = PLANE('',#1562);
#1562 = AXIS2_PLACEMENT_3D('',#1563,#1564,#1565);
#1563 = CARTESIAN_POINT('',(-40.88947829251,2.704942674851,
    28.954849884677));
#1564 = DIRECTION('',(-0.707116356416,-0.,-0.707097205827));
#1565 = DIRECTION('',(0.707097205827,0.,-0.707116356416));
#1566 = ADVANCED_FACE('',(#1567),#1592,.T.);
#1567 = FACE_BOUND('',#1568,.T.);
#1568 = EDGE_LOOP('',(#1569,#1577,#1578,#1586));
#1569 = ORIENTED_EDGE('',*,*,#1570,.T.);
#1570 = EDGE_CURVE('',#1571,#1548,#1573,.T.);
#1571 = VERTEX_POINT('',#1572);
#1572 = CARTESIAN_POINT('',(-41.15653228759,2.060631275177,
    29.174957275391));
#1573 = LINE('',#1574,#1575);
#1574 = CARTESIAN_POINT('',(-41.15653228759,2.060631275177,
    29.174957275391));
#1575 = VECTOR('',#1576,1.);
#1576 = DIRECTION('',(0.135340464046,0.986071700961,-9.667243328152E-02)
  );
#1577 = ORIENTED_EDGE('',*,*,#1556,.F.);
#1578 = ORIENTED_EDGE('',*,*,#1579,.F.);
#1579 = EDGE_CURVE('',#1580,#1517,#1582,.T.);
#1580 = VERTEX_POINT('',#1581);
#1581 = CARTESIAN_POINT('',(-40.99754960077,2.060631275177,
    29.051266572302));
#1582 = LINE('',#1583,#1584);
#1583 = CARTESIAN_POINT('',(-40.99220657348,2.060631275177,
    29.057580947876));
#1584 = VECTOR('',#1585,1.);
#1585 = DIRECTION('',(0.707097205827,0.,-0.707116356416));
#1586 = ORIENTED_EDGE('',*,*,#1587,.F.);
#1587 = EDGE_CURVE('',#1571,#1580,#1588,.T.);
#1588 = LINE('',#1589,#1590);
#1589 = CARTESIAN_POINT('',(-41.15653228759,2.060631275177,
    29.174957275391));
#1590 = VECTOR('',#1591,1.);
#1591 = DIRECTION('',(0.813731556659,0.,-0.581240874077));
#1592 = PLANE('',#1593);
#1593 = AXIS2_PLACEMENT_3D('',#1594,#1595,#1596);
#1594 = CARTESIAN_POINT('',(-40.99891746624,2.574625267825,
    29.050892111878));
#1595 = DIRECTION('',(-0.64588721618,1.381628955323E-02,-0.763307810859)
  );
#1596 = DIRECTION('',(-0.76338067515,-1.578131805662E-18,0.645948871666)
  );
#1597 = ADVANCED_FACE('',(#1598),#1615,.T.);
#1598 = FACE_BOUND('',#1599,.T.);
#1599 = EDGE_LOOP('',(#1600,#1608,#1609));
#1600 = ORIENTED_EDGE('',*,*,#1601,.T.);
#1601 = EDGE_CURVE('',#1602,#1548,#1604,.T.);
#1602 = VERTEX_POINT('',#1603);
#1603 = CARTESIAN_POINT('',(-41.15653228759,3.257885456085,
    29.174957275391));
#1604 = LINE('',#1605,#1606);
#1605 = CARTESIAN_POINT('',(-41.15653228759,3.257885456085,
    29.174957275391));
#1606 = VECTOR('',#1607,1.);
#1607 = DIRECTION('',(0.813731556659,0.,-0.581240874077));
#1608 = ORIENTED_EDGE('',*,*,#1570,.F.);
#1609 = ORIENTED_EDGE('',*,*,#1610,.T.);
#1610 = EDGE_CURVE('',#1571,#1602,#1611,.T.);
#1611 = LINE('',#1612,#1613);
#1612 = CARTESIAN_POINT('',(-41.15653228759,2.060631275177,
    29.174957275391));
#1613 = VECTOR('',#1614,1.);
#1614 = DIRECTION('',(0.,1.,0.));
#1615 = PLANE('',#1616);
#1616 = AXIS2_PLACEMENT_3D('',#1617,#1618,#1619);
#1617 = CARTESIAN_POINT('',(-41.11201055272,2.705515785383,
    29.143155814723));
#1618 = DIRECTION('',(-0.581240874077,-0.,-0.813731556659));
#1619 = DIRECTION('',(-0.813731556659,0.,0.581240874077));
#1620 = ADVANCED_FACE('',(#1621),#1638,.T.);
#1621 = FACE_BOUND('',#1622,.T.);
#1622 = EDGE_LOOP('',(#1623,#1631,#1632));
#1623 = ORIENTED_EDGE('',*,*,#1624,.T.);
#1624 = EDGE_CURVE('',#1625,#1602,#1627,.T.);
#1625 = VERTEX_POINT('',#1626);
#1626 = CARTESIAN_POINT('',(-41.33651351928,2.060631275177,
    29.261034011841));
#1627 = LINE('',#1628,#1629);
#1628 = CARTESIAN_POINT('',(-41.33651351928,2.060631275177,
    29.261034011841));
#1629 = VECTOR('',#1630,1.);
#1630 = DIRECTION('',(0.148283699723,0.986398847188,-7.091726632332E-02)
  );
#1631 = ORIENTED_EDGE('',*,*,#1610,.F.);
#1632 = ORIENTED_EDGE('',*,*,#1633,.T.);
#1633 = EDGE_CURVE('',#1571,#1625,#1634,.T.);
#1634 = LINE('',#1635,#1636);
#1635 = CARTESIAN_POINT('',(-41.15653228759,2.060631275177,
    29.174957275391));
#1636 = VECTOR('',#1637,1.);
#1637 = DIRECTION('',(-0.902136648487,0.,0.431450422941));
#1638 = PLANE('',#1639);
#1639 = AXIS2_PLACEMENT_3D('',#1640,#1641,#1642);
#1640 = CARTESIAN_POINT('',(-41.20525084262,2.61350913143,29.19825711717
    ));
#1641 = DIRECTION('',(-0.431450422941,-0.,-0.902136648487));
#1642 = DIRECTION('',(-0.902136648487,0.,0.431450422941));
#1643 = ADVANCED_FACE('',(#1644),#1669,.T.);
#1644 = FACE_BOUND('',#1645,.T.);
#1645 = EDGE_LOOP('',(#1646,#1656,#1662,#1663));
#1646 = ORIENTED_EDGE('',*,*,#1647,.F.);
#1647 = EDGE_CURVE('',#1648,#1650,#1652,.T.);
#1648 = VERTEX_POINT('',#1649);
#1649 = CARTESIAN_POINT('',(-41.34002753378,3.257885456085,
    29.251112183405));
#1650 = VERTEX_POINT('',#1651);
#1651 = CARTESIAN_POINT('',(-41.53214263916,3.257885456085,
    29.307987213135));
#1652 = LINE('',#1653,#1654);
#1653 = CARTESIAN_POINT('',(-41.33651351928,3.257885456085,
    29.261034011841));
#1654 = VECTOR('',#1655,1.);
#1655 = DIRECTION('',(-0.972384806281,0.,0.233383350976));
#1656 = ORIENTED_EDGE('',*,*,#1657,.F.);
#1657 = EDGE_CURVE('',#1602,#1648,#1658,.T.);
#1658 = LINE('',#1659,#1660);
#1659 = CARTESIAN_POINT('',(-41.15653228759,3.257885456085,
    29.174957275391));
#1660 = VECTOR('',#1661,1.);
#1661 = DIRECTION('',(-0.902136648487,0.,0.431450422941));
#1662 = ORIENTED_EDGE('',*,*,#1624,.F.);
#1663 = ORIENTED_EDGE('',*,*,#1664,.T.);
#1664 = EDGE_CURVE('',#1625,#1650,#1665,.T.);
#1665 = LINE('',#1666,#1667);
#1666 = CARTESIAN_POINT('',(-41.33651351928,2.060631275177,
    29.261034011841));
#1667 = VECTOR('',#1668,1.);
#1668 = DIRECTION('',(-0.161138951461,0.986173650777,3.867517079838E-02)
  );
#1669 = PLANE('',#1670);
#1670 = AXIS2_PLACEMENT_3D('',#1671,#1672,#1673);
#1671 = CARTESIAN_POINT('',(-41.34098624317,2.743657890949,
    29.249877397581));
#1672 = DIRECTION('',(-0.333798382125,-1.75803981313E-02,-0.94248054075)
  );
#1673 = DIRECTION('',(-0.942626220938,4.142548628781E-19,0.333849977685)
  );
#1674 = ADVANCED_FACE('',(#1675),#1692,.T.);
#1675 = FACE_BOUND('',#1676,.T.);
#1676 = EDGE_LOOP('',(#1677,#1685,#1686));
#1677 = ORIENTED_EDGE('',*,*,#1678,.T.);
#1678 = EDGE_CURVE('',#1679,#1650,#1681,.T.);
#1679 = VERTEX_POINT('',#1680);
#1680 = CARTESIAN_POINT('',(-41.53214263916,2.060631275177,
    29.307987213135));
#1681 = LINE('',#1682,#1683);
#1682 = CARTESIAN_POINT('',(-41.53214263916,2.060631275177,
    29.307987213135));
#1683 = VECTOR('',#1684,1.);
#1684 = DIRECTION('',(0.,1.,0.));
#1685 = ORIENTED_EDGE('',*,*,#1664,.F.);
#1686 = ORIENTED_EDGE('',*,*,#1687,.T.);
#1687 = EDGE_CURVE('',#1625,#1679,#1688,.T.);
#1688 = LINE('',#1689,#1690);
#1689 = CARTESIAN_POINT('',(-41.33651351928,2.060631275177,
    29.261034011841));
#1690 = VECTOR('',#1691,1.);
#1691 = DIRECTION('',(-0.972384806281,0.,0.233383350976));
#1692 = PLANE('',#1693);
#1693 = AXIS2_PLACEMENT_3D('',#1694,#1695,#1696);
#1694 = CARTESIAN_POINT('',(-41.47915480957,2.613158580788,
    29.295269534754));
#1695 = DIRECTION('',(-0.233383350976,-0.,-0.972384806281));
#1696 = DIRECTION('',(-0.972384806281,0.,0.233383350976));
#1697 = ADVANCED_FACE('',(#1698),#1715,.T.);
#1698 = FACE_BOUND('',#1699,.T.);
#1699 = EDGE_LOOP('',(#1700,#1708,#1709));
#1700 = ORIENTED_EDGE('',*,*,#1701,.T.);
#1701 = EDGE_CURVE('',#1702,#1650,#1704,.T.);
#1702 = VERTEX_POINT('',#1703);
#1703 = CARTESIAN_POINT('',(-41.72777557373,2.060631275177,
    29.32363319397));
#1704 = LINE('',#1705,#1706);
#1705 = CARTESIAN_POINT('',(-41.72777557373,2.060631275177,
    29.32363319397));
#1706 = VECTOR('',#1707,1.);
#1707 = DIRECTION('',(0.161249252551,0.986829452868,-1.289610423013E-02)
  );
#1708 = ORIENTED_EDGE('',*,*,#1678,.F.);
#1709 = ORIENTED_EDGE('',*,*,#1710,.T.);
#1710 = EDGE_CURVE('',#1679,#1702,#1711,.T.);
#1711 = LINE('',#1712,#1713);
#1712 = CARTESIAN_POINT('',(-41.53214263916,2.060631275177,
    29.307987213135));
#1713 = VECTOR('',#1714,1.);
#1714 = DIRECTION('',(-0.996817163264,0.,7.972165968191E-02));
#1715 = PLANE('',#1716);
#1716 = AXIS2_PLACEMENT_3D('',#1717,#1718,#1719);
#1717 = CARTESIAN_POINT('',(-41.58503289422,2.614188704035,
    29.312217175329));
#1718 = DIRECTION('',(-7.972165968191E-02,-0.,-0.996817163264));
#1719 = DIRECTION('',(-0.996817163264,0.,7.972165968191E-02));
#1720 = ADVANCED_FACE('',(#1721),#1738,.T.);
#1721 = FACE_BOUND('',#1722,.T.);
#1722 = EDGE_LOOP('',(#1723,#1731,#1732));
#1723 = ORIENTED_EDGE('',*,*,#1724,.T.);
#1724 = EDGE_CURVE('',#1725,#1650,#1727,.T.);
#1725 = VERTEX_POINT('',#1726);
#1726 = CARTESIAN_POINT('',(-41.93122863769,3.257885456085,
    29.307987213135));
#1727 = LINE('',#1728,#1729);
#1728 = CARTESIAN_POINT('',(-41.93122863769,3.257885456085,
    29.307987213135));
#1729 = VECTOR('',#1730,1.);
#1730 = DIRECTION('',(1.,0.,0.));
#1731 = ORIENTED_EDGE('',*,*,#1701,.F.);
#1732 = ORIENTED_EDGE('',*,*,#1733,.T.);
#1733 = EDGE_CURVE('',#1702,#1725,#1734,.T.);
#1734 = LINE('',#1735,#1736);
#1735 = CARTESIAN_POINT('',(-41.72777557373,2.060631275177,
    29.32363319397));
#1736 = VECTOR('',#1737,1.);
#1737 = DIRECTION('',(-0.167517449106,0.985784939333,-1.288245429763E-02
    ));
#1738 = PLANE('',#1739);
#1739 = AXIS2_PLACEMENT_3D('',#1740,#1741,#1742);
#1740 = CARTESIAN_POINT('',(-41.73005198409,2.743771065115,
    29.314705773017));
#1741 = DIRECTION('',(-0.,-1.306710409367E-02,-0.999914621751));
#1742 = DIRECTION('',(0.,-0.999914621751,1.306710409367E-02));
#1743 = ADVANCED_FACE('',(#1744),#1769,.T.);
#1744 = FACE_BOUND('',#1745,.T.);
#1745 = EDGE_LOOP('',(#1746,#1754,#1755,#1763));
#1746 = ORIENTED_EDGE('',*,*,#1747,.T.);
#1747 = EDGE_CURVE('',#1748,#1725,#1750,.T.);
#1748 = VERTEX_POINT('',#1749);
#1749 = CARTESIAN_POINT('',(-42.12685775756,2.060631275177,
    29.261034011841));
#1750 = LINE('',#1751,#1752);
#1751 = CARTESIAN_POINT('',(-42.12685775756,2.060631275177,
    29.261034011841));
#1752 = VECTOR('',#1753,1.);
#1753 = DIRECTION('',(0.161138951461,0.986173650777,3.867517079838E-02)
  );
#1754 = ORIENTED_EDGE('',*,*,#1733,.F.);
#1755 = ORIENTED_EDGE('',*,*,#1756,.F.);
#1756 = EDGE_CURVE('',#1757,#1702,#1759,.T.);
#1757 = VERTEX_POINT('',#1758);
#1758 = CARTESIAN_POINT('',(-41.92998345286,2.060631275177,
    29.300048913257));
#1759 = LINE('',#1760,#1761);
#1760 = CARTESIAN_POINT('',(-41.93122863769,2.060631275177,
    29.307987213135));
#1761 = VECTOR('',#1762,1.);
#1762 = DIRECTION('',(0.997056079823,0.,7.66757698915E-02));
#1763 = ORIENTED_EDGE('',*,*,#1764,.F.);
#1764 = EDGE_CURVE('',#1748,#1757,#1765,.T.);
#1765 = LINE('',#1766,#1767);
#1766 = CARTESIAN_POINT('',(-42.12685775756,2.060631275177,
    29.261034011841));
#1767 = VECTOR('',#1768,1.);
#1768 = DIRECTION('',(0.972384806281,0.,0.233383350976));
#1769 = PLANE('',#1770);
#1770 = AXIS2_PLACEMENT_3D('',#1771,#1772,#1773);
#1771 = CARTESIAN_POINT('',(-41.92897683539,2.573884734701,
    29.299046827534));
#1772 = DIRECTION('',(0.154949111794,1.342178010907E-02,-0.987831275357)
  );
#1773 = DIRECTION('',(-0.987920263408,2.069993262439E-19,-0.154963070271
    ));
#1774 = ADVANCED_FACE('',(#1775),#1792,.T.);
#1775 = FACE_BOUND('',#1776,.T.);
#1776 = EDGE_LOOP('',(#1777,#1785,#1786));
#1777 = ORIENTED_EDGE('',*,*,#1778,.T.);
#1778 = EDGE_CURVE('',#1779,#1725,#1781,.T.);
#1779 = VERTEX_POINT('',#1780);
#1780 = CARTESIAN_POINT('',(-42.12334374307,3.257885456085,
    29.251112183405));
#1781 = LINE('',#1782,#1783);
#1782 = CARTESIAN_POINT('',(-42.12685775756,3.257885456085,
    29.261034011841));
#1783 = VECTOR('',#1784,1.);
#1784 = DIRECTION('',(0.972384806281,0.,0.233383350976));
#1785 = ORIENTED_EDGE('',*,*,#1747,.F.);
#1786 = ORIENTED_EDGE('',*,*,#1787,.T.);
#1787 = EDGE_CURVE('',#1748,#1779,#1788,.T.);
#1788 = LINE('',#1789,#1790);
#1789 = CARTESIAN_POINT('',(-42.12685775756,2.060631275177,
    29.261034011841));
#1790 = VECTOR('',#1791,1.);
#1791 = DIRECTION('',(0.,1.,0.));
#1792 = PLANE('',#1793);
#1793 = AXIS2_PLACEMENT_3D('',#1794,#1795,#1796);
#1794 = CARTESIAN_POINT('',(-42.07386992798,2.705358150474,
    29.273751690222));
#1795 = DIRECTION('',(0.233383350976,-0.,-0.972384806281));
#1796 = DIRECTION('',(-0.972384806281,0.,-0.233383350976));
#1797 = ADVANCED_FACE('',(#1798),#1815,.T.);
#1798 = FACE_BOUND('',#1799,.T.);
#1799 = EDGE_LOOP('',(#1800,#1808,#1809));
#1800 = ORIENTED_EDGE('',*,*,#1801,.T.);
#1801 = EDGE_CURVE('',#1802,#1779,#1804,.T.);
#1802 = VERTEX_POINT('',#1803);
#1803 = CARTESIAN_POINT('',(-42.30683898925,2.060631275177,
    29.174957275391));
#1804 = LINE('',#1805,#1806);
#1805 = CARTESIAN_POINT('',(-42.30683898925,2.060631275177,
    29.174957275391));
#1806 = VECTOR('',#1807,1.);
#1807 = DIRECTION('',(0.148283699723,0.986398847188,7.091726632332E-02)
  );
#1808 = ORIENTED_EDGE('',*,*,#1787,.F.);
#1809 = ORIENTED_EDGE('',*,*,#1810,.T.);
#1810 = EDGE_CURVE('',#1748,#1802,#1811,.T.);
#1811 = LINE('',#1812,#1813);
#1812 = CARTESIAN_POINT('',(-42.12685775756,2.060631275177,
    29.261034011841));
#1813 = VECTOR('',#1814,1.);
#1814 = DIRECTION('',(-0.902136648487,0.,-0.431450422941));
#1815 = PLANE('',#1816);
#1816 = AXIS2_PLACEMENT_3D('',#1817,#1818,#1819);
#1817 = CARTESIAN_POINT('',(-42.1755763126,2.61350913143,29.237734170061
    ));
#1818 = DIRECTION('',(0.431450422941,-0.,-0.902136648487));
#1819 = DIRECTION('',(-0.902136648487,0.,-0.431450422941));
#1820 = ADVANCED_FACE('',(#1821),#1838,.T.);
#1821 = FACE_BOUND('',#1822,.T.);
#1822 = EDGE_LOOP('',(#1823,#1831,#1832));
#1823 = ORIENTED_EDGE('',*,*,#1824,.T.);
#1824 = EDGE_CURVE('',#1825,#1779,#1827,.T.);
#1825 = VERTEX_POINT('',#1826);
#1826 = CARTESIAN_POINT('',(-42.30683898925,3.257885456085,
    29.174957275391));
#1827 = LINE('',#1828,#1829);
#1828 = CARTESIAN_POINT('',(-42.30683898925,3.257885456085,
    29.174957275391));
#1829 = VECTOR('',#1830,1.);
#1830 = DIRECTION('',(0.902136648487,0.,0.431450422941));
#1831 = ORIENTED_EDGE('',*,*,#1801,.F.);
#1832 = ORIENTED_EDGE('',*,*,#1833,.T.);
#1833 = EDGE_CURVE('',#1802,#1825,#1834,.T.);
#1834 = LINE('',#1835,#1836);
#1835 = CARTESIAN_POINT('',(-42.30683898925,2.060631275177,
    29.174957275391));
#1836 = VECTOR('',#1837,1.);
#1837 = DIRECTION('',(0.,1.,0.));
#1838 = PLANE('',#1839);
#1839 = AXIS2_PLACEMENT_3D('',#1840,#1841,#1842);
#1840 = CARTESIAN_POINT('',(-42.25812043422,2.705007599832,
    29.19825711717));
#1841 = DIRECTION('',(0.431450422941,-0.,-0.902136648487));
#1842 = DIRECTION('',(-0.902136648487,0.,-0.431450422941));
#1843 = ADVANCED_FACE('',(#1844),#1861,.T.);
#1844 = FACE_BOUND('',#1845,.T.);
#1845 = EDGE_LOOP('',(#1846,#1854,#1855));
#1846 = ORIENTED_EDGE('',*,*,#1847,.T.);
#1847 = EDGE_CURVE('',#1848,#1825,#1850,.T.);
#1848 = VERTEX_POINT('',#1849);
#1849 = CARTESIAN_POINT('',(-42.45942754215,3.257885456085,
    29.04584373368));
#1850 = LINE('',#1851,#1852);
#1851 = CARTESIAN_POINT('',(-42.47116470336,3.257885456085,
    29.057580947876));
#1852 = VECTOR('',#1853,1.);
#1853 = DIRECTION('',(0.813731556659,0.,0.581240874077));
#1854 = ORIENTED_EDGE('',*,*,#1833,.F.);
#1855 = ORIENTED_EDGE('',*,*,#1856,.T.);
#1856 = EDGE_CURVE('',#1802,#1848,#1857,.T.);
#1857 = LINE('',#1858,#1859);
#1858 = CARTESIAN_POINT('',(-42.30683898925,2.060631275177,
    29.174957275391));
#1859 = VECTOR('',#1860,1.);
#1860 = DIRECTION('',(-0.135340464046,0.986071700961,-9.667243328152E-02
    ));
#1861 = PLANE('',#1862);
#1862 = AXIS2_PLACEMENT_3D('',#1863,#1864,#1865);
#1863 = CARTESIAN_POINT('',(-42.35136072413,2.705515785383,
    29.143155814723));
#1864 = DIRECTION('',(0.581240874077,-0.,-0.813731556659));
#1865 = DIRECTION('',(-0.813731556659,0.,-0.581240874077));
#1866 = ADVANCED_FACE('',(#1867),#1884,.T.);
#1867 = FACE_BOUND('',#1868,.T.);
#1868 = EDGE_LOOP('',(#1869,#1877,#1878));
#1869 = ORIENTED_EDGE('',*,*,#1870,.T.);
#1870 = EDGE_CURVE('',#1871,#1848,#1873,.T.);
#1871 = VERTEX_POINT('',#1872);
#1872 = CARTESIAN_POINT('',(-42.47116470336,2.060631275177,
    29.057580947876));
#1873 = LINE('',#1874,#1875);
#1874 = CARTESIAN_POINT('',(-42.47116470336,2.060631275177,
    29.057580947876));
#1875 = VECTOR('',#1876,1.);
#1876 = DIRECTION('',(0.,1.,0.));
#1877 = ORIENTED_EDGE('',*,*,#1856,.F.);
#1878 = ORIENTED_EDGE('',*,*,#1879,.T.);
#1879 = EDGE_CURVE('',#1802,#1871,#1880,.T.);
#1880 = LINE('',#1881,#1882);
#1881 = CARTESIAN_POINT('',(-42.30683898925,2.060631275177,
    29.174957275391));
#1882 = VECTOR('',#1883,1.);
#1883 = DIRECTION('',(-0.813731556659,0.,-0.581240874077));
#1884 = PLANE('',#1885);
#1885 = AXIS2_PLACEMENT_3D('',#1886,#1887,#1888);
#1886 = CARTESIAN_POINT('',(-42.42664296849,2.613000945879,
    29.089382408544));
#1887 = DIRECTION('',(0.581240874077,-0.,-0.813731556659));
#1888 = DIRECTION('',(-0.813731556659,0.,-0.581240874077));
#1889 = ADVANCED_FACE('',(#1890),#1907,.T.);
#1890 = FACE_BOUND('',#1891,.T.);
#1891 = EDGE_LOOP('',(#1892,#1900,#1901));
#1892 = ORIENTED_EDGE('',*,*,#1893,.T.);
#1893 = EDGE_CURVE('',#1894,#1848,#1896,.T.);
#1894 = VERTEX_POINT('',#1895);
#1895 = CARTESIAN_POINT('',(-42.72940063476,3.257885456085,
    28.752397537231));
#1896 = LINE('',#1897,#1898);
#1897 = CARTESIAN_POINT('',(-42.72940063476,3.257885456085,
    28.752397537231));
#1898 = VECTOR('',#1899,1.);
#1899 = DIRECTION('',(0.64594780215,0.,0.76338158014));
#1900 = ORIENTED_EDGE('',*,*,#1870,.F.);
#1901 = ORIENTED_EDGE('',*,*,#1902,.T.);
#1902 = EDGE_CURVE('',#1871,#1894,#1903,.T.);
#1903 = LINE('',#1904,#1905);
#1904 = CARTESIAN_POINT('',(-42.47116470336,2.060631275177,
    29.057580947876));
#1905 = VECTOR('',#1906,1.);
#1906 = DIRECTION('',(-0.204586056535,0.948518318956,-0.2417799497));
#1907 = PLANE('',#1908);
#1908 = AXIS2_PLACEMENT_3D('',#1909,#1910,#1911);
#1909 = CARTESIAN_POINT('',(-42.54621743812,2.742957436608,
    28.968883571612));
#1910 = DIRECTION('',(0.76338158014,0.,-0.64594780215));
#1911 = DIRECTION('',(0.64594780215,0.,0.76338158014));
#1912 = ADVANCED_FACE('',(#1913),#1938,.T.);
#1913 = FACE_BOUND('',#1914,.T.);
#1914 = EDGE_LOOP('',(#1915,#1923,#1924,#1932));
#1915 = ORIENTED_EDGE('',*,*,#1916,.T.);
#1916 = EDGE_CURVE('',#1917,#1894,#1919,.T.);
#1917 = VERTEX_POINT('',#1918);
#1918 = CARTESIAN_POINT('',(-42.72940063476,2.060631275177,
    28.752397537231));
#1919 = LINE('',#1920,#1921);
#1920 = CARTESIAN_POINT('',(-42.72940063476,2.060631275177,
    28.752397537231));
#1921 = VECTOR('',#1922,1.);
#1922 = DIRECTION('',(0.,1.,0.));
#1923 = ORIENTED_EDGE('',*,*,#1902,.F.);
#1924 = ORIENTED_EDGE('',*,*,#1925,.F.);
#1925 = EDGE_CURVE('',#1926,#1871,#1928,.T.);
#1926 = VERTEX_POINT('',#1927);
#1927 = CARTESIAN_POINT('',(-42.60570233332,2.060631275177,
    28.911385694138));
#1928 = LINE('',#1929,#1930);
#1929 = CARTESIAN_POINT('',(-42.6120147705,2.060631275177,28.91672706604
    ));
#1930 = VECTOR('',#1931,1.);
#1931 = DIRECTION('',(0.707097205827,0.,0.707116356416));
#1932 = ORIENTED_EDGE('',*,*,#1933,.F.);
#1933 = EDGE_CURVE('',#1917,#1926,#1934,.T.);
#1934 = LINE('',#1935,#1936);
#1935 = CARTESIAN_POINT('',(-42.72940063476,2.060631275177,
    28.752397537231));
#1936 = VECTOR('',#1937,1.);
#1937 = DIRECTION('',(0.581263209076,0.,0.813715602514));
#1938 = PLANE('',#1939);
#1939 = AXIS2_PLACEMENT_3D('',#1940,#1941,#1942);
#1940 = CARTESIAN_POINT('',(-42.6543479,2.575559294654,28.841094913495)
  );
#1941 = DIRECTION('',(0.76338158014,0.,-0.64594780215));
#1942 = DIRECTION('',(0.64594780215,0.,0.76338158014));
#1943 = ADVANCED_FACE('',(#1944),#1961,.T.);
#1944 = FACE_BOUND('',#1945,.T.);
#1945 = EDGE_LOOP('',(#1946,#1954,#1955));
#1946 = ORIENTED_EDGE('',*,*,#1947,.T.);
#1947 = EDGE_CURVE('',#1948,#1894,#1950,.T.);
#1948 = VERTEX_POINT('',#1949);
#1949 = CARTESIAN_POINT('',(-42.80764770507,3.257885456085,
    28.572414398193));
#1950 = LINE('',#1951,#1952);
#1951 = CARTESIAN_POINT('',(-42.80764770507,3.257885456085,
    28.572414398193));
#1952 = VECTOR('',#1953,1.);
#1953 = DIRECTION('',(0.398698392187,0.,0.917082107593));
#1954 = ORIENTED_EDGE('',*,*,#1916,.F.);
#1955 = ORIENTED_EDGE('',*,*,#1956,.T.);
#1956 = EDGE_CURVE('',#1917,#1948,#1957,.T.);
#1957 = LINE('',#1958,#1959);
#1958 = CARTESIAN_POINT('',(-42.72940063476,2.060631275177,
    28.752397537231));
#1959 = VECTOR('',#1960,1.);
#1960 = DIRECTION('',(-6.449468135225E-02,0.986829622974,-0.148350029652
    ));
#1961 = PLANE('',#1962);
#1962 = AXIS2_PLACEMENT_3D('',#1963,#1964,#1965);
#1963 = CARTESIAN_POINT('',(-42.75055507632,2.704327756303,
    28.703738299497));
#1964 = DIRECTION('',(0.917082107593,0.,-0.398698392187));
#1965 = DIRECTION('',(0.398698392187,0.,0.917082107593));
#1966 = ADVANCED_FACE('',(#1967),#1984,.T.);
#1967 = FACE_BOUND('',#1968,.T.);
#1968 = EDGE_LOOP('',(#1969,#1977,#1978));
#1969 = ORIENTED_EDGE('',*,*,#1970,.T.);
#1970 = EDGE_CURVE('',#1971,#1948,#1973,.T.);
#1971 = VERTEX_POINT('',#1972);
#1972 = CARTESIAN_POINT('',(-42.80764770507,2.060631275177,
    28.572414398193));
#1973 = LINE('',#1974,#1975);
#1974 = CARTESIAN_POINT('',(-42.80764770507,2.060631275177,
    28.572414398193));
#1975 = VECTOR('',#1976,1.);
#1976 = DIRECTION('',(0.,1.,0.));
#1977 = ORIENTED_EDGE('',*,*,#1956,.F.);
#1978 = ORIENTED_EDGE('',*,*,#1979,.T.);
#1979 = EDGE_CURVE('',#1917,#1971,#1980,.T.);
#1980 = LINE('',#1981,#1982);
#1981 = CARTESIAN_POINT('',(-42.72940063476,2.060631275177,
    28.752397537231));
#1982 = VECTOR('',#1983,1.);
#1983 = DIRECTION('',(-0.398698392187,0.,-0.917082107593));
#1984 = PLANE('',#1985);
#1985 = AXIS2_PLACEMENT_3D('',#1986,#1987,#1988);
#1986 = CARTESIAN_POINT('',(-42.78649326351,2.61418897496,
    28.621073635928));
#1987 = DIRECTION('',(0.917082107593,0.,-0.398698392187));
#1988 = DIRECTION('',(0.398698392187,0.,0.917082107593));
#1989 = ADVANCED_FACE('',(#1990),#2007,.T.);
#1990 = FACE_BOUND('',#1991,.T.);
#1991 = EDGE_LOOP('',(#1992,#2000,#2001));
#1992 = ORIENTED_EDGE('',*,*,#1993,.T.);
#1993 = EDGE_CURVE('',#1994,#1948,#1996,.T.);
#1994 = VERTEX_POINT('',#1995);
#1995 = CARTESIAN_POINT('',(-42.86242294311,2.060631275177,
    28.376783370972));
#1996 = LINE('',#1997,#1998);
#1997 = CARTESIAN_POINT('',(-42.86242294311,2.060631275177,
    28.376783370972));
#1998 = VECTOR('',#1999,1.);
#1999 = DIRECTION('',(4.510596664125E-02,0.985907301919,0.161097001201)
  );
#2000 = ORIENTED_EDGE('',*,*,#1970,.F.);
#2001 = ORIENTED_EDGE('',*,*,#2002,.T.);
#2002 = EDGE_CURVE('',#1971,#1994,#2003,.T.);
#2003 = LINE('',#2004,#2005);
#2004 = CARTESIAN_POINT('',(-42.80764770507,2.060631275177,
    28.572414398193));
#2005 = VECTOR('',#2006,1.);
#2006 = DIRECTION('',(-0.269623308882,0.,-0.962965872348));
#2007 = PLANE('',#2008);
#2008 = AXIS2_PLACEMENT_3D('',#2009,#2010,#2011);
#2009 = CARTESIAN_POINT('',(-42.82249507905,2.612748124751,
    28.519386659265));
#2010 = DIRECTION('',(0.962965872348,0.,-0.269623308882));
#2011 = DIRECTION('',(0.269623308882,0.,0.962965872348));
#2012 = ADVANCED_FACE('',(#2013),#2030,.T.);
#2013 = FACE_BOUND('',#2014,.T.);
#2014 = EDGE_LOOP('',(#2015,#2023,#2024));
#2015 = ORIENTED_EDGE('',*,*,#2016,.T.);
#2016 = EDGE_CURVE('',#2017,#1948,#2019,.T.);
#2017 = VERTEX_POINT('',#2018);
#2018 = CARTESIAN_POINT('',(-42.85294909871,3.257885456085,
    28.375078076208));
#2019 = LINE('',#2020,#2021);
#2020 = CARTESIAN_POINT('',(-42.86242294311,3.257885456085,
    28.376783370972));
#2021 = VECTOR('',#2022,1.);
#2022 = DIRECTION('',(0.269623308882,0.,0.962965872348));
#2023 = ORIENTED_EDGE('',*,*,#1993,.F.);
#2024 = ORIENTED_EDGE('',*,*,#2025,.T.);
#2025 = EDGE_CURVE('',#1994,#2017,#2026,.T.);
#2026 = LINE('',#2027,#2028);
#2027 = CARTESIAN_POINT('',(-42.86242294311,2.060631275177,
    28.376783370972));
#2028 = VECTOR('',#2029,1.);
#2029 = DIRECTION('',(0.,1.,0.));
#2030 = PLANE('',#2031);
#2031 = AXIS2_PLACEMENT_3D('',#2032,#2033,#2034);
#2032 = CARTESIAN_POINT('',(-42.84757556914,2.705768606512,28.4298111099
    ));
#2033 = DIRECTION('',(0.962965872348,0.,-0.269623308882));
#2034 = DIRECTION('',(0.269623308882,0.,0.962965872348));
#2035 = ADVANCED_FACE('',(#2036),#2061,.T.);
#2036 = FACE_BOUND('',#2037,.T.);
#2037 = EDGE_LOOP('',(#2038,#2048,#2054,#2055));
#2038 = ORIENTED_EDGE('',*,*,#2039,.T.);
#2039 = EDGE_CURVE('',#2040,#2042,#2044,.T.);
#2040 = VERTEX_POINT('',#2041);
#2041 = CARTESIAN_POINT('',(-42.85260270833,3.257885456085,
    27.979434186308));
#2042 = VERTEX_POINT('',#2043);
#2043 = CARTESIAN_POINT('',(-42.87024879455,3.257885456085,
    28.181154251099));
#2044 = LINE('',#2045,#2046);
#2045 = CARTESIAN_POINT('',(-42.86242294311,3.257885456085,
    27.977701187134));
#2046 = VECTOR('',#2047,1.);
#2047 = DIRECTION('',(0.,0.,1.));
#2048 = ORIENTED_EDGE('',*,*,#2049,.T.);
#2049 = EDGE_CURVE('',#2042,#2017,#2050,.T.);
#2050 = LINE('',#2051,#2052);
#2051 = CARTESIAN_POINT('',(-42.86242294311,3.257885456085,
    27.977701187134));
#2052 = VECTOR('',#2053,1.);
#2053 = DIRECTION('',(0.,0.,1.));
#2054 = ORIENTED_EDGE('',*,*,#2025,.F.);
#2055 = ORIENTED_EDGE('',*,*,#2056,.T.);
#2056 = EDGE_CURVE('',#1994,#2040,#2057,.T.);
#2057 = LINE('',#2058,#2059);
#2058 = CARTESIAN_POINT('',(-42.86242294311,2.060631275177,
    28.376783370972));
#2059 = VECTOR('',#2060,1.);
#2060 = DIRECTION('',(0.,0.948683902589,-0.316225952395));
#2061 = PLANE('',#2062);
#2062 = AXIS2_PLACEMENT_3D('',#2063,#2064,#2065);
#2063 = CARTESIAN_POINT('',(-42.86242294311,2.742838478717,
    28.260822392138));
#2064 = DIRECTION('',(1.,0.,0.));
#2065 = DIRECTION('',(-0.,0.,1.));
#2066 = ADVANCED_FACE('',(#2067),#2092,.T.);
#2067 = FACE_BOUND('',#2068,.T.);
#2068 = EDGE_LOOP('',(#2069,#2077,#2078,#2086));
#2069 = ORIENTED_EDGE('',*,*,#2070,.T.);
#2070 = EDGE_CURVE('',#2071,#2040,#2073,.T.);
#2071 = VERTEX_POINT('',#2072);
#2072 = CARTESIAN_POINT('',(-42.86242294311,2.060631275177,
    27.977701187134));
#2073 = LINE('',#2074,#2075);
#2074 = CARTESIAN_POINT('',(-42.86242294311,2.060631275177,
    27.977701187134));
#2075 = VECTOR('',#2076,1.);
#2076 = DIRECTION('',(0.,1.,0.));
#2077 = ORIENTED_EDGE('',*,*,#2056,.F.);
#2078 = ORIENTED_EDGE('',*,*,#2079,.F.);
#2079 = EDGE_CURVE('',#2080,#1994,#2082,.T.);
#2080 = VERTEX_POINT('',#2081);
#2081 = CARTESIAN_POINT('',(-42.87024879455,2.060631275177,
    28.181154251099));
#2082 = LINE('',#2083,#2084);
#2083 = CARTESIAN_POINT('',(-42.87807464599,2.060631275177,
    28.181154251099));
#2084 = VECTOR('',#2085,1.);
#2085 = DIRECTION('',(7.975217529158E-02,0.,0.996814722271));
#2086 = ORIENTED_EDGE('',*,*,#2087,.F.);
#2087 = EDGE_CURVE('',#2071,#2080,#2088,.T.);
#2088 = LINE('',#2089,#2090);
#2089 = CARTESIAN_POINT('',(-42.86242294311,2.060631275177,
    27.977701187134));
#2090 = VECTOR('',#2091,1.);
#2091 = DIRECTION('',(-7.670364679038E-02,0.,0.997053935637));
#2092 = PLANE('',#2093);
#2093 = AXIS2_PLACEMENT_3D('',#2094,#2095,#2096);
#2094 = CARTESIAN_POINT('',(-42.86242294311,2.575678252545,
    28.093662165967));
#2095 = DIRECTION('',(1.,0.,0.));
#2096 = DIRECTION('',(-0.,0.,1.));
#2097 = ADVANCED_FACE('',(#2098),#2123,.T.);
#2098 = FACE_BOUND('',#2099,.T.);
#2099 = EDGE_LOOP('',(#2100,#2108,#2109,#2117));
#2100 = ORIENTED_EDGE('',*,*,#2101,.T.);
#2101 = EDGE_CURVE('',#2102,#2040,#2104,.T.);
#2102 = VERTEX_POINT('',#2103);
#2103 = CARTESIAN_POINT('',(-42.72940063476,2.060631275177,
    27.602094650269));
#2104 = LINE('',#2105,#2106);
#2105 = CARTESIAN_POINT('',(-42.72940063476,2.060631275177,
    27.602094650269));
#2106 = VECTOR('',#2107,1.);
#2107 = DIRECTION('',(-0.105420884324,0.948830283265,0.297670171007));
#2108 = ORIENTED_EDGE('',*,*,#2070,.F.);
#2109 = ORIENTED_EDGE('',*,*,#2110,.F.);
#2110 = EDGE_CURVE('',#2111,#2071,#2113,.T.);
#2111 = VERTEX_POINT('',#2112);
#2112 = CARTESIAN_POINT('',(-42.80120237425,2.060631275177,
    27.784354702677));
#2113 = LINE('',#2114,#2115);
#2114 = CARTESIAN_POINT('',(-42.80764770507,2.060631275177,
    27.782072067261));
#2115 = VECTOR('',#2116,1.);
#2116 = DIRECTION('',(-0.269625746554,0.,0.962965189815));
#2117 = ORIENTED_EDGE('',*,*,#2118,.F.);
#2118 = EDGE_CURVE('',#2102,#2111,#2119,.T.);
#2119 = LINE('',#2120,#2121);
#2120 = CARTESIAN_POINT('',(-42.72940063476,2.060631275177,
    27.602094650269));
#2121 = VECTOR('',#2122,1.);
#2122 = DIRECTION('',(-0.398709053015,0.,0.91707747276));
#2123 = PLANE('',#2124);
#2124 = AXIS2_PLACEMENT_3D('',#2125,#2126,#2127);
#2125 = CARTESIAN_POINT('',(-42.82377866628,2.575783607886,
    27.868583828033));
#2126 = DIRECTION('',(0.942631179268,0.,0.333835977497));
#2127 = DIRECTION('',(-0.333835977497,0.,0.942631179268));
#2128 = ADVANCED_FACE('',(#2129),#2162,.T.);
#2129 = FACE_BOUND('',#2130,.T.);
#2130 = EDGE_LOOP('',(#2131,#2141,#2149,#2155,#2156));
#2131 = ORIENTED_EDGE('',*,*,#2132,.F.);
#2132 = EDGE_CURVE('',#2133,#2135,#2137,.T.);
#2133 = VERTEX_POINT('',#2134);
#2134 = CARTESIAN_POINT('',(-42.71245774354,3.257885456085,
    27.609952318423));
#2135 = VERTEX_POINT('',#2136);
#2136 = CARTESIAN_POINT('',(-42.6120147705,3.257885456085,27.43776512146
    ));
#2137 = LINE('',#2138,#2139);
#2138 = CARTESIAN_POINT('',(-42.72940063476,3.257885456085,
    27.602094650269));
#2139 = VECTOR('',#2140,1.);
#2140 = DIRECTION('',(0.581263209076,0.,-0.813715602514));
#2141 = ORIENTED_EDGE('',*,*,#2142,.F.);
#2142 = EDGE_CURVE('',#2143,#2133,#2145,.T.);
#2143 = VERTEX_POINT('',#2144);
#2144 = CARTESIAN_POINT('',(-42.79285352204,3.257885456085,
    27.78893322097));
#2145 = LINE('',#2146,#2147);
#2146 = CARTESIAN_POINT('',(-42.80764770507,3.257885456085,
    27.782072067261));
#2147 = VECTOR('',#2148,1.);
#2148 = DIRECTION('',(0.398709053015,0.,-0.91707747276));
#2149 = ORIENTED_EDGE('',*,*,#2150,.F.);
#2150 = EDGE_CURVE('',#2040,#2143,#2151,.T.);
#2151 = LINE('',#2152,#2153);
#2152 = CARTESIAN_POINT('',(-42.87807464599,3.257885456085,
    28.181154251099));
#2153 = VECTOR('',#2154,1.);
#2154 = DIRECTION('',(0.173786944897,0.,-0.984783274525));
#2155 = ORIENTED_EDGE('',*,*,#2101,.F.);
#2156 = ORIENTED_EDGE('',*,*,#2157,.T.);
#2157 = EDGE_CURVE('',#2102,#2135,#2158,.T.);
#2158 = LINE('',#2159,#2160);
#2159 = CARTESIAN_POINT('',(-42.72940063476,2.060631275177,
    27.602094650269));
#2160 = VECTOR('',#2161,1.);
#2161 = DIRECTION('',(9.668017332343E-02,0.98607053289,-0.135343445549)
  );
#2162 = PLANE('',#2163);
#2163 = AXIS2_PLACEMENT_3D('',#2164,#2165,#2166);
#2164 = CARTESIAN_POINT('',(-42.7350386893,2.775269352059,
    27.667244519858));
#2165 = DIRECTION('',(0.906745101277,-3.118339691365E-02,0.420524573679)
  );
#2166 = DIRECTION('',(-0.420729182853,7.544165911489E-19,0.907186284451)
  );
#2167 = ADVANCED_FACE('',(#2168),#2185,.T.);
#2168 = FACE_BOUND('',#2169,.T.);
#2169 = EDGE_LOOP('',(#2170,#2178,#2179));
#2170 = ORIENTED_EDGE('',*,*,#2171,.T.);
#2171 = EDGE_CURVE('',#2172,#2135,#2174,.T.);
#2172 = VERTEX_POINT('',#2173);
#2173 = CARTESIAN_POINT('',(-42.6120147705,2.060631275177,27.43776512146
    ));
#2174 = LINE('',#2175,#2176);
#2175 = CARTESIAN_POINT('',(-42.6120147705,2.060631275177,27.43776512146
    ));
#2176 = VECTOR('',#2177,1.);
#2177 = DIRECTION('',(0.,1.,0.));
#2178 = ORIENTED_EDGE('',*,*,#2157,.F.);
#2179 = ORIENTED_EDGE('',*,*,#2180,.T.);
#2180 = EDGE_CURVE('',#2102,#2172,#2181,.T.);
#2181 = LINE('',#2182,#2183);
#2182 = CARTESIAN_POINT('',(-42.72940063476,2.060631275177,
    27.602094650269));
#2183 = VECTOR('',#2184,1.);
#2184 = DIRECTION('',(0.581263209076,0.,-0.813715602514));
#2185 = PLANE('',#2186);
#2186 = AXIS2_PLACEMENT_3D('',#2187,#2188,#2189);
#2187 = CARTESIAN_POINT('',(-42.64381891879,2.612999143605,
    27.482288035142));
#2188 = DIRECTION('',(0.813715602514,0.,0.581263209076));
#2189 = DIRECTION('',(-0.581263209076,0.,0.813715602514));
#2190 = ADVANCED_FACE('',(#2191),#2208,.T.);
#2191 = FACE_BOUND('',#2192,.T.);
#2192 = EDGE_LOOP('',(#2193,#2201,#2202));
#2193 = ORIENTED_EDGE('',*,*,#2194,.T.);
#2194 = EDGE_CURVE('',#2195,#2135,#2197,.T.);
#2195 = VERTEX_POINT('',#2196);
#2196 = CARTESIAN_POINT('',(-42.47116470336,2.060631275177,
    27.296911239624));
#2197 = LINE('',#2198,#2199);
#2198 = CARTESIAN_POINT('',(-42.47116470336,2.060631275177,
    27.296911239624));
#2199 = VECTOR('',#2200,1.);
#2200 = DIRECTION('',(-0.11604902977,0.986440325557,0.116052172772));
#2201 = ORIENTED_EDGE('',*,*,#2171,.F.);
#2202 = ORIENTED_EDGE('',*,*,#2203,.T.);
#2203 = EDGE_CURVE('',#2172,#2195,#2204,.T.);
#2204 = LINE('',#2205,#2206);
#2205 = CARTESIAN_POINT('',(-42.6120147705,2.060631275177,27.43776512146
    ));
#2206 = VECTOR('',#2207,1.);
#2207 = DIRECTION('',(0.707097205827,0.,-0.707116356416));
#2208 = PLANE('',#2209);
#2209 = AXIS2_PLACEMENT_3D('',#2210,#2211,#2212);
#2210 = CARTESIAN_POINT('',(-42.57389298433,2.613574056411,
    27.399642302823));
#2211 = DIRECTION('',(0.707116356416,0.,0.707097205827));
#2212 = DIRECTION('',(-0.707097205827,0.,0.707116356416));
#2213 = ADVANCED_FACE('',(#2214),#2231,.T.);
#2214 = FACE_BOUND('',#2215,.T.);
#2215 = EDGE_LOOP('',(#2216,#2224,#2225));
#2216 = ORIENTED_EDGE('',*,*,#2217,.T.);
#2217 = EDGE_CURVE('',#2218,#2135,#2220,.T.);
#2218 = VERTEX_POINT('',#2219);
#2219 = CARTESIAN_POINT('',(-42.30683898925,3.257885456085,
    27.179531097412));
#2220 = LINE('',#2221,#2222);
#2221 = CARTESIAN_POINT('',(-42.30683898925,3.257885456085,
    27.179531097412));
#2222 = VECTOR('',#2223,1.);
#2223 = DIRECTION('',(-0.763375969825,0.,0.645954432366));
#2224 = ORIENTED_EDGE('',*,*,#2194,.F.);
#2225 = ORIENTED_EDGE('',*,*,#2226,.T.);
#2226 = EDGE_CURVE('',#2195,#2218,#2227,.T.);
#2227 = LINE('',#2228,#2229);
#2228 = CARTESIAN_POINT('',(-42.47116470336,2.060631275177,
    27.296911239624));
#2229 = VECTOR('',#2230,1.);
#2230 = DIRECTION('',(0.135340422939,0.986071401458,-9.667554574457E-02)
  );
#2231 = PLANE('',#2232);
#2232 = AXIS2_PLACEMENT_3D('',#2233,#2234,#2235);
#2233 = CARTESIAN_POINT('',(-42.46445379639,2.743891900311,
    27.303598982839));
#2234 = DIRECTION('',(0.645892787126,-1.381508214515E-02,0.763303118718)
  );
#2235 = DIRECTION('',(0.763375969825,-4.964635419571E-19,-0.645954432366
    ));
#2236 = ADVANCED_FACE('',(#2237),#2262,.T.);
#2237 = FACE_BOUND('',#2238,.T.);
#2238 = EDGE_LOOP('',(#2239,#2247,#2248,#2256));
#2239 = ORIENTED_EDGE('',*,*,#2240,.T.);
#2240 = EDGE_CURVE('',#2241,#2218,#2243,.T.);
#2241 = VERTEX_POINT('',#2242);
#2242 = CARTESIAN_POINT('',(-42.12685775756,2.060631275177,
    27.093454360962));
#2243 = LINE('',#2244,#2245);
#2244 = CARTESIAN_POINT('',(-42.12685775756,2.060631275177,
    27.093454360962));
#2245 = VECTOR('',#2246,1.);
#2246 = DIRECTION('',(-0.148283699723,0.986398847188,7.091726632332E-02)
  );
#2247 = ORIENTED_EDGE('',*,*,#2226,.F.);
#2248 = ORIENTED_EDGE('',*,*,#2249,.F.);
#2249 = EDGE_CURVE('',#2250,#2195,#2252,.T.);
#2250 = VERTEX_POINT('',#2251);
#2251 = CARTESIAN_POINT('',(-42.30239845752,2.060631275177,
    27.187045740954));
#2252 = LINE('',#2253,#2254);
#2253 = CARTESIAN_POINT('',(-42.30683898925,2.060631275177,
    27.179531097412));
#2254 = VECTOR('',#2255,1.);
#2255 = DIRECTION('',(-0.813722622104,0.,0.581253382163));
#2256 = ORIENTED_EDGE('',*,*,#2257,.F.);
#2257 = EDGE_CURVE('',#2241,#2250,#2258,.T.);
#2258 = LINE('',#2259,#2260);
#2259 = CARTESIAN_POINT('',(-42.12685775756,2.060631275177,
    27.093454360962));
#2260 = VECTOR('',#2261,1.);
#2261 = DIRECTION('',(-0.902136648487,0.,0.431450422941));
#2262 = PLANE('',#2263);
#2263 = AXIS2_PLACEMENT_3D('',#2264,#2265,#2266);
#2264 = CARTESIAN_POINT('',(-42.30238386089,2.574597968995,
    27.188470963842));
#2265 = DIRECTION('',(0.508680382534,1.457945529599E-02,0.860831985877)
  );
#2266 = DIRECTION('',(0.86092348991,4.174590311933E-19,-0.508734453837)
  );
#2267 = ADVANCED_FACE('',(#2268),#2285,.T.);
#2268 = FACE_BOUND('',#2269,.T.);
#2269 = EDGE_LOOP('',(#2270,#2278,#2279));
#2270 = ORIENTED_EDGE('',*,*,#2271,.T.);
#2271 = EDGE_CURVE('',#2272,#2218,#2274,.T.);
#2272 = VERTEX_POINT('',#2273);
#2273 = CARTESIAN_POINT('',(-42.12334353377,3.257885456085,
    27.103377064904));
#2274 = LINE('',#2275,#2276);
#2275 = CARTESIAN_POINT('',(-42.12685775756,3.257885456085,
    27.093454360962));
#2276 = VECTOR('',#2277,1.);
#2277 = DIRECTION('',(-0.902136648487,0.,0.431450422941));
#2278 = ORIENTED_EDGE('',*,*,#2240,.F.);
#2279 = ORIENTED_EDGE('',*,*,#2280,.T.);
#2280 = EDGE_CURVE('',#2241,#2272,#2281,.T.);
#2281 = LINE('',#2282,#2283);
#2282 = CARTESIAN_POINT('',(-42.12685775756,2.060631275177,
    27.093454360962));
#2283 = VECTOR('',#2284,1.);
#2284 = DIRECTION('',(0.,1.,0.));
#2285 = PLANE('',#2286);
#2286 = AXIS2_PLACEMENT_3D('',#2287,#2288,#2289);
#2287 = CARTESIAN_POINT('',(-42.1755763126,2.705007599832,
    27.116754202742));
#2288 = DIRECTION('',(0.431450422941,0.,0.902136648487));
#2289 = DIRECTION('',(0.902136648487,0.,-0.431450422941));
#2290 = ADVANCED_FACE('',(#2291),#2308,.T.);
#2291 = FACE_BOUND('',#2292,.T.);
#2292 = EDGE_LOOP('',(#2293,#2301,#2302));
#2293 = ORIENTED_EDGE('',*,*,#2294,.T.);
#2294 = EDGE_CURVE('',#2295,#2272,#2297,.T.);
#2295 = VERTEX_POINT('',#2296);
#2296 = CARTESIAN_POINT('',(-41.93122863769,2.060631275177,
    27.046504974365));
#2297 = LINE('',#2298,#2299);
#2298 = CARTESIAN_POINT('',(-41.93122863769,2.060631275177,
    27.046504974365));
#2299 = VECTOR('',#2300,1.);
#2300 = DIRECTION('',(-0.161138971042,0.986173770615,3.867203334631E-02)
  );
#2301 = ORIENTED_EDGE('',*,*,#2280,.F.);
#2302 = ORIENTED_EDGE('',*,*,#2303,.T.);
#2303 = EDGE_CURVE('',#2241,#2295,#2304,.T.);
#2304 = LINE('',#2305,#2306);
#2305 = CARTESIAN_POINT('',(-42.12685775756,2.060631275177,
    27.093454360962));
#2306 = VECTOR('',#2307,1.);
#2307 = DIRECTION('',(0.972389109149,0.,-0.233365422476));
#2308 = PLANE('',#2309);
#2309 = AXIS2_PLACEMENT_3D('',#2310,#2311,#2312);
#2310 = CARTESIAN_POINT('',(-42.07386994579,2.613158766469,
    27.080737720098));
#2311 = DIRECTION('',(0.233365422476,0.,0.972389109149));
#2312 = DIRECTION('',(0.972389109149,0.,-0.233365422476));
#2313 = ADVANCED_FACE('',(#2314),#2331,.T.);
#2314 = FACE_BOUND('',#2315,.T.);
#2315 = EDGE_LOOP('',(#2316,#2324,#2325));
#2316 = ORIENTED_EDGE('',*,*,#2317,.T.);
#2317 = EDGE_CURVE('',#2318,#2272,#2320,.T.);
#2318 = VERTEX_POINT('',#2319);
#2319 = CARTESIAN_POINT('',(-41.72777557373,2.060631275177,
    27.030855178833));
#2320 = LINE('',#2321,#2322);
#2321 = CARTESIAN_POINT('',(-41.72777557373,2.060631275177,
    27.030855178833));
#2322 = VECTOR('',#2323,1.);
#2323 = DIRECTION('',(-0.315837645891,0.947518975653,4.954162104699E-02)
  );
#2324 = ORIENTED_EDGE('',*,*,#2294,.F.);
#2325 = ORIENTED_EDGE('',*,*,#2326,.T.);
#2326 = EDGE_CURVE('',#2295,#2318,#2327,.T.);
#2327 = LINE('',#2328,#2329);
#2328 = CARTESIAN_POINT('',(-41.93122863769,2.060631275177,
    27.046504974365));
#2329 = VECTOR('',#2330,1.);
#2330 = DIRECTION('',(0.997054650451,0.,-7.669435451074E-02));
#2331 = PLANE('',#2332);
#2332 = AXIS2_PLACEMENT_3D('',#2333,#2334,#2335);
#2333 = CARTESIAN_POINT('',(-41.9659272816,2.613707387634,
    27.063911005935));
#2334 = DIRECTION('',(7.666730317575E-02,-2.655763218438E-02,
    0.996702973205));
#2335 = DIRECTION('',(0.997054650451,3.072233795713E-19,
    -7.669435451074E-02));
#2336 = ADVANCED_FACE('',(#2337),#2362,.T.);
#2337 = FACE_BOUND('',#2338,.T.);
#2338 = EDGE_LOOP('',(#2339,#2349,#2355,#2356));
#2339 = ORIENTED_EDGE('',*,*,#2340,.F.);
#2340 = EDGE_CURVE('',#2341,#2343,#2345,.T.);
#2341 = VERTEX_POINT('',#2342);
#2342 = CARTESIAN_POINT('',(-41.92998374486,3.257885456085,
    27.054441412697));
#2343 = VERTEX_POINT('',#2344);
#2344 = CARTESIAN_POINT('',(-41.72777557373,3.257885456085,
    27.030855178833));
#2345 = LINE('',#2346,#2347);
#2346 = CARTESIAN_POINT('',(-41.93122863769,3.257885456085,
    27.046504974365));
#2347 = VECTOR('',#2348,1.);
#2348 = DIRECTION('',(0.997054650451,0.,-7.669435451074E-02));
#2349 = ORIENTED_EDGE('',*,*,#2350,.T.);
#2350 = EDGE_CURVE('',#2341,#2272,#2351,.T.);
#2351 = LINE('',#2352,#2353);
#2352 = CARTESIAN_POINT('',(-41.72777557373,3.257885456085,
    27.030855178833));
#2353 = VECTOR('',#2354,1.);
#2354 = DIRECTION('',(-0.987920263408,0.,0.154963070271));
#2355 = ORIENTED_EDGE('',*,*,#2317,.F.);
#2356 = ORIENTED_EDGE('',*,*,#2357,.T.);
#2357 = EDGE_CURVE('',#2318,#2343,#2358,.T.);
#2358 = LINE('',#2359,#2360);
#2359 = CARTESIAN_POINT('',(-41.72777557373,2.060631275177,
    27.030855178833));
#2360 = VECTOR('',#2361,1.);
#2361 = DIRECTION('',(0.,1.,0.));
#2362 = PLANE('',#2363);
#2363 = AXIS2_PLACEMENT_3D('',#2364,#2365,#2366);
#2364 = CARTESIAN_POINT('',(-41.84392418699,2.74367052089,27.04907400315
    ));
#2365 = DIRECTION('',(0.154963070271,0.,0.987920263408));
#2366 = DIRECTION('',(0.987920263408,0.,-0.154963070271));
#2367 = ADVANCED_FACE('',(#2368),#2393,.T.);
#2368 = FACE_BOUND('',#2369,.T.);
#2369 = EDGE_LOOP('',(#2370,#2378,#2379,#2387));
#2370 = ORIENTED_EDGE('',*,*,#2371,.T.);
#2371 = EDGE_CURVE('',#2372,#2343,#2374,.T.);
#2372 = VERTEX_POINT('',#2373);
#2373 = CARTESIAN_POINT('',(-41.33651351928,2.060631275177,
    27.093454360962));
#2374 = LINE('',#2375,#2376);
#2375 = CARTESIAN_POINT('',(-41.33651351928,2.060631275177,
    27.093454360962));
#2376 = VECTOR('',#2377,1.);
#2377 = DIRECTION('',(-0.310249801824,0.949358283385,-4.963779039981E-02
    ));
#2378 = ORIENTED_EDGE('',*,*,#2357,.F.);
#2379 = ORIENTED_EDGE('',*,*,#2380,.F.);
#2380 = EDGE_CURVE('',#2381,#2318,#2383,.T.);
#2381 = VERTEX_POINT('',#2382);
#2382 = CARTESIAN_POINT('',(-41.53336334495,2.060631275177,
    27.054134720354));
#2383 = LINE('',#2384,#2385);
#2384 = CARTESIAN_POINT('',(-41.53214263916,2.060631275177,
    27.046504974365));
#2385 = VECTOR('',#2386,1.);
#2386 = DIRECTION('',(-0.996815618446,0.,-7.974097329915E-02));
#2387 = ORIENTED_EDGE('',*,*,#2388,.F.);
#2388 = EDGE_CURVE('',#2372,#2381,#2389,.T.);
#2389 = LINE('',#2390,#2391);
#2390 = CARTESIAN_POINT('',(-41.33651351928,2.060631275177,
    27.093454360962));
#2391 = VECTOR('',#2392,1.);
#2392 = DIRECTION('',(-0.972389109149,0.,-0.233365422476));
#2393 = PLANE('',#2394);
#2394 = AXIS2_PLACEMENT_3D('',#2395,#2396,#2397);
#2395 = CARTESIAN_POINT('',(-41.61419425641,2.576165147266,
    27.049027392286));
#2396 = DIRECTION('',(-0.157983742479,0.,0.987441713273));
#2397 = DIRECTION('',(0.987441713273,0.,0.157983742479));
#2398 = ADVANCED_FACE('',(#2399),#2416,.T.);
#2399 = FACE_BOUND('',#2400,.T.);
#2400 = EDGE_LOOP('',(#2401,#2409,#2410));
#2401 = ORIENTED_EDGE('',*,*,#2402,.T.);
#2402 = EDGE_CURVE('',#2403,#2343,#2405,.T.);
#2403 = VERTEX_POINT('',#2404);
#2404 = CARTESIAN_POINT('',(-41.33651351928,3.257885456085,
    27.093454360962));
#2405 = LINE('',#2406,#2407);
#2406 = CARTESIAN_POINT('',(-41.33651351928,3.257885456085,
    27.093454360962));
#2407 = VECTOR('',#2408,1.);
#2408 = DIRECTION('',(-0.987441713273,0.,-0.157983742479));
#2409 = ORIENTED_EDGE('',*,*,#2371,.F.);
#2410 = ORIENTED_EDGE('',*,*,#2411,.T.);
#2411 = EDGE_CURVE('',#2372,#2403,#2412,.T.);
#2412 = LINE('',#2413,#2414);
#2413 = CARTESIAN_POINT('',(-41.33651351928,2.060631275177,
    27.093454360962));
#2414 = VECTOR('',#2415,1.);
#2415 = DIRECTION('',(0.,1.,0.));
#2416 = PLANE('',#2417);
#2417 = AXIS2_PLACEMENT_3D('',#2418,#2419,#2420);
#2418 = CARTESIAN_POINT('',(-41.4500948366,2.742351583996,
    27.075282147509));
#2419 = DIRECTION('',(-0.157983742479,0.,0.987441713273));
#2420 = DIRECTION('',(0.987441713273,0.,0.157983742479));
#2421 = ADVANCED_FACE('',(#2422),#2439,.T.);
#2422 = FACE_BOUND('',#2423,.T.);
#2423 = EDGE_LOOP('',(#2424,#2432,#2433));
#2424 = ORIENTED_EDGE('',*,*,#2425,.T.);
#2425 = EDGE_CURVE('',#2426,#2403,#2428,.T.);
#2426 = VERTEX_POINT('',#2427);
#2427 = CARTESIAN_POINT('',(-41.15653228759,2.060631275177,
    27.179531097412));
#2428 = LINE('',#2429,#2430);
#2429 = CARTESIAN_POINT('',(-41.15653228759,2.060631275177,
    27.179531097412));
#2430 = VECTOR('',#2431,1.);
#2431 = DIRECTION('',(-0.148283699723,0.986398847188,-7.091726632332E-02
    ));
#2432 = ORIENTED_EDGE('',*,*,#2411,.F.);
#2433 = ORIENTED_EDGE('',*,*,#2434,.T.);
#2434 = EDGE_CURVE('',#2372,#2426,#2435,.T.);
#2435 = LINE('',#2436,#2437);
#2436 = CARTESIAN_POINT('',(-41.33651351928,2.060631275177,
    27.093454360962));
#2437 = VECTOR('',#2438,1.);
#2438 = DIRECTION('',(0.902136648487,0.,0.431450422941));
#2439 = PLANE('',#2440);
#2440 = AXIS2_PLACEMENT_3D('',#2441,#2442,#2443);
#2441 = CARTESIAN_POINT('',(-41.28779496425,2.61350913143,
    27.116754202742));
#2442 = DIRECTION('',(-0.431450422941,0.,0.902136648487));
#2443 = DIRECTION('',(0.902136648487,0.,0.431450422941));
#2444 = ADVANCED_FACE('',(#2445),#2462,.T.);
#2445 = FACE_BOUND('',#2446,.T.);
#2446 = EDGE_LOOP('',(#2447,#2455,#2456));
#2447 = ORIENTED_EDGE('',*,*,#2448,.T.);
#2448 = EDGE_CURVE('',#2449,#2403,#2451,.T.);
#2449 = VERTEX_POINT('',#2450);
#2450 = CARTESIAN_POINT('',(-41.16097281933,3.257885456085,
    27.187045740954));
#2451 = LINE('',#2452,#2453);
#2452 = CARTESIAN_POINT('',(-41.15653228759,3.257885456085,
    27.179531097412));
#2453 = VECTOR('',#2454,1.);
#2454 = DIRECTION('',(-0.902136648487,0.,-0.431450422941));
#2455 = ORIENTED_EDGE('',*,*,#2425,.F.);
#2456 = ORIENTED_EDGE('',*,*,#2457,.T.);
#2457 = EDGE_CURVE('',#2426,#2449,#2458,.T.);
#2458 = LINE('',#2459,#2460);
#2459 = CARTESIAN_POINT('',(-41.15653228759,2.060631275177,
    27.179531097412));
#2460 = VECTOR('',#2461,1.);
#2461 = DIRECTION('',(0.,1.,0.));
#2462 = PLANE('',#2463);
#2463 = AXIS2_PLACEMENT_3D('',#2464,#2465,#2466);
#2464 = CARTESIAN_POINT('',(-41.20525084262,2.705007599832,
    27.156231255632));
#2465 = DIRECTION('',(-0.431450422941,0.,0.902136648487));
#2466 = DIRECTION('',(0.902136648487,0.,0.431450422941));
#2467 = ADVANCED_FACE('',(#2468),#2493,.T.);
#2468 = FACE_BOUND('',#2469,.T.);
#2469 = EDGE_LOOP('',(#2470,#2478,#2479,#2487));
#2470 = ORIENTED_EDGE('',*,*,#2471,.T.);
#2471 = EDGE_CURVE('',#2472,#2449,#2474,.T.);
#2472 = VERTEX_POINT('',#2473);
#2473 = CARTESIAN_POINT('',(-40.85135650634,2.060631275177,
    27.43776512146));
#2474 = LINE('',#2475,#2476);
#2475 = CARTESIAN_POINT('',(-40.85135650634,2.060631275177,
    27.43776512146));
#2476 = VECTOR('',#2477,1.);
#2477 = DIRECTION('',(-0.241774333421,0.94851999834,-0.204584907672));
#2478 = ORIENTED_EDGE('',*,*,#2457,.F.);
#2479 = ORIENTED_EDGE('',*,*,#2480,.F.);
#2480 = EDGE_CURVE('',#2481,#2426,#2483,.T.);
#2481 = VERTEX_POINT('',#2482);
#2482 = CARTESIAN_POINT('',(-40.99754917974,2.060631275177,
    27.303225024361));
#2483 = LINE('',#2484,#2485);
#2484 = CARTESIAN_POINT('',(-40.99220657348,2.060631275177,
    27.296911239624));
#2485 = VECTOR('',#2486,1.);
#2486 = DIRECTION('',(-0.813722622104,0.,-0.581253382163));
#2487 = ORIENTED_EDGE('',*,*,#2488,.F.);
#2488 = EDGE_CURVE('',#2472,#2481,#2489,.T.);
#2489 = LINE('',#2490,#2491);
#2490 = CARTESIAN_POINT('',(-40.85135650634,2.060631275177,
    27.43776512146));
#2491 = VECTOR('',#2492,1.);
#2492 = DIRECTION('',(-0.707097205827,0.,-0.707116356416));
#2493 = PLANE('',#2494);
#2494 = AXIS2_PLACEMENT_3D('',#2495,#2496,#2497);
#2495 = CARTESIAN_POINT('',(-41.06783733632,2.57556049999,
    27.254583102145));
#2496 = DIRECTION('',(-0.645954432366,-0.,0.763375969825));
#2497 = DIRECTION('',(0.763375969825,0.,0.645954432366));
#2498 = ADVANCED_FACE('',(#2499),#2524,.T.);
#2499 = FACE_BOUND('',#2500,.T.);
#2500 = EDGE_LOOP('',(#2501,#2511,#2517,#2518));
#2501 = ORIENTED_EDGE('',*,*,#2502,.T.);
#2502 = EDGE_CURVE('',#2503,#2505,#2507,.T.);
#2503 = VERTEX_POINT('',#2504);
#2504 = CARTESIAN_POINT('',(-40.85135650634,3.257885456085,
    27.43776512146));
#2505 = VERTEX_POINT('',#2506);
#2506 = CARTESIAN_POINT('',(-40.99754917974,3.257885456085,
    27.303225024361));
#2507 = LINE('',#2508,#2509);
#2508 = CARTESIAN_POINT('',(-40.85135650634,3.257885456085,
    27.43776512146));
#2509 = VECTOR('',#2510,1.);
#2510 = DIRECTION('',(-0.763375969825,0.,-0.645954432366));
#2511 = ORIENTED_EDGE('',*,*,#2512,.T.);
#2512 = EDGE_CURVE('',#2505,#2449,#2513,.T.);
#2513 = LINE('',#2514,#2515);
#2514 = CARTESIAN_POINT('',(-40.85135650634,3.257885456085,
    27.43776512146));
#2515 = VECTOR('',#2516,1.);
#2516 = DIRECTION('',(-0.763375969825,0.,-0.645954432366));
#2517 = ORIENTED_EDGE('',*,*,#2471,.F.);
#2518 = ORIENTED_EDGE('',*,*,#2519,.T.);
#2519 = EDGE_CURVE('',#2472,#2503,#2520,.T.);
#2520 = LINE('',#2521,#2522);
#2521 = CARTESIAN_POINT('',(-40.85135650634,2.060631275177,
    27.43776512146));
#2522 = VECTOR('',#2523,1.);
#2523 = DIRECTION('',(0.,1.,0.));
#2524 = PLANE('',#2525);
#2525 = AXIS2_PLACEMENT_3D('',#2526,#2527,#2528);
#2526 = CARTESIAN_POINT('',(-40.94005145761,2.742956231272,
    27.362713116727));
#2527 = DIRECTION('',(-0.645954432366,-0.,0.763375969825));
#2528 = DIRECTION('',(0.763375969825,0.,0.645954432366));
#2529 = ADVANCED_FACE('',(#2530),#2555,.T.);
#2530 = FACE_BOUND('',#2531,.T.);
#2531 = EDGE_LOOP('',(#2532,#2540,#2541,#2549));
#2532 = ORIENTED_EDGE('',*,*,#2533,.T.);
#2533 = EDGE_CURVE('',#2534,#2503,#2536,.T.);
#2534 = VERTEX_POINT('',#2535);
#2535 = CARTESIAN_POINT('',(-40.64789581298,2.060631275177,
    27.782072067261));
#2536 = LINE('',#2537,#2538);
#2537 = CARTESIAN_POINT('',(-40.64789581298,2.060631275177,
    27.782072067261));
#2538 = VECTOR('',#2539,1.);
#2539 = DIRECTION('',(-0.161184551458,0.948482357672,-0.272765022602));
#2540 = ORIENTED_EDGE('',*,*,#2519,.F.);
#2541 = ORIENTED_EDGE('',*,*,#2542,.F.);
#2542 = EDGE_CURVE('',#2543,#2472,#2545,.T.);
#2543 = VERTEX_POINT('',#2544);
#2544 = CARTESIAN_POINT('',(-40.74148582314,2.060631275177,
    27.606535582891));
#2545 = LINE('',#2546,#2547);
#2546 = CARTESIAN_POINT('',(-40.73397064209,2.060631275177,
    27.602094650269));
#2547 = VECTOR('',#2548,1.);
#2548 = DIRECTION('',(-0.581263209076,0.,-0.813715602514));
#2549 = ORIENTED_EDGE('',*,*,#2550,.F.);
#2550 = EDGE_CURVE('',#2534,#2543,#2551,.T.);
#2551 = LINE('',#2552,#2553);
#2552 = CARTESIAN_POINT('',(-40.64789581298,2.060631275177,
    27.782072067261));
#2553 = VECTOR('',#2554,1.);
#2554 = DIRECTION('',(-0.431450084534,0.,-0.902136810332));
#2555 = PLANE('',#2556);
#2556 = AXIS2_PLACEMENT_3D('',#2557,#2558,#2559);
#2557 = CARTESIAN_POINT('',(-40.79222048043,2.575533490051,
    27.537838232059));
#2558 = DIRECTION('',(-0.860919312228,-0.,0.508741523599));
#2559 = DIRECTION('',(-0.508741523599,0.,-0.860919312228));
#2560 = ADVANCED_FACE('',(#2561),#2578,.T.);
#2561 = FACE_BOUND('',#2562,.T.);
#2562 = EDGE_LOOP('',(#2563,#2571,#2572));
#2563 = ORIENTED_EDGE('',*,*,#2564,.T.);
#2564 = EDGE_CURVE('',#2565,#2503,#2567,.T.);
#2565 = VERTEX_POINT('',#2566);
#2566 = CARTESIAN_POINT('',(-40.73397064209,3.257885456085,
    27.602094650269));
#2567 = LINE('',#2568,#2569);
#2568 = CARTESIAN_POINT('',(-40.73397064209,3.257885456085,
    27.602094650269));
#2569 = VECTOR('',#2570,1.);
#2570 = DIRECTION('',(-0.581263209076,0.,-0.813715602514));
#2571 = ORIENTED_EDGE('',*,*,#2533,.F.);
#2572 = ORIENTED_EDGE('',*,*,#2573,.T.);
#2573 = EDGE_CURVE('',#2534,#2565,#2574,.T.);
#2574 = LINE('',#2575,#2576);
#2575 = CARTESIAN_POINT('',(-40.64789581298,2.060631275177,
    27.782072067261));
#2576 = VECTOR('',#2577,1.);
#2577 = DIRECTION('',(-7.09157358407E-02,0.986399416806,-0.148280642482)
  );
#2578 = PLANE('',#2579);
#2579 = AXIS2_PLACEMENT_3D('',#2580,#2581,#2582);
#2580 = CARTESIAN_POINT('',(-40.72626993646,2.704401265617,
    27.640372448383));
#2581 = DIRECTION('',(-0.81337652958,2.886556027868E-02,0.58102099838));
#2582 = DIRECTION('',(-0.581263209076,1.740650810356E-18,-0.813715602514
    ));
#2583 = ADVANCED_FACE('',(#2584),#2601,.T.);
#2584 = FACE_BOUND('',#2585,.T.);
#2585 = EDGE_LOOP('',(#2586,#2594,#2595));
#2586 = ORIENTED_EDGE('',*,*,#2587,.T.);
#2587 = EDGE_CURVE('',#2588,#2565,#2590,.T.);
#2588 = VERTEX_POINT('',#2589);
#2589 = CARTESIAN_POINT('',(-40.64789581298,3.257885456085,
    27.782072067261));
#2590 = LINE('',#2591,#2592);
#2591 = CARTESIAN_POINT('',(-40.64789581298,3.257885456085,
    27.782072067261));
#2592 = VECTOR('',#2593,1.);
#2593 = DIRECTION('',(-0.431450084534,0.,-0.902136810332));
#2594 = ORIENTED_EDGE('',*,*,#2573,.F.);
#2595 = ORIENTED_EDGE('',*,*,#2596,.T.);
#2596 = EDGE_CURVE('',#2534,#2588,#2597,.T.);
#2597 = LINE('',#2598,#2599);
#2598 = CARTESIAN_POINT('',(-40.64789581298,2.060631275177,
    27.782072067261));
#2599 = VECTOR('',#2600,1.);
#2600 = DIRECTION('',(0.,1.,0.));
#2601 = PLANE('',#2602);
#2602 = AXIS2_PLACEMENT_3D('',#2603,#2604,#2605);
#2603 = CARTESIAN_POINT('',(-40.67119510093,2.705006708985,
    27.733354623316));
#2604 = DIRECTION('',(-0.902136810332,-0.,0.431450084534));
#2605 = DIRECTION('',(-0.431450084534,0.,-0.902136810332));
#2606 = ADVANCED_FACE('',(#2607),#2624,.T.);
#2607 = FACE_BOUND('',#2608,.T.);
#2608 = EDGE_LOOP('',(#2609,#2617,#2618));
#2609 = ORIENTED_EDGE('',*,*,#2610,.T.);
#2610 = EDGE_CURVE('',#2611,#2588,#2613,.T.);
#2611 = VERTEX_POINT('',#2612);
#2612 = CARTESIAN_POINT('',(-40.60094833374,2.060631275177,
    27.977701187134));
#2613 = LINE('',#2614,#2615);
#2614 = CARTESIAN_POINT('',(-40.60094833374,2.060631275177,
    27.977701187134));
#2615 = VECTOR('',#2616,1.);
#2616 = DIRECTION('',(-3.867046461985E-02,0.98617383053,-0.161138980832)
  );
#2617 = ORIENTED_EDGE('',*,*,#2596,.F.);
#2618 = ORIENTED_EDGE('',*,*,#2619,.T.);
#2619 = EDGE_CURVE('',#2534,#2611,#2620,.T.);
#2620 = LINE('',#2621,#2622);
#2621 = CARTESIAN_POINT('',(-40.64789581298,2.060631275177,
    27.782072067261));
#2622 = VECTOR('',#2623,1.);
#2623 = DIRECTION('',(0.233356458137,0.,0.972391260474));
#2624 = PLANE('',#2625);
#2625 = AXIS2_PLACEMENT_3D('',#2626,#2627,#2628);
#2626 = CARTESIAN_POINT('',(-40.63517969088,2.613158859305,
    27.835059870133));
#2627 = DIRECTION('',(-0.972391260474,-0.,0.233356458137));
#2628 = DIRECTION('',(-0.233356458137,0.,-0.972391260474));
#2629 = ADVANCED_FACE('',(#2630),#2647,.T.);
#2630 = FACE_BOUND('',#2631,.T.);
#2631 = EDGE_LOOP('',(#2632,#2640,#2641));
#2632 = ORIENTED_EDGE('',*,*,#2633,.T.);
#2633 = EDGE_CURVE('',#2634,#2588,#2636,.T.);
#2634 = VERTEX_POINT('',#2635);
#2635 = CARTESIAN_POINT('',(-40.60094833374,3.257885456085,
    27.977701187134));
#2636 = LINE('',#2637,#2638);
#2637 = CARTESIAN_POINT('',(-40.60094833374,3.257885456085,
    27.977701187134));
#2638 = VECTOR('',#2639,1.);
#2639 = DIRECTION('',(-0.233356458137,0.,-0.972391260474));
#2640 = ORIENTED_EDGE('',*,*,#2610,.F.);
#2641 = ORIENTED_EDGE('',*,*,#2642,.T.);
#2642 = EDGE_CURVE('',#2611,#2634,#2643,.T.);
#2643 = LINE('',#2644,#2645);
#2644 = CARTESIAN_POINT('',(-40.60094833374,2.060631275177,
    27.977701187134));
#2645 = VECTOR('',#2646,1.);
#2646 = DIRECTION('',(0.,1.,0.));
#2647 = PLANE('',#2648);
#2648 = AXIS2_PLACEMENT_3D('',#2649,#2650,#2651);
#2649 = CARTESIAN_POINT('',(-40.61366445584,2.705357871957,
    27.924713384261));
#2650 = DIRECTION('',(-0.972391260474,-0.,0.233356458137));
#2651 = DIRECTION('',(-0.233356458137,0.,-0.972391260474));
#2652 = ADVANCED_FACE('',(#2653),#2668,.T.);
#2653 = FACE_BOUND('',#2654,.T.);
#2654 = EDGE_LOOP('',(#2655,#2661,#2662));
#2655 = ORIENTED_EDGE('',*,*,#2656,.T.);
#2656 = EDGE_CURVE('',#1403,#2634,#2657,.T.);
#2657 = LINE('',#2658,#2659);
#2658 = CARTESIAN_POINT('',(-40.57747268676,3.257885456085,
    28.181154251099));
#2659 = VECTOR('',#2660,1.);
#2660 = DIRECTION('',(-0.114625521943,0.,-0.993408772721));
#2661 = ORIENTED_EDGE('',*,*,#2642,.F.);
#2662 = ORIENTED_EDGE('',*,*,#2663,.T.);
#2663 = EDGE_CURVE('',#2611,#1403,#2664,.T.);
#2664 = LINE('',#2665,#2666);
#2665 = CARTESIAN_POINT('',(-40.60094833374,2.060631275177,
    27.977701187134));
#2666 = VECTOR('',#2667,1.);
#2667 = DIRECTION('',(1.932717141288E-02,0.98568260147,0.16750005852));
#2668 = PLANE('',#2669);
#2669 = AXIS2_PLACEMENT_3D('',#2670,#2671,#2672);
#2670 = CARTESIAN_POINT('',(-40.5945810717,2.706111469167,
    28.032883435035));
#2671 = DIRECTION('',(-0.993408772721,-0.,0.114625521943));
#2672 = DIRECTION('',(-0.114625521943,0.,-0.993408772721));
#2673 = ADVANCED_FACE('',(#2674),#2684,.T.);
#2674 = FACE_BOUND('',#2675,.T.);
#2675 = EDGE_LOOP('',(#2676,#2677,#2678));
#2676 = ORIENTED_EDGE('',*,*,#1410,.F.);
#2677 = ORIENTED_EDGE('',*,*,#2663,.F.);
#2678 = ORIENTED_EDGE('',*,*,#2679,.T.);
#2679 = EDGE_CURVE('',#2611,#1393,#2680,.T.);
#2680 = LINE('',#2681,#2682);
#2681 = CARTESIAN_POINT('',(-40.60094833374,2.060631275177,
    27.977701187134));
#2682 = VECTOR('',#2683,1.);
#2683 = DIRECTION('',(0.114625521943,0.,0.993408772721));
#2684 = PLANE('',#2685);
#2685 = AXIS2_PLACEMENT_3D('',#2686,#2687,#2688);
#2686 = CARTESIAN_POINT('',(-40.5838399488,2.612405262095,
    28.125972003198));
#2687 = DIRECTION('',(-0.993408772721,-0.,0.114625521943));
#2688 = DIRECTION('',(-0.114625521943,0.,-0.993408772721));
#2689 = ADVANCED_FACE('',(#2690),#2708,.T.);
#2690 = FACE_BOUND('',#2691,.T.);
#2691 = EDGE_LOOP('',(#2692,#2693,#2694,#2702));
#2692 = ORIENTED_EDGE('',*,*,#2448,.F.);
#2693 = ORIENTED_EDGE('',*,*,#2512,.F.);
#2694 = ORIENTED_EDGE('',*,*,#2695,.F.);
#2695 = EDGE_CURVE('',#2696,#2505,#2698,.T.);
#2696 = VERTEX_POINT('',#2697);
#2697 = CARTESIAN_POINT('',(-28.52667045593,3.257885456085,
    -12.39246463775));
#2698 = LINE('',#2699,#2700);
#2699 = CARTESIAN_POINT('',(-28.52667045593,3.257885456085,
    -12.39246463775));
#2700 = VECTOR('',#2701,1.);
#2701 = DIRECTION('',(-0.299645718074,0.,0.954050545642));
#2702 = ORIENTED_EDGE('',*,*,#2703,.T.);
#2703 = EDGE_CURVE('',#2696,#2403,#2704,.T.);
#2704 = LINE('',#2705,#2706);
#2705 = CARTESIAN_POINT('',(-28.52667045593,3.257885456085,
    -12.39246463775));
#2706 = VECTOR('',#2707,1.);
#2707 = DIRECTION('',(-0.308583145093,0.,0.951197373085));
#2708 = PLANE('',#2709);
#2709 = AXIS2_PLACEMENT_3D('',#2710,#2711,#2712);
#2710 = CARTESIAN_POINT('',(-34.87568324676,3.257885456085,7.49620251572
    ));
#2711 = DIRECTION('',(0.,1.,0.));
#2712 = DIRECTION('',(0.,-0.,1.));
#2713 = ADVANCED_FACE('',(#2714),#2740,.T.);
#2714 = FACE_BOUND('',#2715,.T.);
#2715 = EDGE_LOOP('',(#2716,#2726,#2734));
#2716 = ORIENTED_EDGE('',*,*,#2717,.T.);
#2717 = EDGE_CURVE('',#2718,#2720,#2722,.T.);
#2718 = VERTEX_POINT('',#2719);
#2719 = CARTESIAN_POINT('',(-27.18073844909,2.060631275177,
    -13.51929283142));
#2720 = VERTEX_POINT('',#2721);
#2721 = CARTESIAN_POINT('',(-27.19639205932,2.060631275177,
    -13.32366275787));
#2722 = LINE('',#2723,#2724);
#2723 = CARTESIAN_POINT('',(-27.18073844909,2.060631275177,
    -13.51929283142));
#2724 = VECTOR('',#2725,1.);
#2725 = DIRECTION('',(-7.976144587263E-02,0.,0.996813980516));
#2726 = ORIENTED_EDGE('',*,*,#2727,.T.);
#2727 = EDGE_CURVE('',#2720,#2728,#2730,.T.);
#2728 = VERTEX_POINT('',#2729);
#2729 = CARTESIAN_POINT('',(-27.18073844909,3.257885456085,
    -13.51929283142));
#2730 = LINE('',#2731,#2732);
#2731 = CARTESIAN_POINT('',(-27.19639205932,2.060631275177,
    -13.32366275787));
#2732 = VECTOR('',#2733,1.);
#2733 = DIRECTION('',(1.290239657158E-02,0.986829748064,-0.161246942605)
  );
#2734 = ORIENTED_EDGE('',*,*,#2735,.T.);
#2735 = EDGE_CURVE('',#2728,#2718,#2736,.T.);
#2736 = LINE('',#2737,#2738);
#2737 = CARTESIAN_POINT('',(-27.18073844909,3.257885456085,
    -13.51929283142));
#2738 = VECTOR('',#2739,1.);
#2739 = DIRECTION('',(0.,-1.,0.));
#2740 = PLANE('',#2741);
#2741 = AXIS2_PLACEMENT_3D('',#2742,#2743,#2744);
#2742 = CARTESIAN_POINT('',(-27.18497047033,2.614189174188,
    -13.46640339476));
#2743 = DIRECTION('',(-0.996813980516,-0.,-7.976144587263E-02));
#2744 = DIRECTION('',(7.976144587263E-02,0.,-0.996813980516));
#2745 = ADVANCED_FACE('',(#2746),#2763,.T.);
#2746 = FACE_BOUND('',#2747,.T.);
#2747 = EDGE_LOOP('',(#2748,#2756,#2757));
#2748 = ORIENTED_EDGE('',*,*,#2749,.T.);
#2749 = EDGE_CURVE('',#2750,#2728,#2752,.T.);
#2750 = VERTEX_POINT('',#2751);
#2751 = CARTESIAN_POINT('',(-27.20586595465,3.257885456085,
    -13.32536815417));
#2752 = LINE('',#2753,#2754);
#2753 = CARTESIAN_POINT('',(-27.19639205932,3.257885456085,
    -13.32366275787));
#2754 = VECTOR('',#2755,1.);
#2755 = DIRECTION('',(7.976144587263E-02,0.,-0.996813980516));
#2756 = ORIENTED_EDGE('',*,*,#2727,.F.);
#2757 = ORIENTED_EDGE('',*,*,#2758,.T.);
#2758 = EDGE_CURVE('',#2720,#2750,#2759,.T.);
#2759 = LINE('',#2760,#2761);
#2760 = CARTESIAN_POINT('',(-27.19639205932,2.060631275177,
    -13.32366275787));
#2761 = VECTOR('',#2762,1.);
#2762 = DIRECTION('',(0.,1.,0.));
#2763 = PLANE('',#2764);
#2764 = AXIS2_PLACEMENT_3D('',#2765,#2766,#2767);
#2765 = CARTESIAN_POINT('',(-27.19216003808,2.704327557074,
    -13.37655219452));
#2766 = DIRECTION('',(-0.996813980516,-0.,-7.976144587263E-02));
#2767 = DIRECTION('',(7.976144587263E-02,0.,-0.996813980516));
#2768 = ADVANCED_FACE('',(#2769),#2786,.T.);
#2769 = FACE_BOUND('',#2770,.T.);
#2770 = EDGE_LOOP('',(#2771,#2779,#2780));
#2771 = ORIENTED_EDGE('',*,*,#2772,.T.);
#2772 = EDGE_CURVE('',#2773,#2750,#2775,.T.);
#2773 = VERTEX_POINT('',#2774);
#2774 = CARTESIAN_POINT('',(-27.25116920471,2.060631275177,
    -13.12803268432));
#2775 = LINE('',#2776,#2777);
#2776 = CARTESIAN_POINT('',(-27.25116920471,2.060631275177,
    -13.12803268432));
#2777 = VECTOR('',#2778,1.);
#2778 = DIRECTION('',(4.510753980361E-02,0.985907356801,-0.161096224843)
  );
#2779 = ORIENTED_EDGE('',*,*,#2758,.F.);
#2780 = ORIENTED_EDGE('',*,*,#2781,.T.);
#2781 = EDGE_CURVE('',#2720,#2773,#2782,.T.);
#2782 = LINE('',#2783,#2784);
#2783 = CARTESIAN_POINT('',(-27.19639205932,2.060631275177,
    -13.32366275787));
#2784 = VECTOR('',#2785,1.);
#2785 = DIRECTION('',(-0.269633233841,0.,0.962963093378));
#2786 = PLANE('',#2787);
#2787 = AXIS2_PLACEMENT_3D('',#2788,#2789,#2790);
#2788 = CARTESIAN_POINT('',(-27.21123994804,2.612748208871,
    -13.27063528552));
#2789 = DIRECTION('',(-0.962963093378,-0.,-0.269633233841));
#2790 = DIRECTION('',(0.269633233841,0.,-0.962963093378));
#2791 = ADVANCED_FACE('',(#2792),#2809,.T.);
#2792 = FACE_BOUND('',#2793,.T.);
#2793 = EDGE_LOOP('',(#2794,#2802,#2803));
#2794 = ORIENTED_EDGE('',*,*,#2795,.T.);
#2795 = EDGE_CURVE('',#2796,#2750,#2798,.T.);
#2796 = VERTEX_POINT('',#2797);
#2797 = CARTESIAN_POINT('',(-27.25116920471,3.257885456085,
    -13.12803268432));
#2798 = LINE('',#2799,#2800);
#2799 = CARTESIAN_POINT('',(-27.25116920471,3.257885456085,
    -13.12803268432));
#2800 = VECTOR('',#2801,1.);
#2801 = DIRECTION('',(0.269633233841,0.,-0.962963093378));
#2802 = ORIENTED_EDGE('',*,*,#2772,.F.);
#2803 = ORIENTED_EDGE('',*,*,#2804,.T.);
#2804 = EDGE_CURVE('',#2773,#2796,#2805,.T.);
#2805 = LINE('',#2806,#2807);
#2806 = CARTESIAN_POINT('',(-27.25116920471,2.060631275177,
    -13.12803268432));
#2807 = VECTOR('',#2808,1.);
#2808 = DIRECTION('',(0.,1.,0.));
#2809 = PLANE('',#2810);
#2810 = AXIS2_PLACEMENT_3D('',#2811,#2812,#2813);
#2811 = CARTESIAN_POINT('',(-27.23632131599,2.705768522392,
    -13.18106015667));
#2812 = DIRECTION('',(-0.962963093378,-0.,-0.269633233841));
#2813 = DIRECTION('',(0.269633233841,0.,-0.962963093378));
#2814 = ADVANCED_FACE('',(#2815),#2832,.T.);
#2815 = FACE_BOUND('',#2816,.T.);
#2816 = EDGE_LOOP('',(#2817,#2825,#2826));
#2817 = ORIENTED_EDGE('',*,*,#2818,.T.);
#2818 = EDGE_CURVE('',#2819,#2796,#2821,.T.);
#2819 = VERTEX_POINT('',#2820);
#2820 = CARTESIAN_POINT('',(-27.33724594116,2.060631275177,
    -12.94805335998));
#2821 = LINE('',#2822,#2823);
#2822 = CARTESIAN_POINT('',(-27.33724594116,2.060631275177,
    -12.94805335998));
#2823 = VECTOR('',#2824,1.);
#2824 = DIRECTION('',(7.091728284824E-02,0.986399077036,-0.148282162841)
  );
#2825 = ORIENTED_EDGE('',*,*,#2804,.F.);
#2826 = ORIENTED_EDGE('',*,*,#2827,.T.);
#2827 = EDGE_CURVE('',#2773,#2819,#2828,.T.);
#2828 = LINE('',#2829,#2830);
#2829 = CARTESIAN_POINT('',(-27.25116920471,2.060631275177,
    -13.12803268432));
#2830 = VECTOR('',#2831,1.);
#2831 = DIRECTION('',(-0.43145414413,0.,0.902134868804));
#2832 = PLANE('',#2833);
#2833 = AXIS2_PLACEMENT_3D('',#2834,#2835,#2836);
#2834 = CARTESIAN_POINT('',(-27.27446903134,2.613509490895,
    -13.07931467726));
#2835 = DIRECTION('',(-0.902134868804,-0.,-0.43145414413));
#2836 = DIRECTION('',(0.43145414413,0.,-0.902134868804));
#2837 = ADVANCED_FACE('',(#2838),#2855,.T.);
#2838 = FACE_BOUND('',#2839,.T.);
#2839 = EDGE_LOOP('',(#2840,#2848,#2849));
#2840 = ORIENTED_EDGE('',*,*,#2841,.T.);
#2841 = EDGE_CURVE('',#2842,#2796,#2844,.T.);
#2842 = VERTEX_POINT('',#2843);
#2843 = CARTESIAN_POINT('',(-27.34336315141,3.257885456085,
    -12.95152904108));
#2844 = LINE('',#2845,#2846);
#2845 = CARTESIAN_POINT('',(-27.33724594116,3.257885456085,
    -12.94805335998));
#2846 = VECTOR('',#2847,1.);
#2847 = DIRECTION('',(0.43145414413,0.,-0.902134868804));
#2848 = ORIENTED_EDGE('',*,*,#2818,.F.);
#2849 = ORIENTED_EDGE('',*,*,#2850,.T.);
#2850 = EDGE_CURVE('',#2819,#2842,#2851,.T.);
#2851 = LINE('',#2852,#2853);
#2852 = CARTESIAN_POINT('',(-27.33724594116,2.060631275177,
    -12.94805335998));
#2853 = VECTOR('',#2854,1.);
#2854 = DIRECTION('',(0.,1.,0.));
#2855 = PLANE('',#2856);
#2856 = AXIS2_PLACEMENT_3D('',#2857,#2858,#2859);
#2857 = CARTESIAN_POINT('',(-27.31394611453,2.705007240367,
    -12.99677136704));
#2858 = DIRECTION('',(-0.902134868804,-0.,-0.43145414413));
#2859 = DIRECTION('',(0.43145414413,0.,-0.902134868804));
#2860 = ADVANCED_FACE('',(#2861),#2878,.T.);
#2861 = FACE_BOUND('',#2862,.T.);
#2862 = EDGE_LOOP('',(#2863,#2871,#2872));
#2863 = ORIENTED_EDGE('',*,*,#2864,.T.);
#2864 = EDGE_CURVE('',#2865,#2842,#2867,.T.);
#2865 = VERTEX_POINT('',#2866);
#2866 = CARTESIAN_POINT('',(-27.44679832458,3.257885456085,
    -12.78372478485));
#2867 = LINE('',#2868,#2869);
#2868 = CARTESIAN_POINT('',(-27.44679832458,3.257885456085,
    -12.78372478485));
#2869 = VECTOR('',#2870,1.);
#2870 = DIRECTION('',(0.554700196225,0.,-0.832050294338));
#2871 = ORIENTED_EDGE('',*,*,#2850,.F.);
#2872 = ORIENTED_EDGE('',*,*,#2873,.T.);
#2873 = EDGE_CURVE('',#2819,#2865,#2874,.T.);
#2874 = LINE('',#2875,#2876);
#2875 = CARTESIAN_POINT('',(-27.33724594116,2.060631275177,
    -12.94805335998));
#2876 = VECTOR('',#2877,1.);
#2877 = DIRECTION('',(-9.028290146258E-02,0.986665719753,0.135424352194)
  );
#2878 = PLANE('',#2879);
#2879 = AXIS2_PLACEMENT_3D('',#2880,#2881,#2882);
#2880 = CARTESIAN_POINT('',(-27.36687783746,2.704587888829,
    -12.90360551553));
#2881 = DIRECTION('',(-0.832050294338,-0.,-0.554700196225));
#2882 = DIRECTION('',(0.554700196225,0.,-0.832050294338));
#2883 = ADVANCED_FACE('',(#2884),#2909,.T.);
#2884 = FACE_BOUND('',#2885,.T.);
#2885 = EDGE_LOOP('',(#2886,#2894,#2895,#2903));
#2886 = ORIENTED_EDGE('',*,*,#2887,.T.);
#2887 = EDGE_CURVE('',#2888,#2865,#2890,.T.);
#2888 = VERTEX_POINT('',#2889);
#2889 = CARTESIAN_POINT('',(-27.58765220642,2.060631275177,
    -12.64287185668));
#2890 = LINE('',#2891,#2892);
#2891 = CARTESIAN_POINT('',(-27.58765220642,2.060631275177,
    -12.64287185668));
#2892 = VECTOR('',#2893,1.);
#2893 = DIRECTION('',(0.116052141024,0.986440055707,-0.116051355274));
#2894 = ORIENTED_EDGE('',*,*,#2873,.F.);
#2895 = ORIENTED_EDGE('',*,*,#2896,.F.);
#2896 = EDGE_CURVE('',#2897,#2819,#2899,.T.);
#2897 = VERTEX_POINT('',#2898);
#2898 = CARTESIAN_POINT('',(-27.45435304615,2.060631275177,
    -12.78992355375));
#2899 = LINE('',#2900,#2901);
#2900 = CARTESIAN_POINT('',(-27.44679832458,2.060631275177,
    -12.78372478485));
#2901 = VECTOR('',#2902,1.);
#2902 = DIRECTION('',(0.554700196225,0.,-0.832050294338));
#2903 = ORIENTED_EDGE('',*,*,#2904,.F.);
#2904 = EDGE_CURVE('',#2888,#2897,#2905,.T.);
#2905 = LINE('',#2906,#2907);
#2906 = CARTESIAN_POINT('',(-27.58765220642,2.060631275177,
    -12.64287185668));
#2907 = VECTOR('',#2908,1.);
#2908 = DIRECTION('',(0.707109174982,0.,-0.707104387383));
#2909 = PLANE('',#2910);
#2910 = AXIS2_PLACEMENT_3D('',#2911,#2912,#2913);
#2911 = CARTESIAN_POINT('',(-27.45572456953,2.575514850013,
    -12.79040720885));
#2912 = DIRECTION('',(-0.772969228041,1.632240579524E-02,-0.634233515017
    ));
#2913 = DIRECTION('',(0.634318018445,-4.940184427319E-19,-0.77307221621)
  );
#2914 = ADVANCED_FACE('',(#2915),#2932,.T.);
#2915 = FACE_BOUND('',#2916,.T.);
#2916 = EDGE_LOOP('',(#2917,#2925,#2926));
#2917 = ORIENTED_EDGE('',*,*,#2918,.T.);
#2918 = EDGE_CURVE('',#2919,#2865,#2921,.T.);
#2919 = VERTEX_POINT('',#2920);
#2920 = CARTESIAN_POINT('',(-27.75198173522,3.257885456085,
    -12.52549362182));
#2921 = LINE('',#2922,#2923);
#2922 = CARTESIAN_POINT('',(-27.75198173522,3.257885456085,
    -12.52549362182));
#2923 = VECTOR('',#2924,1.);
#2924 = DIRECTION('',(0.763387461679,0.,-0.645940851279));
#2925 = ORIENTED_EDGE('',*,*,#2887,.F.);
#2926 = ORIENTED_EDGE('',*,*,#2927,.T.);
#2927 = EDGE_CURVE('',#2888,#2919,#2928,.T.);
#2928 = LINE('',#2929,#2930);
#2929 = CARTESIAN_POINT('',(-27.58765220642,2.060631275177,
    -12.64287185668));
#2930 = VECTOR('',#2931,1.);
#2931 = DIRECTION('',(-0.135343527768,0.986071131912,9.667394840561E-02)
  );
#2932 = PLANE('',#2933);
#2933 = AXIS2_PLACEMENT_3D('',#2934,#2935,#2936);
#2934 = CARTESIAN_POINT('',(-27.59436312056,2.743892603186,
    -12.64955987905));
#2935 = DIRECTION('',(-0.645879204805,-1.38153656107E-02,-0.763314606485
    ));
#2936 = DIRECTION('',(-0.763387461679,-3.437486514376E-19,0.645940851279
    ));
#2937 = ADVANCED_FACE('',(#2938),#2963,.T.);
#2938 = FACE_BOUND('',#2939,.T.);
#2939 = EDGE_LOOP('',(#2940,#2948,#2949,#2957));
#2940 = ORIENTED_EDGE('',*,*,#2941,.T.);
#2941 = EDGE_CURVE('',#2942,#2919,#2944,.T.);
#2942 = VERTEX_POINT('',#2943);
#2943 = CARTESIAN_POINT('',(-27.93978118896,2.060631275177,
    -12.43941688537));
#2944 = LINE('',#2945,#2946);
#2945 = CARTESIAN_POINT('',(-27.93978118896,2.060631275177,
    -12.43941688537));
#2946 = VECTOR('',#2947,1.);
#2947 = DIRECTION('',(0.15457423625,0.985437640683,-7.084816026354E-02)
  );
#2948 = ORIENTED_EDGE('',*,*,#2927,.F.);
#2949 = ORIENTED_EDGE('',*,*,#2950,.F.);
#2950 = EDGE_CURVE('',#2951,#2888,#2953,.T.);
#2951 = VERTEX_POINT('',#2952);
#2952 = CARTESIAN_POINT('',(-27.75684002611,2.060631275177,
    -12.53390209184));
#2953 = LINE('',#2954,#2955);
#2954 = CARTESIAN_POINT('',(-27.75198173522,2.060631275177,
    -12.52549362182));
#2955 = VECTOR('',#2956,1.);
#2956 = DIRECTION('',(0.813733471207,0.,-0.581238193719));
#2957 = ORIENTED_EDGE('',*,*,#2958,.F.);
#2958 = EDGE_CURVE('',#2942,#2951,#2959,.T.);
#2959 = LINE('',#2960,#2961);
#2960 = CARTESIAN_POINT('',(-27.93978118896,2.060631275177,
    -12.43941688537));
#2961 = VECTOR('',#2962,1.);
#2962 = DIRECTION('',(0.909061180114,0.,-0.416662658285));
#2963 = PLANE('',#2964);
#2964 = AXIS2_PLACEMENT_3D('',#2965,#2966,#2967);
#2965 = CARTESIAN_POINT('',(-27.75871490023,2.573409448226,
    -12.53442723102));
#2966 = DIRECTION('',(-0.500216705838,1.622014306883E-02,-0.865748320333
    ));
#2967 = DIRECTION('',(-0.865862228989,-6.415755747673E-20,0.500282520592
    ));
#2968 = ADVANCED_FACE('',(#2969),#2986,.T.);
#2969 = FACE_BOUND('',#2970,.T.);
#2970 = EDGE_LOOP('',(#2971,#2979,#2980));
#2971 = ORIENTED_EDGE('',*,*,#2972,.T.);
#2972 = EDGE_CURVE('',#2973,#2919,#2975,.T.);
#2973 = VERTEX_POINT('',#2974);
#2974 = CARTESIAN_POINT('',(-27.94285948621,3.257885456085,
    -12.44810843915));
#2975 = LINE('',#2976,#2977);
#2976 = CARTESIAN_POINT('',(-27.93978118896,3.257885456085,
    -12.43941688537));
#2977 = VECTOR('',#2978,1.);
#2978 = DIRECTION('',(0.909061180114,0.,-0.416662658285));
#2979 = ORIENTED_EDGE('',*,*,#2941,.F.);
#2980 = ORIENTED_EDGE('',*,*,#2981,.T.);
#2981 = EDGE_CURVE('',#2942,#2973,#2982,.T.);
#2982 = LINE('',#2983,#2984);
#2983 = CARTESIAN_POINT('',(-27.93978118896,2.060631275177,
    -12.43941688537));
#2984 = VECTOR('',#2985,1.);
#2985 = DIRECTION('',(0.,1.,0.));
#2986 = PLANE('',#2987);
#2987 = AXIS2_PLACEMENT_3D('',#2988,#2989,#2990);
#2988 = CARTESIAN_POINT('',(-27.88881043657,2.706481781854,
    -12.46277901946));
#2989 = DIRECTION('',(-0.416662658285,-0.,-0.909061180114));
#2990 = DIRECTION('',(-0.909061180114,0.,0.416662658285));
#2991 = ADVANCED_FACE('',(#2992),#3009,.T.);
#2992 = FACE_BOUND('',#2993,.T.);
#2993 = EDGE_LOOP('',(#2994,#3002,#3003));
#2994 = ORIENTED_EDGE('',*,*,#2995,.T.);
#2995 = EDGE_CURVE('',#2996,#2973,#2998,.T.);
#2996 = VERTEX_POINT('',#2997);
#2997 = CARTESIAN_POINT('',(-28.12758827209,2.060631275177,
    -12.39246463775));
#2998 = LINE('',#2999,#3000);
#2999 = CARTESIAN_POINT('',(-28.12758827209,2.060631275177,
    -12.39246463775));
#3000 = VECTOR('',#3001,1.);
#3001 = DIRECTION('',(0.154853612156,0.987178606325,-3.871379620809E-02)
  );
#3002 = ORIENTED_EDGE('',*,*,#2981,.F.);
#3003 = ORIENTED_EDGE('',*,*,#3004,.T.);
#3004 = EDGE_CURVE('',#2942,#2996,#3005,.T.);
#3005 = LINE('',#3006,#3007);
#3006 = CARTESIAN_POINT('',(-27.93978118896,2.060631275177,
    -12.43941688537));
#3007 = VECTOR('',#3008,1.);
#3008 = DIRECTION('',(-0.970141920574,0.,0.242537943308));
#3009 = PLANE('',#3010);
#3010 = AXIS2_PLACEMENT_3D('',#3011,#3012,#3013);
#3011 = CARTESIAN_POINT('',(-27.99050434711,2.614749018601,
    -12.42673596705));
#3012 = DIRECTION('',(-0.242537943308,-0.,-0.970141920574));
#3013 = DIRECTION('',(-0.970141920574,0.,0.242537943308));
#3014 = ADVANCED_FACE('',(#3015),#3032,.T.);
#3015 = FACE_BOUND('',#3016,.T.);
#3016 = EDGE_LOOP('',(#3017,#3025,#3026));
#3017 = ORIENTED_EDGE('',*,*,#3018,.T.);
#3018 = EDGE_CURVE('',#3019,#2973,#3021,.T.);
#3019 = VERTEX_POINT('',#3020);
#3020 = CARTESIAN_POINT('',(-28.12758827209,3.257885456085,
    -12.39246463775));
#3021 = LINE('',#3022,#3023);
#3022 = CARTESIAN_POINT('',(-28.12758827209,3.257885456085,
    -12.39246463775));
#3023 = VECTOR('',#3024,1.);
#3024 = DIRECTION('',(0.970141920574,0.,-0.242537943308));
#3025 = ORIENTED_EDGE('',*,*,#2995,.F.);
#3026 = ORIENTED_EDGE('',*,*,#3027,.T.);
#3027 = EDGE_CURVE('',#2996,#3019,#3028,.T.);
#3028 = LINE('',#3029,#3030);
#3029 = CARTESIAN_POINT('',(-28.12758827209,2.060631275177,
    -12.39246463775));
#3030 = VECTOR('',#3031,1.);
#3031 = DIRECTION('',(0.,1.,0.));
#3032 = PLANE('',#3033);
#3033 = AXIS2_PLACEMENT_3D('',#3034,#3035,#3036);
#3034 = CARTESIAN_POINT('',(-28.07686511394,2.703767712662,
    -12.40514555607));
#3035 = DIRECTION('',(-0.242537943308,-0.,-0.970141920574));
#3036 = DIRECTION('',(-0.970141920574,0.,0.242537943308));
#3037 = ADVANCED_FACE('',(#3038),#3055,.T.);
#3038 = FACE_BOUND('',#3039,.T.);
#3039 = EDGE_LOOP('',(#3040,#3048,#3049));
#3040 = ORIENTED_EDGE('',*,*,#3041,.T.);
#3041 = EDGE_CURVE('',#3042,#3019,#3044,.T.);
#3042 = VERTEX_POINT('',#3043);
#3043 = CARTESIAN_POINT('',(-28.33104133606,3.257885456085,
    -12.38072633743));
#3044 = LINE('',#3045,#3046);
#3045 = CARTESIAN_POINT('',(-28.33104133606,3.257885456085,
    -12.3689880371));
#3046 = VECTOR('',#3047,1.);
#3047 = DIRECTION('',(0.99340824247,0.,-0.114630117303));
#3048 = ORIENTED_EDGE('',*,*,#3027,.F.);
#3049 = ORIENTED_EDGE('',*,*,#3050,.T.);
#3050 = EDGE_CURVE('',#2996,#3042,#3051,.T.);
#3051 = LINE('',#3052,#3053);
#3052 = CARTESIAN_POINT('',(-28.12758827209,2.060631275177,
    -12.39246463775));
#3053 = VECTOR('',#3054,1.);
#3054 = DIRECTION('',(-0.167500055979,0.985682586512,1.932795626629E-02)
  );
#3055 = PLANE('',#3056);
#3056 = AXIS2_PLACEMENT_3D('',#3057,#3058,#3059);
#3057 = CARTESIAN_POINT('',(-28.18277052226,2.706111491888,
    -12.38609711679));
#3058 = DIRECTION('',(-0.114630117303,-0.,-0.99340824247));
#3059 = DIRECTION('',(-0.99340824247,0.,0.114630117303));
#3060 = ADVANCED_FACE('',(#3061),#3086,.T.);
#3061 = FACE_BOUND('',#3062,.T.);
#3062 = EDGE_LOOP('',(#3063,#3071,#3072,#3080));
#3063 = ORIENTED_EDGE('',*,*,#3064,.T.);
#3064 = EDGE_CURVE('',#3065,#3042,#3067,.T.);
#3065 = VERTEX_POINT('',#3066);
#3066 = CARTESIAN_POINT('',(-28.52667045593,2.060631275177,
    -12.39246463775));
#3067 = LINE('',#3068,#3069);
#3068 = CARTESIAN_POINT('',(-28.52667045593,2.060631275177,
    -12.39246463775));
#3069 = VECTOR('',#3070,1.);
#3070 = DIRECTION('',(0.161229412562,0.986727274553,1.934844124293E-02)
  );
#3071 = ORIENTED_EDGE('',*,*,#3050,.F.);
#3072 = ORIENTED_EDGE('',*,*,#3073,.F.);
#3073 = EDGE_CURVE('',#3074,#2996,#3076,.T.);
#3074 = VERTEX_POINT('',#3075);
#3075 = CARTESIAN_POINT('',(-28.33104133606,2.060631275177,
    -12.38072633743));
#3076 = LINE('',#3077,#3078);
#3077 = CARTESIAN_POINT('',(-28.33104133606,2.060631275177,
    -12.3689880371));
#3078 = VECTOR('',#3079,1.);
#3079 = DIRECTION('',(0.99340824247,0.,-0.114630117303));
#3080 = ORIENTED_EDGE('',*,*,#3081,.F.);
#3081 = EDGE_CURVE('',#3065,#3074,#3082,.T.);
#3082 = LINE('',#3083,#3084);
#3083 = CARTESIAN_POINT('',(-28.52667045593,2.060631275177,
    -12.39246463775));
#3084 = VECTOR('',#3085,1.);
#3085 = DIRECTION('',(0.992876174283,0.,0.119150755525));
#3086 = PLANE('',#3087);
#3087 = AXIS2_PLACEMENT_3D('',#3088,#3089,#3090);
#3088 = CARTESIAN_POINT('',(-28.32876385166,2.574753885619,
    -12.38238336061));
#3089 = DIRECTION('',(-0.,1.960493346512E-02,-0.999807804822));
#3090 = DIRECTION('',(0.,-0.999807804822,-1.960493346512E-02));
#3091 = ADVANCED_FACE('',(#3092),#3107,.T.);
#3092 = FACE_BOUND('',#3093,.T.);
#3093 = EDGE_LOOP('',(#3094,#3100,#3101));
#3094 = ORIENTED_EDGE('',*,*,#3095,.T.);
#3095 = EDGE_CURVE('',#2696,#3042,#3096,.T.);
#3096 = LINE('',#3097,#3098);
#3097 = CARTESIAN_POINT('',(-28.52667045593,3.257885456085,
    -12.39246463775));
#3098 = VECTOR('',#3099,1.);
#3099 = DIRECTION('',(0.992876174283,0.,0.119150755525));
#3100 = ORIENTED_EDGE('',*,*,#3064,.F.);
#3101 = ORIENTED_EDGE('',*,*,#3102,.T.);
#3102 = EDGE_CURVE('',#3065,#2696,#3103,.T.);
#3103 = LINE('',#3104,#3105);
#3104 = CARTESIAN_POINT('',(-28.52667045593,2.060631275177,
    -12.39246463775));
#3105 = VECTOR('',#3106,1.);
#3106 = DIRECTION('',(0.,1.,0.));
#3107 = PLANE('',#3108);
#3108 = AXIS2_PLACEMENT_3D('',#3109,#3110,#3111);
#3109 = CARTESIAN_POINT('',(-28.47376571309,2.704490407919,
    -12.38611576944));
#3110 = DIRECTION('',(0.119150755525,-0.,-0.992876174283));
#3111 = DIRECTION('',(-0.992876174283,0.,-0.119150755525));
#3112 = ADVANCED_FACE('',(#3113),#3130,.T.);
#3113 = FACE_BOUND('',#3114,.T.);
#3114 = EDGE_LOOP('',(#3115,#3123,#3124));
#3115 = ORIENTED_EDGE('',*,*,#3116,.T.);
#3116 = EDGE_CURVE('',#3117,#2696,#3119,.T.);
#3117 = VERTEX_POINT('',#3118);
#3118 = CARTESIAN_POINT('',(-28.72230148315,2.060631275177,
    -12.43941688537));
#3119 = LINE('',#3120,#3121);
#3120 = CARTESIAN_POINT('',(-28.72230148315,2.060631275177,
    -12.43941688537));
#3121 = VECTOR('',#3122,1.);
#3122 = DIRECTION('',(0.161140486637,0.986173431075,3.867437664456E-02)
  );
#3123 = ORIENTED_EDGE('',*,*,#3102,.F.);
#3124 = ORIENTED_EDGE('',*,*,#3125,.T.);
#3125 = EDGE_CURVE('',#3065,#3117,#3126,.T.);
#3126 = LINE('',#3127,#3128);
#3127 = CARTESIAN_POINT('',(-28.52667045593,2.060631275177,
    -12.39246463775));
#3128 = VECTOR('',#3129,1.);
#3129 = DIRECTION('',(-0.972386398386,0.,-0.233376717422));
#3130 = PLANE('',#3131);
#3131 = AXIS2_PLACEMENT_3D('',#3132,#3133,#3134);
#3132 = CARTESIAN_POINT('',(-28.57965883478,2.613158240377,
    -12.40518206566));
#3133 = DIRECTION('',(0.233376717422,-0.,-0.972386398386));
#3134 = DIRECTION('',(-0.972386398386,0.,-0.233376717422));
#3135 = ADVANCED_FACE('',(#3136),#3153,.T.);
#3136 = FACE_BOUND('',#3137,.T.);
#3137 = EDGE_LOOP('',(#3138,#3146,#3147));
#3138 = ORIENTED_EDGE('',*,*,#3139,.T.);
#3139 = EDGE_CURVE('',#3140,#2696,#3142,.T.);
#3140 = VERTEX_POINT('',#3141);
#3141 = CARTESIAN_POINT('',(-28.71878744849,3.257885456085,
    -12.44933894264));
#3142 = LINE('',#3143,#3144);
#3143 = CARTESIAN_POINT('',(-28.72230148315,3.257885456085,
    -12.43941688537));
#3144 = VECTOR('',#3145,1.);
#3145 = DIRECTION('',(0.972386398386,0.,0.233376717422));
#3146 = ORIENTED_EDGE('',*,*,#3116,.F.);
#3147 = ORIENTED_EDGE('',*,*,#3148,.T.);
#3148 = EDGE_CURVE('',#3117,#3140,#3149,.T.);
#3149 = LINE('',#3150,#3151);
#3150 = CARTESIAN_POINT('',(-28.72230148315,2.060631275177,
    -12.43941688537));
#3151 = VECTOR('',#3152,1.);
#3152 = DIRECTION('',(0.,1.,0.));
#3153 = PLANE('',#3154);
#3154 = AXIS2_PLACEMENT_3D('',#3155,#3156,#3157);
#3155 = CARTESIAN_POINT('',(-28.6693131043,2.705358490885,
    -12.42669945747));
#3156 = DIRECTION('',(0.233376717422,-0.,-0.972386398386));
#3157 = DIRECTION('',(-0.972386398386,0.,-0.233376717422));
#3158 = ADVANCED_FACE('',(#3159),#3176,.T.);
#3159 = FACE_BOUND('',#3160,.T.);
#3160 = EDGE_LOOP('',(#3161,#3169,#3170));
#3161 = ORIENTED_EDGE('',*,*,#3162,.T.);
#3162 = EDGE_CURVE('',#3163,#3140,#3165,.T.);
#3163 = VERTEX_POINT('',#3164);
#3164 = CARTESIAN_POINT('',(-28.90228462219,2.060631275177,
    -12.52549362182));
#3165 = LINE('',#3166,#3167);
#3166 = CARTESIAN_POINT('',(-28.90228462219,2.060631275177,
    -12.52549362182));
#3167 = VECTOR('',#3168,1.);
#3168 = DIRECTION('',(0.148285236604,0.986398617338,7.091724979823E-02)
  );
#3169 = ORIENTED_EDGE('',*,*,#3148,.F.);
#3170 = ORIENTED_EDGE('',*,*,#3171,.T.);
#3171 = EDGE_CURVE('',#3117,#3163,#3172,.T.);
#3172 = LINE('',#3173,#3174);
#3173 = CARTESIAN_POINT('',(-28.72230148315,2.060631275177,
    -12.43941688537));
#3174 = VECTOR('',#3175,1.);
#3175 = DIRECTION('',(-0.902138428124,0.,-0.431446701809));
#3176 = PLANE('',#3177);
#3177 = AXIS2_PLACEMENT_3D('',#3178,#3179,#3180);
#3178 = CARTESIAN_POINT('',(-28.77102058615,2.613508771965,
    -12.4627167423));
#3179 = DIRECTION('',(0.431446701809,-0.,-0.902138428124));
#3180 = DIRECTION('',(-0.902138428124,0.,-0.431446701809));
#3181 = ADVANCED_FACE('',(#3182),#3207,.T.);
#3182 = FACE_BOUND('',#3183,.T.);
#3183 = EDGE_LOOP('',(#3184,#3194,#3200,#3201));
#3184 = ORIENTED_EDGE('',*,*,#3185,.F.);
#3185 = EDGE_CURVE('',#3186,#3188,#3190,.T.);
#3186 = VERTEX_POINT('',#3187);
#3187 = CARTESIAN_POINT('',(-28.89784450471,3.257885456085,
    -12.53300775964));
#3188 = VERTEX_POINT('',#3189);
#3189 = CARTESIAN_POINT('',(-29.066614151,3.257885456085,-12.64287185668
    ));
#3190 = LINE('',#3191,#3192);
#3191 = CARTESIAN_POINT('',(-28.90228462219,3.257885456085,
    -12.52549362182));
#3192 = VECTOR('',#3193,1.);
#3193 = DIRECTION('',(-0.813733471207,0.,-0.581238193719));
#3194 = ORIENTED_EDGE('',*,*,#3195,.T.);
#3195 = EDGE_CURVE('',#3186,#3140,#3196,.T.);
#3196 = LINE('',#3197,#3198);
#3197 = CARTESIAN_POINT('',(-29.066614151,3.257885456085,-12.64287185668
    ));
#3198 = VECTOR('',#3199,1.);
#3199 = DIRECTION('',(0.860929281623,0.,0.508724652482));
#3200 = ORIENTED_EDGE('',*,*,#3162,.F.);
#3201 = ORIENTED_EDGE('',*,*,#3202,.T.);
#3202 = EDGE_CURVE('',#3163,#3188,#3203,.T.);
#3203 = LINE('',#3204,#3205);
#3204 = CARTESIAN_POINT('',(-28.90228462219,2.060631275177,
    -12.52549362182));
#3205 = VECTOR('',#3206,1.);
#3206 = DIRECTION('',(-0.135343527768,0.986071131912,-9.667394840561E-02
    ));
#3207 = PLANE('',#3208);
#3208 = AXIS2_PLACEMENT_3D('',#3209,#3210,#3211);
#3209 = CARTESIAN_POINT('',(-28.8978300352,2.743919462859,
    -12.53443295394));
#3210 = DIRECTION('',(0.508670590225,-1.457837627343E-02,-0.860837790519
    ));
#3211 = DIRECTION('',(-0.860929281623,4.778694501921E-19,-0.508724652482
    ));
#3212 = ADVANCED_FACE('',(#3213),#3238,.T.);
#3213 = FACE_BOUND('',#3214,.T.);
#3214 = EDGE_LOOP('',(#3215,#3223,#3224,#3232));
#3215 = ORIENTED_EDGE('',*,*,#3216,.T.);
#3216 = EDGE_CURVE('',#3217,#3188,#3219,.T.);
#3217 = VERTEX_POINT('',#3218);
#3218 = CARTESIAN_POINT('',(-29.20746803283,2.060631275177,
    -12.78372478485));
#3219 = LINE('',#3220,#3221);
#3220 = CARTESIAN_POINT('',(-29.20746803283,2.060631275177,
    -12.78372478485));
#3221 = VECTOR('',#3222,1.);
#3222 = DIRECTION('',(0.116052141024,0.986440055707,0.116051355274));
#3223 = ORIENTED_EDGE('',*,*,#3202,.F.);
#3224 = ORIENTED_EDGE('',*,*,#3225,.F.);
#3225 = EDGE_CURVE('',#3226,#3163,#3228,.T.);
#3226 = VERTEX_POINT('',#3227);
#3227 = CARTESIAN_POINT('',(-29.06127154742,2.060631275177,
    -12.64918586605));
#3228 = LINE('',#3229,#3230);
#3229 = CARTESIAN_POINT('',(-29.066614151,2.060631275177,-12.64287185668
    ));
#3230 = VECTOR('',#3231,1.);
#3231 = DIRECTION('',(0.813733471207,0.,0.581238193719));
#3232 = ORIENTED_EDGE('',*,*,#3233,.F.);
#3233 = EDGE_CURVE('',#3217,#3226,#3234,.T.);
#3234 = LINE('',#3235,#3236);
#3235 = CARTESIAN_POINT('',(-29.20746803283,2.060631275177,
    -12.78372478485));
#3236 = VECTOR('',#3237,1.);
#3237 = DIRECTION('',(0.707109174982,0.,0.707104387383));
#3238 = PLANE('',#3239);
#3239 = AXIS2_PLACEMENT_3D('',#3240,#3241,#3242);
#3240 = CARTESIAN_POINT('',(-29.05990323685,2.574624128077,
    -12.64955987905));
#3241 = DIRECTION('',(0.645879204805,1.38153656107E-02,-0.763314606485)
  );
#3242 = DIRECTION('',(-0.763387461679,4.464162186933E-19,-0.645940851279
    ));
#3243 = ADVANCED_FACE('',(#3244),#3269,.T.);
#3244 = FACE_BOUND('',#3245,.T.);
#3245 = EDGE_LOOP('',(#3246,#3254,#3255,#3263));
#3246 = ORIENTED_EDGE('',*,*,#3247,.T.);
#3247 = EDGE_CURVE('',#3248,#3188,#3250,.T.);
#3248 = VERTEX_POINT('',#3249);
#3249 = CARTESIAN_POINT('',(-29.4109210968,2.060631275177,
    -13.12803268432));
#3250 = LINE('',#3251,#3252);
#3251 = CARTESIAN_POINT('',(-29.4109210968,2.060631275177,
    -13.12803268432));
#3252 = VECTOR('',#3253,1.);
#3253 = DIRECTION('',(0.257538097264,0.895533963089,0.362895369786));
#3254 = ORIENTED_EDGE('',*,*,#3216,.F.);
#3255 = ORIENTED_EDGE('',*,*,#3256,.F.);
#3256 = EDGE_CURVE('',#3257,#3217,#3259,.T.);
#3257 = VERTEX_POINT('',#3258);
#3258 = CARTESIAN_POINT('',(-29.31733089896,2.060631275177,
    -12.95249309762));
#3259 = LINE('',#3260,#3261);
#3260 = CARTESIAN_POINT('',(-29.32484436035,2.060631275177,
    -12.94805335998));
#3261 = VECTOR('',#3262,1.);
#3262 = DIRECTION('',(0.581234173217,0.,0.813736342979));
#3263 = ORIENTED_EDGE('',*,*,#3264,.F.);
#3264 = EDGE_CURVE('',#3248,#3257,#3265,.T.);
#3265 = LINE('',#3266,#3267);
#3266 = CARTESIAN_POINT('',(-29.4109210968,2.060631275177,
    -13.12803268432));
#3267 = VECTOR('',#3268,1.);
#3268 = DIRECTION('',(0.43145414413,0.,0.902134868804));
#3269 = PLANE('',#3270);
#3270 = AXIS2_PLACEMENT_3D('',#3271,#3272,#3273);
#3271 = CARTESIAN_POINT('',(-29.20646823261,2.578118801444,
    -12.82418246594));
#3272 = DIRECTION('',(0.860190150937,-4.140053418861E-02,-0.508290173032
    ));
#3273 = DIRECTION('',(0.508726339559,-1.909624594656E-18,0.860928284725)
  );
#3274 = ADVANCED_FACE('',(#3275),#3292,.T.);
#3275 = FACE_BOUND('',#3276,.T.);
#3276 = EDGE_LOOP('',(#3277,#3285,#3286));
#3277 = ORIENTED_EDGE('',*,*,#3278,.T.);
#3278 = EDGE_CURVE('',#3279,#3188,#3281,.T.);
#3279 = VERTEX_POINT('',#3280);
#3280 = CARTESIAN_POINT('',(-29.32484436035,3.257885456085,
    -12.94805335998));
#3281 = LINE('',#3282,#3283);
#3282 = CARTESIAN_POINT('',(-29.32484436035,3.257885456085,
    -12.94805335998));
#3283 = VECTOR('',#3284,1.);
#3284 = DIRECTION('',(0.645941813714,0.,0.763386647313));
#3285 = ORIENTED_EDGE('',*,*,#3247,.F.);
#3286 = ORIENTED_EDGE('',*,*,#3287,.T.);
#3287 = EDGE_CURVE('',#3248,#3279,#3288,.T.);
#3288 = LINE('',#3289,#3290);
#3289 = CARTESIAN_POINT('',(-29.4109210968,2.060631275177,
    -13.12803268432));
#3290 = VECTOR('',#3291,1.);
#3291 = DIRECTION('',(7.091728284824E-02,0.986399077036,0.148282162841)
  );
#3292 = PLANE('',#3293);
#3293 = AXIS2_PLACEMENT_3D('',#3294,#3295,#3296);
#3294 = CARTESIAN_POINT('',(-29.2860517261,2.740369678742,
    -12.93603213579));
#3295 = DIRECTION('',(0.76270722286,4.218097862906E-02,-0.645366916753)
  );
#3296 = DIRECTION('',(0.645941813714,-6.339486313224E-19,0.763386647313)
  );
#3297 = ADVANCED_FACE('',(#3298),#3315,.T.);
#3298 = FACE_BOUND('',#3299,.T.);
#3299 = EDGE_LOOP('',(#3300,#3308,#3309));
#3300 = ORIENTED_EDGE('',*,*,#3301,.T.);
#3301 = EDGE_CURVE('',#3302,#3279,#3304,.T.);
#3302 = VERTEX_POINT('',#3303);
#3303 = CARTESIAN_POINT('',(-29.4109210968,3.257885456085,
    -13.12803268432));
#3304 = LINE('',#3305,#3306);
#3305 = CARTESIAN_POINT('',(-29.4109210968,3.257885456085,
    -13.12803268432));
#3306 = VECTOR('',#3307,1.);
#3307 = DIRECTION('',(0.43145414413,0.,0.902134868804));
#3308 = ORIENTED_EDGE('',*,*,#3287,.F.);
#3309 = ORIENTED_EDGE('',*,*,#3310,.T.);
#3310 = EDGE_CURVE('',#3248,#3302,#3311,.T.);
#3311 = LINE('',#3312,#3313);
#3312 = CARTESIAN_POINT('',(-29.4109210968,2.060631275177,
    -13.12803268432));
#3313 = VECTOR('',#3314,1.);
#3314 = DIRECTION('',(0.,1.,0.));
#3315 = PLANE('',#3316);
#3316 = AXIS2_PLACEMENT_3D('',#3317,#3318,#3319);
#3317 = CARTESIAN_POINT('',(-29.38762127017,2.705007240367,
    -13.07931467726));
#3318 = DIRECTION('',(0.902134868804,0.,-0.43145414413));
#3319 = DIRECTION('',(0.43145414413,0.,0.902134868804));
#3320 = ADVANCED_FACE('',(#3321),#3338,.T.);
#3321 = FACE_BOUND('',#3322,.T.);
#3322 = EDGE_LOOP('',(#3323,#3331,#3332));
#3323 = ORIENTED_EDGE('',*,*,#3324,.T.);
#3324 = EDGE_CURVE('',#3325,#3302,#3327,.T.);
#3325 = VERTEX_POINT('',#3326);
#3326 = CARTESIAN_POINT('',(-29.46569824218,2.060631275177,
    -13.32366275787));
#3327 = LINE('',#3328,#3329);
#3328 = CARTESIAN_POINT('',(-29.46569824218,2.060631275177,
    -13.32366275787));
#3329 = VECTOR('',#3330,1.);
#3330 = DIRECTION('',(4.510753980361E-02,0.985907356801,0.161096224843)
  );
#3331 = ORIENTED_EDGE('',*,*,#3310,.F.);
#3332 = ORIENTED_EDGE('',*,*,#3333,.T.);
#3333 = EDGE_CURVE('',#3248,#3325,#3334,.T.);
#3334 = LINE('',#3335,#3336);
#3335 = CARTESIAN_POINT('',(-29.4109210968,2.060631275177,
    -13.12803268432));
#3336 = VECTOR('',#3337,1.);
#3337 = DIRECTION('',(-0.269633233841,0.,-0.962963093378));
#3338 = PLANE('',#3339);
#3339 = AXIS2_PLACEMENT_3D('',#3340,#3341,#3342);
#3340 = CARTESIAN_POINT('',(-29.42576898552,2.612748208871,
    -13.18106015667));
#3341 = DIRECTION('',(0.962963093378,0.,-0.269633233841));
#3342 = DIRECTION('',(0.269633233841,0.,0.962963093378));
#3343 = ADVANCED_FACE('',(#3344),#3361,.T.);
#3344 = FACE_BOUND('',#3345,.T.);
#3345 = EDGE_LOOP('',(#3346,#3354,#3355));
#3346 = ORIENTED_EDGE('',*,*,#3347,.T.);
#3347 = EDGE_CURVE('',#3348,#3302,#3350,.T.);
#3348 = VERTEX_POINT('',#3349);
#3349 = CARTESIAN_POINT('',(-29.45622243494,3.257885456085,
    -13.32536831356));
#3350 = LINE('',#3351,#3352);
#3351 = CARTESIAN_POINT('',(-29.46569824218,3.257885456085,
    -13.32366275787));
#3352 = VECTOR('',#3353,1.);
#3353 = DIRECTION('',(0.269633233841,0.,0.962963093378));
#3354 = ORIENTED_EDGE('',*,*,#3324,.F.);
#3355 = ORIENTED_EDGE('',*,*,#3356,.T.);
#3356 = EDGE_CURVE('',#3325,#3348,#3357,.T.);
#3357 = LINE('',#3358,#3359);
#3358 = CARTESIAN_POINT('',(-29.46569824218,2.060631275177,
    -13.32366275787));
#3359 = VECTOR('',#3360,1.);
#3360 = DIRECTION('',(0.,1.,0.));
#3361 = PLANE('',#3362);
#3362 = AXIS2_PLACEMENT_3D('',#3363,#3364,#3365);
#3363 = CARTESIAN_POINT('',(-29.45085035346,2.705768522392,
    -13.27063528552));
#3364 = DIRECTION('',(0.962963093378,0.,-0.269633233841));
#3365 = DIRECTION('',(0.269633233841,0.,0.962963093378));
#3366 = ADVANCED_FACE('',(#3367),#3392,.T.);
#3367 = FACE_BOUND('',#3368,.T.);
#3368 = EDGE_LOOP('',(#3369,#3377,#3378,#3386));
#3369 = ORIENTED_EDGE('',*,*,#3370,.T.);
#3370 = EDGE_CURVE('',#3371,#3348,#3373,.T.);
#3371 = VERTEX_POINT('',#3372);
#3372 = CARTESIAN_POINT('',(-29.46569824218,2.060631275177,
    -13.72274780273));
#3373 = LINE('',#3374,#3375);
#3374 = CARTESIAN_POINT('',(-29.46569824218,2.060631275177,
    -13.72274780273));
#3375 = VECTOR('',#3376,1.);
#3376 = DIRECTION('',(0.,0.948683222483,0.316227992719));
#3377 = ORIENTED_EDGE('',*,*,#3356,.F.);
#3378 = ORIENTED_EDGE('',*,*,#3379,.F.);
#3379 = EDGE_CURVE('',#3380,#3325,#3382,.T.);
#3380 = VERTEX_POINT('',#3381);
#3381 = CARTESIAN_POINT('',(-29.4735212326,2.060631275177,
    -13.51929283142));
#3382 = LINE('',#3383,#3384);
#3383 = CARTESIAN_POINT('',(-29.48134422302,2.060631275177,
    -13.51929283142));
#3384 = VECTOR('',#3385,1.);
#3385 = DIRECTION('',(7.972281817383E-02,0.,0.996817070611));
#3386 = ORIENTED_EDGE('',*,*,#3387,.F.);
#3387 = EDGE_CURVE('',#3371,#3380,#3388,.T.);
#3388 = LINE('',#3389,#3390);
#3389 = CARTESIAN_POINT('',(-29.46569824218,2.060631275177,
    -13.72274780273));
#3390 = VECTOR('',#3391,1.);
#3391 = DIRECTION('',(-7.667505529788E-02,0.,0.997056134776));
#3392 = PLANE('',#3393);
#3393 = AXIS2_PLACEMENT_3D('',#3394,#3395,#3396);
#3394 = CARTESIAN_POINT('',(-29.46569824218,2.575677763473,
    -13.43962467814));
#3395 = DIRECTION('',(1.,0.,0.));
#3396 = DIRECTION('',(-0.,0.,1.));
#3397 = ADVANCED_FACE('',(#3398),#3431,.T.);
#3398 = FACE_BOUND('',#3399,.T.);
#3399 = EDGE_LOOP('',(#3400,#3410,#3418,#3424,#3425));
#3400 = ORIENTED_EDGE('',*,*,#3401,.F.);
#3401 = EDGE_CURVE('',#3402,#3404,#3406,.T.);
#3402 = VERTEX_POINT('',#3403);
#3403 = CARTESIAN_POINT('',(-29.44747368313,3.257885456085,
    -13.72106920185));
#3404 = VERTEX_POINT('',#3405);
#3405 = CARTESIAN_POINT('',(-29.4109210968,3.257885456085,
    -13.91837787628));
#3406 = LINE('',#3407,#3408);
#3407 = CARTESIAN_POINT('',(-29.46569824218,3.257885456085,
    -13.72274780273));
#3408 = VECTOR('',#3409,1.);
#3409 = DIRECTION('',(0.269633233841,0.,-0.962963093378));
#3410 = ORIENTED_EDGE('',*,*,#3411,.F.);
#3411 = EDGE_CURVE('',#3412,#3402,#3414,.T.);
#3412 = VERTEX_POINT('',#3413);
#3413 = CARTESIAN_POINT('',(-29.46465342731,3.257885456085,
    -13.51775550016));
#3414 = LINE('',#3415,#3416);
#3415 = CARTESIAN_POINT('',(-29.48134422302,3.257885456085,
    -13.51929283142));
#3416 = VECTOR('',#3417,1.);
#3417 = DIRECTION('',(7.667505529788E-02,0.,-0.997056134776));
#3418 = ORIENTED_EDGE('',*,*,#3419,.F.);
#3419 = EDGE_CURVE('',#3348,#3412,#3420,.T.);
#3420 = LINE('',#3421,#3422);
#3421 = CARTESIAN_POINT('',(-29.4109210968,3.257885456085,
    -13.12803268432));
#3422 = VECTOR('',#3423,1.);
#3423 = DIRECTION('',(-0.177143982702,0.,-0.984184946741));
#3424 = ORIENTED_EDGE('',*,*,#3370,.F.);
#3425 = ORIENTED_EDGE('',*,*,#3426,.T.);
#3426 = EDGE_CURVE('',#3371,#3404,#3427,.T.);
#3427 = LINE('',#3428,#3429);
#3428 = CARTESIAN_POINT('',(-29.46569824218,2.060631275177,
    -13.72274780273));
#3429 = VECTOR('',#3430,1.);
#3430 = DIRECTION('',(4.510753980361E-02,0.985907356801,-0.161096224843)
  );
#3431 = PLANE('',#3432);
#3432 = AXIS2_PLACEMENT_3D('',#3433,#3434,#3435);
#3433 = CARTESIAN_POINT('',(-29.44955532506,2.775577189853,
    -13.65969585639));
#3434 = DIRECTION('',(0.995319941715,-3.055851274763E-02,
    9.167546521868E-02));
#3435 = DIRECTION('',(-9.171829953604E-02,-2.775569844459E-20,
    0.995784993626));
#3436 = ADVANCED_FACE('',(#3437),#3454,.T.);
#3437 = FACE_BOUND('',#3438,.T.);
#3438 = EDGE_LOOP('',(#3439,#3447,#3448));
#3439 = ORIENTED_EDGE('',*,*,#3440,.T.);
#3440 = EDGE_CURVE('',#3441,#3404,#3443,.T.);
#3441 = VERTEX_POINT('',#3442);
#3442 = CARTESIAN_POINT('',(-29.4109210968,2.060631275177,
    -13.91837787628));
#3443 = LINE('',#3444,#3445);
#3444 = CARTESIAN_POINT('',(-29.4109210968,2.060631275177,
    -13.91837787628));
#3445 = VECTOR('',#3446,1.);
#3446 = DIRECTION('',(0.,1.,0.));
#3447 = ORIENTED_EDGE('',*,*,#3426,.F.);
#3448 = ORIENTED_EDGE('',*,*,#3449,.T.);
#3449 = EDGE_CURVE('',#3371,#3441,#3450,.T.);
#3450 = LINE('',#3451,#3452);
#3451 = CARTESIAN_POINT('',(-29.46569824218,2.060631275177,
    -13.72274780273));
#3452 = VECTOR('',#3453,1.);
#3453 = DIRECTION('',(0.269633233841,0.,-0.962963093378));
#3454 = PLANE('',#3455);
#3455 = AXIS2_PLACEMENT_3D('',#3456,#3457,#3458);
#3456 = CARTESIAN_POINT('',(-29.42576898552,2.612748208871,
    -13.86535040393));
#3457 = DIRECTION('',(0.962963093378,0.,0.269633233841));
#3458 = DIRECTION('',(-0.269633233841,0.,0.962963093378));
#3459 = ADVANCED_FACE('',(#3460),#3477,.T.);
#3460 = FACE_BOUND('',#3461,.T.);
#3461 = EDGE_LOOP('',(#3462,#3470,#3471));
#3462 = ORIENTED_EDGE('',*,*,#3463,.T.);
#3463 = EDGE_CURVE('',#3464,#3404,#3466,.T.);
#3464 = VERTEX_POINT('',#3465);
#3465 = CARTESIAN_POINT('',(-29.32484436035,3.257885456085,
    -14.09835720062));
#3466 = LINE('',#3467,#3468);
#3467 = CARTESIAN_POINT('',(-29.32484436035,3.257885456085,
    -14.09835720062));
#3468 = VECTOR('',#3469,1.);
#3469 = DIRECTION('',(-0.43145414413,0.,0.902134868804));
#3470 = ORIENTED_EDGE('',*,*,#3440,.F.);
#3471 = ORIENTED_EDGE('',*,*,#3472,.T.);
#3472 = EDGE_CURVE('',#3441,#3464,#3473,.T.);
#3473 = LINE('',#3474,#3475);
#3474 = CARTESIAN_POINT('',(-29.4109210968,2.060631275177,
    -13.91837787628));
#3475 = VECTOR('',#3476,1.);
#3476 = DIRECTION('',(7.091728284824E-02,0.986399077036,-0.148282162841)
  );
#3477 = PLANE('',#3478);
#3478 = AXIS2_PLACEMENT_3D('',#3479,#3480,#3481);
#3479 = CARTESIAN_POINT('',(-29.38762127017,2.705007240367,
    -13.96709588334));
#3480 = DIRECTION('',(0.902134868804,0.,0.43145414413));
#3481 = DIRECTION('',(-0.43145414413,0.,0.902134868804));
#3482 = ADVANCED_FACE('',(#3483),#3508,.T.);
#3483 = FACE_BOUND('',#3484,.T.);
#3484 = EDGE_LOOP('',(#3485,#3493,#3494,#3502));
#3485 = ORIENTED_EDGE('',*,*,#3486,.T.);
#3486 = EDGE_CURVE('',#3487,#3464,#3489,.T.);
#3487 = VERTEX_POINT('',#3488);
#3488 = CARTESIAN_POINT('',(-29.20746803283,2.060631275177,
    -14.26268577575));
#3489 = LINE('',#3490,#3491);
#3490 = CARTESIAN_POINT('',(-29.20746803283,2.060631275177,
    -14.26268577575));
#3491 = VECTOR('',#3492,1.);
#3492 = DIRECTION('',(-9.667240245125E-02,0.986071386488,0.135342777253)
  );
#3493 = ORIENTED_EDGE('',*,*,#3472,.F.);
#3494 = ORIENTED_EDGE('',*,*,#3495,.F.);
#3495 = EDGE_CURVE('',#3496,#3441,#3498,.T.);
#3496 = VERTEX_POINT('',#3497);
#3497 = CARTESIAN_POINT('',(-29.31733089896,2.060631275177,
    -14.09391746298));
#3498 = LINE('',#3499,#3500);
#3499 = CARTESIAN_POINT('',(-29.32484436035,2.060631275177,
    -14.09835720062));
#3500 = VECTOR('',#3501,1.);
#3501 = DIRECTION('',(-0.43145414413,0.,0.902134868804));
#3502 = ORIENTED_EDGE('',*,*,#3503,.F.);
#3503 = EDGE_CURVE('',#3487,#3496,#3504,.T.);
#3504 = LINE('',#3505,#3506);
#3505 = CARTESIAN_POINT('',(-29.20746803283,2.060631275177,
    -14.26268577575));
#3506 = VECTOR('',#3507,1.);
#3507 = DIRECTION('',(-0.581234173217,0.,0.813736342979));
#3508 = PLANE('',#3509);
#3509 = AXIS2_PLACEMENT_3D('',#3510,#3511,#3512);
#3510 = CARTESIAN_POINT('',(-29.31590557973,2.57459816457,
    -14.09390344343));
#3511 = DIRECTION('',(0.860836809983,1.457708107026E-02,0.508672286729)
  );
#3512 = DIRECTION('',(-0.508726339559,1.598050813888E-18,0.860928284725)
  );
#3513 = ADVANCED_FACE('',(#3514),#3531,.T.);
#3514 = FACE_BOUND('',#3515,.T.);
#3515 = EDGE_LOOP('',(#3516,#3524,#3525));
#3516 = ORIENTED_EDGE('',*,*,#3517,.T.);
#3517 = EDGE_CURVE('',#3518,#3464,#3520,.T.);
#3518 = VERTEX_POINT('',#3519);
#3519 = CARTESIAN_POINT('',(-29.20746803283,3.257885456085,
    -14.26268577575));
#3520 = LINE('',#3521,#3522);
#3521 = CARTESIAN_POINT('',(-29.20746803283,3.257885456085,
    -14.26268577575));
#3522 = VECTOR('',#3523,1.);
#3523 = DIRECTION('',(-0.581234173217,0.,0.813736342979));
#3524 = ORIENTED_EDGE('',*,*,#3486,.F.);
#3525 = ORIENTED_EDGE('',*,*,#3526,.T.);
#3526 = EDGE_CURVE('',#3487,#3518,#3527,.T.);
#3527 = LINE('',#3528,#3529);
#3528 = CARTESIAN_POINT('',(-29.20746803283,2.060631275177,
    -14.26268577575));
#3529 = VECTOR('',#3530,1.);
#3530 = DIRECTION('',(0.,1.,0.));
#3531 = PLANE('',#3532);
#3532 = AXIS2_PLACEMENT_3D('',#3533,#3534,#3535);
#3533 = CARTESIAN_POINT('',(-29.23926952144,2.705516270607,
    -14.21816322661));
#3534 = DIRECTION('',(0.813736342979,0.,0.581234173217));
#3535 = DIRECTION('',(-0.581234173217,0.,0.813736342979));
#3536 = ADVANCED_FACE('',(#3537),#3554,.T.);
#3537 = FACE_BOUND('',#3538,.T.);
#3538 = EDGE_LOOP('',(#3539,#3547,#3548));
#3539 = ORIENTED_EDGE('',*,*,#3540,.T.);
#3540 = EDGE_CURVE('',#3541,#3518,#3543,.T.);
#3541 = VERTEX_POINT('',#3542);
#3542 = CARTESIAN_POINT('',(-29.06127154742,3.257885456085,
    -14.39722469455));
#3543 = LINE('',#3544,#3545);
#3544 = CARTESIAN_POINT('',(-29.066614151,3.257885456085,-14.40353870391
    ));
#3545 = VECTOR('',#3546,1.);
#3546 = DIRECTION('',(-0.707109174982,0.,0.707104387383));
#3547 = ORIENTED_EDGE('',*,*,#3526,.F.);
#3548 = ORIENTED_EDGE('',*,*,#3549,.T.);
#3549 = EDGE_CURVE('',#3487,#3541,#3550,.T.);
#3550 = LINE('',#3551,#3552);
#3551 = CARTESIAN_POINT('',(-29.20746803283,2.060631275177,
    -14.26268577575));
#3552 = VECTOR('',#3553,1.);
#3553 = DIRECTION('',(0.116052141024,0.986440055707,-0.116051355274));
#3554 = PLANE('',#3555);
#3555 = AXIS2_PLACEMENT_3D('',#3556,#3557,#3558);
#3556 = CARTESIAN_POINT('',(-29.16934518505,2.704943097603,
    -14.30080836542));
#3557 = DIRECTION('',(0.707104387383,0.,0.707109174982));
#3558 = DIRECTION('',(0.707109174982,0.,-0.707104387383));
#3559 = ADVANCED_FACE('',(#3560),#3593,.T.);
#3560 = FACE_BOUND('',#3561,.T.);
#3561 = EDGE_LOOP('',(#3562,#3570,#3571,#3579,#3587));
#3562 = ORIENTED_EDGE('',*,*,#3563,.T.);
#3563 = EDGE_CURVE('',#3564,#3541,#3566,.T.);
#3564 = VERTEX_POINT('',#3565);
#3565 = CARTESIAN_POINT('',(-28.71878739617,2.060631275177,
    -14.59707139908));
#3566 = LINE('',#3567,#3568);
#3567 = CARTESIAN_POINT('',(-28.72230148315,2.060631275177,
    -14.60699367523));
#3568 = VECTOR('',#3569,1.);
#3569 = DIRECTION('',(-0.272769417718,0.948481877907,0.161179936841));
#3570 = ORIENTED_EDGE('',*,*,#3549,.F.);
#3571 = ORIENTED_EDGE('',*,*,#3572,.F.);
#3572 = EDGE_CURVE('',#3573,#3487,#3575,.T.);
#3573 = VERTEX_POINT('',#3574);
#3574 = CARTESIAN_POINT('',(-29.05696395142,2.060631275177,
    -14.38994054355));
#3575 = LINE('',#3576,#3577);
#3576 = CARTESIAN_POINT('',(-29.066614151,2.060631275177,-14.40353870391
    ));
#3577 = VECTOR('',#3578,1.);
#3578 = DIRECTION('',(-0.707109174982,0.,0.707104387383));
#3579 = ORIENTED_EDGE('',*,*,#3580,.F.);
#3580 = EDGE_CURVE('',#3581,#3573,#3583,.T.);
#3581 = VERTEX_POINT('',#3582);
#3582 = CARTESIAN_POINT('',(-28.89245540856,2.060631275177,
    -14.50706652852));
#3583 = LINE('',#3584,#3585);
#3584 = CARTESIAN_POINT('',(-28.90228462219,2.060631275177,
    -14.52091693878));
#3585 = VECTOR('',#3586,1.);
#3586 = DIRECTION('',(-0.813733471207,0.,0.581238193719));
#3587 = ORIENTED_EDGE('',*,*,#3588,.F.);
#3588 = EDGE_CURVE('',#3564,#3581,#3589,.T.);
#3589 = LINE('',#3590,#3591);
#3590 = CARTESIAN_POINT('',(-28.52667045593,2.060631275177,
    -14.65394496917));
#3591 = VECTOR('',#3592,1.);
#3592 = DIRECTION('',(-0.942628794231,0.,0.333842711896));
#3593 = PLANE('',#3594);
#3594 = AXIS2_PLACEMENT_3D('',#3595,#3596,#3597);
#3595 = CARTESIAN_POINT('',(-29.00397706166,2.543287414998,
    -14.42358263723));
#3596 = DIRECTION('',(0.578518323275,2.784363835288E-02,0.815194014599)
  );
#3597 = DIRECTION('',(0.815510195452,-1.146951253326E-21,-0.57874270718)
  );
#3598 = ADVANCED_FACE('',(#3599),#3616,.T.);
#3599 = FACE_BOUND('',#3600,.T.);
#3600 = EDGE_LOOP('',(#3601,#3609,#3610));
#3601 = ORIENTED_EDGE('',*,*,#3602,.T.);
#3602 = EDGE_CURVE('',#3603,#3541,#3605,.T.);
#3603 = VERTEX_POINT('',#3604);
#3604 = CARTESIAN_POINT('',(-28.90228462219,3.257885456085,
    -14.52091693878));
#3605 = LINE('',#3606,#3607);
#3606 = CARTESIAN_POINT('',(-28.90228462219,3.257885456085,
    -14.52091693878));
#3607 = VECTOR('',#3608,1.);
#3608 = DIRECTION('',(-0.813733471207,0.,0.581238193719));
#3609 = ORIENTED_EDGE('',*,*,#3563,.F.);
#3610 = ORIENTED_EDGE('',*,*,#3611,.T.);
#3611 = EDGE_CURVE('',#3564,#3603,#3612,.T.);
#3612 = LINE('',#3613,#3614);
#3613 = CARTESIAN_POINT('',(-28.72230148315,2.060631275177,
    -14.60699367523));
#3614 = VECTOR('',#3615,1.);
#3615 = DIRECTION('',(-0.148285236604,0.986398617338,7.091724979823E-02)
  );
#3616 = PLANE('',#3617);
#3617 = AXIS2_PLACEMENT_3D('',#3618,#3619,#3620);
#3618 = CARTESIAN_POINT('',(-28.86400396762,2.704400321735,
    -14.52862072925));
#3619 = DIRECTION('',(0.580996053182,2.886200120556E-02,0.813394474455)
  );
#3620 = DIRECTION('',(0.813733471207,1.243500479289E-18,-0.581238193719)
  );
#3621 = ADVANCED_FACE('',(#3622),#3647,.T.);
#3622 = FACE_BOUND('',#3623,.T.);
#3623 = EDGE_LOOP('',(#3624,#3634,#3640,#3641));
#3624 = ORIENTED_EDGE('',*,*,#3625,.F.);
#3625 = EDGE_CURVE('',#3626,#3628,#3630,.T.);
#3626 = VERTEX_POINT('',#3627);
#3627 = CARTESIAN_POINT('',(-28.71878739617,3.257885456085,
    -14.59707139908));
#3628 = VERTEX_POINT('',#3629);
#3629 = CARTESIAN_POINT('',(-28.52544968998,3.257885456085,
    -14.64631523314));
#3630 = LINE('',#3631,#3632);
#3631 = CARTESIAN_POINT('',(-28.72230148315,3.257885456085,
    -14.60699367523));
#3632 = VECTOR('',#3633,1.);
#3633 = DIRECTION('',(0.987440466705,0.,-0.157991533678));
#3634 = ORIENTED_EDGE('',*,*,#3635,.F.);
#3635 = EDGE_CURVE('',#3603,#3626,#3636,.T.);
#3636 = LINE('',#3637,#3638);
#3637 = CARTESIAN_POINT('',(-28.90228462219,3.257885456085,
    -14.52091693878));
#3638 = VECTOR('',#3639,1.);
#3639 = DIRECTION('',(0.902138428124,0.,-0.431446701809));
#3640 = ORIENTED_EDGE('',*,*,#3611,.F.);
#3641 = ORIENTED_EDGE('',*,*,#3642,.T.);
#3642 = EDGE_CURVE('',#3564,#3628,#3643,.T.);
#3643 = LINE('',#3644,#3645);
#3644 = CARTESIAN_POINT('',(-28.72230148315,2.060631275177,
    -14.60699367523));
#3645 = VECTOR('',#3646,1.);
#3646 = DIRECTION('',(0.161140491533,0.986173461034,-3.867359228178E-02)
  );
#3647 = PLANE('',#3648);
#3648 = AXIS2_PLACEMENT_3D('',#3649,#3650,#3651);
#3649 = CARTESIAN_POINT('',(-28.71782875739,2.743658413917,
    -14.59583650773));
#3650 = DIRECTION('',(0.333791113085,-1.758114320131E-02,0.942483101296)
  );
#3651 = DIRECTION('',(0.942628794231,-8.221080504656E-20,-0.333842711896
    ));
#3652 = ADVANCED_FACE('',(#3653),#3678,.T.);
#3653 = FACE_BOUND('',#3654,.T.);
#3654 = EDGE_LOOP('',(#3655,#3663,#3664,#3672));
#3655 = ORIENTED_EDGE('',*,*,#3656,.T.);
#3656 = EDGE_CURVE('',#3657,#3628,#3659,.T.);
#3657 = VERTEX_POINT('',#3658);
#3658 = CARTESIAN_POINT('',(-28.33104133606,2.060631275177,
    -14.66959571838));
#3659 = LINE('',#3660,#3661);
#3660 = CARTESIAN_POINT('',(-28.33104133606,2.060631275177,
    -14.66959571838));
#3661 = VECTOR('',#3662,1.);
#3662 = DIRECTION('',(-0.161246181888,0.986829903167,1.29000404177E-02)
  );
#3663 = ORIENTED_EDGE('',*,*,#3642,.F.);
#3664 = ORIENTED_EDGE('',*,*,#3665,.T.);
#3665 = EDGE_CURVE('',#3564,#3666,#3668,.T.);
#3666 = VERTEX_POINT('',#3667);
#3667 = CARTESIAN_POINT('',(-28.52544968998,2.060631275177,
    -14.64631523314));
#3668 = LINE('',#3669,#3670);
#3669 = CARTESIAN_POINT('',(-28.72230148315,2.060631275177,
    -14.60699367523));
#3670 = VECTOR('',#3671,1.);
#3671 = DIRECTION('',(0.987440466705,0.,-0.157991533678));
#3672 = ORIENTED_EDGE('',*,*,#3673,.F.);
#3673 = EDGE_CURVE('',#3657,#3666,#3674,.T.);
#3674 = LINE('',#3675,#3676);
#3675 = CARTESIAN_POINT('',(-28.33104133606,2.060631275177,
    -14.66959571838));
#3676 = VECTOR('',#3677,1.);
#3677 = DIRECTION('',(-0.996815108571,0.,7.974734681456E-02));
#3678 = PLANE('',#3679);
#3679 = AXIS2_PLACEMENT_3D('',#3680,#3681,#3682);
#3680 = CARTESIAN_POINT('',(-28.52669897684,2.575250138796,
    -14.64501721751));
#3681 = DIRECTION('',(0.157978374341,1.29064276221E-02,0.9873582214));
#3682 = DIRECTION('',(0.987440466705,2.425133540753E-19,-0.157991533678)
  );
#3683 = ADVANCED_FACE('',(#3684),#3701,.T.);
#3684 = FACE_BOUND('',#3685,.T.);
#3685 = EDGE_LOOP('',(#3686,#3694,#3695));
#3686 = ORIENTED_EDGE('',*,*,#3687,.T.);
#3687 = EDGE_CURVE('',#3688,#3628,#3690,.T.);
#3688 = VERTEX_POINT('',#3689);
#3689 = CARTESIAN_POINT('',(-28.33104133606,3.257885456085,
    -14.66959571838));
#3690 = LINE('',#3691,#3692);
#3691 = CARTESIAN_POINT('',(-28.33104133606,3.257885456085,
    -14.66959571838));
#3692 = VECTOR('',#3693,1.);
#3693 = DIRECTION('',(-0.996815108571,0.,7.974734681456E-02));
#3694 = ORIENTED_EDGE('',*,*,#3656,.F.);
#3695 = ORIENTED_EDGE('',*,*,#3696,.T.);
#3696 = EDGE_CURVE('',#3657,#3688,#3697,.T.);
#3697 = LINE('',#3698,#3699);
#3698 = CARTESIAN_POINT('',(-28.33104133606,2.060631275177,
    -14.66959571838));
#3699 = VECTOR('',#3700,1.);
#3700 = DIRECTION('',(0.,1.,0.));
#3701 = PLANE('',#3702);
#3702 = AXIS2_PLACEMENT_3D('',#3703,#3704,#3705);
#3703 = CARTESIAN_POINT('',(-28.38393049128,2.704327310042,
    -14.66536447252));
#3704 = DIRECTION('',(7.974734681456E-02,0.,0.996815108571));
#3705 = DIRECTION('',(0.996815108571,0.,-7.974734681456E-02));
#3706 = ADVANCED_FACE('',(#3707),#3724,.T.);
#3707 = FACE_BOUND('',#3708,.T.);
#3708 = EDGE_LOOP('',(#3709,#3717,#3718));
#3709 = ORIENTED_EDGE('',*,*,#3710,.T.);
#3710 = EDGE_CURVE('',#3711,#3688,#3713,.T.);
#3711 = VERTEX_POINT('',#3712);
#3712 = CARTESIAN_POINT('',(-28.12758827209,3.257885456085,
    -14.65394496917));
#3713 = LINE('',#3714,#3715);
#3714 = CARTESIAN_POINT('',(-28.12758827209,3.257885456085,
    -14.65394496917));
#3715 = VECTOR('',#3716,1.);
#3716 = DIRECTION('',(-0.997054293055,0.,-7.669900065306E-02));
#3717 = ORIENTED_EDGE('',*,*,#3696,.F.);
#3718 = ORIENTED_EDGE('',*,*,#3719,.T.);
#3719 = EDGE_CURVE('',#3657,#3711,#3720,.T.);
#3720 = LINE('',#3721,#3722);
#3721 = CARTESIAN_POINT('',(-28.33104133606,2.060631275177,
    -14.66959571838));
#3722 = VECTOR('',#3723,1.);
#3723 = DIRECTION('',(0.167517440632,0.985784889466,1.28863797869E-02));
#3724 = PLANE('',#3725);
#3725 = AXIS2_PLACEMENT_3D('',#3726,#3727,#3728);
#3726 = CARTESIAN_POINT('',(-28.27587465473,2.705955773166,
    -14.66535198827));
#3727 = DIRECTION('',(-7.669900065306E-02,0.,0.997054293055));
#3728 = DIRECTION('',(0.997054293055,0.,7.669900065306E-02));
#3729 = ADVANCED_FACE('',(#3730),#3747,.T.);
#3730 = FACE_BOUND('',#3731,.T.);
#3731 = EDGE_LOOP('',(#3732,#3740,#3741));
#3732 = ORIENTED_EDGE('',*,*,#3733,.T.);
#3733 = EDGE_CURVE('',#3734,#3711,#3736,.T.);
#3734 = VERTEX_POINT('',#3735);
#3735 = CARTESIAN_POINT('',(-28.12758827209,2.060631275177,
    -14.65394496917));
#3736 = LINE('',#3737,#3738);
#3737 = CARTESIAN_POINT('',(-28.12758827209,2.060631275177,
    -14.65394496917));
#3738 = VECTOR('',#3739,1.);
#3739 = DIRECTION('',(0.,1.,0.));
#3740 = ORIENTED_EDGE('',*,*,#3719,.F.);
#3741 = ORIENTED_EDGE('',*,*,#3742,.T.);
#3742 = EDGE_CURVE('',#3657,#3734,#3743,.T.);
#3743 = LINE('',#3744,#3745);
#3744 = CARTESIAN_POINT('',(-28.33104133606,2.060631275177,
    -14.66959571838));
#3745 = VECTOR('',#3746,1.);
#3746 = DIRECTION('',(0.997054293055,0.,7.669900065306E-02));
#3747 = PLANE('',#3748);
#3748 = AXIS2_PLACEMENT_3D('',#3749,#3750,#3751);
#3749 = CARTESIAN_POINT('',(-28.18275495342,2.612560958096,
    -14.65818869928));
#3750 = DIRECTION('',(-7.669900065306E-02,0.,0.997054293055));
#3751 = DIRECTION('',(0.997054293055,0.,7.669900065306E-02));
#3752 = ADVANCED_FACE('',(#3753),#3770,.T.);
#3753 = FACE_BOUND('',#3754,.T.);
#3754 = EDGE_LOOP('',(#3755,#3763,#3764));
#3755 = ORIENTED_EDGE('',*,*,#3756,.T.);
#3756 = EDGE_CURVE('',#3757,#3711,#3759,.T.);
#3757 = VERTEX_POINT('',#3758);
#3758 = CARTESIAN_POINT('',(-27.94285954409,3.257885456085,
    -14.59830189572));
#3759 = LINE('',#3760,#3761);
#3760 = CARTESIAN_POINT('',(-27.93978118896,3.257885456085,
    -14.60699367523));
#3761 = VECTOR('',#3762,1.);
#3762 = DIRECTION('',(-0.970143079711,0.,-0.242533306761));
#3763 = ORIENTED_EDGE('',*,*,#3733,.F.);
#3764 = ORIENTED_EDGE('',*,*,#3765,.T.);
#3765 = EDGE_CURVE('',#3734,#3757,#3766,.T.);
#3766 = LINE('',#3767,#3768);
#3767 = CARTESIAN_POINT('',(-28.12758827209,2.060631275177,
    -14.65394496917));
#3768 = VECTOR('',#3769,1.);
#3769 = DIRECTION('',(0.15485361687,0.987178636376,3.871301104823E-02));
#3770 = PLANE('',#3771);
#3771 = AXIS2_PLACEMENT_3D('',#3772,#3773,#3774);
#3772 = CARTESIAN_POINT('',(-28.07686511839,2.703767664067,
    -14.64126430953));
#3773 = DIRECTION('',(-0.242533306761,0.,0.970143079711));
#3774 = DIRECTION('',(0.970143079711,0.,0.242533306761));
#3775 = ADVANCED_FACE('',(#3776),#3793,.T.);
#3776 = FACE_BOUND('',#3777,.T.);
#3777 = EDGE_LOOP('',(#3778,#3786,#3787));
#3778 = ORIENTED_EDGE('',*,*,#3779,.T.);
#3779 = EDGE_CURVE('',#3780,#3757,#3782,.T.);
#3780 = VERTEX_POINT('',#3781);
#3781 = CARTESIAN_POINT('',(-27.94285954409,2.060631275177,
    -14.59830189572));
#3782 = LINE('',#3783,#3784);
#3783 = CARTESIAN_POINT('',(-27.93978118896,2.060631275177,
    -14.60699367523));
#3784 = VECTOR('',#3785,1.);
#3785 = DIRECTION('',(0.,1.,0.));
#3786 = ORIENTED_EDGE('',*,*,#3765,.F.);
#3787 = ORIENTED_EDGE('',*,*,#3788,.T.);
#3788 = EDGE_CURVE('',#3734,#3780,#3789,.T.);
#3789 = LINE('',#3790,#3791);
#3790 = CARTESIAN_POINT('',(-28.12758827209,2.060631275177,
    -14.65394496917));
#3791 = VECTOR('',#3792,1.);
#3792 = DIRECTION('',(0.970143079711,0.,0.242533306761));
#3793 = PLANE('',#3794);
#3794 = AXIS2_PLACEMENT_3D('',#3795,#3796,#3797);
#3795 = CARTESIAN_POINT('',(-27.99050434267,2.614749067196,
    -14.61967433487));
#3796 = DIRECTION('',(-0.242533306761,0.,0.970143079711));
#3797 = DIRECTION('',(0.970143079711,0.,0.242533306761));
#3798 = ADVANCED_FACE('',(#3799),#3824,.T.);
#3799 = FACE_BOUND('',#3800,.T.);
#3800 = EDGE_LOOP('',(#3801,#3811,#3817,#3818));
#3801 = ORIENTED_EDGE('',*,*,#3802,.F.);
#3802 = EDGE_CURVE('',#3803,#3805,#3807,.T.);
#3803 = VERTEX_POINT('',#3804);
#3804 = CARTESIAN_POINT('',(-27.75684002611,3.257885456085,
    -14.51250846876));
#3805 = VERTEX_POINT('',#3806);
#3806 = CARTESIAN_POINT('',(-27.59299480999,3.257885456085,
    -14.39722469455));
#3807 = LINE('',#3808,#3809);
#3808 = CARTESIAN_POINT('',(-27.75198173522,3.257885456085,
    -14.52091693878));
#3809 = VECTOR('',#3810,1.);
#3810 = DIRECTION('',(0.763387461679,0.,0.645940851279));
#3811 = ORIENTED_EDGE('',*,*,#3812,.F.);
#3812 = EDGE_CURVE('',#3757,#3803,#3813,.T.);
#3813 = LINE('',#3814,#3815);
#3814 = CARTESIAN_POINT('',(-28.12758827209,3.257885456085,
    -14.65394496917));
#3815 = VECTOR('',#3816,1.);
#3816 = DIRECTION('',(0.942626660281,0.,0.333848737197));
#3817 = ORIENTED_EDGE('',*,*,#3779,.F.);
#3818 = ORIENTED_EDGE('',*,*,#3819,.T.);
#3819 = EDGE_CURVE('',#3780,#3805,#3820,.T.);
#3820 = LINE('',#3821,#3822);
#3821 = CARTESIAN_POINT('',(-27.93978118896,2.060631275177,
    -14.60699367523));
#3822 = VECTOR('',#3823,1.);
#3823 = DIRECTION('',(0.278486305538,0.946865808154,0.160905310591));
#3824 = PLANE('',#3825);
#3825 = AXIS2_PLACEMENT_3D('',#3826,#3827,#3828);
#3826 = CARTESIAN_POINT('',(-27.83720571537,2.74413216567,
    -14.54772706819));
#3827 = DIRECTION('',(-0.500282520592,0.,0.865862228989));
#3828 = DIRECTION('',(0.865862228989,0.,0.500282520592));
#3829 = ADVANCED_FACE('',(#3830),#3855,.T.);
#3830 = FACE_BOUND('',#3831,.T.);
#3831 = EDGE_LOOP('',(#3832,#3840,#3841,#3849));
#3832 = ORIENTED_EDGE('',*,*,#3833,.T.);
#3833 = EDGE_CURVE('',#3834,#3805,#3836,.T.);
#3834 = VERTEX_POINT('',#3835);
#3835 = CARTESIAN_POINT('',(-27.58765220642,2.060631275177,
    -14.40353870391));
#3836 = LINE('',#3837,#3838);
#3837 = CARTESIAN_POINT('',(-27.58765220642,2.060631275177,
    -14.40353870391));
#3838 = VECTOR('',#3839,1.);
#3839 = DIRECTION('',(0.,1.,0.));
#3840 = ORIENTED_EDGE('',*,*,#3819,.F.);
#3841 = ORIENTED_EDGE('',*,*,#3842,.F.);
#3842 = EDGE_CURVE('',#3843,#3780,#3845,.T.);
#3843 = VERTEX_POINT('',#3844);
#3844 = CARTESIAN_POINT('',(-27.75684002611,2.060631275177,
    -14.51250846876));
#3845 = LINE('',#3846,#3847);
#3846 = CARTESIAN_POINT('',(-27.75198173522,2.060631275177,
    -14.52091693878));
#3847 = VECTOR('',#3848,1.);
#3848 = DIRECTION('',(-0.942626660281,0.,-0.333848737197));
#3849 = ORIENTED_EDGE('',*,*,#3850,.F.);
#3850 = EDGE_CURVE('',#3834,#3843,#3851,.T.);
#3851 = LINE('',#3852,#3853);
#3852 = CARTESIAN_POINT('',(-27.58765220642,2.060631275177,
    -14.40353870391));
#3853 = VECTOR('',#3854,1.);
#3854 = DIRECTION('',(-0.813733471207,0.,-0.581238193719));
#3855 = PLANE('',#3856);
#3856 = AXIS2_PLACEMENT_3D('',#3857,#3858,#3859);
#3857 = CARTESIAN_POINT('',(-27.69022768,2.574384565592,-14.46280531095)
  );
#3858 = DIRECTION('',(-0.500282520592,0.,0.865862228989));
#3859 = DIRECTION('',(0.865862228989,0.,0.500282520592));
#3860 = ADVANCED_FACE('',(#3861),#3878,.T.);
#3861 = FACE_BOUND('',#3862,.T.);
#3862 = EDGE_LOOP('',(#3863,#3871,#3872));
#3863 = ORIENTED_EDGE('',*,*,#3864,.T.);
#3864 = EDGE_CURVE('',#3865,#3805,#3867,.T.);
#3865 = VERTEX_POINT('',#3866);
#3866 = CARTESIAN_POINT('',(-27.44679832458,2.060631275177,
    -14.26268577575));
#3867 = LINE('',#3868,#3869);
#3868 = CARTESIAN_POINT('',(-27.44679832458,2.060631275177,
    -14.26268577575));
#3869 = VECTOR('',#3870,1.);
#3870 = DIRECTION('',(-0.116052141024,0.986440055707,-0.116051355274));
#3871 = ORIENTED_EDGE('',*,*,#3833,.F.);
#3872 = ORIENTED_EDGE('',*,*,#3873,.T.);
#3873 = EDGE_CURVE('',#3834,#3865,#3874,.T.);
#3874 = LINE('',#3875,#3876);
#3875 = CARTESIAN_POINT('',(-27.58765220642,2.060631275177,
    -14.40353870391));
#3876 = VECTOR('',#3877,1.);
#3877 = DIRECTION('',(0.707109174982,0.,0.707104387383));
#3878 = PLANE('',#3879);
#3879 = AXIS2_PLACEMENT_3D('',#3880,#3881,#3882);
#3880 = CARTESIAN_POINT('',(-27.54952935863,2.613573633659,
    -14.36541611425));
#3881 = DIRECTION('',(-0.707104387383,-0.,0.707109174982));
#3882 = DIRECTION('',(0.707109174982,0.,0.707104387383));
#3883 = ADVANCED_FACE('',(#3884),#3909,.T.);
#3884 = FACE_BOUND('',#3885,.T.);
#3885 = EDGE_LOOP('',(#3886,#3896,#3902,#3903));
#3886 = ORIENTED_EDGE('',*,*,#3887,.F.);
#3887 = EDGE_CURVE('',#3888,#3890,#3892,.T.);
#3888 = VERTEX_POINT('',#3889);
#3889 = CARTESIAN_POINT('',(-27.45435304615,3.257885456085,
    -14.25648700685));
#3890 = VERTEX_POINT('',#3891);
#3891 = CARTESIAN_POINT('',(-27.34336315141,3.257885456085,
    -14.09488151952));
#3892 = LINE('',#3893,#3894);
#3893 = CARTESIAN_POINT('',(-27.44679832458,3.257885456085,
    -14.26268577575));
#3894 = VECTOR('',#3895,1.);
#3895 = DIRECTION('',(0.494008704224,0.,0.869456957043));
#3896 = ORIENTED_EDGE('',*,*,#3897,.F.);
#3897 = EDGE_CURVE('',#3805,#3888,#3898,.T.);
#3898 = LINE('',#3899,#3900);
#3899 = CARTESIAN_POINT('',(-27.75198173522,3.257885456085,
    -14.52091693878));
#3900 = VECTOR('',#3901,1.);
#3901 = DIRECTION('',(0.763387461679,0.,0.645940851279));
#3902 = ORIENTED_EDGE('',*,*,#3864,.F.);
#3903 = ORIENTED_EDGE('',*,*,#3904,.T.);
#3904 = EDGE_CURVE('',#3865,#3890,#3905,.T.);
#3905 = LINE('',#3906,#3907);
#3906 = CARTESIAN_POINT('',(-27.44679832458,2.060631275177,
    -14.26268577575));
#3907 = VECTOR('',#3908,1.);
#3908 = DIRECTION('',(9.028290146258E-02,0.986665719753,0.135424352194)
  );
#3909 = PLANE('',#3910);
#3910 = AXIS2_PLACEMENT_3D('',#3911,#3912,#3913);
#3911 = CARTESIAN_POINT('',(-27.45572456953,2.743001881249,
    -14.25600335174));
#3912 = DIRECTION('',(-0.772969228041,-1.632240579524E-02,0.634233515017
    ));
#3913 = DIRECTION('',(-0.634318018445,-2.830238320496E-20,-0.77307221621
    ));
#3914 = ADVANCED_FACE('',(#3915),#3940,.T.);
#3915 = FACE_BOUND('',#3916,.T.);
#3916 = EDGE_LOOP('',(#3917,#3925,#3926,#3934));
#3917 = ORIENTED_EDGE('',*,*,#3918,.T.);
#3918 = EDGE_CURVE('',#3919,#3890,#3921,.T.);
#3919 = VERTEX_POINT('',#3920);
#3920 = CARTESIAN_POINT('',(-27.25116920471,2.060631275177,
    -13.91837787628));
#3921 = LINE('',#3922,#3923);
#3922 = CARTESIAN_POINT('',(-27.25116920471,2.060631275177,
    -13.91837787628));
#3923 = VECTOR('',#3924,1.);
#3924 = DIRECTION('',(-7.091728284824E-02,0.986399077036,-0.148282162841
    ));
#3925 = ORIENTED_EDGE('',*,*,#3904,.F.);
#3926 = ORIENTED_EDGE('',*,*,#3927,.F.);
#3927 = EDGE_CURVE('',#3928,#3865,#3930,.T.);
#3928 = VERTEX_POINT('',#3929);
#3929 = CARTESIAN_POINT('',(-27.34336315141,2.060631275177,
    -14.09488151952));
#3930 = LINE('',#3931,#3932);
#3931 = CARTESIAN_POINT('',(-27.33724594116,2.060631275177,
    -14.09835720062));
#3932 = VECTOR('',#3933,1.);
#3933 = DIRECTION('',(-0.554700196225,0.,-0.832050294338));
#3934 = ORIENTED_EDGE('',*,*,#3935,.F.);
#3935 = EDGE_CURVE('',#3919,#3928,#3936,.T.);
#3936 = LINE('',#3937,#3938);
#3937 = CARTESIAN_POINT('',(-27.25116920471,2.060631275177,
    -13.91837787628));
#3938 = VECTOR('',#3939,1.);
#3939 = DIRECTION('',(-0.43145414413,0.,-0.902134868804));
#3940 = PLANE('',#3941);
#3941 = AXIS2_PLACEMENT_3D('',#3942,#3943,#3944);
#3942 = CARTESIAN_POINT('',(-27.34393238845,2.575290411251,
    -14.09388568937));
#3943 = DIRECTION('',(-0.86939691285,1.175219424971E-02,0.49397458827));
#3944 = DIRECTION('',(-0.494008704224,5.991738515605E-19,-0.869456957043
    ));
#3945 = ADVANCED_FACE('',(#3946),#3971,.T.);
#3946 = FACE_BOUND('',#3947,.T.);
#3947 = EDGE_LOOP('',(#3948,#3958,#3964,#3965));
#3948 = ORIENTED_EDGE('',*,*,#3949,.T.);
#3949 = EDGE_CURVE('',#3950,#3952,#3954,.T.);
#3950 = VERTEX_POINT('',#3951);
#3951 = CARTESIAN_POINT('',(-27.20621232277,3.257885456085,
    -13.72101471705));
#3952 = VERTEX_POINT('',#3953);
#3953 = CARTESIAN_POINT('',(-27.25931575016,3.257885456085,
    -13.91532291397));
#3954 = LINE('',#3955,#3956);
#3955 = CARTESIAN_POINT('',(-27.19639205932,3.257885456085,
    -13.72274780273));
#3956 = VECTOR('',#3957,1.);
#3957 = DIRECTION('',(-0.351124223181,0.,-0.936328884471));
#3958 = ORIENTED_EDGE('',*,*,#3959,.F.);
#3959 = EDGE_CURVE('',#3890,#3952,#3960,.T.);
#3960 = LINE('',#3961,#3962);
#3961 = CARTESIAN_POINT('',(-27.44679832458,3.257885456085,
    -14.26268577575));
#3962 = VECTOR('',#3963,1.);
#3963 = DIRECTION('',(0.494008704224,0.,0.869456957043));
#3964 = ORIENTED_EDGE('',*,*,#3918,.F.);
#3965 = ORIENTED_EDGE('',*,*,#3966,.T.);
#3966 = EDGE_CURVE('',#3919,#3950,#3967,.T.);
#3967 = LINE('',#3968,#3969);
#3968 = CARTESIAN_POINT('',(-27.25116920471,2.060631275177,
    -13.91837787628));
#3969 = VECTOR('',#3970,1.);
#3970 = DIRECTION('',(4.510753980361E-02,0.985907356801,0.161096224843)
  );
#3971 = PLANE('',#3972);
#3972 = AXIS2_PLACEMENT_3D('',#3973,#3974,#3975);
#3973 = CARTESIAN_POINT('',(-27.26009602527,2.74413501847,
    -13.91389033491));
#3974 = DIRECTION('',(-0.936230004798,-1.453258367161E-02,0.351087143209
    ));
#3975 = DIRECTION('',(-0.351124223181,4.024065118744E-19,-0.936328884471
    ));
#3976 = ADVANCED_FACE('',(#3977),#3994,.T.);
#3977 = FACE_BOUND('',#3978,.T.);
#3978 = EDGE_LOOP('',(#3979,#3987,#3988));
#3979 = ORIENTED_EDGE('',*,*,#3980,.T.);
#3980 = EDGE_CURVE('',#3981,#3950,#3983,.T.);
#3981 = VERTEX_POINT('',#3982);
#3982 = CARTESIAN_POINT('',(-27.19639205932,2.060631275177,
    -13.72274780273));
#3983 = LINE('',#3984,#3985);
#3984 = CARTESIAN_POINT('',(-27.19639205932,2.060631275177,
    -13.72274780273));
#3985 = VECTOR('',#3986,1.);
#3986 = DIRECTION('',(0.,1.,0.));
#3987 = ORIENTED_EDGE('',*,*,#3966,.F.);
#3988 = ORIENTED_EDGE('',*,*,#3989,.T.);
#3989 = EDGE_CURVE('',#3919,#3981,#3990,.T.);
#3990 = LINE('',#3991,#3992);
#3991 = CARTESIAN_POINT('',(-27.25116920471,2.060631275177,
    -13.91837787628));
#3992 = VECTOR('',#3993,1.);
#3993 = DIRECTION('',(0.269633233841,0.,0.962963093378));
#3994 = PLANE('',#3995);
#3995 = AXIS2_PLACEMENT_3D('',#3996,#3997,#3998);
#3996 = CARTESIAN_POINT('',(-27.21123994804,2.612748208871,
    -13.77577527508));
#3997 = DIRECTION('',(-0.962963093378,-0.,0.269633233841));
#3998 = DIRECTION('',(-0.269633233841,0.,-0.962963093378));
#3999 = ADVANCED_FACE('',(#4000),#4015,.T.);
#4000 = FACE_BOUND('',#4001,.T.);
#4001 = EDGE_LOOP('',(#4002,#4008,#4009));
#4002 = ORIENTED_EDGE('',*,*,#4003,.T.);
#4003 = EDGE_CURVE('',#2728,#3950,#4004,.T.);
#4004 = LINE('',#4005,#4006);
#4005 = CARTESIAN_POINT('',(-27.18073844909,3.257885456085,
    -13.51929283142));
#4006 = VECTOR('',#4007,1.);
#4007 = DIRECTION('',(-7.671222411412E-02,0.,-0.997053275744));
#4008 = ORIENTED_EDGE('',*,*,#3980,.F.);
#4009 = ORIENTED_EDGE('',*,*,#4010,.T.);
#4010 = EDGE_CURVE('',#3981,#2728,#4011,.T.);
#4011 = LINE('',#4012,#4013);
#4012 = CARTESIAN_POINT('',(-27.19639205932,2.060631275177,
    -13.72274780273));
#4013 = VECTOR('',#4014,1.);
#4014 = DIRECTION('',(1.28887316894E-02,0.985784600199,0.167518961932));
#4015 = PLANE('',#4016);
#4016 = AXIS2_PLACEMENT_3D('',#4017,#4018,#4019);
#4017 = CARTESIAN_POINT('',(-27.19214755004,2.705956214366,
    -13.66758056012));
#4018 = DIRECTION('',(-0.997053275744,-0.,7.671222411412E-02));
#4019 = DIRECTION('',(-7.671222411412E-02,0.,-0.997053275744));
#4020 = ADVANCED_FACE('',(#4021),#4031,.T.);
#4021 = FACE_BOUND('',#4022,.T.);
#4022 = EDGE_LOOP('',(#4023,#4024,#4025));
#4023 = ORIENTED_EDGE('',*,*,#2735,.F.);
#4024 = ORIENTED_EDGE('',*,*,#4010,.F.);
#4025 = ORIENTED_EDGE('',*,*,#4026,.T.);
#4026 = EDGE_CURVE('',#3981,#2718,#4027,.T.);
#4027 = LINE('',#4028,#4029);
#4028 = CARTESIAN_POINT('',(-27.19639205932,2.060631275177,
    -13.72274780273));
#4029 = VECTOR('',#4030,1.);
#4030 = DIRECTION('',(7.671222411412E-02,0.,0.997053275744));
#4031 = PLANE('',#4032);
#4032 = AXIS2_PLACEMENT_3D('',#4033,#4034,#4035);
#4033 = CARTESIAN_POINT('',(-27.18498295837,2.612560516896,
    -13.57446007402));
#4034 = DIRECTION('',(-0.997053275744,-0.,7.671222411412E-02));
#4035 = DIRECTION('',(-7.671222411412E-02,0.,-0.997053275744));
#4036 = ADVANCED_FACE('',(#4037),#4054,.T.);
#4037 = FACE_BOUND('',#4038,.T.);
#4038 = EDGE_LOOP('',(#4039,#4040,#4048));
#4039 = ORIENTED_EDGE('',*,*,#3301,.F.);
#4040 = ORIENTED_EDGE('',*,*,#4041,.F.);
#4041 = EDGE_CURVE('',#4042,#3302,#4044,.T.);
#4042 = VERTEX_POINT('',#4043);
#4043 = CARTESIAN_POINT('',(-71.69826507568,3.257885456085,
    -6.719200134277));
#4044 = LINE('',#4045,#4046);
#4045 = CARTESIAN_POINT('',(-71.69826507568,3.257885456085,
    -6.719200134277));
#4046 = VECTOR('',#4047,1.);
#4047 = DIRECTION('',(0.988709757557,0.,-0.149843302524));
#4048 = ORIENTED_EDGE('',*,*,#4049,.T.);
#4049 = EDGE_CURVE('',#4042,#3279,#4050,.T.);
#4050 = LINE('',#4051,#4052);
#4051 = CARTESIAN_POINT('',(-71.69826507568,3.257885456085,
    -6.719200134277));
#4052 = VECTOR('',#4053,1.);
#4053 = DIRECTION('',(0.989367644204,0.,-0.145436118632));
#4054 = PLANE('',#4055);
#4055 = AXIS2_PLACEMENT_3D('',#4056,#4057,#4058);
#4056 = CARTESIAN_POINT('',(-50.48384466434,3.257885456085,
    -9.885937340139));
#4057 = DIRECTION('',(0.,1.,0.));
#4058 = DIRECTION('',(0.,-0.,1.));
#4059 = ADVANCED_FACE('',(#4060),#4086,.T.);
#4060 = FACE_BOUND('',#4061,.T.);
#4061 = EDGE_LOOP('',(#4062,#4072,#4080));
#4062 = ORIENTED_EDGE('',*,*,#4063,.T.);
#4063 = EDGE_CURVE('',#4064,#4066,#4068,.T.);
#4064 = VERTEX_POINT('',#4065);
#4065 = CARTESIAN_POINT('',(-95.28338623046,3.257885456085,
    42.235206604004));
#4066 = VERTEX_POINT('',#4067);
#4067 = CARTESIAN_POINT('',(-95.32295805137,3.257885456085,
    42.065407971844));
#4068 = LINE('',#4069,#4070);
#4069 = CARTESIAN_POINT('',(-95.28338623046,3.257885456085,
    42.235206604004));
#4070 = VECTOR('',#4071,1.);
#4071 = DIRECTION('',(-0.178893111894,0.,-0.983868514852));
#4072 = ORIENTED_EDGE('',*,*,#4073,.T.);
#4073 = EDGE_CURVE('',#4066,#4074,#4076,.T.);
#4074 = VERTEX_POINT('',#4075);
#4075 = CARTESIAN_POINT('',(-95.28338623046,2.060631275177,
    42.235206604004));
#4076 = LINE('',#4077,#4078);
#4077 = CARTESIAN_POINT('',(-95.31468963623,3.257885456085,
    42.063045501709));
#4078 = VECTOR('',#4079,1.);
#4079 = DIRECTION('',(2.58711405844E-02,-0.989487580531,0.142284967794)
  );
#4080 = ORIENTED_EDGE('',*,*,#4081,.T.);
#4081 = EDGE_CURVE('',#4074,#4064,#4082,.T.);
#4082 = LINE('',#4083,#4084);
#4083 = CARTESIAN_POINT('',(-95.28338623046,2.060631275177,
    42.235206604004));
#4084 = VECTOR('',#4085,1.);
#4085 = DIRECTION('',(0.,1.,0.));
#4086 = PLANE('',#4087);
#4087 = AXIS2_PLACEMENT_3D('',#4088,#4089,#4090);
#4088 = CARTESIAN_POINT('',(-95.29178095098,2.69982439017,
    42.189037687173));
#4089 = DIRECTION('',(-0.983868514852,-0.,0.178893111894));
#4090 = DIRECTION('',(-0.178893111894,0.,-0.983868514852));
#4091 = ADVANCED_FACE('',(#4092),#4109,.T.);
#4092 = FACE_BOUND('',#4093,.T.);
#4093 = EDGE_LOOP('',(#4094,#4102,#4103));
#4094 = ORIENTED_EDGE('',*,*,#4095,.T.);
#4095 = EDGE_CURVE('',#4096,#4074,#4098,.T.);
#4096 = VERTEX_POINT('',#4097);
#4097 = CARTESIAN_POINT('',(-95.31468963623,2.060631275177,
    42.063045501709));
#4098 = LINE('',#4099,#4100);
#4099 = CARTESIAN_POINT('',(-95.31468963623,2.060631275177,
    42.063045501709));
#4100 = VECTOR('',#4101,1.);
#4101 = DIRECTION('',(0.178893111894,0.,0.983868514852));
#4102 = ORIENTED_EDGE('',*,*,#4073,.F.);
#4103 = ORIENTED_EDGE('',*,*,#4104,.T.);
#4104 = EDGE_CURVE('',#4066,#4096,#4105,.T.);
#4105 = LINE('',#4106,#4107);
#4106 = CARTESIAN_POINT('',(-95.31468963623,3.257885456085,
    42.063045501709));
#4107 = VECTOR('',#4108,1.);
#4108 = DIRECTION('',(0.,-1.,0.));
#4109 = PLANE('',#4110);
#4110 = AXIS2_PLACEMENT_3D('',#4111,#4112,#4113);
#4111 = CARTESIAN_POINT('',(-95.30629491571,2.618692341093,
    42.10921441854));
#4112 = DIRECTION('',(-0.983868514852,-0.,0.178893111894));
#4113 = DIRECTION('',(-0.178893111894,0.,-0.983868514852));
#4114 = ADVANCED_FACE('',(#4115),#4132,.T.);
#4115 = FACE_BOUND('',#4116,.T.);
#4116 = EDGE_LOOP('',(#4117,#4125,#4126));
#4117 = ORIENTED_EDGE('',*,*,#4118,.T.);
#4118 = EDGE_CURVE('',#4119,#4096,#4121,.T.);
#4119 = VERTEX_POINT('',#4120);
#4120 = CARTESIAN_POINT('',(-95.36164093017,3.257885456085,
    41.961322784424));
#4121 = LINE('',#4122,#4123);
#4122 = CARTESIAN_POINT('',(-95.36164093017,3.257885456085,
    41.961322784424));
#4123 = VECTOR('',#4124,1.);
#4124 = DIRECTION('',(3.904523113633E-02,-0.995650221631,
    8.459377100109E-02));
#4125 = ORIENTED_EDGE('',*,*,#4104,.F.);
#4126 = ORIENTED_EDGE('',*,*,#4127,.T.);
#4127 = EDGE_CURVE('',#4066,#4119,#4128,.T.);
#4128 = LINE('',#4129,#4130);
#4129 = CARTESIAN_POINT('',(-95.31468963623,3.257885456085,
    42.063045501709));
#4130 = VECTOR('',#4131,1.);
#4131 = DIRECTION('',(-0.41907545104,0.,-0.907951411881));
#4132 = PLANE('',#4133);
#4133 = AXIS2_PLACEMENT_3D('',#4134,#4135,#4136);
#4134 = CARTESIAN_POINT('',(-95.32697545765,2.685959584988,
    42.036427552881));
#4135 = DIRECTION('',(-0.907951411881,-0.,0.41907545104));
#4136 = DIRECTION('',(-0.41907545104,0.,-0.907951411881));
#4137 = ADVANCED_FACE('',(#4138),#4155,.T.);
#4138 = FACE_BOUND('',#4139,.T.);
#4139 = EDGE_LOOP('',(#4140,#4148,#4149));
#4140 = ORIENTED_EDGE('',*,*,#4141,.T.);
#4141 = EDGE_CURVE('',#4142,#4096,#4144,.T.);
#4142 = VERTEX_POINT('',#4143);
#4143 = CARTESIAN_POINT('',(-95.36164093017,2.060631275177,
    41.961322784424));
#4144 = LINE('',#4145,#4146);
#4145 = CARTESIAN_POINT('',(-95.36164093017,2.060631275177,
    41.961322784424));
#4146 = VECTOR('',#4147,1.);
#4147 = DIRECTION('',(0.41907545104,0.,0.907951411881));
#4148 = ORIENTED_EDGE('',*,*,#4118,.F.);
#4149 = ORIENTED_EDGE('',*,*,#4150,.T.);
#4150 = EDGE_CURVE('',#4119,#4142,#4151,.T.);
#4151 = LINE('',#4152,#4153);
#4152 = CARTESIAN_POINT('',(-95.36164093017,3.257885456085,
    41.961322784424));
#4153 = VECTOR('',#4154,1.);
#4154 = DIRECTION('',(0.,-1.,0.));
#4155 = PLANE('',#4156);
#4156 = AXIS2_PLACEMENT_3D('',#4157,#4158,#4159);
#4157 = CARTESIAN_POINT('',(-95.34935510874,2.632557146274,
    41.987940733252));
#4158 = DIRECTION('',(-0.907951411881,-0.,0.41907545104));
#4159 = DIRECTION('',(-0.41907545104,0.,-0.907951411881));
#4160 = ADVANCED_FACE('',(#4161),#4178,.T.);
#4161 = FACE_BOUND('',#4162,.T.);
#4162 = EDGE_LOOP('',(#4163,#4171,#4172));
#4163 = ORIENTED_EDGE('',*,*,#4164,.T.);
#4164 = EDGE_CURVE('',#4165,#4142,#4167,.T.);
#4165 = VERTEX_POINT('',#4166);
#4166 = CARTESIAN_POINT('',(-95.47119903564,3.257885456085,
    41.843948364258));
#4167 = LINE('',#4168,#4169);
#4168 = CARTESIAN_POINT('',(-95.47119903564,3.257885456085,
    41.843948364258));
#4169 = VECTOR('',#4170,1.);
#4170 = DIRECTION('',(9.069586849594E-02,-0.991127103588,
    9.716647554845E-02));
#4171 = ORIENTED_EDGE('',*,*,#4150,.F.);
#4172 = ORIENTED_EDGE('',*,*,#4173,.T.);
#4173 = EDGE_CURVE('',#4119,#4165,#4174,.T.);
#4174 = LINE('',#4175,#4176);
#4175 = CARTESIAN_POINT('',(-95.36164093017,3.257885456085,
    41.961322784424));
#4176 = VECTOR('',#4177,1.);
#4177 = DIRECTION('',(-0.682347031035,0.,-0.73102840522));
#4178 = PLANE('',#4179);
#4179 = AXIS2_PLACEMENT_3D('',#4180,#4181,#4182);
#4180 = CARTESIAN_POINT('',(-95.3908588419,2.696718982944,
    41.930020349674));
#4181 = DIRECTION('',(-0.73102840522,-0.,0.682347031035));
#4182 = DIRECTION('',(-0.682347031035,0.,-0.73102840522));
#4183 = ADVANCED_FACE('',(#4184),#4201,.T.);
#4184 = FACE_BOUND('',#4185,.T.);
#4185 = EDGE_LOOP('',(#4186,#4194,#4195));
#4186 = ORIENTED_EDGE('',*,*,#4187,.T.);
#4187 = EDGE_CURVE('',#4188,#4142,#4190,.T.);
#4188 = VERTEX_POINT('',#4189);
#4189 = CARTESIAN_POINT('',(-95.47119903564,2.060631275177,
    41.843948364258));
#4190 = LINE('',#4191,#4192);
#4191 = CARTESIAN_POINT('',(-95.47119903564,2.060631275177,
    41.843948364258));
#4192 = VECTOR('',#4193,1.);
#4193 = DIRECTION('',(0.682347031035,0.,0.73102840522));
#4194 = ORIENTED_EDGE('',*,*,#4164,.F.);
#4195 = ORIENTED_EDGE('',*,*,#4196,.T.);
#4196 = EDGE_CURVE('',#4165,#4188,#4197,.T.);
#4197 = LINE('',#4198,#4199);
#4198 = CARTESIAN_POINT('',(-95.47119903564,3.257885456085,
    41.843948364258));
#4199 = VECTOR('',#4200,1.);
#4200 = DIRECTION('',(0.,-1.,0.));
#4201 = PLANE('',#4202);
#4202 = AXIS2_PLACEMENT_3D('',#4203,#4204,#4205);
#4203 = CARTESIAN_POINT('',(-95.44198112391,2.621797748318,
    41.875250799008));
#4204 = DIRECTION('',(-0.73102840522,-0.,0.682347031035));
#4205 = DIRECTION('',(-0.682347031035,0.,-0.73102840522));
#4206 = ADVANCED_FACE('',(#4207),#4224,.T.);
#4207 = FACE_BOUND('',#4208,.T.);
#4208 = EDGE_LOOP('',(#4209,#4217,#4218));
#4209 = ORIENTED_EDGE('',*,*,#4210,.T.);
#4210 = EDGE_CURVE('',#4211,#4188,#4213,.T.);
#4211 = VERTEX_POINT('',#4212);
#4212 = CARTESIAN_POINT('',(-95.61644861236,3.257885456085,
    41.777959925532));
#4213 = LINE('',#4214,#4215);
#4214 = CARTESIAN_POINT('',(-95.61204528808,3.257885456085,
    41.765693664551));
#4215 = VECTOR('',#4216,1.);
#4216 = DIRECTION('',(0.116589984341,-0.991065390701,6.477782727847E-02)
  );
#4217 = ORIENTED_EDGE('',*,*,#4196,.F.);
#4218 = ORIENTED_EDGE('',*,*,#4219,.T.);
#4219 = EDGE_CURVE('',#4165,#4211,#4220,.T.);
#4220 = LINE('',#4221,#4222);
#4221 = CARTESIAN_POINT('',(-95.47119903564,3.257885456085,
    41.843948364258));
#4222 = VECTOR('',#4223,1.);
#4223 = DIRECTION('',(-0.874139407379,0.,-0.485675093521));
#4224 = PLANE('',#4225);
#4225 = AXIS2_PLACEMENT_3D('',#4226,#4227,#4228);
#4226 = CARTESIAN_POINT('',(-95.50876934013,2.696841411829,
    41.823074163881));
#4227 = DIRECTION('',(-0.485675093521,0.,0.874139407379));
#4228 = DIRECTION('',(0.874139407379,0.,0.485675093521));
#4229 = ADVANCED_FACE('',(#4230),#4247,.T.);
#4230 = FACE_BOUND('',#4231,.T.);
#4231 = EDGE_LOOP('',(#4232,#4240,#4241));
#4232 = ORIENTED_EDGE('',*,*,#4233,.T.);
#4233 = EDGE_CURVE('',#4234,#4188,#4236,.T.);
#4234 = VERTEX_POINT('',#4235);
#4235 = CARTESIAN_POINT('',(-95.61204528808,2.060631275177,
    41.765693664551));
#4236 = LINE('',#4237,#4238);
#4237 = CARTESIAN_POINT('',(-95.61204528808,2.060631275177,
    41.765693664551));
#4238 = VECTOR('',#4239,1.);
#4239 = DIRECTION('',(0.874139407379,0.,0.485675093521));
#4240 = ORIENTED_EDGE('',*,*,#4210,.F.);
#4241 = ORIENTED_EDGE('',*,*,#4242,.T.);
#4242 = EDGE_CURVE('',#4211,#4234,#4243,.T.);
#4243 = LINE('',#4244,#4245);
#4244 = CARTESIAN_POINT('',(-95.61204528808,3.257885456085,
    41.765693664551));
#4245 = VECTOR('',#4246,1.);
#4246 = DIRECTION('',(0.,-1.,0.));
#4247 = PLANE('',#4248);
#4248 = AXIS2_PLACEMENT_3D('',#4249,#4250,#4251);
#4249 = CARTESIAN_POINT('',(-95.57447498359,2.621675319434,
    41.786567864928));
#4250 = DIRECTION('',(-0.485675093521,0.,0.874139407379));
#4251 = DIRECTION('',(0.874139407379,0.,0.485675093521));
#4252 = ADVANCED_FACE('',(#4253),#4270,.T.);
#4253 = FACE_BOUND('',#4254,.T.);
#4254 = EDGE_LOOP('',(#4255,#4263,#4264));
#4255 = ORIENTED_EDGE('',*,*,#4256,.T.);
#4256 = EDGE_CURVE('',#4257,#4234,#4259,.T.);
#4257 = VERTEX_POINT('',#4258);
#4258 = CARTESIAN_POINT('',(-95.77638244628,3.257885456085,
    41.734394073486));
#4259 = LINE('',#4260,#4261);
#4260 = CARTESIAN_POINT('',(-95.77638244628,3.257885456085,
    41.734394073486));
#4261 = VECTOR('',#4262,1.);
#4262 = DIRECTION('',(0.13594105492,-0.99037854944,2.589128030688E-02));
#4263 = ORIENTED_EDGE('',*,*,#4242,.F.);
#4264 = ORIENTED_EDGE('',*,*,#4265,.T.);
#4265 = EDGE_CURVE('',#4211,#4257,#4266,.T.);
#4266 = LINE('',#4267,#4268);
#4267 = CARTESIAN_POINT('',(-95.61204528808,3.257885456085,
    41.765693664551));
#4268 = VECTOR('',#4269,1.);
#4269 = DIRECTION('',(-0.98234156009,0.,-0.187096390449));
#4270 = PLANE('',#4271);
#4271 = AXIS2_PLACEMENT_3D('',#4272,#4273,#4274);
#4272 = CARTESIAN_POINT('',(-95.65598603809,2.698173373045,
    41.75732472644));
#4273 = DIRECTION('',(-0.187096390449,0.,0.98234156009));
#4274 = DIRECTION('',(0.98234156009,0.,0.187096390449));
#4275 = ADVANCED_FACE('',(#4276),#4293,.T.);
#4276 = FACE_BOUND('',#4277,.T.);
#4277 = EDGE_LOOP('',(#4278,#4286,#4287));
#4278 = ORIENTED_EDGE('',*,*,#4279,.T.);
#4279 = EDGE_CURVE('',#4280,#4234,#4282,.T.);
#4280 = VERTEX_POINT('',#4281);
#4281 = CARTESIAN_POINT('',(-95.77638244628,2.060631275177,
    41.734394073486));
#4282 = LINE('',#4283,#4284);
#4283 = CARTESIAN_POINT('',(-95.77638244628,2.060631275177,
    41.734394073486));
#4284 = VECTOR('',#4285,1.);
#4285 = DIRECTION('',(0.98234156009,0.,0.187096390449));
#4286 = ORIENTED_EDGE('',*,*,#4256,.F.);
#4287 = ORIENTED_EDGE('',*,*,#4288,.F.);
#4288 = EDGE_CURVE('',#4280,#4257,#4289,.T.);
#4289 = LINE('',#4290,#4291);
#4290 = CARTESIAN_POINT('',(-95.77638244628,2.060631275177,
    41.734394073486));
#4291 = VECTOR('',#4292,1.);
#4292 = DIRECTION('',(0.,1.,0.));
#4293 = PLANE('',#4294);
#4294 = AXIS2_PLACEMENT_3D('',#4295,#4296,#4297);
#4295 = CARTESIAN_POINT('',(-95.73244169628,2.620343358217,
    41.742763011597));
#4296 = DIRECTION('',(-0.187096390449,0.,0.98234156009));
#4297 = DIRECTION('',(0.98234156009,0.,0.187096390449));
#4298 = ADVANCED_FACE('',(#4299),#4316,.T.);
#4299 = FACE_BOUND('',#4300,.T.);
#4300 = EDGE_LOOP('',(#4301,#4309,#4315));
#4301 = ORIENTED_EDGE('',*,*,#4302,.T.);
#4302 = EDGE_CURVE('',#4257,#4303,#4305,.T.);
#4303 = VERTEX_POINT('',#4304);
#4304 = CARTESIAN_POINT('',(-132.1791687011,3.257885456085,41.7265625));
#4305 = LINE('',#4306,#4307);
#4306 = CARTESIAN_POINT('',(-95.77638244628,3.257885456085,
    41.734394073486));
#4307 = VECTOR('',#4308,1.);
#4308 = DIRECTION('',(-0.999999976858,0.,-2.151366450429E-04));
#4309 = ORIENTED_EDGE('',*,*,#4310,.T.);
#4310 = EDGE_CURVE('',#4303,#4280,#4311,.T.);
#4311 = LINE('',#4312,#4313);
#4312 = CARTESIAN_POINT('',(-132.1791687011,3.257885456085,41.7265625));
#4313 = VECTOR('',#4314,1.);
#4314 = DIRECTION('',(0.999459569452,-3.287130660264E-02,
    2.150203836039E-04));
#4315 = ORIENTED_EDGE('',*,*,#4288,.T.);
#4316 = PLANE('',#4317);
#4317 = AXIS2_PLACEMENT_3D('',#4318,#4319,#4320);
#4318 = CARTESIAN_POINT('',(-113.6833827785,2.953651167597,
    41.730541621423));
#4319 = DIRECTION('',(-2.151366450429E-04,0.,0.999999976858));
#4320 = DIRECTION('',(0.999999976858,0.,2.151366450429E-04));
#4321 = ADVANCED_FACE('',(#4322),#4339,.T.);
#4322 = FACE_BOUND('',#4323,.T.);
#4323 = EDGE_LOOP('',(#4324,#4332,#4333));
#4324 = ORIENTED_EDGE('',*,*,#4325,.T.);
#4325 = EDGE_CURVE('',#4326,#4280,#4328,.T.);
#4326 = VERTEX_POINT('',#4327);
#4327 = CARTESIAN_POINT('',(-132.1791687011,2.060631275177,41.7265625));
#4328 = LINE('',#4329,#4330);
#4329 = CARTESIAN_POINT('',(-132.1791687011,2.060631275177,41.7265625));
#4330 = VECTOR('',#4331,1.);
#4331 = DIRECTION('',(0.999999976858,0.,2.151366450429E-04));
#4332 = ORIENTED_EDGE('',*,*,#4310,.F.);
#4333 = ORIENTED_EDGE('',*,*,#4334,.F.);
#4334 = EDGE_CURVE('',#4326,#4303,#4335,.T.);
#4335 = LINE('',#4336,#4337);
#4336 = CARTESIAN_POINT('',(-132.1791687011,2.060631275177,41.7265625));
#4337 = VECTOR('',#4338,1.);
#4338 = DIRECTION('',(0.,1.,0.));
#4339 = PLANE('',#4340);
#4340 = AXIS2_PLACEMENT_3D('',#4341,#4342,#4343);
#4341 = CARTESIAN_POINT('',(-114.2721683688,2.364865563665,
    41.730414952063));
#4342 = DIRECTION('',(-2.151366450429E-04,0.,0.999999976858));
#4343 = DIRECTION('',(0.999999976858,0.,2.151366450429E-04));
#4344 = ADVANCED_FACE('',(#4345),#4371,.T.);
#4345 = FACE_BOUND('',#4346,.T.);
#4346 = EDGE_LOOP('',(#4347,#4357,#4365));
#4347 = ORIENTED_EDGE('',*,*,#4348,.T.);
#4348 = EDGE_CURVE('',#4349,#4351,#4353,.T.);
#4349 = VERTEX_POINT('',#4350);
#4350 = CARTESIAN_POINT('',(-132.6799774169,2.060631275177,
    41.225749969482));
#4351 = VERTEX_POINT('',#4352);
#4352 = CARTESIAN_POINT('',(-132.5704345703,2.060631275177,
    41.530933380127));
#4353 = LINE('',#4354,#4355);
#4354 = CARTESIAN_POINT('',(-132.6799774169,2.060631275177,
    41.225749969482));
#4355 = VECTOR('',#4356,1.);
#4356 = DIRECTION('',(0.337836962031,0.,0.941204646762));
#4357 = ORIENTED_EDGE('',*,*,#4358,.T.);
#4358 = EDGE_CURVE('',#4351,#4359,#4361,.T.);
#4359 = VERTEX_POINT('',#4360);
#4360 = CARTESIAN_POINT('',(-132.6486816406,2.060631275177,
    41.390079498291));
#4361 = LINE('',#4362,#4363);
#4362 = CARTESIAN_POINT('',(-132.5704345703,2.060631275177,
    41.530933380127));
#4363 = VECTOR('',#4364,1.);
#4364 = DIRECTION('',(-0.485618809434,0.,-0.874170676655));
#4365 = ORIENTED_EDGE('',*,*,#4366,.T.);
#4366 = EDGE_CURVE('',#4359,#4349,#4367,.T.);
#4367 = LINE('',#4368,#4369);
#4368 = CARTESIAN_POINT('',(-132.6486816406,2.060631275177,
    41.390079498291));
#4369 = VECTOR('',#4370,1.);
#4370 = DIRECTION('',(-0.187082767188,0.,-0.982344154673));
#4371 = PLANE('',#4372);
#4372 = AXIS2_PLACEMENT_3D('',#4373,#4374,#4375);
#4373 = CARTESIAN_POINT('',(-132.6313705918,2.060631275177,
    41.380575395133));
#4374 = DIRECTION('',(-0.,-1.,-0.));
#4375 = DIRECTION('',(0.,0.,-1.));
#4376 = ADVANCED_FACE('',(#4377),#4394,.T.);
#4377 = FACE_BOUND('',#4378,.T.);
#4378 = EDGE_LOOP('',(#4379,#4380,#4388));
#4379 = ORIENTED_EDGE('',*,*,#4358,.F.);
#4380 = ORIENTED_EDGE('',*,*,#4381,.F.);
#4381 = EDGE_CURVE('',#4382,#4351,#4384,.T.);
#4382 = VERTEX_POINT('',#4383);
#4383 = CARTESIAN_POINT('',(-132.6486816406,3.257885456085,
    41.390079498291));
#4384 = LINE('',#4385,#4386);
#4385 = CARTESIAN_POINT('',(-132.6486816406,3.257885456085,
    41.390079498291));
#4386 = VECTOR('',#4387,1.);
#4387 = DIRECTION('',(6.477149060645E-02,-0.991065066366,0.116596261659)
  );
#4388 = ORIENTED_EDGE('',*,*,#4389,.T.);
#4389 = EDGE_CURVE('',#4382,#4359,#4390,.T.);
#4390 = LINE('',#4391,#4392);
#4391 = CARTESIAN_POINT('',(-132.6486816406,3.257885456085,
    41.390079498291));
#4392 = VECTOR('',#4393,1.);
#4393 = DIRECTION('',(0.,-1.,0.));
#4394 = PLANE('',#4395);
#4395 = AXIS2_PLACEMENT_3D('',#4396,#4397,#4398);
#4396 = CARTESIAN_POINT('',(-132.6278094514,2.621674677249,
    41.427651880905));
#4397 = DIRECTION('',(-0.874170676655,-0.,0.485618809434));
#4398 = DIRECTION('',(-0.485618809434,0.,-0.874170676655));
#4399 = ADVANCED_FACE('',(#4400),#4424,.T.);
#4400 = FACE_BOUND('',#4401,.T.);
#4401 = EDGE_LOOP('',(#4402,#4410,#4418));
#4402 = ORIENTED_EDGE('',*,*,#4403,.T.);
#4403 = EDGE_CURVE('',#4404,#4326,#4406,.T.);
#4404 = VERTEX_POINT('',#4405);
#4405 = CARTESIAN_POINT('',(-132.453048706,2.060631275177,
    41.640487670898));
#4406 = LINE('',#4407,#4408);
#4407 = CARTESIAN_POINT('',(-132.453048706,2.060631275177,
    41.640487670898));
#4408 = VECTOR('',#4409,1.);
#4409 = DIRECTION('',(0.953995454341,0.,0.299821068468));
#4410 = ORIENTED_EDGE('',*,*,#4411,.T.);
#4411 = EDGE_CURVE('',#4326,#4412,#4414,.T.);
#4412 = VERTEX_POINT('',#4413);
#4413 = CARTESIAN_POINT('',(-132.3513183593,2.060631275177,
    41.695262908936));
#4414 = LINE('',#4415,#4416);
#4415 = CARTESIAN_POINT('',(-132.1791687011,2.060631275177,41.7265625));
#4416 = VECTOR('',#4417,1.);
#4417 = DIRECTION('',(-0.983870258926,0.,-0.178883519644));
#4418 = ORIENTED_EDGE('',*,*,#4419,.T.);
#4419 = EDGE_CURVE('',#4412,#4404,#4420,.T.);
#4420 = LINE('',#4421,#4422);
#4421 = CARTESIAN_POINT('',(-132.3513183593,2.060631275177,
    41.695262908936));
#4422 = VECTOR('',#4423,1.);
#4423 = DIRECTION('',(-0.880480641173,0.,-0.474082103142));
#4424 = PLANE('',#4425);
#4425 = AXIS2_PLACEMENT_3D('',#4426,#4427,#4428);
#4426 = CARTESIAN_POINT('',(-132.3179180415,2.060631275177,
    41.688691116806));
#4427 = DIRECTION('',(-0.,-1.,-0.));
#4428 = DIRECTION('',(0.,0.,-1.));
#4429 = ADVANCED_FACE('',(#4430),#4447,.T.);
#4430 = FACE_BOUND('',#4431,.T.);
#4431 = EDGE_LOOP('',(#4432,#4433,#4441));
#4432 = ORIENTED_EDGE('',*,*,#4411,.F.);
#4433 = ORIENTED_EDGE('',*,*,#4434,.F.);
#4434 = EDGE_CURVE('',#4435,#4326,#4437,.T.);
#4435 = VERTEX_POINT('',#4436);
#4436 = CARTESIAN_POINT('',(-132.3513183593,3.257885456085,
    41.695262908936));
#4437 = LINE('',#4438,#4439);
#4438 = CARTESIAN_POINT('',(-132.3513183593,3.257885456085,
    41.695262908936));
#4439 = VECTOR('',#4440,1.);
#4440 = DIRECTION('',(0.142275712728,-0.989488992794,2.586802479465E-02)
  );
#4441 = ORIENTED_EDGE('',*,*,#4442,.T.);
#4442 = EDGE_CURVE('',#4435,#4412,#4443,.T.);
#4443 = LINE('',#4444,#4445);
#4444 = CARTESIAN_POINT('',(-132.3513183593,3.257885456085,
    41.695262908936));
#4445 = VECTOR('',#4446,1.);
#4446 = DIRECTION('',(0.,-1.,0.));
#4447 = PLANE('',#4448);
#4448 = AXIS2_PLACEMENT_3D('',#4449,#4450,#4451);
#4449 = CARTESIAN_POINT('',(-132.3051527227,2.618694894828,
    41.703656568042));
#4450 = DIRECTION('',(-0.178883519644,0.,0.983870258926));
#4451 = DIRECTION('',(0.983870258926,0.,0.178883519644));
#4452 = ADVANCED_FACE('',(#4453),#4475,.T.);
#4453 = FACE_BOUND('',#4454,.T.);
#4454 = EDGE_LOOP('',(#4455,#4461,#4469));
#4455 = ORIENTED_EDGE('',*,*,#4456,.T.);
#4456 = EDGE_CURVE('',#4435,#4303,#4457,.T.);
#4457 = LINE('',#4458,#4459);
#4458 = CARTESIAN_POINT('',(-132.3513183593,3.257885456085,
    41.695262908936));
#4459 = VECTOR('',#4460,1.);
#4460 = DIRECTION('',(0.983870258926,0.,0.178883519644));
#4461 = ORIENTED_EDGE('',*,*,#4462,.T.);
#4462 = EDGE_CURVE('',#4303,#4463,#4465,.T.);
#4463 = VERTEX_POINT('',#4464);
#4464 = CARTESIAN_POINT('',(-132.453048706,3.257885456085,
    41.640487670898));
#4465 = LINE('',#4466,#4467);
#4466 = CARTESIAN_POINT('',(-132.1791687011,3.257885456085,41.7265625));
#4467 = VECTOR('',#4468,1.);
#4468 = DIRECTION('',(-0.953995454341,0.,-0.299821068468));
#4469 = ORIENTED_EDGE('',*,*,#4470,.T.);
#4470 = EDGE_CURVE('',#4463,#4435,#4471,.T.);
#4471 = LINE('',#4472,#4473);
#4472 = CARTESIAN_POINT('',(-132.453048706,3.257885456085,
    41.640487670898));
#4473 = VECTOR('',#4474,1.);
#4474 = DIRECTION('',(0.880480641173,0.,0.474082103142));
#4475 = PLANE('',#4476);
#4476 = AXIS2_PLACEMENT_3D('',#4477,#4478,#4479);
#4477 = CARTESIAN_POINT('',(-132.3179180415,3.257885456085,
    41.688691116806));
#4478 = DIRECTION('',(0.,1.,0.));
#4479 = DIRECTION('',(0.,-0.,1.));
#4480 = ADVANCED_FACE('',(#4481),#4486,.T.);
#4481 = FACE_BOUND('',#4482,.T.);
#4482 = EDGE_LOOP('',(#4483,#4484,#4485));
#4483 = ORIENTED_EDGE('',*,*,#4456,.F.);
#4484 = ORIENTED_EDGE('',*,*,#4434,.T.);
#4485 = ORIENTED_EDGE('',*,*,#4334,.T.);
#4486 = PLANE('',#4487);
#4487 = AXIS2_PLACEMENT_3D('',#4488,#4489,#4490);
#4488 = CARTESIAN_POINT('',(-132.2253343377,2.699821836434,
    41.718168840894));
#4489 = DIRECTION('',(-0.178883519644,0.,0.983870258926));
#4490 = DIRECTION('',(0.983870258926,0.,0.178883519644));
#4491 = ADVANCED_FACE('',(#4492),#4502,.T.);
#4492 = FACE_BOUND('',#4493,.T.);
#4493 = EDGE_LOOP('',(#4494,#4500,#4501));
#4494 = ORIENTED_EDGE('',*,*,#4495,.T.);
#4495 = EDGE_CURVE('',#4463,#4412,#4496,.T.);
#4496 = LINE('',#4497,#4498);
#4497 = CARTESIAN_POINT('',(-132.453048706,3.257885456085,
    41.640487670898));
#4498 = VECTOR('',#4499,1.);
#4499 = DIRECTION('',(8.45767967754E-02,-0.995375783649,
    4.553915647585E-02));
#4500 = ORIENTED_EDGE('',*,*,#4442,.F.);
#4501 = ORIENTED_EDGE('',*,*,#4470,.F.);
#4502 = PLANE('',#4503);
#4503 = AXIS2_PLACEMENT_3D('',#4504,#4505,#4506);
#4504 = CARTESIAN_POINT('',(-132.3779752725,2.686752735203,
    41.680909878468));
#4505 = DIRECTION('',(-0.474082103142,0.,0.880480641173));
#4506 = DIRECTION('',(0.880480641173,0.,0.474082103142));
#4507 = ADVANCED_FACE('',(#4508),#4518,.T.);
#4508 = FACE_BOUND('',#4509,.T.);
#4509 = EDGE_LOOP('',(#4510,#4511,#4512));
#4510 = ORIENTED_EDGE('',*,*,#4419,.F.);
#4511 = ORIENTED_EDGE('',*,*,#4495,.F.);
#4512 = ORIENTED_EDGE('',*,*,#4513,.T.);
#4513 = EDGE_CURVE('',#4463,#4404,#4514,.T.);
#4514 = LINE('',#4515,#4516);
#4515 = CARTESIAN_POINT('',(-132.453048706,3.257885456085,
    41.640487670898));
#4516 = VECTOR('',#4517,1.);
#4517 = DIRECTION('',(0.,-1.,0.));
#4518 = PLANE('',#4519);
#4519 = AXIS2_PLACEMENT_3D('',#4520,#4521,#4522);
#4520 = CARTESIAN_POINT('',(-132.4263917928,2.631763996059,
    41.654840701366));
#4521 = DIRECTION('',(-0.474082103142,0.,0.880480641173));
#4522 = DIRECTION('',(0.880480641173,0.,0.474082103142));
#4523 = ADVANCED_FACE('',(#4524),#4541,.T.);
#4524 = FACE_BOUND('',#4525,.T.);
#4525 = EDGE_LOOP('',(#4526,#4534,#4535));
#4526 = ORIENTED_EDGE('',*,*,#4527,.T.);
#4527 = EDGE_CURVE('',#4528,#4404,#4530,.T.);
#4528 = VERTEX_POINT('',#4529);
#4529 = CARTESIAN_POINT('',(-132.5704345703,3.257885456085,
    41.530933380127));
#4530 = LINE('',#4531,#4532);
#4531 = CARTESIAN_POINT('',(-132.5704345703,3.257885456085,
    41.530933380127));
#4532 = VECTOR('',#4533,1.);
#4533 = DIRECTION('',(9.717588772444E-02,-0.991126475042,
    9.069265304687E-02));
#4534 = ORIENTED_EDGE('',*,*,#4513,.F.);
#4535 = ORIENTED_EDGE('',*,*,#4536,.T.);
#4536 = EDGE_CURVE('',#4463,#4528,#4537,.T.);
#4537 = LINE('',#4538,#4539);
#4538 = CARTESIAN_POINT('',(-132.453048706,3.257885456085,
    41.640487670898));
#4539 = VECTOR('',#4540,1.);
#4540 = DIRECTION('',(-0.731073438993,0.,-0.682298781179));
#4541 = PLANE('',#4542);
#4542 = AXIS2_PLACEMENT_3D('',#4543,#4544,#4545);
#4543 = CARTESIAN_POINT('',(-132.4843542625,2.696720232268,
    41.611270711459));
#4544 = DIRECTION('',(-0.682298781179,-0.,0.731073438993));
#4545 = DIRECTION('',(0.731073438993,0.,0.682298781179));
#4546 = ADVANCED_FACE('',(#4547),#4562,.T.);
#4547 = FACE_BOUND('',#4548,.T.);
#4548 = EDGE_LOOP('',(#4549,#4555,#4556));
#4549 = ORIENTED_EDGE('',*,*,#4550,.T.);
#4550 = EDGE_CURVE('',#4351,#4404,#4551,.T.);
#4551 = LINE('',#4552,#4553);
#4552 = CARTESIAN_POINT('',(-132.5704345703,2.060631275177,
    41.530933380127));
#4553 = VECTOR('',#4554,1.);
#4554 = DIRECTION('',(0.731073438993,0.,0.682298781179));
#4555 = ORIENTED_EDGE('',*,*,#4527,.F.);
#4556 = ORIENTED_EDGE('',*,*,#4557,.T.);
#4557 = EDGE_CURVE('',#4528,#4351,#4558,.T.);
#4558 = LINE('',#4559,#4560);
#4559 = CARTESIAN_POINT('',(-132.5704345703,3.257885456085,
    41.530933380127));
#4560 = VECTOR('',#4561,1.);
#4561 = DIRECTION('',(0.,-1.,0.));
#4562 = PLANE('',#4563);
#4563 = AXIS2_PLACEMENT_3D('',#4564,#4565,#4566);
#4564 = CARTESIAN_POINT('',(-132.5391290138,2.621796498995,
    41.560150339566));
#4565 = DIRECTION('',(-0.682298781179,-0.,0.731073438993));
#4566 = DIRECTION('',(0.731073438993,0.,0.682298781179));
#4567 = ADVANCED_FACE('',(#4568),#4578,.T.);
#4568 = FACE_BOUND('',#4569,.T.);
#4569 = EDGE_LOOP('',(#4570,#4571,#4572));
#4570 = ORIENTED_EDGE('',*,*,#4381,.T.);
#4571 = ORIENTED_EDGE('',*,*,#4557,.F.);
#4572 = ORIENTED_EDGE('',*,*,#4573,.F.);
#4573 = EDGE_CURVE('',#4382,#4528,#4574,.T.);
#4574 = LINE('',#4575,#4576);
#4575 = CARTESIAN_POINT('',(-132.6486816406,3.257885456085,
    41.390079498291));
#4576 = VECTOR('',#4577,1.);
#4577 = DIRECTION('',(0.485618809434,0.,0.874170676655));
#4578 = PLANE('',#4579);
#4579 = AXIS2_PLACEMENT_3D('',#4580,#4581,#4582);
#4580 = CARTESIAN_POINT('',(-132.5913067594,2.696842054013,
    41.493360997513));
#4581 = DIRECTION('',(-0.874170676655,-0.,0.485618809434));
#4582 = DIRECTION('',(-0.485618809434,0.,-0.874170676655));
#4583 = ADVANCED_FACE('',(#4584),#4599,.T.);
#4584 = FACE_BOUND('',#4585,.T.);
#4585 = EDGE_LOOP('',(#4586,#4587,#4593));
#4586 = ORIENTED_EDGE('',*,*,#4573,.T.);
#4587 = ORIENTED_EDGE('',*,*,#4588,.T.);
#4588 = EDGE_CURVE('',#4528,#1371,#4589,.T.);
#4589 = LINE('',#4590,#4591);
#4590 = CARTESIAN_POINT('',(-132.5704345703,3.257885456085,
    41.530933380127));
#4591 = VECTOR('',#4592,1.);
#4592 = DIRECTION('',(-0.337836962031,0.,-0.941204646762));
#4593 = ORIENTED_EDGE('',*,*,#4594,.T.);
#4594 = EDGE_CURVE('',#1371,#4382,#4595,.T.);
#4595 = LINE('',#4596,#4597);
#4596 = CARTESIAN_POINT('',(-132.6799774169,3.257885456085,
    41.225749969482));
#4597 = VECTOR('',#4598,1.);
#4598 = DIRECTION('',(0.187082767188,0.,0.982344154673));
#4599 = PLANE('',#4600);
#4600 = AXIS2_PLACEMENT_3D('',#4601,#4602,#4603);
#4601 = CARTESIAN_POINT('',(-132.6313705918,3.257885456085,
    41.380575395133));
#4602 = DIRECTION('',(0.,1.,0.));
#4603 = DIRECTION('',(0.,-0.,1.));
#4604 = ADVANCED_FACE('',(#4605),#4615,.T.);
#4605 = FACE_BOUND('',#4606,.T.);
#4606 = EDGE_LOOP('',(#4607,#4613,#4614));
#4607 = ORIENTED_EDGE('',*,*,#4608,.T.);
#4608 = EDGE_CURVE('',#1371,#4359,#4609,.T.);
#4609 = LINE('',#4610,#4611);
#4610 = CARTESIAN_POINT('',(-132.6799774169,3.257885456085,
    41.225749969482));
#4611 = VECTOR('',#4612,1.);
#4612 = DIRECTION('',(2.588814908266E-02,-0.990379480015,0.135934871548)
  );
#4613 = ORIENTED_EDGE('',*,*,#4389,.F.);
#4614 = ORIENTED_EDGE('',*,*,#4594,.F.);
#4615 = PLANE('',#4616);
#4616 = AXIS2_PLACEMENT_3D('',#4617,#4618,#4619);
#4617 = CARTESIAN_POINT('',(-132.6570495323,2.698171604924,
    41.346140927045));
#4618 = DIRECTION('',(-0.982344154673,-0.,0.187082767188));
#4619 = DIRECTION('',(-0.187082767188,0.,-0.982344154673));
#4620 = ADVANCED_FACE('',(#4621),#4631,.T.);
#4621 = FACE_BOUND('',#4622,.T.);
#4622 = EDGE_LOOP('',(#4623,#4624,#4625));
#4623 = ORIENTED_EDGE('',*,*,#4366,.F.);
#4624 = ORIENTED_EDGE('',*,*,#4608,.F.);
#4625 = ORIENTED_EDGE('',*,*,#4626,.F.);
#4626 = EDGE_CURVE('',#4349,#1371,#4627,.T.);
#4627 = LINE('',#4628,#4629);
#4628 = CARTESIAN_POINT('',(-132.6799774169,2.060631275177,
    41.225749969482));
#4629 = VECTOR('',#4630,1.);
#4630 = DIRECTION('',(0.,1.,0.));
#4631 = PLANE('',#4632);
#4632 = AXIS2_PLACEMENT_3D('',#4633,#4634,#4635);
#4633 = CARTESIAN_POINT('',(-132.6716095252,2.620345126339,
    41.269688540728));
#4634 = DIRECTION('',(-0.982344154673,-0.,0.187082767188));
#4635 = DIRECTION('',(-0.187082767188,0.,-0.982344154673));
#4636 = ADVANCED_FACE('',(#4637),#4654,.T.);
#4637 = FACE_BOUND('',#4638,.T.);
#4638 = EDGE_LOOP('',(#4639,#4647,#4653));
#4639 = ORIENTED_EDGE('',*,*,#4640,.T.);
#4640 = EDGE_CURVE('',#1371,#4641,#4643,.T.);
#4641 = VERTEX_POINT('',#4642);
#4642 = CARTESIAN_POINT('',(-132.6799774169,3.257885456085,
    -8.777225494385));
#4643 = LINE('',#4644,#4645);
#4644 = CARTESIAN_POINT('',(-132.6799774169,3.257885456085,
    41.225749969482));
#4645 = VECTOR('',#4646,1.);
#4646 = DIRECTION('',(0.,0.,-1.));
#4647 = ORIENTED_EDGE('',*,*,#4648,.T.);
#4648 = EDGE_CURVE('',#4641,#4349,#4649,.T.);
#4649 = LINE('',#4650,#4651);
#4650 = CARTESIAN_POINT('',(-132.6799774169,3.257885456085,
    -8.777225494385));
#4651 = VECTOR('',#4652,1.);
#4652 = DIRECTION('',(0.,-2.393679826268E-02,0.999713473796));
#4653 = ORIENTED_EDGE('',*,*,#4626,.T.);
#4654 = PLANE('',#4655);
#4655 = AXIS2_PLACEMENT_3D('',#4656,#4657,#4658);
#4656 = CARTESIAN_POINT('',(-132.6799774169,2.954989093598,
    16.519992965516));
#4657 = DIRECTION('',(-1.,-0.,-0.));
#4658 = DIRECTION('',(0.,0.,-1.));
#4659 = ADVANCED_FACE('',(#4660),#4677,.T.);
#4660 = FACE_BOUND('',#4661,.T.);
#4661 = EDGE_LOOP('',(#4662,#4670,#4671));
#4662 = ORIENTED_EDGE('',*,*,#4663,.T.);
#4663 = EDGE_CURVE('',#4664,#4349,#4666,.T.);
#4664 = VERTEX_POINT('',#4665);
#4665 = CARTESIAN_POINT('',(-132.6799774169,2.060631275177,
    -8.777225494385));
#4666 = LINE('',#4667,#4668);
#4667 = CARTESIAN_POINT('',(-132.6799774169,2.060631275177,
    -8.777225494385));
#4668 = VECTOR('',#4669,1.);
#4669 = DIRECTION('',(0.,0.,1.));
#4670 = ORIENTED_EDGE('',*,*,#4648,.F.);
#4671 = ORIENTED_EDGE('',*,*,#4672,.F.);
#4672 = EDGE_CURVE('',#4664,#4641,#4673,.T.);
#4673 = LINE('',#4674,#4675);
#4674 = CARTESIAN_POINT('',(-132.6799774169,2.060631275177,
    -8.777225494385));
#4675 = VECTOR('',#4676,1.);
#4676 = DIRECTION('',(0.,1.,0.));
#4677 = PLANE('',#4678);
#4678 = AXIS2_PLACEMENT_3D('',#4679,#4680,#4681);
#4679 = CARTESIAN_POINT('',(-132.6799774169,2.363527637664,
    15.928531509582));
#4680 = DIRECTION('',(-1.,-0.,-0.));
#4681 = DIRECTION('',(0.,0.,-1.));
#4682 = ADVANCED_FACE('',(#4683),#4707,.T.);
#4683 = FACE_BOUND('',#4684,.T.);
#4684 = EDGE_LOOP('',(#4685,#4693,#4701));
#4685 = ORIENTED_EDGE('',*,*,#4686,.T.);
#4686 = EDGE_CURVE('',#4687,#4664,#4689,.T.);
#4687 = VERTEX_POINT('',#4688);
#4688 = CARTESIAN_POINT('',(-132.5939025878,2.060631275177,
    -9.051106452942));
#4689 = LINE('',#4690,#4691);
#4690 = CARTESIAN_POINT('',(-132.5939025878,2.060631275177,
    -9.051106452942));
#4691 = VECTOR('',#4692,1.);
#4692 = DIRECTION('',(-0.299820118316,0.,0.953995752953));
#4693 = ORIENTED_EDGE('',*,*,#4694,.T.);
#4694 = EDGE_CURVE('',#4664,#4695,#4697,.T.);
#4695 = VERTEX_POINT('',#4696);
#4696 = CARTESIAN_POINT('',(-132.6486816406,2.060631275177,
    -8.949379920959));
#4697 = LINE('',#4698,#4699);
#4698 = CARTESIAN_POINT('',(-132.6799774169,2.060631275177,
    -8.777225494385));
#4699 = VECTOR('',#4700,1.);
#4700 = DIRECTION('',(0.178857619708,0.,-0.983874967601));
#4701 = ORIENTED_EDGE('',*,*,#4702,.T.);
#4702 = EDGE_CURVE('',#4695,#4687,#4703,.T.);
#4703 = LINE('',#4704,#4705);
#4704 = CARTESIAN_POINT('',(-132.6486816406,2.060631275177,
    -8.949379920959));
#4705 = VECTOR('',#4706,1.);
#4706 = DIRECTION('',(0.474121480711,0.,-0.880459437753));
#4707 = PLANE('',#4708);
#4708 = AXIS2_PLACEMENT_3D('',#4709,#4710,#4711);
#4709 = CARTESIAN_POINT('',(-132.642107195,2.060631275177,
    -8.915975771735));
#4710 = DIRECTION('',(-0.,-1.,-0.));
#4711 = DIRECTION('',(0.,0.,-1.));
#4712 = ADVANCED_FACE('',(#4713),#4730,.T.);
#4713 = FACE_BOUND('',#4714,.T.);
#4714 = EDGE_LOOP('',(#4715,#4716,#4724));
#4715 = ORIENTED_EDGE('',*,*,#4694,.F.);
#4716 = ORIENTED_EDGE('',*,*,#4717,.F.);
#4717 = EDGE_CURVE('',#4718,#4664,#4720,.T.);
#4718 = VERTEX_POINT('',#4719);
#4719 = CARTESIAN_POINT('',(-132.6486816406,3.257885456085,
    -8.949379920959));
#4720 = LINE('',#4721,#4722);
#4721 = CARTESIAN_POINT('',(-132.6486816406,3.257885456085,
    -8.949379920959));
#4722 = VECTOR('',#4723,1.);
#4723 = DIRECTION('',(-2.586485968668E-02,-0.989488518679,0.142279585448
    ));
#4724 = ORIENTED_EDGE('',*,*,#4725,.T.);
#4725 = EDGE_CURVE('',#4718,#4695,#4726,.T.);
#4726 = LINE('',#4727,#4728);
#4727 = CARTESIAN_POINT('',(-132.6486816406,3.257885456085,
    -8.949379920959));
#4728 = VECTOR('',#4729,1.);
#4729 = DIRECTION('',(0.,-1.,0.));
#4730 = PLANE('',#4731);
#4731 = AXIS2_PLACEMENT_3D('',#4732,#4733,#4734);
#4732 = CARTESIAN_POINT('',(-132.6570742896,2.618694037485,
    -8.903212934713));
#4733 = DIRECTION('',(-0.983874967601,-0.,-0.178857619708));
#4734 = DIRECTION('',(0.178857619708,0.,-0.983874967601));
#4735 = ADVANCED_FACE('',(#4736),#4758,.T.);
#4736 = FACE_BOUND('',#4737,.T.);
#4737 = EDGE_LOOP('',(#4738,#4744,#4752));
#4738 = ORIENTED_EDGE('',*,*,#4739,.T.);
#4739 = EDGE_CURVE('',#4718,#4641,#4740,.T.);
#4740 = LINE('',#4741,#4742);
#4741 = CARTESIAN_POINT('',(-132.6486816406,3.257885456085,
    -8.949379920959));
#4742 = VECTOR('',#4743,1.);
#4743 = DIRECTION('',(-0.178857619708,0.,0.983874967601));
#4744 = ORIENTED_EDGE('',*,*,#4745,.T.);
#4745 = EDGE_CURVE('',#4641,#4746,#4748,.T.);
#4746 = VERTEX_POINT('',#4747);
#4747 = CARTESIAN_POINT('',(-132.5939025878,3.257885456085,
    -9.051106452942));
#4748 = LINE('',#4749,#4750);
#4749 = CARTESIAN_POINT('',(-132.6799774169,3.257885456085,
    -8.777225494385));
#4750 = VECTOR('',#4751,1.);
#4751 = DIRECTION('',(0.299820118316,0.,-0.953995752953));
#4752 = ORIENTED_EDGE('',*,*,#4753,.T.);
#4753 = EDGE_CURVE('',#4746,#4718,#4754,.T.);
#4754 = LINE('',#4755,#4756);
#4755 = CARTESIAN_POINT('',(-132.5939025878,3.257885456085,
    -9.051106452942));
#4756 = VECTOR('',#4757,1.);
#4757 = DIRECTION('',(-0.474121480711,0.,0.880459437753));
#4758 = PLANE('',#4759);
#4759 = AXIS2_PLACEMENT_3D('',#4760,#4761,#4762);
#4760 = CARTESIAN_POINT('',(-132.642107195,3.257885456085,
    -8.915975771735));
#4761 = DIRECTION('',(0.,1.,0.));
#4762 = DIRECTION('',(0.,-0.,1.));
#4763 = ADVANCED_FACE('',(#4764),#4769,.T.);
#4764 = FACE_BOUND('',#4765,.T.);
#4765 = EDGE_LOOP('',(#4766,#4767,#4768));
#4766 = ORIENTED_EDGE('',*,*,#4739,.F.);
#4767 = ORIENTED_EDGE('',*,*,#4717,.T.);
#4768 = ORIENTED_EDGE('',*,*,#4672,.T.);
#4769 = PLANE('',#4770);
#4770 = AXIS2_PLACEMENT_3D('',#4771,#4772,#4773);
#4771 = CARTESIAN_POINT('',(-132.6715847679,2.699822693777,
    -8.823392480632));
#4772 = DIRECTION('',(-0.983874967601,-0.,-0.178857619708));
#4773 = DIRECTION('',(0.178857619708,0.,-0.983874967601));
#4774 = ADVANCED_FACE('',(#4775),#4785,.T.);
#4775 = FACE_BOUND('',#4776,.T.);
#4776 = EDGE_LOOP('',(#4777,#4783,#4784));
#4777 = ORIENTED_EDGE('',*,*,#4778,.T.);
#4778 = EDGE_CURVE('',#4746,#4695,#4779,.T.);
#4779 = LINE('',#4780,#4781);
#4780 = CARTESIAN_POINT('',(-132.5939025878,3.257885456085,
    -9.051106452942));
#4781 = VECTOR('',#4782,1.);
#4782 = DIRECTION('',(-4.554233358515E-02,-0.995375906873,
    8.457363577403E-02));
#4783 = ORIENTED_EDGE('',*,*,#4725,.F.);
#4784 = ORIENTED_EDGE('',*,*,#4753,.F.);
#4785 = PLANE('',#4786);
#4786 = AXIS2_PLACEMENT_3D('',#4787,#4788,#4789);
#4787 = CARTESIAN_POINT('',(-132.6343276193,2.686752384886,
    -8.976035818216));
#4788 = DIRECTION('',(-0.880459437753,-0.,-0.474121480711));
#4789 = DIRECTION('',(0.474121480711,0.,-0.880459437753));
#4790 = ADVANCED_FACE('',(#4791),#4801,.T.);
#4791 = FACE_BOUND('',#4792,.T.);
#4792 = EDGE_LOOP('',(#4793,#4794,#4795));
#4793 = ORIENTED_EDGE('',*,*,#4702,.F.);
#4794 = ORIENTED_EDGE('',*,*,#4778,.F.);
#4795 = ORIENTED_EDGE('',*,*,#4796,.T.);
#4796 = EDGE_CURVE('',#4746,#4687,#4797,.T.);
#4797 = LINE('',#4798,#4799);
#4798 = CARTESIAN_POINT('',(-132.5939025878,3.257885456085,
    -9.051106452942));
#4799 = VECTOR('',#4800,1.);
#4800 = DIRECTION('',(0.,-1.,0.));
#4801 = PLANE('',#4802);
#4802 = AXIS2_PLACEMENT_3D('',#4803,#4804,#4805);
#4803 = CARTESIAN_POINT('',(-132.6082566091,2.631764346376,
    -9.024450555685));
#4804 = DIRECTION('',(-0.880459437753,-0.,-0.474121480711));
#4805 = DIRECTION('',(0.474121480711,0.,-0.880459437753));
#4806 = ADVANCED_FACE('',(#4807),#4824,.T.);
#4807 = FACE_BOUND('',#4808,.T.);
#4808 = EDGE_LOOP('',(#4809,#4817,#4818));
#4809 = ORIENTED_EDGE('',*,*,#4810,.T.);
#4810 = EDGE_CURVE('',#4811,#4687,#4813,.T.);
#4811 = VERTEX_POINT('',#4812);
#4812 = CARTESIAN_POINT('',(-132.4843597412,3.257885456085,
    -9.168485641479));
#4813 = LINE('',#4814,#4815);
#4814 = CARTESIAN_POINT('',(-132.4843597412,3.257885456085,
    -9.168485641479));
#4815 = VECTOR('',#4816,1.);
#4816 = DIRECTION('',(-9.068330586027E-02,-0.99112785883,
    9.717049701027E-02));
#4817 = ORIENTED_EDGE('',*,*,#4796,.F.);
#4818 = ORIENTED_EDGE('',*,*,#4819,.T.);
#4819 = EDGE_CURVE('',#4746,#4811,#4820,.T.);
#4820 = LINE('',#4821,#4822);
#4821 = CARTESIAN_POINT('',(-132.5939025878,3.257885456085,
    -9.051106452942));
#4822 = VECTOR('',#4823,1.);
#4823 = DIRECTION('',(0.682281424896,0.,-0.731089636941));
#4824 = PLANE('',#4825);
#4825 = AXIS2_PLACEMENT_3D('',#4826,#4827,#4828);
#4826 = CARTESIAN_POINT('',(-132.5646888236,2.696717481732,
    -9.082410075621));
#4827 = DIRECTION('',(-0.731089636941,-0.,-0.682281424896));
#4828 = DIRECTION('',(0.682281424896,0.,-0.731089636941));
#4829 = ADVANCED_FACE('',(#4830),#4847,.T.);
#4830 = FACE_BOUND('',#4831,.T.);
#4831 = EDGE_LOOP('',(#4832,#4840,#4841));
#4832 = ORIENTED_EDGE('',*,*,#4833,.T.);
#4833 = EDGE_CURVE('',#4834,#4687,#4836,.T.);
#4834 = VERTEX_POINT('',#4835);
#4835 = CARTESIAN_POINT('',(-132.4843597412,2.060631275177,
    -9.168485641479));
#4836 = LINE('',#4837,#4838);
#4837 = CARTESIAN_POINT('',(-132.4843597412,2.060631275177,
    -9.168485641479));
#4838 = VECTOR('',#4839,1.);
#4839 = DIRECTION('',(-0.682281424896,0.,0.731089636941));
#4840 = ORIENTED_EDGE('',*,*,#4810,.F.);
#4841 = ORIENTED_EDGE('',*,*,#4842,.T.);
#4842 = EDGE_CURVE('',#4811,#4834,#4843,.T.);
#4843 = LINE('',#4844,#4845);
#4844 = CARTESIAN_POINT('',(-132.4843597412,3.257885456085,
    -9.168485641479));
#4845 = VECTOR('',#4846,1.);
#4846 = DIRECTION('',(0.,-1.,0.));
#4847 = PLANE('',#4848);
#4848 = AXIS2_PLACEMENT_3D('',#4849,#4850,#4851);
#4849 = CARTESIAN_POINT('',(-132.5135735054,2.621799249531,
    -9.137182018801));
#4850 = DIRECTION('',(-0.731089636941,-0.,-0.682281424896));
#4851 = DIRECTION('',(0.682281424896,0.,-0.731089636941));
#4852 = ADVANCED_FACE('',(#4853),#4870,.T.);
#4853 = FACE_BOUND('',#4854,.T.);
#4854 = EDGE_LOOP('',(#4855,#4863,#4864));
#4855 = ORIENTED_EDGE('',*,*,#4856,.T.);
#4856 = EDGE_CURVE('',#4857,#4834,#4859,.T.);
#4857 = VERTEX_POINT('',#4858);
#4858 = CARTESIAN_POINT('',(-132.3435058593,3.257885456085,
    -9.246736526489));
#4859 = LINE('',#4860,#4861);
#4860 = CARTESIAN_POINT('',(-132.3435058593,3.257885456085,
    -9.246736526489));
#4861 = VECTOR('',#4862,1.);
#4862 = DIRECTION('',(-0.116596237811,-0.991064863658,6.477463509417E-02
    ));
#4863 = ORIENTED_EDGE('',*,*,#4842,.F.);
#4864 = ORIENTED_EDGE('',*,*,#4865,.T.);
#4865 = EDGE_CURVE('',#4811,#4857,#4866,.T.);
#4866 = LINE('',#4867,#4868);
#4867 = CARTESIAN_POINT('',(-132.4843597412,3.257885456085,
    -9.168485641479));
#4868 = VECTOR('',#4869,1.);
#4869 = DIRECTION('',(0.874160626279,0.,-0.485636900847));
#4870 = PLANE('',#4871);
#4871 = AXIS2_PLACEMENT_3D('',#4872,#4873,#4874);
#4872 = CARTESIAN_POINT('',(-132.4467873317,2.696842455371,
    -9.189358863122));
#4873 = DIRECTION('',(-0.485636900847,-0.,-0.874160626279));
#4874 = DIRECTION('',(-0.874160626279,0.,0.485636900847));
#4875 = ADVANCED_FACE('',(#4876),#4893,.T.);
#4876 = FACE_BOUND('',#4877,.T.);
#4877 = EDGE_LOOP('',(#4878,#4886,#4887));
#4878 = ORIENTED_EDGE('',*,*,#4879,.T.);
#4879 = EDGE_CURVE('',#4880,#4834,#4882,.T.);
#4880 = VERTEX_POINT('',#4881);
#4881 = CARTESIAN_POINT('',(-132.3435058593,2.060631275177,
    -9.246736526489));
#4882 = LINE('',#4883,#4884);
#4883 = CARTESIAN_POINT('',(-132.3435058593,2.060631275177,
    -9.246736526489));
#4884 = VECTOR('',#4885,1.);
#4885 = DIRECTION('',(-0.874160626279,0.,0.485636900847));
#4886 = ORIENTED_EDGE('',*,*,#4856,.F.);
#4887 = ORIENTED_EDGE('',*,*,#4888,.T.);
#4888 = EDGE_CURVE('',#4857,#4880,#4889,.T.);
#4889 = LINE('',#4890,#4891);
#4890 = CARTESIAN_POINT('',(-132.3435058593,3.257885456085,
    -9.246736526489));
#4891 = VECTOR('',#4892,1.);
#4892 = DIRECTION('',(0.,-1.,0.));
#4893 = PLANE('',#4894);
#4894 = AXIS2_PLACEMENT_3D('',#4895,#4896,#4897);
#4895 = CARTESIAN_POINT('',(-132.3810782688,2.621674275891,
    -9.225863304847));
#4896 = DIRECTION('',(-0.485636900847,-0.,-0.874160626279));
#4897 = DIRECTION('',(-0.874160626279,0.,0.485636900847));
#4898 = ADVANCED_FACE('',(#4899),#4916,.T.);
#4899 = FACE_BOUND('',#4900,.T.);
#4900 = EDGE_LOOP('',(#4901,#4909,#4910));
#4901 = ORIENTED_EDGE('',*,*,#4902,.T.);
#4902 = EDGE_CURVE('',#4903,#4880,#4905,.T.);
#4903 = VERTEX_POINT('',#4904);
#4904 = CARTESIAN_POINT('',(-132.1791687011,3.257885456085,
    -9.278038978577));
#4905 = LINE('',#4906,#4907);
#4906 = CARTESIAN_POINT('',(-132.1791687011,3.257885456085,
    -9.278038978577));
#4907 = VECTOR('',#4908,1.);
#4908 = DIRECTION('',(-0.13594104659,-0.990378488751,2.589364538198E-02)
  );
#4909 = ORIENTED_EDGE('',*,*,#4888,.F.);
#4910 = ORIENTED_EDGE('',*,*,#4911,.T.);
#4911 = EDGE_CURVE('',#4857,#4903,#4912,.T.);
#4912 = LINE('',#4913,#4914);
#4913 = CARTESIAN_POINT('',(-132.3435058593,3.257885456085,
    -9.246736526489));
#4914 = VECTOR('',#4915,1.);
#4915 = DIRECTION('',(0.982338416733,0.,-0.187112893758));
#4916 = PLANE('',#4917);
#4917 = AXIS2_PLACEMENT_3D('',#4918,#4919,#4920);
#4918 = CARTESIAN_POINT('',(-132.2995651003,2.698173488353,
    -9.25510623131));
#4919 = DIRECTION('',(-0.187112893758,-0.,-0.982338416733));
#4920 = DIRECTION('',(-0.982338416733,0.,0.187112893758));
#4921 = ADVANCED_FACE('',(#4922),#4939,.T.);
#4922 = FACE_BOUND('',#4923,.T.);
#4923 = EDGE_LOOP('',(#4924,#4932,#4933));
#4924 = ORIENTED_EDGE('',*,*,#4925,.T.);
#4925 = EDGE_CURVE('',#4926,#4880,#4928,.T.);
#4926 = VERTEX_POINT('',#4927);
#4927 = CARTESIAN_POINT('',(-132.1791687011,2.060631275177,
    -9.278038978577));
#4928 = LINE('',#4929,#4930);
#4929 = CARTESIAN_POINT('',(-132.1791687011,2.060631275177,
    -9.278038978577));
#4930 = VECTOR('',#4931,1.);
#4931 = DIRECTION('',(-0.982338416733,0.,0.187112893758));
#4932 = ORIENTED_EDGE('',*,*,#4902,.F.);
#4933 = ORIENTED_EDGE('',*,*,#4934,.F.);
#4934 = EDGE_CURVE('',#4926,#4903,#4935,.T.);
#4935 = LINE('',#4936,#4937);
#4936 = CARTESIAN_POINT('',(-132.1791687011,2.060631275177,
    -9.278038978577));
#4937 = VECTOR('',#4938,1.);
#4938 = DIRECTION('',(0.,1.,0.));
#4939 = PLANE('',#4940);
#4940 = AXIS2_PLACEMENT_3D('',#4941,#4942,#4943);
#4941 = CARTESIAN_POINT('',(-132.2231094602,2.620343242909,
    -9.269669273756));
#4942 = DIRECTION('',(-0.187112893758,-0.,-0.982338416733));
#4943 = DIRECTION('',(-0.982338416733,0.,0.187112893758));
#4944 = ADVANCED_FACE('',(#4945),#4962,.T.);
#4945 = FACE_BOUND('',#4946,.T.);
#4946 = EDGE_LOOP('',(#4947,#4955,#4961));
#4947 = ORIENTED_EDGE('',*,*,#4948,.T.);
#4948 = EDGE_CURVE('',#4903,#4949,#4951,.T.);
#4949 = VERTEX_POINT('',#4950);
#4950 = CARTESIAN_POINT('',(-77.5358505249,3.257885456085,
    -9.278038978577));
#4951 = LINE('',#4952,#4953);
#4952 = CARTESIAN_POINT('',(-132.1791687011,3.257885456085,
    -9.278038978577));
#4953 = VECTOR('',#4954,1.);
#4954 = DIRECTION('',(1.,0.,0.));
#4955 = ORIENTED_EDGE('',*,*,#4956,.T.);
#4956 = EDGE_CURVE('',#4949,#4926,#4957,.T.);
#4957 = LINE('',#4958,#4959);
#4958 = CARTESIAN_POINT('',(-77.5358505249,3.257885456085,
    -9.278038978577));
#4959 = VECTOR('',#4960,1.);
#4960 = DIRECTION('',(-0.999760054688,-2.190509188185E-02,0.));
#4961 = ORIENTED_EDGE('',*,*,#4934,.T.);
#4962 = PLANE('',#4963);
#4963 = AXIS2_PLACEMENT_3D('',#4964,#4965,#4966);
#4964 = CARTESIAN_POINT('',(-105.1535445195,2.955293272156,
    -9.278038978577));
#4965 = DIRECTION('',(-0.,-0.,-1.));
#4966 = DIRECTION('',(-1.,0.,0.));
#4967 = ADVANCED_FACE('',(#4968),#4985,.T.);
#4968 = FACE_BOUND('',#4969,.T.);
#4969 = EDGE_LOOP('',(#4970,#4978,#4979));
#4970 = ORIENTED_EDGE('',*,*,#4971,.T.);
#4971 = EDGE_CURVE('',#4972,#4926,#4974,.T.);
#4972 = VERTEX_POINT('',#4973);
#4973 = CARTESIAN_POINT('',(-77.5358505249,2.060631275177,
    -9.278038978577));
#4974 = LINE('',#4975,#4976);
#4975 = CARTESIAN_POINT('',(-77.5358505249,2.060631275177,
    -9.278038978577));
#4976 = VECTOR('',#4977,1.);
#4977 = DIRECTION('',(-1.,0.,0.));
#4978 = ORIENTED_EDGE('',*,*,#4956,.F.);
#4979 = ORIENTED_EDGE('',*,*,#4980,.F.);
#4980 = EDGE_CURVE('',#4972,#4949,#4981,.T.);
#4981 = LINE('',#4982,#4983);
#4982 = CARTESIAN_POINT('',(-77.5358505249,2.060631275177,
    -9.278038978577));
#4983 = VECTOR('',#4984,1.);
#4984 = DIRECTION('',(0.,1.,0.));
#4985 = PLANE('',#4986);
#4986 = AXIS2_PLACEMENT_3D('',#4987,#4988,#4989);
#4987 = CARTESIAN_POINT('',(-104.5614747065,2.363223459106,
    -9.278038978577));
#4988 = DIRECTION('',(-0.,-0.,-1.));
#4989 = DIRECTION('',(-1.,0.,0.));
#4990 = ADVANCED_FACE('',(#4991),#5017,.T.);
#4991 = FACE_BOUND('',#4992,.T.);
#4992 = EDGE_LOOP('',(#4993,#5003,#5011));
#4993 = ORIENTED_EDGE('',*,*,#4994,.T.);
#4994 = EDGE_CURVE('',#4995,#4997,#4999,.T.);
#4995 = VERTEX_POINT('',#4996);
#4996 = CARTESIAN_POINT('',(-60.78211975097,2.060631275177,
    48.737937927246));
#4997 = VERTEX_POINT('',#4998);
#4998 = CARTESIAN_POINT('',(-60.46910476684,2.060631275177,
    48.628387451172));
#4999 = LINE('',#5000,#5001);
#5000 = CARTESIAN_POINT('',(-60.78211975097,2.060631275177,
    48.737937927246));
#5001 = VECTOR('',#5002,1.);
#5002 = DIRECTION('',(0.943862839556,0.,-0.330337615336));
#5003 = ORIENTED_EDGE('',*,*,#5004,.T.);
#5004 = EDGE_CURVE('',#4997,#5005,#5007,.T.);
#5005 = VERTEX_POINT('',#5006);
#5006 = CARTESIAN_POINT('',(-60.61779022216,2.060631275177,
    48.706638336182));
#5007 = LINE('',#5008,#5009);
#5008 = CARTESIAN_POINT('',(-60.46910476684,2.060631275177,
    48.628387451172));
#5009 = VECTOR('',#5010,1.);
#5010 = DIRECTION('',(-0.884929549441,0.,0.465724910785));
#5011 = ORIENTED_EDGE('',*,*,#5012,.T.);
#5012 = EDGE_CURVE('',#5005,#4995,#5013,.T.);
#5013 = LINE('',#5014,#5015);
#5014 = CARTESIAN_POINT('',(-60.61779022216,2.060631275177,
    48.706638336182));
#5015 = VECTOR('',#5016,1.);
#5016 = DIRECTION('',(-0.982339963561,0.,0.187104772762));
#5017 = PLANE('',#5018);
#5018 = AXIS2_PLACEMENT_3D('',#5019,#5020,#5021);
#5019 = CARTESIAN_POINT('',(-60.62355965398,2.060631275177,
    48.689033694626));
#5020 = DIRECTION('',(-0.,-1.,-0.));
#5021 = DIRECTION('',(0.,0.,-1.));
#5022 = ADVANCED_FACE('',(#5023),#5040,.T.);
#5023 = FACE_BOUND('',#5024,.T.);
#5024 = EDGE_LOOP('',(#5025,#5026,#5034));
#5025 = ORIENTED_EDGE('',*,*,#5004,.F.);
#5026 = ORIENTED_EDGE('',*,*,#5027,.F.);
#5027 = EDGE_CURVE('',#5028,#4997,#5030,.T.);
#5028 = VERTEX_POINT('',#5029);
#5029 = CARTESIAN_POINT('',(-60.61779022216,3.257885456085,
    48.706638336182));
#5030 = LINE('',#5031,#5032);
#5031 = CARTESIAN_POINT('',(-60.61779022216,3.257885456085,
    48.706638336182));
#5032 = VECTOR('',#5033,1.);
#5033 = DIRECTION('',(0.122983562184,-0.990295813998,-6.472437106717E-02
    ));
#5034 = ORIENTED_EDGE('',*,*,#5035,.T.);
#5035 = EDGE_CURVE('',#5028,#5005,#5036,.T.);
#5036 = LINE('',#5037,#5038);
#5037 = CARTESIAN_POINT('',(-60.61779022216,3.257885456085,
    48.706638336182));
#5038 = VECTOR('',#5039,1.);
#5039 = DIRECTION('',(0.,-1.,0.));
#5040 = PLANE('',#5041);
#5041 = AXIS2_PLACEMENT_3D('',#5042,#5043,#5044);
#5042 = CARTESIAN_POINT('',(-60.5780233093,2.620186538023,
    48.685709617104));
#5043 = DIRECTION('',(0.465724910785,0.,0.884929549441));
#5044 = DIRECTION('',(0.884929549441,0.,-0.465724910785));
#5045 = ADVANCED_FACE('',(#5046),#5072,.T.);
#5046 = FACE_BOUND('',#5047,.T.);
#5047 = EDGE_LOOP('',(#5048,#5058,#5066));
#5048 = ORIENTED_EDGE('',*,*,#5049,.T.);
#5049 = EDGE_CURVE('',#5050,#5052,#5054,.T.);
#5050 = VERTEX_POINT('',#5051);
#5051 = CARTESIAN_POINT('',(-60.31260681152,2.060631275177,
    48.409278869629));
#5052 = VERTEX_POINT('',#5053);
#5053 = CARTESIAN_POINT('',(-60.35955429077,2.060631275177,
    48.511009216309));
#5054 = LINE('',#5055,#5056);
#5055 = CARTESIAN_POINT('',(-60.31260681152,2.060631275177,
    48.409278869629));
#5056 = VECTOR('',#5057,1.);
#5057 = DIRECTION('',(-0.419021472351,0.,0.907976324421));
#5058 = ORIENTED_EDGE('',*,*,#5059,.T.);
#5059 = EDGE_CURVE('',#5052,#5060,#5062,.T.);
#5060 = VERTEX_POINT('',#5061);
#5061 = CARTESIAN_POINT('',(-60.28130722045,2.060631275177,
    48.237125396729));
#5062 = LINE('',#5063,#5064);
#5063 = CARTESIAN_POINT('',(-60.35955429077,2.060631275177,
    48.511009216309));
#5064 = VECTOR('',#5065,1.);
#5065 = DIRECTION('',(0.27470343987,0.,-0.961529001187));
#5066 = ORIENTED_EDGE('',*,*,#5067,.T.);
#5067 = EDGE_CURVE('',#5060,#5050,#5068,.T.);
#5068 = LINE('',#5069,#5070);
#5069 = CARTESIAN_POINT('',(-60.28130722045,2.060631275177,
    48.237125396729));
#5070 = VECTOR('',#5071,1.);
#5071 = DIRECTION('',(-0.178879682653,0.,0.983870956546));
#5072 = PLANE('',#5073);
#5073 = AXIS2_PLACEMENT_3D('',#5074,#5075,#5076);
#5074 = CARTESIAN_POINT('',(-60.31631449464,2.060631275177,
    48.375368213422));
#5075 = DIRECTION('',(-0.,-1.,-0.));
#5076 = DIRECTION('',(0.,0.,-1.));
#5077 = ADVANCED_FACE('',(#5078),#5095,.T.);
#5078 = FACE_BOUND('',#5079,.T.);
#5079 = EDGE_LOOP('',(#5080,#5081,#5089));
#5080 = ORIENTED_EDGE('',*,*,#5067,.F.);
#5081 = ORIENTED_EDGE('',*,*,#5082,.F.);
#5082 = EDGE_CURVE('',#5083,#5060,#5085,.T.);
#5083 = VERTEX_POINT('',#5084);
#5084 = CARTESIAN_POINT('',(-60.31260681152,3.257885456085,
    48.409278869629));
#5085 = LINE('',#5086,#5087);
#5086 = CARTESIAN_POINT('',(-60.31260681152,3.257885456085,
    48.409278869629));
#5087 = VECTOR('',#5088,1.);
#5088 = DIRECTION('',(2.586801319131E-02,-0.98948854895,-0.142278801622)
  );
#5089 = ORIENTED_EDGE('',*,*,#5090,.T.);
#5090 = EDGE_CURVE('',#5083,#5050,#5091,.T.);
#5091 = LINE('',#5092,#5093);
#5092 = CARTESIAN_POINT('',(-60.31260681152,3.257885456085,
    48.409278869629));
#5093 = VECTOR('',#5094,1.);
#5094 = DIRECTION('',(0.,-1.,0.));
#5095 = PLANE('',#5096);
#5096 = AXIS2_PLACEMENT_3D('',#5097,#5098,#5099);
#5097 = CARTESIAN_POINT('',(-60.30421314034,2.618694092222,
    48.363112143659));
#5098 = DIRECTION('',(0.983870956546,0.,0.178879682653));
#5099 = DIRECTION('',(-0.178879682653,0.,0.983870956546));
#5100 = ADVANCED_FACE('',(#5101),#5125,.T.);
#5101 = FACE_BOUND('',#5102,.T.);
#5102 = EDGE_LOOP('',(#5103,#5113,#5119));
#5103 = ORIENTED_EDGE('',*,*,#5104,.T.);
#5104 = EDGE_CURVE('',#5105,#5107,#5109,.T.);
#5105 = VERTEX_POINT('',#5106);
#5106 = CARTESIAN_POINT('',(-60.28130722045,3.257885456085,
    48.237125396729));
#5107 = VERTEX_POINT('',#5108);
#5108 = CARTESIAN_POINT('',(-60.35955429077,3.257885456085,
    48.511009216309));
#5109 = LINE('',#5110,#5111);
#5110 = CARTESIAN_POINT('',(-60.28130722045,3.257885456085,
    48.237125396729));
#5111 = VECTOR('',#5112,1.);
#5112 = DIRECTION('',(-0.27470343987,0.,0.961529001187));
#5113 = ORIENTED_EDGE('',*,*,#5114,.T.);
#5114 = EDGE_CURVE('',#5107,#5083,#5115,.T.);
#5115 = LINE('',#5116,#5117);
#5116 = CARTESIAN_POINT('',(-60.35955429077,3.257885456085,
    48.511009216309));
#5117 = VECTOR('',#5118,1.);
#5118 = DIRECTION('',(0.419021472351,0.,-0.907976324421));
#5119 = ORIENTED_EDGE('',*,*,#5120,.T.);
#5120 = EDGE_CURVE('',#5083,#5105,#5121,.T.);
#5121 = LINE('',#5122,#5123);
#5122 = CARTESIAN_POINT('',(-60.31260681152,3.257885456085,
    48.409278869629));
#5123 = VECTOR('',#5124,1.);
#5124 = DIRECTION('',(0.178879682653,0.,-0.983870956546));
#5125 = PLANE('',#5126);
#5126 = AXIS2_PLACEMENT_3D('',#5127,#5128,#5129);
#5127 = CARTESIAN_POINT('',(-60.31631449464,3.257885456085,
    48.375368213422));
#5128 = DIRECTION('',(0.,1.,0.));
#5129 = DIRECTION('',(0.,-0.,1.));
#5130 = ADVANCED_FACE('',(#5131),#5141,.T.);
#5131 = FACE_BOUND('',#5132,.T.);
#5132 = EDGE_LOOP('',(#5133,#5134,#5135));
#5133 = ORIENTED_EDGE('',*,*,#5120,.F.);
#5134 = ORIENTED_EDGE('',*,*,#5082,.T.);
#5135 = ORIENTED_EDGE('',*,*,#5136,.F.);
#5136 = EDGE_CURVE('',#5105,#5060,#5137,.T.);
#5137 = LINE('',#5138,#5139);
#5138 = CARTESIAN_POINT('',(-60.28130722045,3.257885456085,
    48.237125396729));
#5139 = VECTOR('',#5140,1.);
#5140 = DIRECTION('',(0.,-1.,0.));
#5141 = PLANE('',#5142);
#5142 = AXIS2_PLACEMENT_3D('',#5143,#5144,#5145);
#5143 = CARTESIAN_POINT('',(-60.28970089163,2.69982263904,
    48.283292122698));
#5144 = DIRECTION('',(0.983870956546,0.,0.178879682653));
#5145 = DIRECTION('',(-0.178879682653,0.,0.983870956546));
#5146 = ADVANCED_FACE('',(#5147),#5164,.T.);
#5147 = FACE_BOUND('',#5148,.T.);
#5148 = EDGE_LOOP('',(#5149,#5157,#5163));
#5149 = ORIENTED_EDGE('',*,*,#5150,.T.);
#5150 = EDGE_CURVE('',#4949,#5151,#5153,.T.);
#5151 = VERTEX_POINT('',#5152);
#5152 = CARTESIAN_POINT('',(-77.34022521972,3.257885456085,
    -9.317163467407));
#5153 = LINE('',#5154,#5155);
#5154 = CARTESIAN_POINT('',(-77.5358505249,3.257885456085,
    -9.278038978577));
#5155 = VECTOR('',#5156,1.);
#5156 = DIRECTION('',(0.980581227265,0.,-0.19611337725));
#5157 = ORIENTED_EDGE('',*,*,#5158,.T.);
#5158 = EDGE_CURVE('',#5151,#4972,#5159,.T.);
#5159 = LINE('',#5160,#5161);
#5160 = CARTESIAN_POINT('',(-77.34022521972,3.257885456085,
    -9.317163467407));
#5161 = VECTOR('',#5162,1.);
#5162 = DIRECTION('',(-0.161172739979,-0.986399671632,3.223407656507E-02
    ));
#5163 = ORIENTED_EDGE('',*,*,#4980,.T.);
#5164 = PLANE('',#5165);
#5165 = AXIS2_PLACEMENT_3D('',#5166,#5167,#5168);
#5166 = CARTESIAN_POINT('',(-77.48289744818,2.705006310446,
    -9.288629439032));
#5167 = DIRECTION('',(-0.19611337725,-0.,-0.980581227265));
#5168 = DIRECTION('',(-0.980581227265,0.,0.19611337725));
#5169 = ADVANCED_FACE('',(#5170),#5187,.T.);
#5170 = FACE_BOUND('',#5171,.T.);
#5171 = EDGE_LOOP('',(#5172,#5180,#5181));
#5172 = ORIENTED_EDGE('',*,*,#5173,.T.);
#5173 = EDGE_CURVE('',#5174,#4972,#5176,.T.);
#5174 = VERTEX_POINT('',#5175);
#5175 = CARTESIAN_POINT('',(-77.34022521972,2.060631275177,
    -9.317163467407));
#5176 = LINE('',#5177,#5178);
#5177 = CARTESIAN_POINT('',(-77.34022521972,2.060631275177,
    -9.317163467407));
#5178 = VECTOR('',#5179,1.);
#5179 = DIRECTION('',(-0.980581227265,0.,0.19611337725));
#5180 = ORIENTED_EDGE('',*,*,#5158,.F.);
#5181 = ORIENTED_EDGE('',*,*,#5182,.T.);
#5182 = EDGE_CURVE('',#5151,#5174,#5183,.T.);
#5183 = LINE('',#5184,#5185);
#5184 = CARTESIAN_POINT('',(-77.34022521972,3.257885456085,
    -9.317163467407));
#5185 = VECTOR('',#5186,1.);
#5186 = DIRECTION('',(0.,-1.,0.));
#5187 = PLANE('',#5188);
#5188 = AXIS2_PLACEMENT_3D('',#5189,#5190,#5191);
#5189 = CARTESIAN_POINT('',(-77.39317829644,2.613510420817,
    -9.306573006952));
#5190 = DIRECTION('',(-0.19611337725,-0.,-0.980581227265));
#5191 = DIRECTION('',(-0.980581227265,0.,0.19611337725));
#5192 = ADVANCED_FACE('',(#5193),#5210,.T.);
#5193 = FACE_BOUND('',#5194,.T.);
#5194 = EDGE_LOOP('',(#5195,#5203,#5204));
#5195 = ORIENTED_EDGE('',*,*,#5196,.T.);
#5196 = EDGE_CURVE('',#5197,#5174,#5199,.T.);
#5197 = VERTEX_POINT('',#5198);
#5198 = CARTESIAN_POINT('',(-77.1837234497,3.257885456085,
    -9.426716804504));
#5199 = LINE('',#5200,#5201);
#5200 = CARTESIAN_POINT('',(-77.1837234497,3.257885456085,
    -9.426716804504));
#5201 = VECTOR('',#5202,1.);
#5202 = DIRECTION('',(-0.129084334491,-0.987508059105,9.03607646651E-02)
  );
#5203 = ORIENTED_EDGE('',*,*,#5182,.F.);
#5204 = ORIENTED_EDGE('',*,*,#5205,.T.);
#5205 = EDGE_CURVE('',#5151,#5197,#5206,.T.);
#5206 = LINE('',#5207,#5208);
#5207 = CARTESIAN_POINT('',(-77.34022521972,3.257885456085,
    -9.317163467407));
#5208 = VECTOR('',#5209,1.);
#5209 = DIRECTION('',(0.819226760846,0.,-0.573469715255));
#5210 = PLANE('',#5211);
#5211 = AXIS2_PLACEMENT_3D('',#5212,#5213,#5214);
#5212 = CARTESIAN_POINT('',(-77.29799793449,2.703231049999,
    -9.346723133172));
#5213 = DIRECTION('',(-0.573469715255,-0.,-0.819226760846));
#5214 = DIRECTION('',(-0.819226760846,0.,0.573469715255));
#5215 = ADVANCED_FACE('',(#5216),#5233,.T.);
#5216 = FACE_BOUND('',#5217,.T.);
#5217 = EDGE_LOOP('',(#5218,#5226,#5227));
#5218 = ORIENTED_EDGE('',*,*,#5219,.T.);
#5219 = EDGE_CURVE('',#5220,#5174,#5222,.T.);
#5220 = VERTEX_POINT('',#5221);
#5221 = CARTESIAN_POINT('',(-77.1837234497,2.060631275177,
    -9.426716804504));
#5222 = LINE('',#5223,#5224);
#5223 = CARTESIAN_POINT('',(-77.1837234497,2.060631275177,
    -9.426716804504));
#5224 = VECTOR('',#5225,1.);
#5225 = DIRECTION('',(-0.819226760846,0.,0.573469715255));
#5226 = ORIENTED_EDGE('',*,*,#5196,.F.);
#5227 = ORIENTED_EDGE('',*,*,#5228,.F.);
#5228 = EDGE_CURVE('',#5220,#5197,#5229,.T.);
#5229 = LINE('',#5230,#5231);
#5230 = CARTESIAN_POINT('',(-77.1837234497,2.060631275177,
    -9.426716804504));
#5231 = VECTOR('',#5232,1.);
#5232 = DIRECTION('',(0.,1.,0.));
#5233 = PLANE('',#5234);
#5234 = AXIS2_PLACEMENT_3D('',#5235,#5236,#5237);
#5235 = CARTESIAN_POINT('',(-77.22595073493,2.615285681263,
    -9.397157138739));
#5236 = DIRECTION('',(-0.573469715255,-0.,-0.819226760846));
#5237 = DIRECTION('',(-0.819226760846,0.,0.573469715255));
#5238 = ADVANCED_FACE('',(#5239),#5256,.T.);
#5239 = FACE_BOUND('',#5240,.T.);
#5240 = EDGE_LOOP('',(#5241,#5249,#5255));
#5241 = ORIENTED_EDGE('',*,*,#5242,.T.);
#5242 = EDGE_CURVE('',#5197,#5243,#5245,.T.);
#5243 = VERTEX_POINT('',#5244);
#5244 = CARTESIAN_POINT('',(-68.43515777587,3.257885456085,
    -21.43056297302));
#5245 = LINE('',#5246,#5247);
#5246 = CARTESIAN_POINT('',(-77.1837234497,3.257885456085,
    -9.426716804504));
#5247 = VECTOR('',#5248,1.);
#5248 = DIRECTION('',(0.588985828342,0.,-0.808143362289));
#5249 = ORIENTED_EDGE('',*,*,#5250,.T.);
#5250 = EDGE_CURVE('',#5243,#5220,#5251,.T.);
#5251 = LINE('',#5252,#5253);
#5252 = CARTESIAN_POINT('',(-68.43515777587,3.257885456085,
    -21.43056297302));
#5253 = VECTOR('',#5254,1.);
#5254 = DIRECTION('',(-0.587081798988,-8.034301445274E-02,0.805530856843
    ));
#5255 = ORIENTED_EDGE('',*,*,#5228,.T.);
#5256 = PLANE('',#5257);
#5257 = AXIS2_PLACEMENT_3D('',#5258,#5259,#5260);
#5258 = CARTESIAN_POINT('',(-72.97863869101,2.946528568204,
    -15.19648438137));
#5259 = DIRECTION('',(-0.808143362289,4.530269217568E-16,-0.588985828342
    ));
#5260 = DIRECTION('',(0.588985828342,6.336382184668E-33,-0.808143362289)
  );
#5261 = ADVANCED_FACE('',(#5262),#5279,.T.);
#5262 = FACE_BOUND('',#5263,.T.);
#5263 = EDGE_LOOP('',(#5264,#5272,#5273));
#5264 = ORIENTED_EDGE('',*,*,#5265,.T.);
#5265 = EDGE_CURVE('',#5266,#5220,#5268,.T.);
#5266 = VERTEX_POINT('',#5267);
#5267 = CARTESIAN_POINT('',(-68.43515777587,2.060631275177,
    -21.43056297302));
#5268 = LINE('',#5269,#5270);
#5269 = CARTESIAN_POINT('',(-68.43515777587,2.060631275177,
    -21.43056297302));
#5270 = VECTOR('',#5271,1.);
#5271 = DIRECTION('',(-0.588985828342,0.,0.808143362289));
#5272 = ORIENTED_EDGE('',*,*,#5250,.F.);
#5273 = ORIENTED_EDGE('',*,*,#5274,.F.);
#5274 = EDGE_CURVE('',#5266,#5243,#5275,.T.);
#5275 = LINE('',#5276,#5277);
#5276 = CARTESIAN_POINT('',(-68.43515777587,2.060631275177,
    -21.43056297302));
#5277 = VECTOR('',#5278,1.);
#5278 = DIRECTION('',(0.,1.,0.));
#5279 = PLANE('',#5280);
#5280 = AXIS2_PLACEMENT_3D('',#5281,#5282,#5283);
#5281 = CARTESIAN_POINT('',(-72.64024253457,2.371988163058,
    -15.66079539615));
#5282 = DIRECTION('',(-0.808143362289,-1.231090082399E-15,
    -0.588985828342));
#5283 = DIRECTION('',(0.588985828342,-8.405704921138E-32,-0.808143362289
    ));
#5284 = ADVANCED_FACE('',(#5285),#5311,.T.);
#5285 = FACE_BOUND('',#5286,.T.);
#5286 = EDGE_LOOP('',(#5287,#5297,#5305));
#5287 = ORIENTED_EDGE('',*,*,#5288,.T.);
#5288 = EDGE_CURVE('',#5289,#5291,#5293,.T.);
#5289 = VERTEX_POINT('',#5290);
#5290 = CARTESIAN_POINT('',(-77.6141052246,2.060631275177,
    46.531234741211));
#5291 = VERTEX_POINT('',#5292);
#5292 = CARTESIAN_POINT('',(-59.95264816284,2.060631275177,
    46.515579223633));
#5293 = LINE('',#5294,#5295);
#5294 = CARTESIAN_POINT('',(-77.6141052246,2.060631275177,
    46.531234741211));
#5295 = VECTOR('',#5296,1.);
#5296 = DIRECTION('',(0.999999607128,0.,-8.86422415362E-04));
#5297 = ORIENTED_EDGE('',*,*,#5298,.T.);
#5298 = EDGE_CURVE('',#5291,#5299,#5301,.T.);
#5299 = VERTEX_POINT('',#5300);
#5300 = CARTESIAN_POINT('',(-60.05437850952,2.060631275177,
    46.570358276367));
#5301 = LINE('',#5302,#5303);
#5302 = CARTESIAN_POINT('',(-59.95264816284,2.060631275177,
    46.515579223633));
#5303 = VECTOR('',#5304,1.);
#5304 = DIRECTION('',(-0.880466859318,0.,0.474107698358));
#5305 = ORIENTED_EDGE('',*,*,#5306,.T.);
#5306 = EDGE_CURVE('',#5299,#5289,#5307,.T.);
#5307 = LINE('',#5308,#5309);
#5308 = CARTESIAN_POINT('',(-60.05437850952,2.060631275177,
    46.570358276367));
#5309 = VECTOR('',#5310,1.);
#5310 = DIRECTION('',(-0.999997517958,0.,-2.228020896042E-03));
#5311 = PLANE('',#5312);
#5312 = AXIS2_PLACEMENT_3D('',#5313,#5314,#5315);
#5313 = CARTESIAN_POINT('',(-68.77994523532,2.060631275177,
    46.537081517687));
#5314 = DIRECTION('',(-0.,-1.,-0.));
#5315 = DIRECTION('',(0.,0.,-1.));
#5316 = ADVANCED_FACE('',(#5317),#5334,.T.);
#5317 = FACE_BOUND('',#5318,.T.);
#5318 = EDGE_LOOP('',(#5319,#5320,#5328));
#5319 = ORIENTED_EDGE('',*,*,#5298,.F.);
#5320 = ORIENTED_EDGE('',*,*,#5321,.F.);
#5321 = EDGE_CURVE('',#5322,#5291,#5324,.T.);
#5322 = VERTEX_POINT('',#5323);
#5323 = CARTESIAN_POINT('',(-60.05437850952,3.257885456085,
    46.570358276367));
#5324 = LINE('',#5325,#5326);
#5325 = CARTESIAN_POINT('',(-60.05437850952,3.257885456085,
    46.570358276367));
#5326 = VECTOR('',#5327,1.);
#5327 = DIRECTION('',(8.457678455988E-02,-0.995375639886,
    -4.554232136943E-02));
#5328 = ORIENTED_EDGE('',*,*,#5329,.T.);
#5329 = EDGE_CURVE('',#5322,#5299,#5330,.T.);
#5330 = LINE('',#5331,#5332);
#5331 = CARTESIAN_POINT('',(-60.05437850952,3.257885456085,
    46.570358276367));
#5332 = VECTOR('',#5333,1.);
#5333 = DIRECTION('',(0.,-1.,0.));
#5334 = PLANE('',#5335);
#5335 = AXIS2_PLACEMENT_3D('',#5336,#5337,#5338);
#5336 = CARTESIAN_POINT('',(-60.02772157725,2.631763587358,
    46.556004236044));
#5337 = DIRECTION('',(0.474107698358,0.,0.880466859318));
#5338 = DIRECTION('',(0.880466859318,0.,-0.474107698358));
#5339 = ADVANCED_FACE('',(#5340),#5357,.T.);
#5340 = FACE_BOUND('',#5341,.T.);
#5341 = EDGE_LOOP('',(#5342,#5350,#5356));
#5342 = ORIENTED_EDGE('',*,*,#5343,.T.);
#5343 = EDGE_CURVE('',#5243,#5344,#5346,.T.);
#5344 = VERTEX_POINT('',#5345);
#5345 = CARTESIAN_POINT('',(-68.27082824707,3.257885456085,
    -21.54011535644));
#5346 = LINE('',#5347,#5348);
#5347 = CARTESIAN_POINT('',(-68.43515777587,3.257885456085,
    -21.43056297302));
#5348 = VECTOR('',#5349,1.);
#5349 = DIRECTION('',(0.832051780104,0.,-0.554697967569));
#5350 = ORIENTED_EDGE('',*,*,#5351,.T.);
#5351 = EDGE_CURVE('',#5344,#5266,#5352,.T.);
#5352 = LINE('',#5353,#5354);
#5353 = CARTESIAN_POINT('',(-68.27082824707,3.257885456085,
    -21.54011535644));
#5354 = VECTOR('',#5355,1.);
#5355 = DIRECTION('',(-0.13542512371,-0.986665614738,9.028289185338E-02)
  );
#5356 = ORIENTED_EDGE('',*,*,#5274,.T.);
#5357 = PLANE('',#5358);
#5358 = AXIS2_PLACEMENT_3D('',#5359,#5360,#5361);
#5359 = CARTESIAN_POINT('',(-68.39070966013,2.704588054918,
    -21.46019487821));
#5360 = DIRECTION('',(-0.554697967569,-0.,-0.832051780104));
#5361 = DIRECTION('',(-0.832051780104,0.,0.554697967569));
#5362 = ADVANCED_FACE('',(#5363),#5380,.T.);
#5363 = FACE_BOUND('',#5364,.T.);
#5364 = EDGE_LOOP('',(#5365,#5373,#5374));
#5365 = ORIENTED_EDGE('',*,*,#5366,.T.);
#5366 = EDGE_CURVE('',#5367,#5266,#5369,.T.);
#5367 = VERTEX_POINT('',#5368);
#5368 = CARTESIAN_POINT('',(-68.27082824707,2.060631275177,
    -21.54011535644));
#5369 = LINE('',#5370,#5371);
#5370 = CARTESIAN_POINT('',(-68.27082824707,2.060631275177,
    -21.54011535644));
#5371 = VECTOR('',#5372,1.);
#5372 = DIRECTION('',(-0.832051780104,0.,0.554697967569));
#5373 = ORIENTED_EDGE('',*,*,#5351,.F.);
#5374 = ORIENTED_EDGE('',*,*,#5375,.T.);
#5375 = EDGE_CURVE('',#5344,#5367,#5376,.T.);
#5376 = LINE('',#5377,#5378);
#5377 = CARTESIAN_POINT('',(-68.27082824707,3.257885456085,
    -21.54011535644));
#5378 = VECTOR('',#5379,1.);
#5379 = DIRECTION('',(0.,-1.,0.));
#5380 = PLANE('',#5381);
#5381 = AXIS2_PLACEMENT_3D('',#5382,#5383,#5384);
#5382 = CARTESIAN_POINT('',(-68.31527636281,2.613928676344,
    -21.51048345125));
#5383 = DIRECTION('',(-0.554697967569,-0.,-0.832051780104));
#5384 = DIRECTION('',(-0.832051780104,0.,0.554697967569));
#5385 = ADVANCED_FACE('',(#5386),#5403,.T.);
#5386 = FACE_BOUND('',#5387,.T.);
#5387 = EDGE_LOOP('',(#5388,#5396,#5397));
#5388 = ORIENTED_EDGE('',*,*,#5389,.T.);
#5389 = EDGE_CURVE('',#5390,#5367,#5392,.T.);
#5390 = VERTEX_POINT('',#5391);
#5391 = CARTESIAN_POINT('',(-68.08210444278,3.257885456085,
    -21.57250548534));
#5392 = LINE('',#5393,#5394);
#5393 = CARTESIAN_POINT('',(-68.08301544189,3.257885456085,
    -21.5792388916));
#5394 = VECTOR('',#5395,1.);
#5395 = DIRECTION('',(-0.154893701892,-0.987404091073,3.226611298296E-02
    ));
#5396 = ORIENTED_EDGE('',*,*,#5375,.F.);
#5397 = ORIENTED_EDGE('',*,*,#5398,.T.);
#5398 = EDGE_CURVE('',#5344,#5390,#5399,.T.);
#5399 = LINE('',#5400,#5401);
#5400 = CARTESIAN_POINT('',(-68.27082824707,3.257885456085,
    -21.54011535644));
#5401 = VECTOR('',#5402,1.);
#5402 = DIRECTION('',(0.978984720621,0.,-0.20393360878));
#5403 = PLANE('',#5404);
#5404 = AXIS2_PLACEMENT_3D('',#5405,#5406,#5407);
#5405 = CARTESIAN_POINT('',(-68.22013706663,2.703401263101,
    -21.55067490364));
#5406 = DIRECTION('',(-0.20393360878,-0.,-0.978984720621));
#5407 = DIRECTION('',(-0.978984720621,0.,0.20393360878));
#5408 = ADVANCED_FACE('',(#5409),#5426,.T.);
#5409 = FACE_BOUND('',#5410,.T.);
#5410 = EDGE_LOOP('',(#5411,#5419,#5420));
#5411 = ORIENTED_EDGE('',*,*,#5412,.T.);
#5412 = EDGE_CURVE('',#5413,#5367,#5415,.T.);
#5413 = VERTEX_POINT('',#5414);
#5414 = CARTESIAN_POINT('',(-68.08301544189,2.060631275177,
    -21.5792388916));
#5415 = LINE('',#5416,#5417);
#5416 = CARTESIAN_POINT('',(-68.08301544189,2.060631275177,
    -21.5792388916));
#5417 = VECTOR('',#5418,1.);
#5418 = DIRECTION('',(-0.978984720621,0.,0.20393360878));
#5419 = ORIENTED_EDGE('',*,*,#5389,.F.);
#5420 = ORIENTED_EDGE('',*,*,#5421,.F.);
#5421 = EDGE_CURVE('',#5413,#5390,#5422,.T.);
#5422 = LINE('',#5423,#5424);
#5423 = CARTESIAN_POINT('',(-68.08301544189,2.060631275177,
    -21.5792388916));
#5424 = VECTOR('',#5425,1.);
#5425 = DIRECTION('',(0.,1.,0.));
#5426 = PLANE('',#5427);
#5427 = AXIS2_PLACEMENT_3D('',#5428,#5429,#5430);
#5428 = CARTESIAN_POINT('',(-68.13370662233,2.615115468161,
    -21.5686793444));
#5429 = DIRECTION('',(-0.20393360878,-0.,-0.978984720621));
#5430 = DIRECTION('',(-0.978984720621,0.,0.20393360878));
#5431 = ADVANCED_FACE('',(#5432),#5449,.T.);
#5432 = FACE_BOUND('',#5433,.T.);
#5433 = EDGE_LOOP('',(#5434,#5442,#5448));
#5434 = ORIENTED_EDGE('',*,*,#5435,.T.);
#5435 = EDGE_CURVE('',#5390,#5436,#5438,.T.);
#5436 = VERTEX_POINT('',#5437);
#5437 = CARTESIAN_POINT('',(-35.63263141926,3.257885456085,
    -25.95075971102));
#5438 = LINE('',#5439,#5440);
#5439 = CARTESIAN_POINT('',(-68.08301544189,3.257885456085,
    -21.5792388916));
#5440 = VECTOR('',#5441,1.);
#5441 = DIRECTION('',(0.991068551116,0.,-0.133353391368));
#5442 = ORIENTED_EDGE('',*,*,#5443,.T.);
#5443 = EDGE_CURVE('',#5436,#5413,#5444,.T.);
#5444 = LINE('',#5445,#5446);
#5445 = CARTESIAN_POINT('',(-35.63194656372,3.257885456085,
    -25.94569778442));
#5446 = VECTOR('',#5447,1.);
#5447 = DIRECTION('',(-0.990406699567,-3.654020045713E-02,0.133264335824
    ));
#5448 = ORIENTED_EDGE('',*,*,#5421,.T.);
#5449 = PLANE('',#5450);
#5450 = AXIS2_PLACEMENT_3D('',#5451,#5452,#5453);
#5451 = CARTESIAN_POINT('',(-52.14869978719,2.953101595805,
    -23.72328334673));
#5452 = DIRECTION('',(-0.133353391368,-0.,-0.991068551116));
#5453 = DIRECTION('',(-0.991068551116,0.,0.133353391368));
#5454 = ADVANCED_FACE('',(#5455),#5472,.T.);
#5455 = FACE_BOUND('',#5456,.T.);
#5456 = EDGE_LOOP('',(#5457,#5465,#5466));
#5457 = ORIENTED_EDGE('',*,*,#5458,.T.);
#5458 = EDGE_CURVE('',#5459,#5413,#5461,.T.);
#5459 = VERTEX_POINT('',#5460);
#5460 = CARTESIAN_POINT('',(-35.63194656372,2.060631275177,
    -25.94569778442));
#5461 = LINE('',#5462,#5463);
#5462 = CARTESIAN_POINT('',(-35.63194656372,2.060631275177,
    -25.94569778442));
#5463 = VECTOR('',#5464,1.);
#5464 = DIRECTION('',(-0.991068551116,0.,0.133353391368));
#5465 = ORIENTED_EDGE('',*,*,#5443,.F.);
#5466 = ORIENTED_EDGE('',*,*,#5467,.F.);
#5467 = EDGE_CURVE('',#5459,#5436,#5468,.T.);
#5468 = LINE('',#5469,#5470);
#5469 = CARTESIAN_POINT('',(-35.63194656372,2.060631275177,
    -25.94569778442));
#5470 = VECTOR('',#5471,1.);
#5471 = DIRECTION('',(0.,1.,0.));
#5472 = PLANE('',#5473);
#5473 = AXIS2_PLACEMENT_3D('',#5474,#5475,#5476);
#5474 = CARTESIAN_POINT('',(-51.56626221842,2.365415135457,
    -23.80165332928));
#5475 = DIRECTION('',(-0.133353391368,-6.087589617495E-16,
    -0.991068551116));
#5476 = DIRECTION('',(-0.991068551116,-8.735800978347E-33,0.133353391368
    ));
#5477 = ADVANCED_FACE('',(#5478),#5495,.T.);
#5478 = FACE_BOUND('',#5479,.T.);
#5479 = EDGE_LOOP('',(#5480,#5488,#5494));
#5480 = ORIENTED_EDGE('',*,*,#5481,.T.);
#5481 = EDGE_CURVE('',#5436,#5482,#5484,.T.);
#5482 = VERTEX_POINT('',#5483);
#5483 = CARTESIAN_POINT('',(-35.3032875061,3.257885456085,
    -26.00047302246));
#5484 = LINE('',#5485,#5486);
#5485 = CARTESIAN_POINT('',(-35.63194656372,3.257885456085,
    -25.94569778442));
#5486 = VECTOR('',#5487,1.);
#5487 = DIRECTION('',(0.986394542687,0.,-0.164395274136));
#5488 = ORIENTED_EDGE('',*,*,#5489,.T.);
#5489 = EDGE_CURVE('',#5482,#5459,#5490,.T.);
#5490 = LINE('',#5491,#5492);
#5491 = CARTESIAN_POINT('',(-35.3032875061,3.257885456085,
    -26.00047302246));
#5492 = VECTOR('',#5493,1.);
#5493 = DIRECTION('',(-0.264460511505,-0.963388793785,4.407572873276E-02
    ));
#5494 = ORIENTED_EDGE('',*,*,#5467,.T.);
#5495 = PLANE('',#5496);
#5496 = AXIS2_PLACEMENT_3D('',#5497,#5498,#5499);
#5497 = CARTESIAN_POINT('',(-35.53856188658,2.731181768081,
    -25.96126153598));
#5498 = DIRECTION('',(-0.164395274136,-0.,-0.986394542687));
#5499 = DIRECTION('',(-0.986394542687,0.,0.164395274136));
#5500 = ADVANCED_FACE('',(#5501),#5518,.T.);
#5501 = FACE_BOUND('',#5502,.T.);
#5502 = EDGE_LOOP('',(#5503,#5511,#5512));
#5503 = ORIENTED_EDGE('',*,*,#5504,.T.);
#5504 = EDGE_CURVE('',#5505,#5459,#5507,.T.);
#5505 = VERTEX_POINT('',#5506);
#5506 = CARTESIAN_POINT('',(-35.3032875061,2.060631275177,
    -26.00047302246));
#5507 = LINE('',#5508,#5509);
#5508 = CARTESIAN_POINT('',(-35.3032875061,2.060631275177,
    -26.00047302246));
#5509 = VECTOR('',#5510,1.);
#5510 = DIRECTION('',(-0.986394542687,0.,0.164395274136));
#5511 = ORIENTED_EDGE('',*,*,#5489,.F.);
#5512 = ORIENTED_EDGE('',*,*,#5513,.T.);
#5513 = EDGE_CURVE('',#5482,#5505,#5514,.T.);
#5514 = LINE('',#5515,#5516);
#5515 = CARTESIAN_POINT('',(-35.3032875061,3.257885456085,
    -26.00047302246));
#5516 = VECTOR('',#5517,1.);
#5517 = DIRECTION('',(0.,-1.,0.));
#5518 = PLANE('',#5519);
#5519 = AXIS2_PLACEMENT_3D('',#5520,#5521,#5522);
#5520 = CARTESIAN_POINT('',(-35.39667218324,2.587334963181,
    -25.9849092709));
#5521 = DIRECTION('',(-0.164395274136,-0.,-0.986394542687));
#5522 = DIRECTION('',(-0.986394542687,0.,0.164395274136));
#5523 = ADVANCED_FACE('',(#5524),#5541,.T.);
#5524 = FACE_BOUND('',#5525,.T.);
#5525 = EDGE_LOOP('',(#5526,#5534,#5535));
#5526 = ORIENTED_EDGE('',*,*,#5527,.T.);
#5527 = EDGE_CURVE('',#5528,#5505,#5530,.T.);
#5528 = VERTEX_POINT('',#5529);
#5529 = CARTESIAN_POINT('',(-34.98245620727,3.257885456085,
    -26.07872772216));
#5530 = LINE('',#5531,#5532);
#5531 = CARTESIAN_POINT('',(-34.98245620727,3.257885456085,
    -26.07872772216));
#5532 = VECTOR('',#5533,1.);
#5533 = DIRECTION('',(-0.258325804199,-0.964000863519,6.300884080835E-02
    ));
#5534 = ORIENTED_EDGE('',*,*,#5513,.F.);
#5535 = ORIENTED_EDGE('',*,*,#5536,.T.);
#5536 = EDGE_CURVE('',#5482,#5528,#5537,.T.);
#5537 = LINE('',#5538,#5539);
#5538 = CARTESIAN_POINT('',(-35.3032875061,3.257885456085,
    -26.00047302246));
#5539 = VECTOR('',#5540,1.);
#5540 = DIRECTION('',(0.971518133535,0.,-0.236965221527));
#5541 = PLANE('',#5542);
#5542 = AXIS2_PLACEMENT_3D('',#5543,#5544,#5545);
#5543 = CARTESIAN_POINT('',(-35.21222062865,2.730640226214,
    -26.0226853539));
#5544 = DIRECTION('',(-0.236965221527,-0.,-0.971518133535));
#5545 = DIRECTION('',(-0.971518133535,0.,0.236965221527));
#5546 = ADVANCED_FACE('',(#5547),#5564,.T.);
#5547 = FACE_BOUND('',#5548,.T.);
#5548 = EDGE_LOOP('',(#5549,#5557,#5558));
#5549 = ORIENTED_EDGE('',*,*,#5550,.T.);
#5550 = EDGE_CURVE('',#5551,#5505,#5553,.T.);
#5551 = VERTEX_POINT('',#5552);
#5552 = CARTESIAN_POINT('',(-34.98245620727,2.060631275177,
    -26.07872772216));
#5553 = LINE('',#5554,#5555);
#5554 = CARTESIAN_POINT('',(-34.98245620727,2.060631275177,
    -26.07872772216));
#5555 = VECTOR('',#5556,1.);
#5556 = DIRECTION('',(-0.971518133535,0.,0.236965221527));
#5557 = ORIENTED_EDGE('',*,*,#5527,.F.);
#5558 = ORIENTED_EDGE('',*,*,#5559,.F.);
#5559 = EDGE_CURVE('',#5551,#5528,#5560,.T.);
#5560 = LINE('',#5561,#5562);
#5561 = CARTESIAN_POINT('',(-34.98245620727,2.060631275177,
    -26.07872772216));
#5562 = VECTOR('',#5563,1.);
#5563 = DIRECTION('',(0.,1.,0.));
#5564 = PLANE('',#5565);
#5565 = AXIS2_PLACEMENT_3D('',#5566,#5567,#5568);
#5566 = CARTESIAN_POINT('',(-35.07352308472,2.587876505048,
    -26.05651539072));
#5567 = DIRECTION('',(-0.236965221527,-0.,-0.971518133535));
#5568 = DIRECTION('',(-0.971518133535,0.,0.236965221527));
#5569 = ADVANCED_FACE('',(#5570),#5587,.T.);
#5570 = FACE_BOUND('',#5571,.T.);
#5571 = EDGE_LOOP('',(#5572,#5580,#5586));
#5572 = ORIENTED_EDGE('',*,*,#5573,.T.);
#5573 = EDGE_CURVE('',#5528,#5574,#5576,.T.);
#5574 = VERTEX_POINT('',#5575);
#5575 = CARTESIAN_POINT('',(-20.30167817728,3.257885456085,
    -34.5521577038));
#5576 = LINE('',#5577,#5578);
#5577 = CARTESIAN_POINT('',(-34.98245620727,3.257885456085,
    -26.07872772216));
#5578 = VECTOR('',#5579,1.);
#5579 = DIRECTION('',(0.866047173064,0.,-0.499962292605));
#5580 = ORIENTED_EDGE('',*,*,#5581,.T.);
#5581 = EDGE_CURVE('',#5574,#5551,#5582,.T.);
#5582 = LINE('',#5583,#5584);
#5583 = CARTESIAN_POINT('',(-20.30240058898,3.257885456085,
    -34.55340957641));
#5584 = VECTOR('',#5585,1.);
#5585 = DIRECTION('',(-0.86389493304,-7.045626033996E-02,0.49871982119)
  );
#5586 = ORIENTED_EDGE('',*,*,#5559,.T.);
#5587 = PLANE('',#5588);
#5588 = AXIS2_PLACEMENT_3D('',#5589,#5590,#5591);
#5589 = CARTESIAN_POINT('',(-27.89250486327,2.9480145361,-30.1717014523)
  );
#5590 = DIRECTION('',(-0.499962292605,1.661801502259E-16,-0.866047173064
    ));
#5591 = DIRECTION('',(-0.866047173064,-4.380272123626E-33,0.499962292605
    ));
#5592 = ADVANCED_FACE('',(#5593),#5610,.T.);
#5593 = FACE_BOUND('',#5594,.T.);
#5594 = EDGE_LOOP('',(#5595,#5596,#5604));
#5595 = ORIENTED_EDGE('',*,*,#5581,.F.);
#5596 = ORIENTED_EDGE('',*,*,#5597,.F.);
#5597 = EDGE_CURVE('',#5598,#5574,#5600,.T.);
#5598 = VERTEX_POINT('',#5599);
#5599 = CARTESIAN_POINT('',(-20.30240058898,2.060631275177,
    -34.55340957641));
#5600 = LINE('',#5601,#5602);
#5601 = CARTESIAN_POINT('',(-20.30240058898,2.060631275177,
    -34.55340957641));
#5602 = VECTOR('',#5603,1.);
#5603 = DIRECTION('',(0.,1.,0.));
#5604 = ORIENTED_EDGE('',*,*,#5605,.T.);
#5605 = EDGE_CURVE('',#5598,#5551,#5606,.T.);
#5606 = LINE('',#5607,#5608);
#5607 = CARTESIAN_POINT('',(-20.30240058898,2.060631275177,
    -34.55340957641));
#5608 = VECTOR('',#5609,1.);
#5609 = DIRECTION('',(-0.866047173064,0.,0.499962292605));
#5610 = PLANE('',#5611);
#5611 = AXIS2_PLACEMENT_3D('',#5612,#5613,#5614);
#5612 = CARTESIAN_POINT('',(-27.39235193299,2.370502195163,
    -30.46043584628));
#5613 = DIRECTION('',(-0.499962292605,1.627107032115E-16,-0.866047173064
    ));
#5614 = DIRECTION('',(-0.866047173064,4.521245144068E-33,0.499962292605)
  );
#5615 = ADVANCED_FACE('',(#5616),#5633,.T.);
#5616 = FACE_BOUND('',#5617,.T.);
#5617 = EDGE_LOOP('',(#5618,#5626,#5632));
#5618 = ORIENTED_EDGE('',*,*,#5619,.T.);
#5619 = EDGE_CURVE('',#5574,#5620,#5622,.T.);
#5620 = VERTEX_POINT('',#5621);
#5621 = CARTESIAN_POINT('',(-20.10676956176,3.257885456085,
    -34.66296386718));
#5622 = LINE('',#5623,#5624);
#5623 = CARTESIAN_POINT('',(-20.30240058898,3.257885456085,
    -34.55340957641));
#5624 = VECTOR('',#5625,1.);
#5625 = DIRECTION('',(0.872504275236,0.,-0.488606477337));
#5626 = ORIENTED_EDGE('',*,*,#5627,.T.);
#5627 = EDGE_CURVE('',#5620,#5598,#5628,.T.);
#5628 = LINE('',#5629,#5630);
#5629 = CARTESIAN_POINT('',(-20.10676956176,3.257885456085,
    -34.66296386718));
#5630 = VECTOR('',#5631,1.);
#5631 = DIRECTION('',(-0.160607555744,-0.982911914998,8.994098283851E-02
    ));
#5632 = ORIENTED_EDGE('',*,*,#5597,.T.);
#5633 = PLANE('',#5634);
#5634 = AXIS2_PLACEMENT_3D('',#5635,#5636,#5637);
#5635 = CARTESIAN_POINT('',(-20.24895265574,2.710109211438,
    -34.58334066916));
#5636 = DIRECTION('',(-0.488606477337,-0.,-0.872504275236));
#5637 = DIRECTION('',(-0.872504275236,0.,0.488606477337));
#5638 = ADVANCED_FACE('',(#5639),#5664,.T.);
#5639 = FACE_BOUND('',#5640,.T.);
#5640 = EDGE_LOOP('',(#5641,#5651,#5657,#5658));
#5641 = ORIENTED_EDGE('',*,*,#5642,.F.);
#5642 = EDGE_CURVE('',#5643,#5645,#5647,.T.);
#5643 = VERTEX_POINT('',#5644);
#5644 = CARTESIAN_POINT('',(-20.10339965302,2.060631275177,
    -34.65580270843));
#5645 = VERTEX_POINT('',#5646);
#5646 = CARTESIAN_POINT('',(-19.9033088684,2.060631275177,
    -34.74121475219));
#5647 = LINE('',#5648,#5649);
#5648 = CARTESIAN_POINT('',(-20.10676956176,2.060631275177,
    -34.66296386718));
#5649 = VECTOR('',#5650,1.);
#5650 = DIRECTION('',(0.933350567298,0.,-0.358966180197));
#5651 = ORIENTED_EDGE('',*,*,#5652,.F.);
#5652 = EDGE_CURVE('',#5598,#5643,#5653,.T.);
#5653 = LINE('',#5654,#5655);
#5654 = CARTESIAN_POINT('',(-20.30240058898,2.060631275177,
    -34.55340957641));
#5655 = VECTOR('',#5656,1.);
#5656 = DIRECTION('',(0.872504275236,0.,-0.488606477337));
#5657 = ORIENTED_EDGE('',*,*,#5627,.F.);
#5658 = ORIENTED_EDGE('',*,*,#5659,.T.);
#5659 = EDGE_CURVE('',#5620,#5645,#5660,.T.);
#5660 = LINE('',#5661,#5662);
#5661 = CARTESIAN_POINT('',(-20.10676956176,3.257885456085,
    -34.66296386718));
#5662 = VECTOR('',#5663,1.);
#5663 = DIRECTION('',(0.167190741584,-0.983825480322,-6.430147896579E-02
    ));
#5664 = PLANE('',#5665);
#5665 = AXIS2_PLACEMENT_3D('',#5666,#5667,#5668);
#5666 = CARTESIAN_POINT('',(-20.10455119565,2.567453517824,
    -34.65391938644));
#5667 = DIRECTION('',(-0.42575482998,-1.321984260526E-02,-0.904741985601
    ));
#5668 = DIRECTION('',(-0.904821054237,3.529653649737E-19,0.425792038217)
  );
#5669 = ADVANCED_FACE('',(#5670),#5687,.T.);
#5670 = FACE_BOUND('',#5671,.T.);
#5671 = EDGE_LOOP('',(#5672,#5680,#5681));
#5672 = ORIENTED_EDGE('',*,*,#5673,.T.);
#5673 = EDGE_CURVE('',#5674,#5645,#5676,.T.);
#5674 = VERTEX_POINT('',#5675);
#5675 = CARTESIAN_POINT('',(-19.6920337677,3.257885456085,
    -34.78033828735));
#5676 = LINE('',#5677,#5678);
#5677 = CARTESIAN_POINT('',(-19.6920337677,3.257885456085,
    -34.78033828735));
#5678 = VECTOR('',#5679,1.);
#5679 = DIRECTION('',(-0.173691393649,-0.984274751435,3.216385330304E-02
    ));
#5680 = ORIENTED_EDGE('',*,*,#5659,.F.);
#5681 = ORIENTED_EDGE('',*,*,#5682,.T.);
#5682 = EDGE_CURVE('',#5620,#5674,#5683,.T.);
#5683 = LINE('',#5684,#5685);
#5684 = CARTESIAN_POINT('',(-20.10676956176,3.257885456085,
    -34.66296386718));
#5685 = VECTOR('',#5686,1.);
#5686 = DIRECTION('',(0.962208255449,0.,-0.272314658339));
#5687 = PLANE('',#5688);
#5688 = AXIS2_PLACEMENT_3D('',#5689,#5690,#5691);
#5689 = CARTESIAN_POINT('',(-19.90108139663,2.749339435735,
    -34.72995525882));
#5690 = DIRECTION('',(-0.272277094103,1.660931754797E-02,-0.962075524373
    ));
#5691 = DIRECTION('',(-0.962208255449,-1.924299804674E-19,0.272314658339
    ));
#5692 = ADVANCED_FACE('',(#5693),#5718,.T.);
#5693 = FACE_BOUND('',#5694,.T.);
#5694 = EDGE_LOOP('',(#5695,#5705,#5711,#5712));
#5695 = ORIENTED_EDGE('',*,*,#5696,.F.);
#5696 = EDGE_CURVE('',#5697,#5699,#5701,.T.);
#5697 = VERTEX_POINT('',#5698);
#5698 = CARTESIAN_POINT('',(-19.69116724788,2.060631275177,
    -34.77239528292));
#5699 = VERTEX_POINT('',#5700);
#5700 = CARTESIAN_POINT('',(-19.4729270935,2.060631275177,
    -34.78816604614));
#5701 = LINE('',#5702,#5703);
#5702 = CARTESIAN_POINT('',(-19.6920337677,2.060631275177,
    -34.78033828735));
#5703 = VECTOR('',#5704,1.);
#5704 = DIRECTION('',(0.999362444238,0.,-3.570301171843E-02));
#5705 = ORIENTED_EDGE('',*,*,#5706,.F.);
#5706 = EDGE_CURVE('',#5645,#5697,#5707,.T.);
#5707 = LINE('',#5708,#5709);
#5708 = CARTESIAN_POINT('',(-19.9033088684,2.060631275177,
    -34.74121475219));
#5709 = VECTOR('',#5710,1.);
#5710 = DIRECTION('',(0.983283241132,0.,-0.182082584858));
#5711 = ORIENTED_EDGE('',*,*,#5673,.F.);
#5712 = ORIENTED_EDGE('',*,*,#5713,.T.);
#5713 = EDGE_CURVE('',#5674,#5699,#5714,.T.);
#5714 = LINE('',#5715,#5716);
#5715 = CARTESIAN_POINT('',(-19.6920337677,3.257885456085,
    -34.78033828735));
#5716 = VECTOR('',#5717,1.);
#5717 = DIRECTION('',(0.180014192042,-0.983642989598,-6.431149024083E-03
    ));
#5718 = PLANE('',#5719);
#5719 = AXIS2_PLACEMENT_3D('',#5720,#5721,#5722);
#5720 = CARTESIAN_POINT('',(-19.68975084191,2.568845494202,
    -34.77133586302));
#5721 = DIRECTION('',(-0.10843911775,-1.334623574195E-02,-0.994013498768
    ));
#5722 = DIRECTION('',(-0.994102038437,1.048508928865E-19,0.108448776738)
  );
#5723 = ADVANCED_FACE('',(#5724),#5749,.T.);
#5724 = FACE_BOUND('',#5725,.T.);
#5725 = EDGE_LOOP('',(#5726,#5734,#5735,#5743));
#5726 = ORIENTED_EDGE('',*,*,#5727,.T.);
#5727 = EDGE_CURVE('',#5728,#5699,#5730,.T.);
#5728 = VERTEX_POINT('',#5729);
#5729 = CARTESIAN_POINT('',(-19.26164245605,3.257885456085,
    -34.76468658447));
#5730 = LINE('',#5731,#5732);
#5731 = CARTESIAN_POINT('',(-19.26164245605,3.257885456085,
    -34.76468658447));
#5732 = VECTOR('',#5733,1.);
#5733 = DIRECTION('',(-0.173756513099,-0.984599326659,
    -1.930906779793E-02));
#5734 = ORIENTED_EDGE('',*,*,#5713,.F.);
#5735 = ORIENTED_EDGE('',*,*,#5736,.F.);
#5736 = EDGE_CURVE('',#5737,#5674,#5739,.T.);
#5737 = VERTEX_POINT('',#5738);
#5738 = CARTESIAN_POINT('',(-19.4732139316,3.257885456085,
    -34.78027855777));
#5739 = LINE('',#5740,#5741);
#5740 = CARTESIAN_POINT('',(-19.4729270935,3.257885456085,
    -34.78816604614));
#5741 = VECTOR('',#5742,1.);
#5742 = DIRECTION('',(-0.999362444238,0.,3.570301171843E-02));
#5743 = ORIENTED_EDGE('',*,*,#5744,.F.);
#5744 = EDGE_CURVE('',#5728,#5737,#5745,.T.);
#5745 = LINE('',#5746,#5747);
#5746 = CARTESIAN_POINT('',(-19.26164245605,3.257885456085,
    -34.76468658447));
#5747 = VECTOR('',#5748,1.);
#5748 = DIRECTION('',(-0.993881983883,0.,-0.110447282048));
#5749 = PLANE('',#5750);
#5750 = AXIS2_PLACEMENT_3D('',#5751,#5752,#5753);
#5751 = CARTESIAN_POINT('',(-19.47522109998,2.749282943445,
    -34.77916382169));
#5752 = DIRECTION('',(3.633903305083E-02,1.318352685606E-02,
    -0.999252555312));
#5753 = DIRECTION('',(-0.999339404368,6.900032326524E-20,
    -3.634219142227E-02));
#5754 = ADVANCED_FACE('',(#5755),#5780,.T.);
#5755 = FACE_BOUND('',#5756,.T.);
#5756 = EDGE_LOOP('',(#5757,#5767,#5773,#5774));
#5757 = ORIENTED_EDGE('',*,*,#5758,.F.);
#5758 = EDGE_CURVE('',#5759,#5761,#5763,.T.);
#5759 = VERTEX_POINT('',#5760);
#5760 = CARTESIAN_POINT('',(-19.263135273,2.060631275177,-34.75677488752
    ));
#5761 = VERTEX_POINT('',#5762);
#5762 = CARTESIAN_POINT('',(-19.05818939209,2.060631275177,
    -34.70991134643));
#5763 = LINE('',#5764,#5765);
#5764 = CARTESIAN_POINT('',(-19.26164245605,2.060631275177,
    -34.76468658447));
#5765 = VECTOR('',#5766,1.);
#5766 = DIRECTION('',(0.965616457748,0.,0.259970876304));
#5767 = ORIENTED_EDGE('',*,*,#5768,.F.);
#5768 = EDGE_CURVE('',#5699,#5759,#5769,.T.);
#5769 = LINE('',#5770,#5771);
#5770 = CARTESIAN_POINT('',(-19.4729270935,2.060631275177,
    -34.78816604614));
#5771 = VECTOR('',#5772,1.);
#5772 = DIRECTION('',(0.993881983883,0.,0.110447282048));
#5773 = ORIENTED_EDGE('',*,*,#5727,.F.);
#5774 = ORIENTED_EDGE('',*,*,#5775,.T.);
#5775 = EDGE_CURVE('',#5728,#5761,#5776,.T.);
#5776 = LINE('',#5777,#5778);
#5777 = CARTESIAN_POINT('',(-19.26164245605,3.257885456085,
    -34.76468658447));
#5778 = VECTOR('',#5779,1.);
#5779 = DIRECTION('',(0.16736119952,-0.984865462051,4.505830171957E-02)
  );
#5780 = PLANE('',#5781);
#5781 = AXIS2_PLACEMENT_3D('',#5782,#5783,#5784);
#5782 = CARTESIAN_POINT('',(-19.26390185732,2.570722426968,
    -34.75570774488));
#5783 = DIRECTION('',(0.185396361127,-1.344839419369E-02,-0.982571793802
    ));
#5784 = DIRECTION('',(-0.982660659483,4.084524179036E-19,-0.18541312873)
  );
#5785 = ADVANCED_FACE('',(#5786),#5803,.T.);
#5786 = FACE_BOUND('',#5787,.T.);
#5787 = EDGE_LOOP('',(#5788,#5796,#5797));
#5788 = ORIENTED_EDGE('',*,*,#5789,.T.);
#5789 = EDGE_CURVE('',#5790,#5761,#5792,.T.);
#5790 = VERTEX_POINT('',#5791);
#5791 = CARTESIAN_POINT('',(-19.05818939209,3.257885456085,
    -34.70991134643));
#5792 = LINE('',#5793,#5794);
#5793 = CARTESIAN_POINT('',(-19.05818939209,3.257885456085,
    -34.70991134643));
#5794 = VECTOR('',#5795,1.);
#5795 = DIRECTION('',(0.,-1.,0.));
#5796 = ORIENTED_EDGE('',*,*,#5775,.F.);
#5797 = ORIENTED_EDGE('',*,*,#5798,.T.);
#5798 = EDGE_CURVE('',#5728,#5790,#5799,.T.);
#5799 = LINE('',#5800,#5801);
#5800 = CARTESIAN_POINT('',(-19.26164245605,3.257885456085,
    -34.76468658447));
#5801 = VECTOR('',#5802,1.);
#5802 = DIRECTION('',(0.965616457748,0.,0.259970876304));
#5803 = PLANE('',#5804);
#5804 = AXIS2_PLACEMENT_3D('',#5805,#5806,#5807);
#5805 = CARTESIAN_POINT('',(-19.11349409286,2.707333179226,
    -34.72480091403));
#5806 = DIRECTION('',(0.259970876304,-0.,-0.965616457748));
#5807 = DIRECTION('',(-0.965616457748,0.,-0.259970876304));
#5808 = ADVANCED_FACE('',(#5809),#5826,.T.);
#5809 = FACE_BOUND('',#5810,.T.);
#5810 = EDGE_LOOP('',(#5811,#5819,#5820));
#5811 = ORIENTED_EDGE('',*,*,#5812,.T.);
#5812 = EDGE_CURVE('',#5813,#5761,#5815,.T.);
#5813 = VERTEX_POINT('',#5814);
#5814 = CARTESIAN_POINT('',(-18.86256027221,3.257885456085,
    -34.61601257324));
#5815 = LINE('',#5816,#5817);
#5816 = CARTESIAN_POINT('',(-18.86256027221,3.257885456085,
    -34.61601257324));
#5817 = VECTOR('',#5818,1.);
#5818 = DIRECTION('',(-0.160778701552,-0.983968914031,
    -7.717114323859E-02));
#5819 = ORIENTED_EDGE('',*,*,#5789,.F.);
#5820 = ORIENTED_EDGE('',*,*,#5821,.T.);
#5821 = EDGE_CURVE('',#5790,#5813,#5822,.T.);
#5822 = LINE('',#5823,#5824);
#5823 = CARTESIAN_POINT('',(-19.05818939209,3.257885456085,
    -34.70991134643));
#5824 = VECTOR('',#5825,1.);
#5825 = DIRECTION('',(0.901528818156,0.,0.432719065946));
#5826 = PLANE('',#5827);
#5827 = AXIS2_PLACEMENT_3D('',#5828,#5829,#5830);
#5828 = CARTESIAN_POINT('',(-19.0048858098,2.708631138584,
    -34.68432650003));
#5829 = DIRECTION('',(0.432719065946,-0.,-0.901528818156));
#5830 = DIRECTION('',(-0.901528818156,0.,-0.432719065946));
#5831 = ADVANCED_FACE('',(#5832),#5849,.T.);
#5832 = FACE_BOUND('',#5833,.T.);
#5833 = EDGE_LOOP('',(#5834,#5842,#5843));
#5834 = ORIENTED_EDGE('',*,*,#5835,.T.);
#5835 = EDGE_CURVE('',#5836,#5761,#5838,.T.);
#5836 = VERTEX_POINT('',#5837);
#5837 = CARTESIAN_POINT('',(-18.86256027221,2.060631275177,
    -34.61601257324));
#5838 = LINE('',#5839,#5840);
#5839 = CARTESIAN_POINT('',(-18.86256027221,2.060631275177,
    -34.61601257324));
#5840 = VECTOR('',#5841,1.);
#5841 = DIRECTION('',(-0.901528818156,0.,-0.432719065946));
#5842 = ORIENTED_EDGE('',*,*,#5812,.F.);
#5843 = ORIENTED_EDGE('',*,*,#5844,.T.);
#5844 = EDGE_CURVE('',#5813,#5836,#5845,.T.);
#5845 = LINE('',#5846,#5847);
#5846 = CARTESIAN_POINT('',(-18.86256027221,3.257885456085,
    -34.61601257324));
#5847 = VECTOR('',#5848,1.);
#5848 = DIRECTION('',(0.,-1.,0.));
#5849 = PLANE('',#5850);
#5850 = AXIS2_PLACEMENT_3D('',#5851,#5852,#5853);
#5851 = CARTESIAN_POINT('',(-18.9158638545,2.609885592678,
    -34.64159741964));
#5852 = DIRECTION('',(0.432719065946,-0.,-0.901528818156));
#5853 = DIRECTION('',(-0.901528818156,0.,-0.432719065946));
#5854 = ADVANCED_FACE('',(#5855),#5872,.T.);
#5855 = FACE_BOUND('',#5856,.T.);
#5856 = EDGE_LOOP('',(#5857,#5865,#5866));
#5857 = ORIENTED_EDGE('',*,*,#5858,.T.);
#5858 = EDGE_CURVE('',#5859,#5836,#5861,.T.);
#5859 = VERTEX_POINT('',#5860);
#5860 = CARTESIAN_POINT('',(-18.68783196611,3.257885456085,
    -34.49184004268));
#5861 = LINE('',#5862,#5863);
#5862 = CARTESIAN_POINT('',(-18.68258476257,3.257885456085,
    -34.49863052368));
#5863 = VECTOR('',#5864,1.);
#5864 = DIRECTION('',(-0.147959588263,-0.984274115986,
    -9.650090591135E-02));
#5865 = ORIENTED_EDGE('',*,*,#5844,.F.);
#5866 = ORIENTED_EDGE('',*,*,#5867,.T.);
#5867 = EDGE_CURVE('',#5813,#5859,#5868,.T.);
#5868 = LINE('',#5869,#5870);
#5869 = CARTESIAN_POINT('',(-18.86256027221,3.257885456085,
    -34.61601257324));
#5870 = VECTOR('',#5871,1.);
#5871 = DIRECTION('',(0.837596292589,0.,0.546289713101));
#5872 = PLANE('',#5873);
#5873 = AXIS2_PLACEMENT_3D('',#5874,#5875,#5876);
#5874 = CARTESIAN_POINT('',(-18.81356086358,2.708194048074,
    -34.58405460838));
#5875 = DIRECTION('',(0.546289713101,-0.,-0.837596292589));
#5876 = DIRECTION('',(-0.837596292589,0.,-0.546289713101));
#5877 = ADVANCED_FACE('',(#5878),#5895,.T.);
#5878 = FACE_BOUND('',#5879,.T.);
#5879 = EDGE_LOOP('',(#5880,#5888,#5889));
#5880 = ORIENTED_EDGE('',*,*,#5881,.T.);
#5881 = EDGE_CURVE('',#5882,#5836,#5884,.T.);
#5882 = VERTEX_POINT('',#5883);
#5883 = CARTESIAN_POINT('',(-18.51825332641,2.060631275177,
    -34.34995651245));
#5884 = LINE('',#5885,#5886);
#5885 = CARTESIAN_POINT('',(-18.51825332641,2.060631275177,
    -34.34995651245));
#5886 = VECTOR('',#5887,1.);
#5887 = DIRECTION('',(-0.791284230175,0.,-0.61144849912));
#5888 = ORIENTED_EDGE('',*,*,#5858,.F.);
#5889 = ORIENTED_EDGE('',*,*,#5890,.T.);
#5890 = EDGE_CURVE('',#5859,#5882,#5891,.T.);
#5891 = LINE('',#5892,#5893);
#5892 = CARTESIAN_POINT('',(-18.68258476257,3.257885456085,
    -34.49863052368));
#5893 = VECTOR('',#5894,1.);
#5894 = DIRECTION('',(0.13496446555,-0.983297988703,0.122105112303));
#5895 = PLANE('',#5896);
#5896 = AXIS2_PLACEMENT_3D('',#5897,#5898,#5899);
#5897 = CARTESIAN_POINT('',(-18.6870526948,2.56847122613,-34.48959311332
    ));
#5898 = DIRECTION('',(0.611385680806,-1.43339881438E-02,-0.791202936098)
  );
#5899 = DIRECTION('',(-0.791284230175,9.497837456165E-19,-0.61144849912)
  );
#5900 = ADVANCED_FACE('',(#5901),#5918,.T.);
#5901 = FACE_BOUND('',#5902,.T.);
#5902 = EDGE_LOOP('',(#5903,#5911,#5912));
#5903 = ORIENTED_EDGE('',*,*,#5904,.T.);
#5904 = EDGE_CURVE('',#5905,#5882,#5907,.T.);
#5905 = VERTEX_POINT('',#5906);
#5906 = CARTESIAN_POINT('',(-18.51825332641,3.257885456085,
    -34.34995651245));
#5907 = LINE('',#5908,#5909);
#5908 = CARTESIAN_POINT('',(-18.51825332641,3.257885456085,
    -34.34995651245));
#5909 = VECTOR('',#5910,1.);
#5910 = DIRECTION('',(0.,-1.,0.));
#5911 = ORIENTED_EDGE('',*,*,#5890,.F.);
#5912 = ORIENTED_EDGE('',*,*,#5913,.T.);
#5913 = EDGE_CURVE('',#5859,#5905,#5914,.T.);
#5914 = LINE('',#5915,#5916);
#5915 = CARTESIAN_POINT('',(-18.68258476257,3.257885456085,
    -34.49863052368));
#5916 = VECTOR('',#5917,1.);
#5917 = DIRECTION('',(0.741551071871,0.,0.670896421071));
#5918 = PLANE('',#5919);
#5919 = AXIS2_PLACEMENT_3D('',#5920,#5921,#5922);
#5920 = CARTESIAN_POINT('',(-18.56310626974,2.709575567188,
    -34.39053588762));
#5921 = DIRECTION('',(0.670896421071,0.,-0.741551071871));
#5922 = DIRECTION('',(-0.741551071871,0.,-0.670896421071));
#5923 = ADVANCED_FACE('',(#5924),#5941,.T.);
#5924 = FACE_BOUND('',#5925,.T.);
#5925 = EDGE_LOOP('',(#5926,#5934,#5935));
#5926 = ORIENTED_EDGE('',*,*,#5927,.T.);
#5927 = EDGE_CURVE('',#5928,#5882,#5930,.T.);
#5928 = VERTEX_POINT('',#5929);
#5929 = CARTESIAN_POINT('',(-18.37740135192,3.257885456085,
    -34.17779922485));
#5930 = LINE('',#5931,#5932);
#5931 = CARTESIAN_POINT('',(-18.37740135192,3.257885456085,
    -34.17779922485));
#5932 = VECTOR('',#5933,1.);
#5933 = DIRECTION('',(-0.115666539152,-0.983175763741,-0.141374217285));
#5934 = ORIENTED_EDGE('',*,*,#5904,.F.);
#5935 = ORIENTED_EDGE('',*,*,#5936,.T.);
#5936 = EDGE_CURVE('',#5905,#5928,#5937,.T.);
#5937 = LINE('',#5938,#5939);
#5938 = CARTESIAN_POINT('',(-18.51825332641,3.257885456085,
    -34.34995651245));
#5939 = VECTOR('',#5940,1.);
#5940 = DIRECTION('',(0.633227050407,0.,0.773966086229));
#5941 = PLANE('',#5942);
#5942 = AXIS2_PLACEMENT_3D('',#5943,#5944,#5945);
#5943 = CARTESIAN_POINT('',(-18.47979701112,2.709745267492,
    -34.30295301849));
#5944 = DIRECTION('',(0.773966086229,0.,-0.633227050407));
#5945 = DIRECTION('',(0.633227050407,0.,0.773966086229));
#5946 = ADVANCED_FACE('',(#5947),#5964,.T.);
#5947 = FACE_BOUND('',#5948,.T.);
#5948 = EDGE_LOOP('',(#5949,#5957,#5958));
#5949 = ORIENTED_EDGE('',*,*,#5950,.T.);
#5950 = EDGE_CURVE('',#5951,#5882,#5953,.T.);
#5951 = VERTEX_POINT('',#5952);
#5952 = CARTESIAN_POINT('',(-18.37740135192,2.060631275177,
    -34.17779922485));
#5953 = LINE('',#5954,#5955);
#5954 = CARTESIAN_POINT('',(-18.37740135192,2.060631275177,
    -34.17779922485));
#5955 = VECTOR('',#5956,1.);
#5956 = DIRECTION('',(-0.633227050407,0.,-0.773966086229));
#5957 = ORIENTED_EDGE('',*,*,#5927,.F.);
#5958 = ORIENTED_EDGE('',*,*,#5959,.F.);
#5959 = EDGE_CURVE('',#5951,#5928,#5960,.T.);
#5960 = LINE('',#5961,#5962);
#5961 = CARTESIAN_POINT('',(-18.37740135192,2.060631275177,
    -34.17779922485));
#5962 = VECTOR('',#5963,1.);
#5963 = DIRECTION('',(0.,1.,0.));
#5964 = PLANE('',#5965);
#5965 = AXIS2_PLACEMENT_3D('',#5966,#5967,#5968);
#5966 = CARTESIAN_POINT('',(-18.41585766722,2.608771463771,
    -34.22480271881));
#5967 = DIRECTION('',(0.773966086229,0.,-0.633227050407));
#5968 = DIRECTION('',(0.633227050407,0.,0.773966086229));
#5969 = ADVANCED_FACE('',(#5970),#5987,.T.);
#5970 = FACE_BOUND('',#5971,.T.);
#5971 = EDGE_LOOP('',(#5972,#5980,#5986));
#5972 = ORIENTED_EDGE('',*,*,#5973,.T.);
#5973 = EDGE_CURVE('',#5928,#5974,#5976,.T.);
#5974 = VERTEX_POINT('',#5975);
#5975 = CARTESIAN_POINT('',(-4.706785202026,3.257885456085,
    -10.45181751251));
#5976 = LINE('',#5977,#5978);
#5977 = CARTESIAN_POINT('',(-18.37740135192,3.257885456085,
    -34.17779922485));
#5978 = VECTOR('',#5979,1.);
#5979 = DIRECTION('',(0.499244245308,0.,0.866461299497));
#5980 = ORIENTED_EDGE('',*,*,#5981,.T.);
#5981 = EDGE_CURVE('',#5974,#5951,#5982,.T.);
#5982 = LINE('',#5983,#5984);
#5983 = CARTESIAN_POINT('',(-4.706785202026,3.257885456085,
    -10.45181751251));
#5984 = VECTOR('',#5985,1.);
#5985 = DIRECTION('',(-0.498767722587,-4.368140650144E-02,
    -0.865634272445));
#5986 = ORIENTED_EDGE('',*,*,#5959,.T.);
#5987 = PLANE('',#5988);
#5988 = AXIS2_PLACEMENT_3D('',#5989,#5990,#5991);
#5989 = CARTESIAN_POINT('',(-11.68825861503,2.9520315712,-22.56848502083
    ));
#5990 = DIRECTION('',(0.866461299497,5.528583485665E-16,-0.499244245308)
  );
#5991 = DIRECTION('',(0.499244245308,5.848805981626E-33,0.866461299497)
  );
#5992 = ADVANCED_FACE('',(#5993),#6010,.T.);
#5993 = FACE_BOUND('',#5994,.T.);
#5994 = EDGE_LOOP('',(#5995,#5996,#6004));
#5995 = ORIENTED_EDGE('',*,*,#5981,.F.);
#5996 = ORIENTED_EDGE('',*,*,#5997,.F.);
#5997 = EDGE_CURVE('',#5998,#5974,#6000,.T.);
#5998 = VERTEX_POINT('',#5999);
#5999 = CARTESIAN_POINT('',(-4.706785202026,2.060631275177,
    -10.45181751251));
#6000 = LINE('',#6001,#6002);
#6001 = CARTESIAN_POINT('',(-4.706785202026,2.060631275177,
    -10.45181751251));
#6002 = VECTOR('',#6003,1.);
#6003 = DIRECTION('',(0.,1.,0.));
#6004 = ORIENTED_EDGE('',*,*,#6005,.T.);
#6005 = EDGE_CURVE('',#5998,#5951,#6006,.T.);
#6006 = LINE('',#6007,#6008);
#6007 = CARTESIAN_POINT('',(-4.706785202026,2.060631275177,
    -10.45181751251));
#6008 = VECTOR('',#6009,1.);
#6009 = DIRECTION('',(-0.499244245308,0.,-0.866461299497));
#6010 = PLANE('',#6011);
#6011 = AXIS2_PLACEMENT_3D('',#6012,#6013,#6014);
#6012 = CARTESIAN_POINT('',(-11.39592793891,2.366485160063,
    -22.06113171652));
#6013 = DIRECTION('',(0.866461299497,-2.104112929043E-15,-0.499244245308
    ));
#6014 = DIRECTION('',(0.499244245308,-9.363360661738E-32,0.866461299497)
  );
#6015 = ADVANCED_FACE('',(#6016),#6033,.T.);
#6016 = FACE_BOUND('',#6017,.T.);
#6017 = EDGE_LOOP('',(#6018,#6026,#6032));
#6018 = ORIENTED_EDGE('',*,*,#6019,.T.);
#6019 = EDGE_CURVE('',#5974,#6020,#6022,.T.);
#6020 = VERTEX_POINT('',#6021);
#6021 = CARTESIAN_POINT('',(-4.598586289135,3.257885456085,
    -10.19788160476));
#6022 = LINE('',#6023,#6024);
#6023 = CARTESIAN_POINT('',(-4.706785202026,3.257885456085,
    -10.45181751251));
#6024 = VECTOR('',#6025,1.);
#6025 = DIRECTION('',(0.424429105262,0.,0.905461172335));
#6026 = ORIENTED_EDGE('',*,*,#6027,.T.);
#6027 = EDGE_CURVE('',#6020,#5998,#6028,.T.);
#6028 = LINE('',#6029,#6030);
#6029 = CARTESIAN_POINT('',(-4.589408874512,3.257885456085,
    -10.20141124725));
#6030 = VECTOR('',#6031,1.);
#6031 = DIRECTION('',(-9.552272465362E-02,-0.974344519759,-0.20378460661
    ));
#6032 = ORIENTED_EDGE('',*,*,#5997,.T.);
#6033 = PLANE('',#6034);
#6034 = AXIS2_PLACEMENT_3D('',#6035,#6036,#6037);
#6035 = CARTESIAN_POINT('',(-4.674096096974,2.7205149062,-10.38207979892
    ));
#6036 = DIRECTION('',(0.905461172335,0.,-0.424429105262));
#6037 = DIRECTION('',(0.424429105262,0.,0.905461172335));
#6038 = ADVANCED_FACE('',(#6039),#6056,.T.);
#6039 = FACE_BOUND('',#6040,.T.);
#6040 = EDGE_LOOP('',(#6041,#6049,#6050));
#6041 = ORIENTED_EDGE('',*,*,#6042,.T.);
#6042 = EDGE_CURVE('',#6043,#5998,#6045,.T.);
#6043 = VERTEX_POINT('',#6044);
#6044 = CARTESIAN_POINT('',(-4.589408874512,2.060631275177,
    -10.20141124725));
#6045 = LINE('',#6046,#6047);
#6046 = CARTESIAN_POINT('',(-4.589408874512,2.060631275177,
    -10.20141124725));
#6047 = VECTOR('',#6048,1.);
#6048 = DIRECTION('',(-0.424429105262,0.,-0.905461172335));
#6049 = ORIENTED_EDGE('',*,*,#6027,.F.);
#6050 = ORIENTED_EDGE('',*,*,#6051,.T.);
#6051 = EDGE_CURVE('',#6020,#6043,#6052,.T.);
#6052 = LINE('',#6053,#6054);
#6053 = CARTESIAN_POINT('',(-4.589408874512,3.257885456085,
    -10.20141124725));
#6054 = VECTOR('',#6055,1.);
#6055 = DIRECTION('',(0.,-1.,0.));
#6056 = PLANE('',#6057);
#6057 = AXIS2_PLACEMENT_3D('',#6058,#6059,#6060);
#6058 = CARTESIAN_POINT('',(-4.622097979564,2.598001825062,
    -10.27114896084));
#6059 = DIRECTION('',(0.905461172335,0.,-0.424429105262));
#6060 = DIRECTION('',(0.424429105262,0.,0.905461172335));
#6061 = ADVANCED_FACE('',(#6062),#6079,.T.);
#6062 = FACE_BOUND('',#6063,.T.);
#6063 = EDGE_LOOP('',(#6064,#6072,#6073));
#6064 = ORIENTED_EDGE('',*,*,#6065,.T.);
#6065 = EDGE_CURVE('',#6066,#6043,#6068,.T.);
#6066 = VERTEX_POINT('',#6067);
#6067 = CARTESIAN_POINT('',(-4.511162757874,3.257885456085,
    -9.943180084229));
#6068 = LINE('',#6069,#6070);
#6069 = CARTESIAN_POINT('',(-4.511162757874,3.257885456085,
    -9.943180084229));
#6070 = VECTOR('',#6071,1.);
#6071 = DIRECTION('',(-6.375556561495E-02,-0.975532342923,
    -0.210408830053));
#6072 = ORIENTED_EDGE('',*,*,#6051,.F.);
#6073 = ORIENTED_EDGE('',*,*,#6074,.T.);
#6074 = EDGE_CURVE('',#6020,#6066,#6075,.T.);
#6075 = LINE('',#6076,#6077);
#6076 = CARTESIAN_POINT('',(-4.589408874512,3.257885456085,
    -10.20141124725));
#6077 = VECTOR('',#6078,1.);
#6078 = DIRECTION('',(0.289987874212,0.,0.957030319692));
#6079 = PLANE('',#6080);
#6080 = AXIS2_PLACEMENT_3D('',#6081,#6082,#6083);
#6081 = CARTESIAN_POINT('',(-4.567670352908,2.719207550618,
    -10.12966885341));
#6082 = DIRECTION('',(0.957030319692,0.,-0.289987874212));
#6083 = DIRECTION('',(0.289987874212,0.,0.957030319692));
#6084 = ADVANCED_FACE('',(#6085),#6102,.T.);
#6085 = FACE_BOUND('',#6086,.T.);
#6086 = EDGE_LOOP('',(#6087,#6095,#6096));
#6087 = ORIENTED_EDGE('',*,*,#6088,.T.);
#6088 = EDGE_CURVE('',#6089,#6043,#6091,.T.);
#6089 = VERTEX_POINT('',#6090);
#6090 = CARTESIAN_POINT('',(-4.511162757874,2.060631275177,
    -9.943180084229));
#6091 = LINE('',#6092,#6093);
#6092 = CARTESIAN_POINT('',(-4.511162757874,2.060631275177,
    -9.943180084229));
#6093 = VECTOR('',#6094,1.);
#6094 = DIRECTION('',(-0.289987874212,0.,-0.957030319692));
#6095 = ORIENTED_EDGE('',*,*,#6065,.F.);
#6096 = ORIENTED_EDGE('',*,*,#6097,.T.);
#6097 = EDGE_CURVE('',#6066,#6089,#6098,.T.);
#6098 = LINE('',#6099,#6100);
#6099 = CARTESIAN_POINT('',(-4.511162757874,3.257885456085,
    -9.943180084229));
#6100 = VECTOR('',#6101,1.);
#6101 = DIRECTION('',(0.,-1.,0.));
#6102 = PLANE('',#6103);
#6103 = AXIS2_PLACEMENT_3D('',#6104,#6105,#6106);
#6104 = CARTESIAN_POINT('',(-4.532901279478,2.599309180644,
    -10.01492247806));
#6105 = DIRECTION('',(0.957030319692,0.,-0.289987874212));
#6106 = DIRECTION('',(0.289987874212,0.,0.957030319692));
#6107 = ADVANCED_FACE('',(#6108),#6125,.T.);
#6108 = FACE_BOUND('',#6109,.T.);
#6109 = EDGE_LOOP('',(#6110,#6118,#6119));
#6110 = ORIENTED_EDGE('',*,*,#6111,.T.);
#6111 = EDGE_CURVE('',#6112,#6089,#6114,.T.);
#6112 = VERTEX_POINT('',#6113);
#6113 = CARTESIAN_POINT('',(-4.487678527832,2.060631275177,
    -9.763199806213));
#6114 = LINE('',#6115,#6116);
#6115 = CARTESIAN_POINT('',(-4.487678527832,2.060631275177,
    -9.763199806213));
#6116 = VECTOR('',#6117,1.);
#6117 = DIRECTION('',(-0.129385456325,0.,-0.991594374576));
#6118 = ORIENTED_EDGE('',*,*,#6097,.F.);
#6119 = ORIENTED_EDGE('',*,*,#6120,.T.);
#6120 = EDGE_CURVE('',#6066,#6112,#6121,.T.);
#6121 = LINE('',#6122,#6123);
#6122 = CARTESIAN_POINT('',(-4.511162757874,3.257885456085,
    -9.943180084229));
#6123 = VECTOR('',#6124,1.);
#6124 = DIRECTION('',(1.939347923842E-02,-0.988702804372,0.148629262226)
  );
#6125 = PLANE('',#6126);
#6126 = AXIS2_PLACEMENT_3D('',#6127,#6128,#6129);
#6127 = CARTESIAN_POINT('',(-4.504849196857,2.617301918914,
    -9.894793721763));
#6128 = DIRECTION('',(0.991594374576,0.,-0.129385456325));
#6129 = DIRECTION('',(0.129385456325,0.,0.991594374576));
#6130 = ADVANCED_FACE('',(#6131),#6156,.T.);
#6131 = FACE_BOUND('',#6132,.T.);
#6132 = EDGE_LOOP('',(#6133,#6141,#6142,#6150));
#6133 = ORIENTED_EDGE('',*,*,#6134,.T.);
#6134 = EDGE_CURVE('',#6135,#6112,#6137,.T.);
#6135 = VERTEX_POINT('',#6136);
#6136 = CARTESIAN_POINT('',(-4.479855537415,3.257885456085,
    -9.575394630432));
#6137 = LINE('',#6138,#6139);
#6138 = CARTESIAN_POINT('',(-4.479855537415,3.257885456085,
    -9.575394630432));
#6139 = VECTOR('',#6140,1.);
#6140 = DIRECTION('',(-6.45503979432E-03,-0.987898868495,-0.15496502214)
  );
#6141 = ORIENTED_EDGE('',*,*,#6120,.F.);
#6142 = ORIENTED_EDGE('',*,*,#6143,.F.);
#6143 = EDGE_CURVE('',#6144,#6066,#6146,.T.);
#6144 = VERTEX_POINT('',#6145);
#6145 = CARTESIAN_POINT('',(-4.491730994317,3.257885456085,
    -9.762854845693));
#6146 = LINE('',#6147,#6148);
#6147 = CARTESIAN_POINT('',(-4.487678527832,3.257885456085,
    -9.763199806213));
#6148 = VECTOR('',#6149,1.);
#6149 = DIRECTION('',(-0.129385456325,0.,-0.991594374576));
#6150 = ORIENTED_EDGE('',*,*,#6151,.F.);
#6151 = EDGE_CURVE('',#6135,#6144,#6152,.T.);
#6152 = LINE('',#6153,#6154);
#6153 = CARTESIAN_POINT('',(-4.479855537415,3.257885456085,
    -9.575394630432));
#6154 = VECTOR('',#6155,1.);
#6155 = DIRECTION('',(-4.161872683039E-02,0.,-0.999133565434));
#6156 = PLANE('',#6157);
#6157 = AXIS2_PLACEMENT_3D('',#6158,#6159,#6160);
#6158 = CARTESIAN_POINT('',(-4.492108703252,2.73840054425,
    -9.760952503994));
#6159 = DIRECTION('',(0.996373562062,6.793926176012E-03,
    -8.481490076612E-02));
#6160 = DIRECTION('',(8.481685825293E-02,9.415078984525E-21,
    0.99639655788));
#6161 = ADVANCED_FACE('',(#6162),#6179,.T.);
#6162 = FACE_BOUND('',#6163,.T.);
#6163 = EDGE_LOOP('',(#6164,#6172,#6173));
#6164 = ORIENTED_EDGE('',*,*,#6165,.T.);
#6165 = EDGE_CURVE('',#6166,#6112,#6168,.T.);
#6166 = VERTEX_POINT('',#6167);
#6167 = CARTESIAN_POINT('',(-4.479855537415,2.060631275177,
    -9.575394630432));
#6168 = LINE('',#6169,#6170);
#6169 = CARTESIAN_POINT('',(-4.479855537415,2.060631275177,
    -9.575394630432));
#6170 = VECTOR('',#6171,1.);
#6171 = DIRECTION('',(-4.161872683039E-02,0.,-0.999133565434));
#6172 = ORIENTED_EDGE('',*,*,#6134,.F.);
#6173 = ORIENTED_EDGE('',*,*,#6174,.F.);
#6174 = EDGE_CURVE('',#6166,#6135,#6175,.T.);
#6175 = LINE('',#6176,#6177);
#6176 = CARTESIAN_POINT('',(-4.479855537415,2.060631275177,
    -9.575394630432));
#6177 = VECTOR('',#6178,1.);
#6178 = DIRECTION('',(0.,1.,0.));
#6179 = PLANE('',#6180);
#6180 = AXIS2_PLACEMENT_3D('',#6181,#6182,#6183);
#6181 = CARTESIAN_POINT('',(-4.481963875926,2.615932756347,
    -9.626009147844));
#6182 = DIRECTION('',(0.999133565434,0.,-4.161872683039E-02));
#6183 = DIRECTION('',(4.161872683039E-02,0.,0.999133565434));
#6184 = ADVANCED_FACE('',(#6185),#6202,.T.);
#6185 = FACE_BOUND('',#6186,.T.);
#6186 = EDGE_LOOP('',(#6187,#6195,#6201));
#6187 = ORIENTED_EDGE('',*,*,#6188,.T.);
#6188 = EDGE_CURVE('',#6135,#6189,#6191,.T.);
#6189 = VERTEX_POINT('',#6190);
#6190 = CARTESIAN_POINT('',(-4.526808738708,3.257885456085,
    43.487232208252));
#6191 = LINE('',#6192,#6193);
#6192 = CARTESIAN_POINT('',(-4.479855537415,3.257885456085,
    -9.575394630432));
#6193 = VECTOR('',#6194,1.);
#6194 = DIRECTION('',(-8.848635227746E-04,0.,0.999999608508));
#6195 = ORIENTED_EDGE('',*,*,#6196,.T.);
#6196 = EDGE_CURVE('',#6189,#6166,#6197,.T.);
#6197 = LINE('',#6198,#6199);
#6198 = CARTESIAN_POINT('',(-4.526808738708,3.257885456085,
    43.487232208252));
#6199 = VECTOR('',#6200,1.);
#6200 = DIRECTION('',(8.84638370983E-04,-2.255729021799E-02,
    -0.999745160565));
#6201 = ORIENTED_EDGE('',*,*,#6174,.T.);
#6202 = PLANE('',#6203);
#6203 = AXIS2_PLACEMENT_3D('',#6204,#6205,#6206);
#6204 = CARTESIAN_POINT('',(-4.503070273971,2.955195630061,
    16.659981640337));
#6205 = DIRECTION('',(0.999999608508,0.,8.848635227746E-04));
#6206 = DIRECTION('',(-8.848635227746E-04,0.,0.999999608508));
#6207 = ADVANCED_FACE('',(#6208),#6225,.T.);
#6208 = FACE_BOUND('',#6209,.T.);
#6209 = EDGE_LOOP('',(#6210,#6211,#6219));
#6210 = ORIENTED_EDGE('',*,*,#6196,.F.);
#6211 = ORIENTED_EDGE('',*,*,#6212,.T.);
#6212 = EDGE_CURVE('',#6189,#6213,#6215,.T.);
#6213 = VERTEX_POINT('',#6214);
#6214 = CARTESIAN_POINT('',(-4.526808738708,2.060631275177,
    43.487232208252));
#6215 = LINE('',#6216,#6217);
#6216 = CARTESIAN_POINT('',(-4.526808738708,3.257885456085,
    43.487232208252));
#6217 = VECTOR('',#6218,1.);
#6218 = DIRECTION('',(0.,-1.,0.));
#6219 = ORIENTED_EDGE('',*,*,#6220,.T.);
#6220 = EDGE_CURVE('',#6213,#6166,#6221,.T.);
#6221 = LINE('',#6222,#6223);
#6222 = CARTESIAN_POINT('',(-4.526808738708,2.060631275177,
    43.487232208252));
#6223 = VECTOR('',#6224,1.);
#6224 = DIRECTION('',(8.848635227746E-04,0.,-0.999999608508));
#6225 = PLANE('',#6226);
#6226 = AXIS2_PLACEMENT_3D('',#6227,#6228,#6229);
#6227 = CARTESIAN_POINT('',(-4.503594002152,2.363321101201,
    17.251855937483));
#6228 = DIRECTION('',(0.999999608508,0.,8.848635227746E-04));
#6229 = DIRECTION('',(-8.848635227746E-04,0.,0.999999608508));
#6230 = ADVANCED_FACE('',(#6231),#6248,.T.);
#6231 = FACE_BOUND('',#6232,.T.);
#6232 = EDGE_LOOP('',(#6233,#6241,#6247));
#6233 = ORIENTED_EDGE('',*,*,#6234,.T.);
#6234 = EDGE_CURVE('',#6189,#6235,#6237,.T.);
#6235 = VERTEX_POINT('',#6236);
#6236 = CARTESIAN_POINT('',(-4.558115959167,3.257885456085,
    43.659385681152));
#6237 = LINE('',#6238,#6239);
#6238 = CARTESIAN_POINT('',(-4.526808738708,3.257885456085,
    43.487232208252));
#6239 = VECTOR('',#6240,1.);
#6240 = DIRECTION('',(-0.17892188957,0.,0.983863281881));
#6241 = ORIENTED_EDGE('',*,*,#6242,.T.);
#6242 = EDGE_CURVE('',#6235,#6213,#6243,.T.);
#6243 = LINE('',#6244,#6245);
#6244 = CARTESIAN_POINT('',(-4.558115959167,3.257885456085,
    43.659385681152));
#6245 = VECTOR('',#6246,1.);
#6246 = DIRECTION('',(2.58743143972E-02,-0.989488387536,-0.142278778412)
  );
#6247 = ORIENTED_EDGE('',*,*,#6212,.F.);
#6248 = PLANE('',#6249);
#6249 = AXIS2_PLACEMENT_3D('',#6250,#6251,#6252);
#6250 = CARTESIAN_POINT('',(-4.535204460267,2.699822930921,
    43.533398958368));
#6251 = DIRECTION('',(0.983863281881,0.,0.17892188957));
#6252 = DIRECTION('',(-0.17892188957,0.,0.983863281881));
#6253 = ADVANCED_FACE('',(#6254),#6271,.T.);
#6254 = FACE_BOUND('',#6255,.T.);
#6255 = EDGE_LOOP('',(#6256,#6264,#6265));
#6256 = ORIENTED_EDGE('',*,*,#6257,.T.);
#6257 = EDGE_CURVE('',#6258,#6213,#6260,.T.);
#6258 = VERTEX_POINT('',#6259);
#6259 = CARTESIAN_POINT('',(-4.558115959167,2.060631275177,
    43.659385681152));
#6260 = LINE('',#6261,#6262);
#6261 = CARTESIAN_POINT('',(-4.558115959167,2.060631275177,
    43.659385681152));
#6262 = VECTOR('',#6263,1.);
#6263 = DIRECTION('',(0.17892188957,0.,-0.983863281881));
#6264 = ORIENTED_EDGE('',*,*,#6242,.F.);
#6265 = ORIENTED_EDGE('',*,*,#6266,.T.);
#6266 = EDGE_CURVE('',#6235,#6258,#6267,.T.);
#6267 = LINE('',#6268,#6269);
#6268 = CARTESIAN_POINT('',(-4.558115959167,3.257885456085,
    43.659385681152));
#6269 = VECTOR('',#6270,1.);
#6270 = DIRECTION('',(0.,-1.,0.));
#6271 = PLANE('',#6272);
#6272 = AXIS2_PLACEMENT_3D('',#6273,#6274,#6275);
#6273 = CARTESIAN_POINT('',(-4.549720237609,2.618693800341,
    43.613218931036));
#6274 = DIRECTION('',(0.983863281881,0.,0.17892188957));
#6275 = DIRECTION('',(-0.17892188957,0.,0.983863281881));
#6276 = ADVANCED_FACE('',(#6277),#6294,.T.);
#6277 = FACE_BOUND('',#6278,.T.);
#6278 = EDGE_LOOP('',(#6279,#6287,#6288));
#6279 = ORIENTED_EDGE('',*,*,#6280,.T.);
#6280 = EDGE_CURVE('',#6281,#6258,#6283,.T.);
#6281 = VERTEX_POINT('',#6282);
#6282 = CARTESIAN_POINT('',(-4.612893104553,3.257885456085,
    43.761116027832));
#6283 = LINE('',#6284,#6285);
#6284 = CARTESIAN_POINT('',(-4.612893104553,3.257885456085,
    43.761116027832));
#6285 = VECTOR('',#6286,1.);
#6286 = DIRECTION('',(4.554073892281E-02,-0.995375711769,
    -8.457679066774E-02));
#6287 = ORIENTED_EDGE('',*,*,#6266,.F.);
#6288 = ORIENTED_EDGE('',*,*,#6289,.T.);
#6289 = EDGE_CURVE('',#6235,#6281,#6290,.T.);
#6290 = LINE('',#6291,#6292);
#6291 = CARTESIAN_POINT('',(-4.558115959167,3.257885456085,
    43.659385681152));
#6292 = VECTOR('',#6293,1.);
#6293 = DIRECTION('',(-0.4740949009,0.,0.880473750285));
#6294 = PLANE('',#6295);
#6295 = AXIS2_PLACEMENT_3D('',#6296,#6297,#6298);
#6296 = CARTESIAN_POINT('',(-4.572469494563,2.686752939551,
    43.686042603881));
#6297 = DIRECTION('',(0.880473750285,0.,0.4740949009));
#6298 = DIRECTION('',(-0.4740949009,0.,0.880473750285));
#6299 = ADVANCED_FACE('',(#6300),#6317,.T.);
#6300 = FACE_BOUND('',#6301,.T.);
#6301 = EDGE_LOOP('',(#6302,#6310,#6311));
#6302 = ORIENTED_EDGE('',*,*,#6303,.T.);
#6303 = EDGE_CURVE('',#6304,#6258,#6306,.T.);
#6304 = VERTEX_POINT('',#6305);
#6305 = CARTESIAN_POINT('',(-4.612893104553,2.060631275177,
    43.761116027832));
#6306 = LINE('',#6307,#6308);
#6307 = CARTESIAN_POINT('',(-4.612893104553,2.060631275177,
    43.761116027832));
#6308 = VECTOR('',#6309,1.);
#6309 = DIRECTION('',(0.4740949009,0.,-0.880473750285));
#6310 = ORIENTED_EDGE('',*,*,#6280,.F.);
#6311 = ORIENTED_EDGE('',*,*,#6312,.T.);
#6312 = EDGE_CURVE('',#6281,#6304,#6313,.T.);
#6313 = LINE('',#6314,#6315);
#6314 = CARTESIAN_POINT('',(-4.612893104553,3.257885456085,
    43.761116027832));
#6315 = VECTOR('',#6316,1.);
#6316 = DIRECTION('',(0.,-1.,0.));
#6317 = PLANE('',#6318);
#6318 = AXIS2_PLACEMENT_3D('',#6319,#6320,#6321);
#6319 = CARTESIAN_POINT('',(-4.598539569158,2.631763791712,
    43.734459105104));
#6320 = DIRECTION('',(0.880473750285,0.,0.4740949009));
#6321 = DIRECTION('',(-0.4740949009,0.,0.880473750285));
#6322 = ADVANCED_FACE('',(#6323),#6340,.T.);
#6323 = FACE_BOUND('',#6324,.T.);
#6324 = EDGE_LOOP('',(#6325,#6333,#6334));
#6325 = ORIENTED_EDGE('',*,*,#6326,.T.);
#6326 = EDGE_CURVE('',#6327,#6304,#6329,.T.);
#6327 = VERTEX_POINT('',#6328);
#6328 = CARTESIAN_POINT('',(-4.722431182861,3.257885456085,
    43.878490447998));
#6329 = LINE('',#6330,#6331);
#6330 = CARTESIAN_POINT('',(-4.722431182861,3.257885456085,
    43.878490447998));
#6331 = VECTOR('',#6332,1.);
#6332 = DIRECTION('',(9.067942568044E-02,-0.991128593774,
    -9.716662164084E-02));
#6333 = ORIENTED_EDGE('',*,*,#6312,.F.);
#6334 = ORIENTED_EDGE('',*,*,#6335,.T.);
#6335 = EDGE_CURVE('',#6281,#6327,#6336,.T.);
#6336 = LINE('',#6337,#6338);
#6337 = CARTESIAN_POINT('',(-4.612893104553,3.257885456085,
    43.761116027832));
#6338 = VECTOR('',#6339,1.);
#6339 = DIRECTION('',(-0.682280365077,0.,0.731090626004));
#6340 = PLANE('',#6341);
#6341 = AXIS2_PLACEMENT_3D('',#6342,#6343,#6344);
#6342 = CARTESIAN_POINT('',(-4.642105521066,2.696716020797,
    43.792418297351));
#6343 = DIRECTION('',(0.731090626004,0.,0.682280365077));
#6344 = DIRECTION('',(-0.682280365077,0.,0.731090626004));
#6345 = ADVANCED_FACE('',(#6346),#6363,.T.);
#6346 = FACE_BOUND('',#6347,.T.);
#6347 = EDGE_LOOP('',(#6348,#6356,#6357));
#6348 = ORIENTED_EDGE('',*,*,#6349,.T.);
#6349 = EDGE_CURVE('',#6350,#6304,#6352,.T.);
#6350 = VERTEX_POINT('',#6351);
#6351 = CARTESIAN_POINT('',(-4.722431182861,2.060631275177,
    43.878490447998));
#6352 = LINE('',#6353,#6354);
#6353 = CARTESIAN_POINT('',(-4.722431182861,2.060631275177,
    43.878490447998));
#6354 = VECTOR('',#6355,1.);
#6355 = DIRECTION('',(0.682280365077,0.,-0.731090626004));
#6356 = ORIENTED_EDGE('',*,*,#6326,.F.);
#6357 = ORIENTED_EDGE('',*,*,#6358,.T.);
#6358 = EDGE_CURVE('',#6327,#6350,#6359,.T.);
#6359 = LINE('',#6360,#6361);
#6360 = CARTESIAN_POINT('',(-4.722431182861,3.257885456085,
    43.878490447998));
#6361 = VECTOR('',#6362,1.);
#6362 = DIRECTION('',(0.,-1.,0.));
#6363 = PLANE('',#6364);
#6364 = AXIS2_PLACEMENT_3D('',#6365,#6366,#6367);
#6365 = CARTESIAN_POINT('',(-4.693218766349,2.621800710466,
    43.847188178479));
#6366 = DIRECTION('',(0.731090626004,0.,0.682280365077));
#6367 = DIRECTION('',(-0.682280365077,0.,0.731090626004));
#6368 = ADVANCED_FACE('',(#6369),#6386,.T.);
#6369 = FACE_BOUND('',#6370,.T.);
#6370 = EDGE_LOOP('',(#6371,#6379,#6380));
#6371 = ORIENTED_EDGE('',*,*,#6372,.T.);
#6372 = EDGE_CURVE('',#6373,#6350,#6375,.T.);
#6373 = VERTEX_POINT('',#6374);
#6374 = CARTESIAN_POINT('',(-4.867694364253,3.257885456085,
    43.944480531342));
#6375 = LINE('',#6376,#6377);
#6376 = CARTESIAN_POINT('',(-4.863291740417,3.257885456085,
    43.956745147705));
#6377 = VECTOR('',#6378,1.);
#6378 = DIRECTION('',(0.116601664868,-0.991064022367,-6.477773784171E-02
    ));
#6379 = ORIENTED_EDGE('',*,*,#6358,.F.);
#6380 = ORIENTED_EDGE('',*,*,#6381,.T.);
#6381 = EDGE_CURVE('',#6327,#6373,#6382,.T.);
#6382 = LINE('',#6383,#6384);
#6383 = CARTESIAN_POINT('',(-4.722431182861,3.257885456085,
    43.878490447998));
#6384 = VECTOR('',#6385,1.);
#6385 = DIRECTION('',(-0.874160346954,0.,0.485637403639));
#6386 = PLANE('',#6387);
#6387 = AXIS2_PLACEMENT_3D('',#6388,#6389,#6390);
#6388 = CARTESIAN_POINT('',(-4.760005484639,2.696844121053,
    43.899364749175));
#6389 = DIRECTION('',(0.485637403639,0.,0.874160346954));
#6390 = DIRECTION('',(0.874160346954,0.,-0.485637403639));
#6391 = ADVANCED_FACE('',(#6392),#6409,.T.);
#6392 = FACE_BOUND('',#6393,.T.);
#6393 = EDGE_LOOP('',(#6394,#6402,#6403));
#6394 = ORIENTED_EDGE('',*,*,#6395,.T.);
#6395 = EDGE_CURVE('',#6396,#6350,#6398,.T.);
#6396 = VERTEX_POINT('',#6397);
#6397 = CARTESIAN_POINT('',(-4.863291740417,2.060631275177,
    43.956745147705));
#6398 = LINE('',#6399,#6400);
#6399 = CARTESIAN_POINT('',(-4.863291740417,2.060631275177,
    43.956745147705));
#6400 = VECTOR('',#6401,1.);
#6401 = DIRECTION('',(0.874160346954,0.,-0.485637403639));
#6402 = ORIENTED_EDGE('',*,*,#6372,.F.);
#6403 = ORIENTED_EDGE('',*,*,#6404,.T.);
#6404 = EDGE_CURVE('',#6373,#6396,#6405,.T.);
#6405 = LINE('',#6406,#6407);
#6406 = CARTESIAN_POINT('',(-4.863291740417,3.257885456085,
    43.956745147705));
#6407 = VECTOR('',#6408,1.);
#6408 = DIRECTION('',(0.,-1.,0.));
#6409 = PLANE('',#6410);
#6410 = AXIS2_PLACEMENT_3D('',#6411,#6412,#6413);
#6411 = CARTESIAN_POINT('',(-4.82571743864,2.621672610209,
    43.935870846528));
#6412 = DIRECTION('',(0.485637403639,0.,0.874160346954));
#6413 = DIRECTION('',(0.874160346954,0.,-0.485637403639));
#6414 = ADVANCED_FACE('',(#6415),#6432,.T.);
#6415 = FACE_BOUND('',#6416,.T.);
#6416 = EDGE_LOOP('',(#6417,#6425,#6426));
#6417 = ORIENTED_EDGE('',*,*,#6418,.T.);
#6418 = EDGE_CURVE('',#6419,#6396,#6421,.T.);
#6419 = VERTEX_POINT('',#6420);
#6420 = CARTESIAN_POINT('',(-5.0276222229,3.257885456085,43.98804473877)
  );
#6421 = LINE('',#6422,#6423);
#6422 = CARTESIAN_POINT('',(-5.0276222229,3.257885456085,43.98804473877)
  );
#6423 = VECTOR('',#6424,1.);
#6424 = DIRECTION('',(0.135935634754,-0.990379292898,-2.589129974297E-02
    ));
#6425 = ORIENTED_EDGE('',*,*,#6404,.F.);
#6426 = ORIENTED_EDGE('',*,*,#6427,.T.);
#6427 = EDGE_CURVE('',#6373,#6419,#6428,.T.);
#6428 = LINE('',#6429,#6430);
#6429 = CARTESIAN_POINT('',(-4.863291740417,3.257885456085,
    43.956745147705));
#6430 = VECTOR('',#6431,1.);
#6431 = DIRECTION('',(-0.982340163139,0.,0.187103724932));
#6432 = PLANE('',#6433);
#6433 = AXIS2_PLACEMENT_3D('',#6434,#6435,#6436);
#6434 = CARTESIAN_POINT('',(-4.907230594568,2.698171960458,
    43.965114064695));
#6435 = DIRECTION('',(0.187103724932,0.,0.982340163139));
#6436 = DIRECTION('',(0.982340163139,0.,-0.187103724932));
#6437 = ADVANCED_FACE('',(#6438),#6455,.T.);
#6438 = FACE_BOUND('',#6439,.T.);
#6439 = EDGE_LOOP('',(#6440,#6448,#6449));
#6440 = ORIENTED_EDGE('',*,*,#6441,.T.);
#6441 = EDGE_CURVE('',#6442,#6396,#6444,.T.);
#6442 = VERTEX_POINT('',#6443);
#6443 = CARTESIAN_POINT('',(-5.0276222229,2.060631275177,43.98804473877)
  );
#6444 = LINE('',#6445,#6446);
#6445 = CARTESIAN_POINT('',(-5.0276222229,2.060631275177,43.98804473877)
  );
#6446 = VECTOR('',#6447,1.);
#6447 = DIRECTION('',(0.982340163139,0.,-0.187103724932));
#6448 = ORIENTED_EDGE('',*,*,#6418,.F.);
#6449 = ORIENTED_EDGE('',*,*,#6450,.T.);
#6450 = EDGE_CURVE('',#6419,#6442,#6451,.T.);
#6451 = LINE('',#6452,#6453);
#6452 = CARTESIAN_POINT('',(-5.0276222229,3.257885456085,43.98804473877)
  );
#6453 = VECTOR('',#6454,1.);
#6454 = DIRECTION('',(0.,-1.,0.));
#6455 = PLANE('',#6456);
#6456 = AXIS2_PLACEMENT_3D('',#6457,#6458,#6459);
#6457 = CARTESIAN_POINT('',(-4.98368336875,2.620344770804,43.97967582178
    ));
#6458 = DIRECTION('',(0.187103724932,0.,0.982340163139));
#6459 = DIRECTION('',(0.982340163139,0.,-0.187103724932));
#6460 = ADVANCED_FACE('',(#6461),#6471,.T.);
#6461 = FACE_BOUND('',#6462,.T.);
#6462 = EDGE_LOOP('',(#6463,#6469,#6470));
#6463 = ORIENTED_EDGE('',*,*,#6464,.T.);
#6464 = EDGE_CURVE('',#6189,#6281,#6465,.T.);
#6465 = LINE('',#6466,#6467);
#6466 = CARTESIAN_POINT('',(-4.526808738708,3.257885456085,
    43.487232208252));
#6467 = VECTOR('',#6468,1.);
#6468 = DIRECTION('',(-0.299847499955,0.,0.953987147068));
#6469 = ORIENTED_EDGE('',*,*,#6289,.F.);
#6470 = ORIENTED_EDGE('',*,*,#6234,.F.);
#6471 = PLANE('',#6472);
#6472 = AXIS2_PLACEMENT_3D('',#6473,#6474,#6475);
#6473 = CARTESIAN_POINT('',(-4.564685258245,3.257885456085,
    43.625983482372));
#6474 = DIRECTION('',(0.,1.,0.));
#6475 = DIRECTION('',(0.,-0.,1.));
#6476 = ADVANCED_FACE('',(#6477),#6487,.T.);
#6477 = FACE_BOUND('',#6478,.T.);
#6478 = EDGE_LOOP('',(#6479,#6480,#6486));
#6479 = ORIENTED_EDGE('',*,*,#6303,.F.);
#6480 = ORIENTED_EDGE('',*,*,#6481,.T.);
#6481 = EDGE_CURVE('',#6304,#6213,#6482,.T.);
#6482 = LINE('',#6483,#6484);
#6483 = CARTESIAN_POINT('',(-4.612893104553,2.060631275177,
    43.761116027832));
#6484 = VECTOR('',#6485,1.);
#6485 = DIRECTION('',(0.299847499955,0.,-0.953987147068));
#6486 = ORIENTED_EDGE('',*,*,#6257,.F.);
#6487 = PLANE('',#6488);
#6488 = AXIS2_PLACEMENT_3D('',#6489,#6490,#6491);
#6489 = CARTESIAN_POINT('',(-4.564685258245,2.060631275177,
    43.625983482372));
#6490 = DIRECTION('',(-0.,-1.,-0.));
#6491 = DIRECTION('',(0.,0.,-1.));
#6492 = ADVANCED_FACE('',(#6493),#6510,.T.);
#6493 = FACE_BOUND('',#6494,.T.);
#6494 = EDGE_LOOP('',(#6495,#6503,#6509));
#6495 = ORIENTED_EDGE('',*,*,#6496,.T.);
#6496 = EDGE_CURVE('',#6419,#6497,#6499,.T.);
#6497 = VERTEX_POINT('',#6498);
#6498 = CARTESIAN_POINT('',(-41.78255081176,3.257885456085,
    43.980220794678));
#6499 = LINE('',#6500,#6501);
#6500 = CARTESIAN_POINT('',(-5.0276222229,3.257885456085,43.98804473877)
  );
#6501 = VECTOR('',#6502,1.);
#6502 = DIRECTION('',(-0.999999977344,0.,-2.128678850679E-04));
#6503 = ORIENTED_EDGE('',*,*,#6504,.T.);
#6504 = EDGE_CURVE('',#6497,#6442,#6505,.T.);
#6505 = LINE('',#6506,#6507);
#6506 = CARTESIAN_POINT('',(-41.78255081176,3.257885456085,
    43.980220794678));
#6507 = VECTOR('',#6508,1.);
#6508 = DIRECTION('',(0.99946986723,-3.255670798922E-02,
    2.127550416466E-04));
#6509 = ORIENTED_EDGE('',*,*,#6450,.F.);
#6510 = PLANE('',#6511);
#6511 = AXIS2_PLACEMENT_3D('',#6512,#6513,#6514);
#6512 = CARTESIAN_POINT('',(-23.1106466024,2.953698287235,
    43.984195443527));
#6513 = DIRECTION('',(-2.128678850679E-04,0.,0.999999977344));
#6514 = DIRECTION('',(0.999999977344,0.,2.128678850679E-04));
#6515 = ADVANCED_FACE('',(#6516),#6533,.T.);
#6516 = FACE_BOUND('',#6517,.T.);
#6517 = EDGE_LOOP('',(#6518,#6526,#6527));
#6518 = ORIENTED_EDGE('',*,*,#6519,.T.);
#6519 = EDGE_CURVE('',#6520,#6442,#6522,.T.);
#6520 = VERTEX_POINT('',#6521);
#6521 = CARTESIAN_POINT('',(-41.78255081176,2.060631275177,
    43.980220794678));
#6522 = LINE('',#6523,#6524);
#6523 = CARTESIAN_POINT('',(-41.78255081176,2.060631275177,
    43.980220794678));
#6524 = VECTOR('',#6525,1.);
#6525 = DIRECTION('',(0.999999977344,0.,2.128678850679E-04));
#6526 = ORIENTED_EDGE('',*,*,#6504,.F.);
#6527 = ORIENTED_EDGE('',*,*,#6528,.T.);
#6528 = EDGE_CURVE('',#6497,#6520,#6529,.T.);
#6529 = LINE('',#6530,#6531);
#6530 = CARTESIAN_POINT('',(-41.78255081176,3.257885456085,
    43.980220794678));
#6531 = VECTOR('',#6532,1.);
#6532 = DIRECTION('',(0.,-1.,0.));
#6533 = PLANE('',#6534);
#6534 = AXIS2_PLACEMENT_3D('',#6535,#6536,#6537);
#6535 = CARTESIAN_POINT('',(-23.69952643226,2.364818444027,
    43.98407008992));
#6536 = DIRECTION('',(-2.128678850679E-04,0.,0.999999977344));
#6537 = DIRECTION('',(0.999999977344,0.,2.128678850679E-04));
#6538 = ADVANCED_FACE('',(#6539),#6564,.T.);
#6539 = FACE_BOUND('',#6540,.T.);
#6540 = EDGE_LOOP('',(#6541,#6549,#6557,#6563));
#6541 = ORIENTED_EDGE('',*,*,#6542,.F.);
#6542 = EDGE_CURVE('',#6543,#6497,#6545,.T.);
#6543 = VERTEX_POINT('',#6544);
#6544 = CARTESIAN_POINT('',(-41.95234159861,3.257885456085,
    44.019789556598));
#6545 = LINE('',#6546,#6547);
#6546 = CARTESIAN_POINT('',(-41.95470428466,3.257885456085,
    44.011520385742));
#6547 = VECTOR('',#6548,1.);
#6548 = DIRECTION('',(0.983870956546,0.,-0.178879682653));
#6549 = ORIENTED_EDGE('',*,*,#6550,.T.);
#6550 = EDGE_CURVE('',#6543,#6551,#6553,.T.);
#6551 = VERTEX_POINT('',#6552);
#6552 = CARTESIAN_POINT('',(-42.04274049557,3.257885456085,
    44.072169454483));
#6553 = LINE('',#6554,#6555);
#6554 = CARTESIAN_POINT('',(-41.78255081176,3.257885456085,
    43.980220794678));
#6555 = VECTOR('',#6556,1.);
#6556 = DIRECTION('',(-0.961521926146,0.,0.27472820303));
#6557 = ORIENTED_EDGE('',*,*,#6558,.T.);
#6558 = EDGE_CURVE('',#6551,#6520,#6559,.T.);
#6559 = LINE('',#6560,#6561);
#6560 = CARTESIAN_POINT('',(-42.05643463134,3.257885456085,
    44.058475494385));
#6561 = VECTOR('',#6562,1.);
#6562 = DIRECTION('',(0.222548173932,-0.972845829674,-6.358696380131E-02
    ));
#6563 = ORIENTED_EDGE('',*,*,#6528,.F.);
#6564 = PLANE('',#6565);
#6565 = AXIS2_PLACEMENT_3D('',#6566,#6567,#6568);
#6566 = CARTESIAN_POINT('',(-41.85905477244,2.722114913643,
    44.002079678047));
#6567 = DIRECTION('',(0.27472820303,0.,0.961521926146));
#6568 = DIRECTION('',(0.961521926146,0.,-0.27472820303));
#6569 = ADVANCED_FACE('',(#6570),#6587,.T.);
#6570 = FACE_BOUND('',#6571,.T.);
#6571 = EDGE_LOOP('',(#6572,#6580,#6581));
#6572 = ORIENTED_EDGE('',*,*,#6573,.T.);
#6573 = EDGE_CURVE('',#6574,#6520,#6576,.T.);
#6574 = VERTEX_POINT('',#6575);
#6575 = CARTESIAN_POINT('',(-41.95470428466,2.060631275177,
    44.011520385742));
#6576 = LINE('',#6577,#6578);
#6577 = CARTESIAN_POINT('',(-41.95470428466,2.060631275177,
    44.011520385742));
#6578 = VECTOR('',#6579,1.);
#6579 = DIRECTION('',(0.983870956546,0.,-0.178879682653));
#6580 = ORIENTED_EDGE('',*,*,#6558,.F.);
#6581 = ORIENTED_EDGE('',*,*,#6582,.T.);
#6582 = EDGE_CURVE('',#6551,#6574,#6583,.T.);
#6583 = LINE('',#6584,#6585);
#6584 = CARTESIAN_POINT('',(-42.05643463134,3.257885456085,
    44.058475494385));
#6585 = VECTOR('',#6586,1.);
#6586 = DIRECTION('',(8.460005980478E-02,-0.995649563893,
    -3.904837768625E-02));
#6587 = PLANE('',#6588);
#6588 = AXIS2_PLACEMENT_3D('',#6589,#6590,#6591);
#6589 = CARTESIAN_POINT('',(-41.95576612204,2.619097391329,
    44.024988443738));
#6590 = DIRECTION('',(0.178830783111,-2.338068361785E-02,0.983602000123)
  );
#6591 = DIRECTION('',(0.983870956546,6.214649329001E-19,-0.178879682653)
  );
#6592 = ADVANCED_FACE('',(#6593),#6618,.T.);
#6593 = FACE_BOUND('',#6594,.T.);
#6594 = EDGE_LOOP('',(#6595,#6605,#6611,#6612));
#6595 = ORIENTED_EDGE('',*,*,#6596,.F.);
#6596 = EDGE_CURVE('',#6597,#6599,#6601,.T.);
#6597 = VERTEX_POINT('',#6598);
#6598 = CARTESIAN_POINT('',(-42.05035396609,2.060631275177,
    44.066988099679));
#6599 = VERTEX_POINT('',#6600);
#6600 = CARTESIAN_POINT('',(-42.17380905151,2.060631275177,
    44.168029785156));
#6601 = LINE('',#6602,#6603);
#6602 = CARTESIAN_POINT('',(-42.05643463134,2.060631275177,
    44.058475494385));
#6603 = VECTOR('',#6604,1.);
#6604 = DIRECTION('',(-0.73104025645,0.,0.682334334069));
#6605 = ORIENTED_EDGE('',*,*,#6606,.F.);
#6606 = EDGE_CURVE('',#6574,#6597,#6607,.T.);
#6607 = LINE('',#6608,#6609);
#6608 = CARTESIAN_POINT('',(-41.95470428466,2.060631275177,
    44.011520385742));
#6609 = VECTOR('',#6610,1.);
#6610 = DIRECTION('',(-0.907950415962,0.,0.419077608748));
#6611 = ORIENTED_EDGE('',*,*,#6582,.F.);
#6612 = ORIENTED_EDGE('',*,*,#6613,.T.);
#6613 = EDGE_CURVE('',#6551,#6599,#6614,.T.);
#6614 = LINE('',#6615,#6616);
#6615 = CARTESIAN_POINT('',(-42.05643463134,3.257885456085,
    44.058475494385));
#6616 = VECTOR('',#6617,1.);
#6617 = DIRECTION('',(-9.716650337758E-02,-0.991127387454,
    9.06927365368E-02));
#6618 = PLANE('',#6619);
#6619 = AXIS2_PLACEMENT_3D('',#6620,#6621,#6622);
#6620 = CARTESIAN_POINT('',(-42.06085078479,2.599107446866,
    44.075777914491));
#6621 = DIRECTION('',(0.581164200219,1.747283053472E-02,0.813598717168)
  );
#6622 = DIRECTION('',(0.813722941378,-3.451442013452E-19,-0.581252935196
    ));
#6623 = ADVANCED_FACE('',(#6624),#6641,.T.);
#6624 = FACE_BOUND('',#6625,.T.);
#6625 = EDGE_LOOP('',(#6626,#6634,#6635));
#6626 = ORIENTED_EDGE('',*,*,#6627,.T.);
#6627 = EDGE_CURVE('',#6628,#6599,#6630,.T.);
#6628 = VERTEX_POINT('',#6629);
#6629 = CARTESIAN_POINT('',(-42.25206375122,3.257885456085,
    44.308883666992));
#6630 = LINE('',#6631,#6632);
#6631 = CARTESIAN_POINT('',(-42.25206375122,3.257885456085,
    44.308883666992));
#6632 = VECTOR('',#6633,1.);
#6633 = DIRECTION('',(6.477777957995E-02,-0.991064660939,-0.116596213962
    ));
#6634 = ORIENTED_EDGE('',*,*,#6613,.F.);
#6635 = ORIENTED_EDGE('',*,*,#6636,.T.);
#6636 = EDGE_CURVE('',#6551,#6628,#6637,.T.);
#6637 = LINE('',#6638,#6639);
#6638 = CARTESIAN_POINT('',(-42.05643463134,3.257885456085,
    44.058475494385));
#6639 = VECTOR('',#6640,1.);
#6640 = DIRECTION('',(-0.615639615711,0.,0.788027831721));
#6641 = PLANE('',#6642);
#6642 = AXIS2_PLACEMENT_3D('',#6643,#6644,#6645);
#6643 = CARTESIAN_POINT('',(-42.16289370466,2.728840662859,
    44.176765972156));
#6644 = DIRECTION('',(0.787855424885,-2.091691856879E-02,0.61550492443)
  );
#6645 = DIRECTION('',(-0.615639615711,-9.741623417199E-20,0.788027831721
    ));
#6646 = ADVANCED_FACE('',(#6647),#6664,.T.);
#6647 = FACE_BOUND('',#6648,.T.);
#6648 = EDGE_LOOP('',(#6649,#6657,#6658));
#6649 = ORIENTED_EDGE('',*,*,#6650,.T.);
#6650 = EDGE_CURVE('',#6651,#6599,#6653,.T.);
#6651 = VERTEX_POINT('',#6652);
#6652 = CARTESIAN_POINT('',(-42.25206375122,2.060631275177,
    44.308883666992));
#6653 = LINE('',#6654,#6655);
#6654 = CARTESIAN_POINT('',(-42.25206375122,2.060631275177,
    44.308883666992));
#6655 = VECTOR('',#6656,1.);
#6656 = DIRECTION('',(0.485654991635,0.,-0.874150575759));
#6657 = ORIENTED_EDGE('',*,*,#6627,.F.);
#6658 = ORIENTED_EDGE('',*,*,#6659,.T.);
#6659 = EDGE_CURVE('',#6628,#6651,#6660,.T.);
#6660 = LINE('',#6661,#6662);
#6661 = CARTESIAN_POINT('',(-42.25206375122,3.257885456085,
    44.308883666992));
#6662 = VECTOR('',#6663,1.);
#6663 = DIRECTION('',(0.,-1.,0.));
#6664 = PLANE('',#6665);
#6665 = AXIS2_PLACEMENT_3D('',#6666,#6667,#6668);
#6666 = CARTESIAN_POINT('',(-42.23118949708,2.621673874518,
    44.27131123062));
#6667 = DIRECTION('',(0.874150575759,0.,0.485654991635));
#6668 = DIRECTION('',(-0.485654991635,0.,0.874150575759));
#6669 = ADVANCED_FACE('',(#6670),#6687,.T.);
#6670 = FACE_BOUND('',#6671,.T.);
#6671 = EDGE_LOOP('',(#6672,#6680,#6681));
#6672 = ORIENTED_EDGE('',*,*,#6673,.T.);
#6673 = EDGE_CURVE('',#6674,#6651,#6676,.T.);
#6674 = VERTEX_POINT('',#6675);
#6675 = CARTESIAN_POINT('',(-42.28336334228,3.257885456085,
    44.481037139893));
#6676 = LINE('',#6677,#6678);
#6677 = CARTESIAN_POINT('',(-42.28336334228,3.257885456085,
    44.481037139893));
#6678 = VECTOR('',#6679,1.);
#6679 = DIRECTION('',(2.586801319131E-02,-0.98948854895,-0.142278801622)
  );
#6680 = ORIENTED_EDGE('',*,*,#6659,.F.);
#6681 = ORIENTED_EDGE('',*,*,#6682,.T.);
#6682 = EDGE_CURVE('',#6628,#6674,#6683,.T.);
#6683 = LINE('',#6684,#6685);
#6684 = CARTESIAN_POINT('',(-42.25206375122,3.257885456085,
    44.308883666992));
#6685 = VECTOR('',#6686,1.);
#6686 = DIRECTION('',(-0.178879682653,0.,0.983870956546));
#6687 = PLANE('',#6688);
#6688 = AXIS2_PLACEMENT_3D('',#6689,#6690,#6691);
#6689 = CARTESIAN_POINT('',(-42.26045742239,2.69982263904,
    44.355050392962));
#6690 = DIRECTION('',(0.983870956546,0.,0.178879682653));
#6691 = DIRECTION('',(-0.178879682653,0.,0.983870956546));
#6692 = ADVANCED_FACE('',(#6693),#6710,.T.);
#6693 = FACE_BOUND('',#6694,.T.);
#6694 = EDGE_LOOP('',(#6695,#6703,#6704));
#6695 = ORIENTED_EDGE('',*,*,#6696,.T.);
#6696 = EDGE_CURVE('',#6697,#6651,#6699,.T.);
#6697 = VERTEX_POINT('',#6698);
#6698 = CARTESIAN_POINT('',(-42.28336334228,2.060631275177,
    44.481037139893));
#6699 = LINE('',#6700,#6701);
#6700 = CARTESIAN_POINT('',(-42.28336334228,2.060631275177,
    44.481037139893));
#6701 = VECTOR('',#6702,1.);
#6702 = DIRECTION('',(0.178879682653,0.,-0.983870956546));
#6703 = ORIENTED_EDGE('',*,*,#6673,.F.);
#6704 = ORIENTED_EDGE('',*,*,#6705,.T.);
#6705 = EDGE_CURVE('',#6674,#6697,#6706,.T.);
#6706 = LINE('',#6707,#6708);
#6707 = CARTESIAN_POINT('',(-42.28336334228,3.257885456085,
    44.481037139893));
#6708 = VECTOR('',#6709,1.);
#6709 = DIRECTION('',(0.,-1.,0.));
#6710 = PLANE('',#6711);
#6711 = AXIS2_PLACEMENT_3D('',#6712,#6713,#6714);
#6712 = CARTESIAN_POINT('',(-42.2749696711,2.618694092222,
    44.434870413923));
#6713 = DIRECTION('',(0.983870956546,0.,0.178879682653));
#6714 = DIRECTION('',(-0.178879682653,0.,0.983870956546));
#6715 = ADVANCED_FACE('',(#6716),#6733,.T.);
#6716 = FACE_BOUND('',#6717,.T.);
#6717 = EDGE_LOOP('',(#6718,#6726,#6732));
#6718 = ORIENTED_EDGE('',*,*,#6719,.T.);
#6719 = EDGE_CURVE('',#6674,#6720,#6722,.T.);
#6720 = VERTEX_POINT('',#6721);
#6721 = CARTESIAN_POINT('',(-42.28336334228,3.257885456085,
    45.975643157959));
#6722 = LINE('',#6723,#6724);
#6723 = CARTESIAN_POINT('',(-42.28336334228,3.257885456085,
    44.481037139893));
#6724 = VECTOR('',#6725,1.);
#6725 = DIRECTION('',(0.,0.,1.));
#6726 = ORIENTED_EDGE('',*,*,#6727,.T.);
#6727 = EDGE_CURVE('',#6720,#6697,#6728,.T.);
#6728 = LINE('',#6729,#6730);
#6729 = CARTESIAN_POINT('',(-42.28336334228,3.257885456085,
    45.975643157959));
#6730 = VECTOR('',#6731,1.);
#6731 = DIRECTION('',(0.,-0.625194619689,-0.780468889522));
#6732 = ORIENTED_EDGE('',*,*,#6705,.F.);
#6733 = PLANE('',#6734);
#6734 = AXIS2_PLACEMENT_3D('',#6735,#6736,#6737);
#6735 = CARTESIAN_POINT('',(-42.28336334228,2.8534708225,45.034127692056
    ));
#6736 = DIRECTION('',(1.,0.,0.));
#6737 = DIRECTION('',(-0.,0.,1.));
#6738 = ADVANCED_FACE('',(#6739),#6756,.T.);
#6739 = FACE_BOUND('',#6740,.T.);
#6740 = EDGE_LOOP('',(#6741,#6749,#6750));
#6741 = ORIENTED_EDGE('',*,*,#6742,.T.);
#6742 = EDGE_CURVE('',#6743,#6697,#6745,.T.);
#6743 = VERTEX_POINT('',#6744);
#6744 = CARTESIAN_POINT('',(-42.28336334228,2.060631275177,
    45.975643157959));
#6745 = LINE('',#6746,#6747);
#6746 = CARTESIAN_POINT('',(-42.28336334228,2.060631275177,
    45.975643157959));
#6747 = VECTOR('',#6748,1.);
#6748 = DIRECTION('',(0.,0.,-1.));
#6749 = ORIENTED_EDGE('',*,*,#6727,.F.);
#6750 = ORIENTED_EDGE('',*,*,#6751,.T.);
#6751 = EDGE_CURVE('',#6720,#6743,#6752,.T.);
#6752 = LINE('',#6753,#6754);
#6753 = CARTESIAN_POINT('',(-42.28336334228,3.257885456085,
    45.975643157959));
#6754 = VECTOR('',#6755,1.);
#6755 = DIRECTION('',(0.,-1.,0.));
#6756 = PLANE('',#6757);
#6757 = AXIS2_PLACEMENT_3D('',#6758,#6759,#6760);
#6758 = CARTESIAN_POINT('',(-42.28336334228,2.465045908762,
    45.422552605795));
#6759 = DIRECTION('',(1.,0.,0.));
#6760 = DIRECTION('',(-0.,0.,1.));
#6761 = ADVANCED_FACE('',(#6762),#6779,.T.);
#6762 = FACE_BOUND('',#6763,.T.);
#6763 = EDGE_LOOP('',(#6764,#6772,#6778));
#6764 = ORIENTED_EDGE('',*,*,#6765,.T.);
#6765 = EDGE_CURVE('',#6720,#6766,#6768,.T.);
#6766 = VERTEX_POINT('',#6767);
#6767 = CARTESIAN_POINT('',(-42.32334213808,3.257885456085,
    46.153217235789));
#6768 = LINE('',#6769,#6770);
#6769 = CARTESIAN_POINT('',(-42.28336334228,3.257885456085,
    45.975643157959));
#6770 = VECTOR('',#6771,1.);
#6771 = DIRECTION('',(-0.171329718851,0.,0.985213747082));
#6772 = ORIENTED_EDGE('',*,*,#6773,.T.);
#6773 = EDGE_CURVE('',#6766,#6743,#6774,.T.);
#6774 = LINE('',#6775,#6776);
#6775 = CARTESIAN_POINT('',(-42.31466293335,3.257885456085,
    46.155628204346));
#6776 = VECTOR('',#6777,1.);
#6777 = DIRECTION('',(2.584368378961E-02,-0.988557914494,-0.148611418472
    ));
#6778 = ORIENTED_EDGE('',*,*,#6751,.F.);
#6779 = PLANE('',#6780);
#6780 = AXIS2_PLACEMENT_3D('',#6781,#6782,#6783);
#6781 = CARTESIAN_POINT('',(-42.29178179666,2.70146552739,
    46.024052605162));
#6782 = DIRECTION('',(0.985213747082,0.,0.171329718851));
#6783 = DIRECTION('',(-0.171329718851,0.,0.985213747082));
#6784 = ADVANCED_FACE('',(#6785),#6802,.T.);
#6785 = FACE_BOUND('',#6786,.T.);
#6786 = EDGE_LOOP('',(#6787,#6795,#6796));
#6787 = ORIENTED_EDGE('',*,*,#6788,.T.);
#6788 = EDGE_CURVE('',#6789,#6743,#6791,.T.);
#6789 = VERTEX_POINT('',#6790);
#6790 = CARTESIAN_POINT('',(-42.31466293335,2.060631275177,
    46.155628204346));
#6791 = LINE('',#6792,#6793);
#6792 = CARTESIAN_POINT('',(-42.31466293335,2.060631275177,
    46.155628204346));
#6793 = VECTOR('',#6794,1.);
#6794 = DIRECTION('',(0.171329718851,0.,-0.985213747082));
#6795 = ORIENTED_EDGE('',*,*,#6773,.F.);
#6796 = ORIENTED_EDGE('',*,*,#6797,.T.);
#6797 = EDGE_CURVE('',#6766,#6789,#6798,.T.);
#6798 = LINE('',#6799,#6800);
#6799 = CARTESIAN_POINT('',(-42.31466293335,3.257885456085,
    46.155628204346));
#6800 = VECTOR('',#6801,1.);
#6801 = DIRECTION('',(0.,-1.,0.));
#6802 = PLANE('',#6803);
#6803 = AXIS2_PLACEMENT_3D('',#6804,#6805,#6806);
#6804 = CARTESIAN_POINT('',(-42.30624447897,2.617051203872,
    46.107218757143));
#6805 = DIRECTION('',(0.985213747082,0.,0.171329718851));
#6806 = DIRECTION('',(-0.171329718851,0.,0.985213747082));
#6807 = ADVANCED_FACE('',(#6808),#6833,.T.);
#6808 = FACE_BOUND('',#6809,.T.);
#6809 = EDGE_LOOP('',(#6810,#6818,#6819,#6827));
#6810 = ORIENTED_EDGE('',*,*,#6811,.T.);
#6811 = EDGE_CURVE('',#6812,#6789,#6814,.T.);
#6812 = VERTEX_POINT('',#6813);
#6813 = CARTESIAN_POINT('',(-42.47116470336,3.257885456085,
    46.374725341797));
#6814 = LINE('',#6815,#6816);
#6815 = CARTESIAN_POINT('',(-42.47116470336,3.257885456085,
    46.374725341797));
#6816 = VECTOR('',#6817,1.);
#6817 = DIRECTION('',(0.127532002188,-0.975632561854,-0.178540451071));
#6818 = ORIENTED_EDGE('',*,*,#6797,.F.);
#6819 = ORIENTED_EDGE('',*,*,#6820,.F.);
#6820 = EDGE_CURVE('',#6821,#6766,#6823,.T.);
#6821 = VERTEX_POINT('',#6822);
#6822 = CARTESIAN_POINT('',(-42.37012858807,3.257885456085,
    46.251271811967));
#6823 = LINE('',#6824,#6825);
#6824 = CARTESIAN_POINT('',(-42.36161804199,3.257885456085,
    46.257350921631));
#6825 = VECTOR('',#6826,1.);
#6826 = DIRECTION('',(0.267651938885,0.,-0.96351566651));
#6827 = ORIENTED_EDGE('',*,*,#6828,.F.);
#6828 = EDGE_CURVE('',#6812,#6821,#6829,.T.);
#6829 = LINE('',#6830,#6831);
#6830 = CARTESIAN_POINT('',(-42.47116470336,3.257885456085,
    46.374725341797));
#6831 = VECTOR('',#6832,1.);
#6832 = DIRECTION('',(0.682308938286,0.,-0.731063959401));
#6833 = PLANE('',#6834);
#6834 = AXIS2_PLACEMENT_3D('',#6835,#6836,#6837);
#6835 = CARTESIAN_POINT('',(-42.35813358926,2.719095568556,
    46.216485639199));
#6836 = DIRECTION('',(0.813726770173,0.,0.581247575052));
#6837 = DIRECTION('',(-0.581247575052,0.,0.813726770173));
#6838 = ADVANCED_FACE('',(#6839),#6856,.T.);
#6839 = FACE_BOUND('',#6840,.T.);
#6840 = EDGE_LOOP('',(#6841,#6849,#6850));
#6841 = ORIENTED_EDGE('',*,*,#6842,.T.);
#6842 = EDGE_CURVE('',#6843,#6789,#6845,.T.);
#6843 = VERTEX_POINT('',#6844);
#6844 = CARTESIAN_POINT('',(-42.36161804199,2.060631275177,
    46.257350921631));
#6845 = LINE('',#6846,#6847);
#6846 = CARTESIAN_POINT('',(-42.36161804199,2.060631275177,
    46.257350921631));
#6847 = VECTOR('',#6848,1.);
#6848 = DIRECTION('',(0.419103519633,0.,-0.907938455971));
#6849 = ORIENTED_EDGE('',*,*,#6811,.F.);
#6850 = ORIENTED_EDGE('',*,*,#6851,.T.);
#6851 = EDGE_CURVE('',#6812,#6843,#6852,.T.);
#6852 = LINE('',#6853,#6854);
#6853 = CARTESIAN_POINT('',(-42.47116470336,3.257885456085,
    46.374725341797));
#6854 = VECTOR('',#6855,1.);
#6855 = DIRECTION('',(9.068647261045E-02,-0.991127955156,
    -9.716655903301E-02));
#6856 = PLANE('',#6857);
#6857 = AXIS2_PLACEMENT_3D('',#6858,#6859,#6860);
#6858 = CARTESIAN_POINT('',(-42.40163864401,2.632927763455,
    46.286715982174));
#6859 = DIRECTION('',(0.907139191179,4.195044134694E-02,0.418734579773)
  );
#6860 = DIRECTION('',(-0.419103519633,1.449615809737E-18,0.907938455971)
  );
#6861 = ADVANCED_FACE('',(#6862),#6879,.T.);
#6862 = FACE_BOUND('',#6863,.T.);
#6863 = EDGE_LOOP('',(#6864,#6872,#6873));
#6864 = ORIENTED_EDGE('',*,*,#6865,.T.);
#6865 = EDGE_CURVE('',#6866,#6843,#6868,.T.);
#6866 = VERTEX_POINT('',#6867);
#6867 = CARTESIAN_POINT('',(-42.47116470336,2.060631275177,
    46.374725341797));
#6868 = LINE('',#6869,#6870);
#6869 = CARTESIAN_POINT('',(-42.47116470336,2.060631275177,
    46.374725341797));
#6870 = VECTOR('',#6871,1.);
#6871 = DIRECTION('',(0.682308938286,0.,-0.731063959401));
#6872 = ORIENTED_EDGE('',*,*,#6851,.F.);
#6873 = ORIENTED_EDGE('',*,*,#6874,.T.);
#6874 = EDGE_CURVE('',#6812,#6866,#6875,.T.);
#6875 = LINE('',#6876,#6877);
#6876 = CARTESIAN_POINT('',(-42.47116470336,3.257885456085,
    46.374725341797));
#6877 = VECTOR('',#6878,1.);
#6878 = DIRECTION('',(0.,-1.,0.));
#6879 = PLANE('',#6880);
#6880 = AXIS2_PLACEMENT_3D('',#6881,#6882,#6883);
#6881 = CARTESIAN_POINT('',(-42.44194993177,2.621799441005,
    46.343423001466));
#6882 = DIRECTION('',(0.731063959401,0.,0.682308938286));
#6883 = DIRECTION('',(-0.682308938286,0.,0.731063959401));
#6884 = ADVANCED_FACE('',(#6885),#6902,.T.);
#6885 = FACE_BOUND('',#6886,.T.);
#6886 = EDGE_LOOP('',(#6887,#6895,#6896));
#6887 = ORIENTED_EDGE('',*,*,#6888,.T.);
#6888 = EDGE_CURVE('',#6889,#6866,#6891,.T.);
#6889 = VERTEX_POINT('',#6890);
#6890 = CARTESIAN_POINT('',(-42.6120147705,3.257885456085,
    46.452980041504));
#6891 = LINE('',#6892,#6893);
#6892 = CARTESIAN_POINT('',(-42.6120147705,3.257885456085,
    46.452980041504));
#6893 = VECTOR('',#6894,1.);
#6894 = DIRECTION('',(0.116593099153,-0.991065025825,-6.477780342952E-02
    ));
#6895 = ORIENTED_EDGE('',*,*,#6874,.F.);
#6896 = ORIENTED_EDGE('',*,*,#6897,.T.);
#6897 = EDGE_CURVE('',#6812,#6889,#6898,.T.);
#6898 = LINE('',#6899,#6900);
#6899 = CARTESIAN_POINT('',(-42.47116470336,3.257885456085,
    46.374725341797));
#6900 = VECTOR('',#6901,1.);
#6901 = DIRECTION('',(-0.874144991743,0.,0.485665042402));
#6902 = PLANE('',#6903);
#6903 = AXIS2_PLACEMENT_3D('',#6904,#6905,#6906);
#6904 = CARTESIAN_POINT('',(-42.50873607379,2.696842134285,
    46.395599569053));
#6905 = DIRECTION('',(0.485665042402,0.,0.874144991743));
#6906 = DIRECTION('',(0.874144991743,0.,-0.485665042402));
#6907 = ADVANCED_FACE('',(#6908),#6925,.T.);
#6908 = FACE_BOUND('',#6909,.T.);
#6909 = EDGE_LOOP('',(#6910,#6918,#6919));
#6910 = ORIENTED_EDGE('',*,*,#6911,.T.);
#6911 = EDGE_CURVE('',#6912,#6866,#6914,.T.);
#6912 = VERTEX_POINT('',#6913);
#6913 = CARTESIAN_POINT('',(-42.6120147705,2.060631275177,
    46.452980041504));
#6914 = LINE('',#6915,#6916);
#6915 = CARTESIAN_POINT('',(-42.6120147705,2.060631275177,
    46.452980041504));
#6916 = VECTOR('',#6917,1.);
#6917 = DIRECTION('',(0.874144991743,0.,-0.485665042402));
#6918 = ORIENTED_EDGE('',*,*,#6888,.F.);
#6919 = ORIENTED_EDGE('',*,*,#6920,.T.);
#6920 = EDGE_CURVE('',#6889,#6912,#6921,.T.);
#6921 = LINE('',#6922,#6923);
#6922 = CARTESIAN_POINT('',(-42.6120147705,3.257885456085,
    46.452980041504));
#6923 = VECTOR('',#6924,1.);
#6924 = DIRECTION('',(0.,-1.,0.));
#6925 = PLANE('',#6926);
#6926 = AXIS2_PLACEMENT_3D('',#6927,#6928,#6929);
#6927 = CARTESIAN_POINT('',(-42.57444340007,2.621674596977,
    46.432105814247));
#6928 = DIRECTION('',(0.485665042402,0.,0.874144991743));
#6929 = DIRECTION('',(0.874144991743,0.,-0.485665042402));
#6930 = ADVANCED_FACE('',(#6931),#6948,.T.);
#6931 = FACE_BOUND('',#6932,.T.);
#6932 = EDGE_LOOP('',(#6933,#6941,#6942));
#6933 = ORIENTED_EDGE('',*,*,#6934,.T.);
#6934 = EDGE_CURVE('',#6935,#6912,#6937,.T.);
#6935 = VERTEX_POINT('',#6936);
#6936 = CARTESIAN_POINT('',(-42.77634429931,3.257885456085,
    46.476455688477));
#6937 = LINE('',#6938,#6939);
#6938 = CARTESIAN_POINT('',(-42.77634429931,3.257885456085,
    46.476455688477));
#6939 = VECTOR('',#6940,1.);
#6940 = DIRECTION('',(0.13595479639,-0.990524646253,-1.942211376996E-02)
  );
#6941 = ORIENTED_EDGE('',*,*,#6920,.F.);
#6942 = ORIENTED_EDGE('',*,*,#6943,.T.);
#6943 = EDGE_CURVE('',#6889,#6935,#6944,.T.);
#6944 = LINE('',#6945,#6946);
#6945 = CARTESIAN_POINT('',(-42.6120147705,3.257885456085,
    46.452980041504));
#6946 = VECTOR('',#6947,1.);
#6947 = DIRECTION('',(-0.989949493661,0.,0.141421356237));
#6948 = PLANE('',#6949);
#6949 = AXIS2_PLACEMENT_3D('',#6950,#6951,#6952);
#6950 = CARTESIAN_POINT('',(-42.65593160763,2.697894606692,
    46.459253875379));
#6951 = DIRECTION('',(0.141421356237,0.,0.989949493661));
#6952 = DIRECTION('',(0.989949493661,0.,-0.141421356237));
#6953 = ADVANCED_FACE('',(#6954),#6971,.T.);
#6954 = FACE_BOUND('',#6955,.T.);
#6955 = EDGE_LOOP('',(#6956,#6964,#6965));
#6956 = ORIENTED_EDGE('',*,*,#6957,.T.);
#6957 = EDGE_CURVE('',#6958,#6912,#6960,.T.);
#6958 = VERTEX_POINT('',#6959);
#6959 = CARTESIAN_POINT('',(-42.77634429931,2.060631275177,
    46.476455688477));
#6960 = LINE('',#6961,#6962);
#6961 = CARTESIAN_POINT('',(-42.77634429931,2.060631275177,
    46.476455688477));
#6962 = VECTOR('',#6963,1.);
#6963 = DIRECTION('',(0.989949493661,0.,-0.141421356237));
#6964 = ORIENTED_EDGE('',*,*,#6934,.F.);
#6965 = ORIENTED_EDGE('',*,*,#6966,.T.);
#6966 = EDGE_CURVE('',#6935,#6958,#6967,.T.);
#6967 = LINE('',#6968,#6969);
#6968 = CARTESIAN_POINT('',(-42.77634429931,3.257885456085,
    46.476455688477));
#6969 = VECTOR('',#6970,1.);
#6970 = DIRECTION('',(0.,-1.,0.));
#6971 = PLANE('',#6972);
#6972 = AXIS2_PLACEMENT_3D('',#6973,#6974,#6975);
#6973 = CARTESIAN_POINT('',(-42.73242746218,2.62062212457,
    46.470181854601));
#6974 = DIRECTION('',(0.141421356237,0.,0.989949493661));
#6975 = DIRECTION('',(0.989949493661,0.,-0.141421356237));
#6976 = ADVANCED_FACE('',(#6977),#6994,.T.);
#6977 = FACE_BOUND('',#6978,.T.);
#6978 = EDGE_LOOP('',(#6979,#6987,#6993));
#6979 = ORIENTED_EDGE('',*,*,#6980,.T.);
#6980 = EDGE_CURVE('',#6935,#6981,#6983,.T.);
#6981 = VERTEX_POINT('',#6982);
#6982 = CARTESIAN_POINT('',(-59.78049468994,3.257885456085,
    46.484279632568));
#6983 = LINE('',#6984,#6985);
#6984 = CARTESIAN_POINT('',(-42.77634429931,3.257885456085,
    46.476455688477));
#6985 = VECTOR('',#6986,1.);
#6986 = DIRECTION('',(-0.999999894145,0.,4.601196227897E-04));
#6987 = ORIENTED_EDGE('',*,*,#6988,.T.);
#6988 = EDGE_CURVE('',#6981,#6958,#6989,.T.);
#6989 = LINE('',#6990,#6991);
#6990 = CARTESIAN_POINT('',(-59.78049468994,3.257885456085,
    46.484279632568));
#6991 = VECTOR('',#6992,1.);
#6992 = DIRECTION('',(0.9975303226,-7.02356378813E-02,
    -4.589833243415E-04));
#6993 = ORIENTED_EDGE('',*,*,#6966,.F.);
#6994 = PLANE('',#6995);
#6995 = AXIS2_PLACEMENT_3D('',#6996,#6997,#6998);
#6996 = CARTESIAN_POINT('',(-50.98963021403,2.948047676795,
    46.480234782894));
#6997 = DIRECTION('',(4.601196227897E-04,0.,0.999999894145));
#6998 = DIRECTION('',(0.999999894145,0.,-4.601196227897E-04));
#6999 = ADVANCED_FACE('',(#7000),#7017,.T.);
#7000 = FACE_BOUND('',#7001,.T.);
#7001 = EDGE_LOOP('',(#7002,#7010,#7011));
#7002 = ORIENTED_EDGE('',*,*,#7003,.T.);
#7003 = EDGE_CURVE('',#7004,#6958,#7006,.T.);
#7004 = VERTEX_POINT('',#7005);
#7005 = CARTESIAN_POINT('',(-59.78049468994,2.060631275177,
    46.484279632568));
#7006 = LINE('',#7007,#7008);
#7007 = CARTESIAN_POINT('',(-59.78049468994,2.060631275177,
    46.484279632568));
#7008 = VECTOR('',#7009,1.);
#7009 = DIRECTION('',(0.999999894145,0.,-4.601196227897E-04));
#7010 = ORIENTED_EDGE('',*,*,#6988,.F.);
#7011 = ORIENTED_EDGE('',*,*,#7012,.T.);
#7012 = EDGE_CURVE('',#6981,#7004,#7013,.T.);
#7013 = LINE('',#7014,#7015);
#7014 = CARTESIAN_POINT('',(-59.78049468994,3.257885456085,
    46.484279632568));
#7015 = VECTOR('',#7016,1.);
#7016 = DIRECTION('',(0.,-1.,0.));
#7017 = PLANE('',#7018);
#7018 = AXIS2_PLACEMENT_3D('',#7019,#7020,#7021);
#7019 = CARTESIAN_POINT('',(-51.56720877522,2.370469054468,
    46.480500538151));
#7020 = DIRECTION('',(4.601196227897E-04,0.,0.999999894145));
#7021 = DIRECTION('',(0.999999894145,0.,-4.601196227897E-04));
#7022 = ADVANCED_FACE('',(#7023),#7040,.T.);
#7023 = FACE_BOUND('',#7024,.T.);
#7024 = EDGE_LOOP('',(#7025,#7033,#7039));
#7025 = ORIENTED_EDGE('',*,*,#7026,.T.);
#7026 = EDGE_CURVE('',#6981,#7027,#7029,.T.);
#7027 = VERTEX_POINT('',#7028);
#7028 = CARTESIAN_POINT('',(-59.95264816284,3.257885456085,
    46.515579223633));
#7029 = LINE('',#7030,#7031);
#7030 = CARTESIAN_POINT('',(-59.78049468994,3.257885456085,
    46.484279632568));
#7031 = VECTOR('',#7032,1.);
#7032 = DIRECTION('',(-0.983870956546,0.,0.178879682653));
#7033 = ORIENTED_EDGE('',*,*,#7034,.T.);
#7034 = EDGE_CURVE('',#7027,#7004,#7035,.T.);
#7035 = LINE('',#7036,#7037);
#7036 = CARTESIAN_POINT('',(-59.95264816284,3.257885456085,
    46.515579223633));
#7037 = VECTOR('',#7038,1.);
#7038 = DIRECTION('',(0.142278801622,-0.98948854895,-2.586801319131E-02)
  );
#7039 = ORIENTED_EDGE('',*,*,#7012,.F.);
#7040 = PLANE('',#7041);
#7041 = AXIS2_PLACEMENT_3D('',#7042,#7043,#7044);
#7042 = CARTESIAN_POINT('',(-59.82666141591,2.69982263904,
    46.492673303746));
#7043 = DIRECTION('',(0.178879682653,0.,0.983870956546));
#7044 = DIRECTION('',(0.983870956546,0.,-0.178879682653));
#7045 = ADVANCED_FACE('',(#7046),#7061,.T.);
#7046 = FACE_BOUND('',#7047,.T.);
#7047 = EDGE_LOOP('',(#7048,#7054,#7055));
#7048 = ORIENTED_EDGE('',*,*,#7049,.T.);
#7049 = EDGE_CURVE('',#5291,#7004,#7050,.T.);
#7050 = LINE('',#7051,#7052);
#7051 = CARTESIAN_POINT('',(-59.95264816284,2.060631275177,
    46.515579223633));
#7052 = VECTOR('',#7053,1.);
#7053 = DIRECTION('',(0.983870956546,0.,-0.178879682653));
#7054 = ORIENTED_EDGE('',*,*,#7034,.F.);
#7055 = ORIENTED_EDGE('',*,*,#7056,.T.);
#7056 = EDGE_CURVE('',#7027,#5291,#7057,.T.);
#7057 = LINE('',#7058,#7059);
#7058 = CARTESIAN_POINT('',(-59.95264816284,3.257885456085,
    46.515579223633));
#7059 = VECTOR('',#7060,1.);
#7060 = DIRECTION('',(0.,-1.,0.));
#7061 = PLANE('',#7062);
#7062 = AXIS2_PLACEMENT_3D('',#7063,#7064,#7065);
#7063 = CARTESIAN_POINT('',(-59.90648143687,2.618694092222,
    46.507185552455));
#7064 = DIRECTION('',(0.178879682653,0.,0.983870956546));
#7065 = DIRECTION('',(0.983870956546,0.,-0.178879682653));
#7066 = ADVANCED_FACE('',(#7067),#7077,.T.);
#7067 = FACE_BOUND('',#7068,.T.);
#7068 = EDGE_LOOP('',(#7069,#7070,#7071));
#7069 = ORIENTED_EDGE('',*,*,#5321,.T.);
#7070 = ORIENTED_EDGE('',*,*,#7056,.F.);
#7071 = ORIENTED_EDGE('',*,*,#7072,.F.);
#7072 = EDGE_CURVE('',#5322,#7027,#7073,.T.);
#7073 = LINE('',#7074,#7075);
#7074 = CARTESIAN_POINT('',(-60.05437850952,3.257885456085,
    46.570358276367));
#7075 = VECTOR('',#7076,1.);
#7076 = DIRECTION('',(0.880466859318,0.,-0.474107698358));
#7077 = PLANE('',#7078);
#7078 = AXIS2_PLACEMENT_3D('',#7079,#7080,#7081);
#7079 = CARTESIAN_POINT('',(-59.9793050951,2.686753143904,
    46.529933263956));
#7080 = DIRECTION('',(0.474107698358,0.,0.880466859318));
#7081 = DIRECTION('',(0.880466859318,0.,-0.474107698358));
#7082 = ADVANCED_FACE('',(#7083),#7100,.T.);
#7083 = FACE_BOUND('',#7084,.T.);
#7084 = EDGE_LOOP('',(#7085,#7086,#7094));
#7085 = ORIENTED_EDGE('',*,*,#7072,.T.);
#7086 = ORIENTED_EDGE('',*,*,#7087,.T.);
#7087 = EDGE_CURVE('',#7027,#7088,#7090,.T.);
#7088 = VERTEX_POINT('',#7089);
#7089 = CARTESIAN_POINT('',(-77.6141052246,3.257885456085,
    46.531234741211));
#7090 = LINE('',#7091,#7092);
#7091 = CARTESIAN_POINT('',(-59.95264816284,3.257885456085,
    46.515579223633));
#7092 = VECTOR('',#7093,1.);
#7093 = DIRECTION('',(-0.999999607128,0.,8.86422415362E-04));
#7094 = ORIENTED_EDGE('',*,*,#7095,.T.);
#7095 = EDGE_CURVE('',#7088,#5322,#7096,.T.);
#7096 = LINE('',#7097,#7098);
#7097 = CARTESIAN_POINT('',(-77.6141052246,3.257885456085,
    46.531234741211));
#7098 = VECTOR('',#7099,1.);
#7099 = DIRECTION('',(0.999997517958,0.,2.228020896042E-03));
#7100 = PLANE('',#7101);
#7101 = AXIS2_PLACEMENT_3D('',#7102,#7103,#7104);
#7102 = CARTESIAN_POINT('',(-68.77994523532,3.257885456085,
    46.537081517687));
#7103 = DIRECTION('',(0.,1.,0.));
#7104 = DIRECTION('',(0.,-0.,1.));
#7105 = ADVANCED_FACE('',(#7106),#7123,.T.);
#7106 = FACE_BOUND('',#7107,.T.);
#7107 = EDGE_LOOP('',(#7108,#7116,#7117));
#7108 = ORIENTED_EDGE('',*,*,#7109,.T.);
#7109 = EDGE_CURVE('',#7110,#5299,#7112,.T.);
#7110 = VERTEX_POINT('',#7111);
#7111 = CARTESIAN_POINT('',(-60.17175292968,3.257885456085,
    46.679908752441));
#7112 = LINE('',#7113,#7114);
#7113 = CARTESIAN_POINT('',(-60.17175292968,3.257885456085,
    46.679908752441));
#7114 = VECTOR('',#7115,1.);
#7115 = DIRECTION('',(9.716653120577E-02,-0.99112767131,
    -9.068960457497E-02));
#7116 = ORIENTED_EDGE('',*,*,#5329,.F.);
#7117 = ORIENTED_EDGE('',*,*,#7118,.T.);
#7118 = EDGE_CURVE('',#5322,#7110,#7119,.T.);
#7119 = LINE('',#7120,#7121);
#7120 = CARTESIAN_POINT('',(-60.05437850952,3.257885456085,
    46.570358276367));
#7121 = VECTOR('',#7122,1.);
#7122 = DIRECTION('',(-0.731052107844,0.,0.682321636486));
#7123 = PLANE('',#7124);
#7124 = AXIS2_PLACEMENT_3D('',#7125,#7126,#7127);
#7125 = CARTESIAN_POINT('',(-60.08568088132,2.696717854477,
    46.599574094673));
#7126 = DIRECTION('',(0.682321636486,0.,0.731052107844));
#7127 = DIRECTION('',(0.731052107844,0.,-0.682321636486));
#7128 = ADVANCED_FACE('',(#7129),#7146,.T.);
#7129 = FACE_BOUND('',#7130,.T.);
#7130 = EDGE_LOOP('',(#7131,#7139,#7140));
#7131 = ORIENTED_EDGE('',*,*,#7132,.T.);
#7132 = EDGE_CURVE('',#7133,#5299,#7135,.T.);
#7133 = VERTEX_POINT('',#7134);
#7134 = CARTESIAN_POINT('',(-60.17175292968,2.060631275177,
    46.679908752441));
#7135 = LINE('',#7136,#7137);
#7136 = CARTESIAN_POINT('',(-60.17175292968,2.060631275177,
    46.679908752441));
#7137 = VECTOR('',#7138,1.);
#7138 = DIRECTION('',(0.731052107844,0.,-0.682321636486));
#7139 = ORIENTED_EDGE('',*,*,#7109,.F.);
#7140 = ORIENTED_EDGE('',*,*,#7141,.T.);
#7141 = EDGE_CURVE('',#7110,#7133,#7142,.T.);
#7142 = LINE('',#7143,#7144);
#7143 = CARTESIAN_POINT('',(-60.17175292968,3.257885456085,
    46.679908752441));
#7144 = VECTOR('',#7145,1.);
#7145 = DIRECTION('',(0.,-1.,0.));
#7146 = PLANE('',#7147);
#7147 = AXIS2_PLACEMENT_3D('',#7148,#7149,#7150);
#7148 = CARTESIAN_POINT('',(-60.14045055788,2.621798876785,
    46.650692934136));
#7149 = DIRECTION('',(0.682321636486,0.,0.731052107844));
#7150 = DIRECTION('',(0.731052107844,0.,-0.682321636486));
#7151 = ADVANCED_FACE('',(#7152),#7169,.T.);
#7152 = FACE_BOUND('',#7153,.T.);
#7153 = EDGE_LOOP('',(#7154,#7162,#7163));
#7154 = ORIENTED_EDGE('',*,*,#7155,.T.);
#7155 = EDGE_CURVE('',#7156,#7133,#7158,.T.);
#7156 = VERTEX_POINT('',#7157);
#7157 = CARTESIAN_POINT('',(-60.25000762939,3.257885456085,
    46.820762634277));
#7158 = LINE('',#7159,#7160);
#7159 = CARTESIAN_POINT('',(-60.25000762939,3.257885456085,
    46.820762634277));
#7160 = VECTOR('',#7161,1.);
#7161 = DIRECTION('',(6.477777957995E-02,-0.991064660939,-0.116596213962
    ));
#7162 = ORIENTED_EDGE('',*,*,#7141,.F.);
#7163 = ORIENTED_EDGE('',*,*,#7164,.T.);
#7164 = EDGE_CURVE('',#7110,#7156,#7165,.T.);
#7165 = LINE('',#7166,#7167);
#7166 = CARTESIAN_POINT('',(-60.17175292968,3.257885456085,
    46.679908752441));
#7167 = VECTOR('',#7168,1.);
#7168 = DIRECTION('',(-0.485654991635,0.,0.874150575759));
#7169 = PLANE('',#7170);
#7170 = AXIS2_PLACEMENT_3D('',#7171,#7172,#7173);
#7171 = CARTESIAN_POINT('',(-60.19262718382,2.696842856744,
    46.717481188813));
#7172 = DIRECTION('',(0.874150575759,0.,0.485654991635));
#7173 = DIRECTION('',(-0.485654991635,0.,0.874150575759));
#7174 = ADVANCED_FACE('',(#7175),#7192,.T.);
#7175 = FACE_BOUND('',#7176,.T.);
#7176 = EDGE_LOOP('',(#7177,#7185,#7186));
#7177 = ORIENTED_EDGE('',*,*,#7178,.T.);
#7178 = EDGE_CURVE('',#7179,#7133,#7181,.T.);
#7179 = VERTEX_POINT('',#7180);
#7180 = CARTESIAN_POINT('',(-60.25000762939,2.060631275177,
    46.820762634277));
#7181 = LINE('',#7182,#7183);
#7182 = CARTESIAN_POINT('',(-60.25000762939,2.060631275177,
    46.820762634277));
#7183 = VECTOR('',#7184,1.);
#7184 = DIRECTION('',(0.485654991635,0.,-0.874150575759));
#7185 = ORIENTED_EDGE('',*,*,#7155,.F.);
#7186 = ORIENTED_EDGE('',*,*,#7187,.T.);
#7187 = EDGE_CURVE('',#7156,#7179,#7188,.T.);
#7188 = LINE('',#7189,#7190);
#7189 = CARTESIAN_POINT('',(-60.25000762939,3.257885456085,
    46.820762634277));
#7190 = VECTOR('',#7191,1.);
#7191 = DIRECTION('',(0.,-1.,0.));
#7192 = PLANE('',#7193);
#7193 = AXIS2_PLACEMENT_3D('',#7194,#7195,#7196);
#7194 = CARTESIAN_POINT('',(-60.22913337525,2.621673874518,
    46.783190197905));
#7195 = DIRECTION('',(0.874150575759,0.,0.485654991635));
#7196 = DIRECTION('',(-0.485654991635,0.,0.874150575759));
#7197 = ADVANCED_FACE('',(#7198),#7215,.T.);
#7198 = FACE_BOUND('',#7199,.T.);
#7199 = EDGE_LOOP('',(#7200,#7208,#7209));
#7200 = ORIENTED_EDGE('',*,*,#7201,.T.);
#7201 = EDGE_CURVE('',#7202,#7179,#7204,.T.);
#7202 = VERTEX_POINT('',#7203);
#7203 = CARTESIAN_POINT('',(-60.26747990121,3.257885456085,
    46.985397727062));
#7204 = LINE('',#7205,#7206);
#7205 = CARTESIAN_POINT('',(-60.28130722045,3.257885456085,
    46.985092163086));
#7206 = VECTOR('',#7207,1.);
#7207 = DIRECTION('',(2.589130251949E-02,-0.990379399104,-0.135934860443
    ));
#7208 = ORIENTED_EDGE('',*,*,#7187,.F.);
#7209 = ORIENTED_EDGE('',*,*,#7210,.T.);
#7210 = EDGE_CURVE('',#7156,#7202,#7211,.T.);
#7211 = LINE('',#7212,#7213);
#7212 = CARTESIAN_POINT('',(-60.25000762939,3.257885456085,
    46.820762634277));
#7213 = VECTOR('',#7214,1.);
#7214 = DIRECTION('',(-0.187104772762,0.,0.982339963561));
#7215 = PLANE('',#7216);
#7216 = AXIS2_PLACEMENT_3D('',#7217,#7218,#7219);
#7217 = CARTESIAN_POINT('',(-60.25837654336,2.69817175866,
    46.864701217592));
#7218 = DIRECTION('',(0.982339963561,0.,0.187104772762));
#7219 = DIRECTION('',(-0.187104772762,0.,0.982339963561));
#7220 = ADVANCED_FACE('',(#7221),#7238,.T.);
#7221 = FACE_BOUND('',#7222,.T.);
#7222 = EDGE_LOOP('',(#7223,#7231,#7232));
#7223 = ORIENTED_EDGE('',*,*,#7224,.T.);
#7224 = EDGE_CURVE('',#7225,#7179,#7227,.T.);
#7225 = VERTEX_POINT('',#7226);
#7226 = CARTESIAN_POINT('',(-60.28130722045,2.060631275177,
    46.985092163086));
#7227 = LINE('',#7228,#7229);
#7228 = CARTESIAN_POINT('',(-60.28130722045,2.060631275177,
    46.985092163086));
#7229 = VECTOR('',#7230,1.);
#7230 = DIRECTION('',(0.187104772762,0.,-0.982339963561));
#7231 = ORIENTED_EDGE('',*,*,#7201,.F.);
#7232 = ORIENTED_EDGE('',*,*,#7233,.T.);
#7233 = EDGE_CURVE('',#7202,#7225,#7234,.T.);
#7234 = LINE('',#7235,#7236);
#7235 = CARTESIAN_POINT('',(-60.28130722045,3.257885456085,
    46.985092163086));
#7236 = VECTOR('',#7237,1.);
#7237 = DIRECTION('',(0.,-1.,0.));
#7238 = PLANE('',#7239);
#7239 = AXIS2_PLACEMENT_3D('',#7240,#7241,#7242);
#7240 = CARTESIAN_POINT('',(-60.27293830648,2.620344972602,
    46.941153579771));
#7241 = DIRECTION('',(0.982339963561,0.,0.187104772762));
#7242 = DIRECTION('',(-0.187104772762,0.,0.982339963561));
#7243 = ADVANCED_FACE('',(#7244),#7259,.T.);
#7244 = FACE_BOUND('',#7245,.T.);
#7245 = EDGE_LOOP('',(#7246,#7252,#7258));
#7246 = ORIENTED_EDGE('',*,*,#7247,.T.);
#7247 = EDGE_CURVE('',#7202,#5105,#7248,.T.);
#7248 = LINE('',#7249,#7250);
#7249 = CARTESIAN_POINT('',(-60.28130722045,3.257885456085,
    46.985092163086));
#7250 = VECTOR('',#7251,1.);
#7251 = DIRECTION('',(0.,0.,1.));
#7252 = ORIENTED_EDGE('',*,*,#7253,.T.);
#7253 = EDGE_CURVE('',#5105,#7225,#7254,.T.);
#7254 = LINE('',#7255,#7256);
#7255 = CARTESIAN_POINT('',(-60.28130722045,3.257885456085,
    48.237125396729));
#7256 = VECTOR('',#7257,1.);
#7257 = DIRECTION('',(0.,-0.69111929482,-0.722740700617));
#7258 = ORIENTED_EDGE('',*,*,#7233,.F.);
#7259 = PLANE('',#7260);
#7260 = AXIS2_PLACEMENT_3D('',#7261,#7262,#7263);
#7261 = CARTESIAN_POINT('',(-60.28130722045,2.838495008842,
    47.431872136696));
#7262 = DIRECTION('',(1.,0.,0.));
#7263 = DIRECTION('',(-0.,0.,1.));
#7264 = ADVANCED_FACE('',(#7265),#7275,.T.);
#7265 = FACE_BOUND('',#7266,.T.);
#7266 = EDGE_LOOP('',(#7267,#7273,#7274));
#7267 = ORIENTED_EDGE('',*,*,#7268,.T.);
#7268 = EDGE_CURVE('',#5060,#7225,#7269,.T.);
#7269 = LINE('',#7270,#7271);
#7270 = CARTESIAN_POINT('',(-60.28130722045,2.060631275177,
    48.237125396729));
#7271 = VECTOR('',#7272,1.);
#7272 = DIRECTION('',(0.,0.,-1.));
#7273 = ORIENTED_EDGE('',*,*,#7253,.F.);
#7274 = ORIENTED_EDGE('',*,*,#5136,.T.);
#7275 = PLANE('',#7276);
#7276 = AXIS2_PLACEMENT_3D('',#7277,#7278,#7279);
#7277 = CARTESIAN_POINT('',(-60.28130722045,2.48002172242,
    47.790345423118));
#7278 = DIRECTION('',(1.,0.,0.));
#7279 = DIRECTION('',(-0.,0.,1.));
#7280 = ADVANCED_FACE('',(#7281),#7291,.T.);
#7281 = FACE_BOUND('',#7282,.T.);
#7282 = EDGE_LOOP('',(#7283,#7289,#7290));
#7283 = ORIENTED_EDGE('',*,*,#7284,.T.);
#7284 = EDGE_CURVE('',#5107,#5050,#7285,.T.);
#7285 = LINE('',#7286,#7287);
#7286 = CARTESIAN_POINT('',(-60.35955429077,3.257885456085,
    48.511009216309));
#7287 = VECTOR('',#7288,1.);
#7288 = DIRECTION('',(3.904204267087E-02,-0.995649810545,
    -8.460008076273E-02));
#7289 = ORIENTED_EDGE('',*,*,#5090,.F.);
#7290 = ORIENTED_EDGE('',*,*,#5114,.F.);
#7291 = PLANE('',#7292);
#7292 = AXIS2_PLACEMENT_3D('',#7293,#7294,#7295);
#7293 = CARTESIAN_POINT('',(-60.3248916607,2.685960793035,
    48.435898871081));
#7294 = DIRECTION('',(0.907976324421,0.,0.419021472351));
#7295 = DIRECTION('',(-0.419021472351,0.,0.907976324421));
#7296 = ADVANCED_FACE('',(#7297),#7307,.T.);
#7297 = FACE_BOUND('',#7298,.T.);
#7298 = EDGE_LOOP('',(#7299,#7300,#7301));
#7299 = ORIENTED_EDGE('',*,*,#5049,.F.);
#7300 = ORIENTED_EDGE('',*,*,#7284,.F.);
#7301 = ORIENTED_EDGE('',*,*,#7302,.T.);
#7302 = EDGE_CURVE('',#5107,#5052,#7303,.T.);
#7303 = LINE('',#7304,#7305);
#7304 = CARTESIAN_POINT('',(-60.35955429077,3.257885456085,
    48.511009216309));
#7305 = VECTOR('',#7306,1.);
#7306 = DIRECTION('',(0.,-1.,0.));
#7307 = PLANE('',#7308);
#7308 = AXIS2_PLACEMENT_3D('',#7309,#7310,#7311);
#7309 = CARTESIAN_POINT('',(-60.34726944159,2.632555938227,
    48.484389214856));
#7310 = DIRECTION('',(0.907976324421,0.,0.419021472351));
#7311 = DIRECTION('',(-0.419021472351,0.,0.907976324421));
#7312 = ADVANCED_FACE('',(#7313),#7330,.T.);
#7313 = FACE_BOUND('',#7314,.T.);
#7314 = EDGE_LOOP('',(#7315,#7323,#7324));
#7315 = ORIENTED_EDGE('',*,*,#7316,.T.);
#7316 = EDGE_CURVE('',#7317,#5052,#7319,.T.);
#7317 = VERTEX_POINT('',#7318);
#7318 = CARTESIAN_POINT('',(-60.46910476684,3.257885456085,
    48.628387451172));
#7319 = LINE('',#7320,#7321);
#7320 = CARTESIAN_POINT('',(-60.46910476684,3.257885456085,
    48.628387451172));
#7321 = VECTOR('',#7322,1.);
#7322 = DIRECTION('',(9.068957674682E-02,-0.991127367181,
    -9.716965932514E-02));
#7323 = ORIENTED_EDGE('',*,*,#7302,.F.);
#7324 = ORIENTED_EDGE('',*,*,#7325,.T.);
#7325 = EDGE_CURVE('',#5107,#7317,#7326,.T.);
#7326 = LINE('',#7327,#7328);
#7327 = CARTESIAN_POINT('',(-60.35955429077,3.257885456085,
    48.511009216309));
#7328 = VECTOR('',#7329,1.);
#7329 = DIRECTION('',(-0.682309785127,0.,0.731063169035));
#7330 = PLANE('',#7331);
#7331 = AXIS2_PLACEMENT_3D('',#7332,#7333,#7334);
#7332 = CARTESIAN_POINT('',(-60.38877014055,2.696718459002,
    48.542312639168));
#7333 = DIRECTION('',(0.731063169035,0.,0.682309785127));
#7334 = DIRECTION('',(-0.682309785127,0.,0.731063169035));
#7335 = ADVANCED_FACE('',(#7336),#7351,.T.);
#7336 = FACE_BOUND('',#7337,.T.);
#7337 = EDGE_LOOP('',(#7338,#7344,#7345));
#7338 = ORIENTED_EDGE('',*,*,#7339,.T.);
#7339 = EDGE_CURVE('',#4997,#5052,#7340,.T.);
#7340 = LINE('',#7341,#7342);
#7341 = CARTESIAN_POINT('',(-60.46910476684,2.060631275177,
    48.628387451172));
#7342 = VECTOR('',#7343,1.);
#7343 = DIRECTION('',(0.682309785127,0.,-0.731063169035));
#7344 = ORIENTED_EDGE('',*,*,#7316,.F.);
#7345 = ORIENTED_EDGE('',*,*,#7346,.T.);
#7346 = EDGE_CURVE('',#7317,#4997,#7347,.T.);
#7347 = LINE('',#7348,#7349);
#7348 = CARTESIAN_POINT('',(-60.46910476684,3.257885456085,
    48.628387451172));
#7349 = VECTOR('',#7350,1.);
#7350 = DIRECTION('',(0.,-1.,0.));
#7351 = PLANE('',#7352);
#7352 = AXIS2_PLACEMENT_3D('',#7353,#7354,#7355);
#7353 = CARTESIAN_POINT('',(-60.43988891706,2.621798272261,
    48.597084028312));
#7354 = DIRECTION('',(0.731063169035,0.,0.682309785127));
#7355 = DIRECTION('',(-0.682309785127,0.,0.731063169035));
#7356 = ADVANCED_FACE('',(#7357),#7367,.T.);
#7357 = FACE_BOUND('',#7358,.T.);
#7358 = EDGE_LOOP('',(#7359,#7360,#7361));
#7359 = ORIENTED_EDGE('',*,*,#5027,.T.);
#7360 = ORIENTED_EDGE('',*,*,#7346,.F.);
#7361 = ORIENTED_EDGE('',*,*,#7362,.F.);
#7362 = EDGE_CURVE('',#5028,#7317,#7363,.T.);
#7363 = LINE('',#7364,#7365);
#7364 = CARTESIAN_POINT('',(-60.61779022216,3.257885456085,
    48.706638336182));
#7365 = VECTOR('',#7366,1.);
#7366 = DIRECTION('',(0.884929549441,0.,-0.465724910785));
#7367 = PLANE('',#7368);
#7368 = AXIS2_PLACEMENT_3D('',#7369,#7370,#7371);
#7369 = CARTESIAN_POINT('',(-60.5088716797,2.698330193239,48.64931617025
    ));
#7370 = DIRECTION('',(0.465724910785,0.,0.884929549441));
#7371 = DIRECTION('',(0.884929549441,0.,-0.465724910785));
#7372 = ADVANCED_FACE('',(#7373),#7390,.T.);
#7373 = FACE_BOUND('',#7374,.T.);
#7374 = EDGE_LOOP('',(#7375,#7376,#7384));
#7375 = ORIENTED_EDGE('',*,*,#7362,.T.);
#7376 = ORIENTED_EDGE('',*,*,#7377,.T.);
#7377 = EDGE_CURVE('',#7317,#7378,#7380,.T.);
#7378 = VERTEX_POINT('',#7379);
#7379 = CARTESIAN_POINT('',(-60.78211975097,3.257885456085,
    48.737937927246));
#7380 = LINE('',#7381,#7382);
#7381 = CARTESIAN_POINT('',(-60.46910476684,3.257885456085,
    48.628387451172));
#7382 = VECTOR('',#7383,1.);
#7383 = DIRECTION('',(-0.943862839556,0.,0.330337615336));
#7384 = ORIENTED_EDGE('',*,*,#7385,.T.);
#7385 = EDGE_CURVE('',#7378,#5028,#7386,.T.);
#7386 = LINE('',#7387,#7388);
#7387 = CARTESIAN_POINT('',(-60.78211975097,3.257885456085,
    48.737937927246));
#7388 = VECTOR('',#7389,1.);
#7389 = DIRECTION('',(0.982339963561,0.,-0.187104772762));
#7390 = PLANE('',#7391);
#7391 = AXIS2_PLACEMENT_3D('',#7392,#7393,#7394);
#7392 = CARTESIAN_POINT('',(-60.62355965398,3.257885456085,
    48.689033694626));
#7393 = DIRECTION('',(0.,1.,0.));
#7394 = DIRECTION('',(0.,-0.,1.));
#7395 = ADVANCED_FACE('',(#7396),#7406,.T.);
#7396 = FACE_BOUND('',#7397,.T.);
#7397 = EDGE_LOOP('',(#7398,#7404,#7405));
#7398 = ORIENTED_EDGE('',*,*,#7399,.T.);
#7399 = EDGE_CURVE('',#7378,#5005,#7400,.T.);
#7400 = LINE('',#7401,#7402);
#7401 = CARTESIAN_POINT('',(-60.78211975097,3.257885456085,
    48.737937927246));
#7402 = VECTOR('',#7403,1.);
#7403 = DIRECTION('',(0.135934860443,-0.990379399104,-2.589130251949E-02
    ));
#7404 = ORIENTED_EDGE('',*,*,#5035,.F.);
#7405 = ORIENTED_EDGE('',*,*,#7385,.F.);
#7406 = PLANE('',#7407);
#7407 = AXIS2_PLACEMENT_3D('',#7408,#7409,#7410);
#7408 = CARTESIAN_POINT('',(-60.66172880548,2.69817175866,
    48.715007250154));
#7409 = DIRECTION('',(0.187104772762,0.,0.982339963561));
#7410 = DIRECTION('',(0.982339963561,0.,-0.187104772762));
#7411 = ADVANCED_FACE('',(#7412),#7422,.T.);
#7412 = FACE_BOUND('',#7413,.T.);
#7413 = EDGE_LOOP('',(#7414,#7415,#7416));
#7414 = ORIENTED_EDGE('',*,*,#5012,.F.);
#7415 = ORIENTED_EDGE('',*,*,#7399,.F.);
#7416 = ORIENTED_EDGE('',*,*,#7417,.T.);
#7417 = EDGE_CURVE('',#7378,#4995,#7418,.T.);
#7418 = LINE('',#7419,#7420);
#7419 = CARTESIAN_POINT('',(-60.78211975097,3.257885456085,
    48.737937927246));
#7420 = VECTOR('',#7421,1.);
#7421 = DIRECTION('',(0.,-1.,0.));
#7422 = PLANE('',#7423);
#7423 = AXIS2_PLACEMENT_3D('',#7424,#7425,#7426);
#7424 = CARTESIAN_POINT('',(-60.73818116766,2.620344972602,
    48.729569013274));
#7425 = DIRECTION('',(0.187104772762,0.,0.982339963561));
#7426 = DIRECTION('',(0.982339963561,0.,-0.187104772762));
#7427 = ADVANCED_FACE('',(#7428),#7445,.T.);
#7428 = FACE_BOUND('',#7429,.T.);
#7429 = EDGE_LOOP('',(#7430,#7438,#7444));
#7430 = ORIENTED_EDGE('',*,*,#7431,.T.);
#7431 = EDGE_CURVE('',#7378,#7432,#7434,.T.);
#7432 = VERTEX_POINT('',#7433);
#7433 = CARTESIAN_POINT('',(-76.77680969238,3.257885456085,
    48.75358581543));
#7434 = LINE('',#7435,#7436);
#7435 = CARTESIAN_POINT('',(-60.78211975097,3.257885456085,
    48.737937927246));
#7436 = VECTOR('',#7437,1.);
#7437 = DIRECTION('',(-0.999999521448,0.,9.783172260658E-04));
#7438 = ORIENTED_EDGE('',*,*,#7439,.T.);
#7439 = EDGE_CURVE('',#7432,#4995,#7440,.T.);
#7440 = LINE('',#7441,#7442);
#7441 = CARTESIAN_POINT('',(-76.77680969238,3.257885456085,
    48.75358581543));
#7442 = VECTOR('',#7443,1.);
#7443 = DIRECTION('',(0.997209740461,-7.464436856125E-02,
    -9.755879339636E-04));
#7444 = ORIENTED_EDGE('',*,*,#7417,.F.);
#7445 = PLANE('',#7446);
#7446 = AXIS2_PLACEMENT_3D('',#7447,#7448,#7449);
#7447 = CARTESIAN_POINT('',(-68.49133795377,2.947385271421,
    48.745479991823));
#7448 = DIRECTION('',(9.783172260658E-04,0.,0.999999521448));
#7449 = DIRECTION('',(0.999999521448,0.,-9.783172260658E-04));
#7450 = ADVANCED_FACE('',(#7451),#7468,.T.);
#7451 = FACE_BOUND('',#7452,.T.);
#7452 = EDGE_LOOP('',(#7453,#7454,#7462));
#7453 = ORIENTED_EDGE('',*,*,#7439,.F.);
#7454 = ORIENTED_EDGE('',*,*,#7455,.T.);
#7455 = EDGE_CURVE('',#7432,#7456,#7458,.T.);
#7456 = VERTEX_POINT('',#7457);
#7457 = CARTESIAN_POINT('',(-76.77680969238,2.060631275177,
    48.75358581543));
#7458 = LINE('',#7459,#7460);
#7459 = CARTESIAN_POINT('',(-76.77680969238,3.257885456085,
    48.75358581543));
#7460 = VECTOR('',#7461,1.);
#7461 = DIRECTION('',(0.,-1.,0.));
#7462 = ORIENTED_EDGE('',*,*,#7463,.T.);
#7463 = EDGE_CURVE('',#7456,#4995,#7464,.T.);
#7464 = LINE('',#7465,#7466);
#7465 = CARTESIAN_POINT('',(-76.77680969238,2.060631275177,
    48.75358581543));
#7466 = VECTOR('',#7467,1.);
#7467 = DIRECTION('',(0.999999521448,0.,-9.783172260658E-04));
#7468 = PLANE('',#7469);
#7469 = AXIS2_PLACEMENT_3D('',#7470,#7471,#7472);
#7470 = CARTESIAN_POINT('',(-69.06759148958,2.371131459841,
    48.746043750853));
#7471 = DIRECTION('',(9.783172260658E-04,0.,0.999999521448));
#7472 = DIRECTION('',(0.999999521448,0.,-9.783172260658E-04));
#7473 = ADVANCED_FACE('',(#7474),#7491,.T.);
#7474 = FACE_BOUND('',#7475,.T.);
#7475 = EDGE_LOOP('',(#7476,#7484,#7490));
#7476 = ORIENTED_EDGE('',*,*,#7477,.T.);
#7477 = EDGE_CURVE('',#7432,#7478,#7480,.T.);
#7478 = VERTEX_POINT('',#7479);
#7479 = CARTESIAN_POINT('',(-76.95679473877,3.257885456085,
    48.722286224365));
#7480 = LINE('',#7481,#7482);
#7481 = CARTESIAN_POINT('',(-76.77680969238,3.257885456085,
    48.75358581543));
#7482 = VECTOR('',#7483,1.);
#7483 = DIRECTION('',(-0.985213747082,0.,-0.171329718851));
#7484 = ORIENTED_EDGE('',*,*,#7485,.T.);
#7485 = EDGE_CURVE('',#7478,#7456,#7486,.T.);
#7486 = LINE('',#7487,#7488);
#7487 = CARTESIAN_POINT('',(-76.95679473877,3.257885456085,
    48.722286224365));
#7488 = VECTOR('',#7489,1.);
#7489 = DIRECTION('',(0.148611418472,-0.988557914494,2.584368378961E-02)
  );
#7490 = ORIENTED_EDGE('',*,*,#7455,.F.);
#7491 = PLANE('',#7492);
#7492 = AXIS2_PLACEMENT_3D('',#7493,#7494,#7495);
#7493 = CARTESIAN_POINT('',(-76.82521913958,2.70146552739,
    48.745167361055));
#7494 = DIRECTION('',(-0.171329718851,0.,0.985213747082));
#7495 = DIRECTION('',(0.985213747082,0.,0.171329718851));
#7496 = ADVANCED_FACE('',(#7497),#7514,.T.);
#7497 = FACE_BOUND('',#7498,.T.);
#7498 = EDGE_LOOP('',(#7499,#7507,#7508));
#7499 = ORIENTED_EDGE('',*,*,#7500,.T.);
#7500 = EDGE_CURVE('',#7501,#7456,#7503,.T.);
#7501 = VERTEX_POINT('',#7502);
#7502 = CARTESIAN_POINT('',(-76.95679473877,2.060631275177,
    48.722286224365));
#7503 = LINE('',#7504,#7505);
#7504 = CARTESIAN_POINT('',(-76.95679473877,2.060631275177,
    48.722286224365));
#7505 = VECTOR('',#7506,1.);
#7506 = DIRECTION('',(0.985213747082,0.,0.171329718851));
#7507 = ORIENTED_EDGE('',*,*,#7485,.F.);
#7508 = ORIENTED_EDGE('',*,*,#7509,.T.);
#7509 = EDGE_CURVE('',#7478,#7501,#7510,.T.);
#7510 = LINE('',#7511,#7512);
#7511 = CARTESIAN_POINT('',(-76.95679473877,3.257885456085,
    48.722286224365));
#7512 = VECTOR('',#7513,1.);
#7513 = DIRECTION('',(0.,-1.,0.));
#7514 = PLANE('',#7515);
#7515 = AXIS2_PLACEMENT_3D('',#7516,#7517,#7518);
#7516 = CARTESIAN_POINT('',(-76.90838529156,2.617051203872,
    48.73070467874));
#7517 = DIRECTION('',(-0.171329718851,0.,0.985213747082));
#7518 = DIRECTION('',(0.985213747082,0.,0.171329718851));
#7519 = ADVANCED_FACE('',(#7520),#7537,.T.);
#7520 = FACE_BOUND('',#7521,.T.);
#7521 = EDGE_LOOP('',(#7522,#7530,#7531));
#7522 = ORIENTED_EDGE('',*,*,#7523,.T.);
#7523 = EDGE_CURVE('',#7524,#7501,#7526,.T.);
#7524 = VERTEX_POINT('',#7525);
#7525 = CARTESIAN_POINT('',(-77.17589569091,3.257885456085,
    48.557956695557));
#7526 = LINE('',#7527,#7528);
#7527 = CARTESIAN_POINT('',(-77.17589569091,3.257885456085,
    48.557956695557));
#7528 = VECTOR('',#7529,1.);
#7529 = DIRECTION('',(0.178394769538,-0.974819513959,0.133799183128));
#7530 = ORIENTED_EDGE('',*,*,#7509,.F.);
#7531 = ORIENTED_EDGE('',*,*,#7532,.T.);
#7532 = EDGE_CURVE('',#7478,#7524,#7533,.T.);
#7533 = LINE('',#7534,#7535);
#7534 = CARTESIAN_POINT('',(-76.95679473877,3.257885456085,
    48.722286224365));
#7535 = VECTOR('',#7536,1.);
#7536 = DIRECTION('',(-0.799993314304,0.,-0.600008914158));
#7537 = PLANE('',#7538);
#7538 = AXIS2_PLACEMENT_3D('',#7539,#7540,#7541);
#7539 = CARTESIAN_POINT('',(-77.01775516079,2.719996440788,
    48.676564846484));
#7540 = DIRECTION('',(-0.600008914158,0.,0.799993314304));
#7541 = DIRECTION('',(0.799993314304,0.,0.600008914158));
#7542 = ADVANCED_FACE('',(#7543),#7568,.T.);
#7543 = FACE_BOUND('',#7544,.T.);
#7544 = EDGE_LOOP('',(#7545,#7555,#7561,#7562));
#7545 = ORIENTED_EDGE('',*,*,#7546,.F.);
#7546 = EDGE_CURVE('',#7547,#7549,#7551,.T.);
#7547 = VERTEX_POINT('',#7548);
#7548 = CARTESIAN_POINT('',(-77.05335296545,2.060631275177,
    48.660625158705));
#7549 = VERTEX_POINT('',#7550);
#7550 = CARTESIAN_POINT('',(-77.17589569091,2.060631275177,
    48.557956695557));
#7551 = LINE('',#7552,#7553);
#7552 = CARTESIAN_POINT('',(-77.05851745605,2.060631275177,
    48.667510986328));
#7553 = VECTOR('',#7554,1.);
#7554 = DIRECTION('',(-0.731051317874,0.,-0.682322482874));
#7555 = ORIENTED_EDGE('',*,*,#7556,.F.);
#7556 = EDGE_CURVE('',#7501,#7547,#7557,.T.);
#7557 = LINE('',#7558,#7559);
#7558 = CARTESIAN_POINT('',(-76.95679473877,2.060631275177,
    48.722286224365));
#7559 = VECTOR('',#7560,1.);
#7560 = DIRECTION('',(-0.880465798765,0.,-0.474109667909));
#7561 = ORIENTED_EDGE('',*,*,#7523,.F.);
#7562 = ORIENTED_EDGE('',*,*,#7563,.T.);
#7563 = EDGE_CURVE('',#7524,#7549,#7564,.T.);
#7564 = LINE('',#7565,#7566);
#7565 = CARTESIAN_POINT('',(-77.17589569091,3.257885456085,
    48.557956695557));
#7566 = VECTOR('',#7567,1.);
#7567 = DIRECTION('',(0.,-1.,0.));
#7568 = PLANE('',#7569);
#7569 = AXIS2_PLACEMENT_3D('',#7570,#7571,#7572);
#7570 = CARTESIAN_POINT('',(-77.11493526889,2.598520290474,
    48.603678073438));
#7571 = DIRECTION('',(-0.600008914158,0.,0.799993314304));
#7572 = DIRECTION('',(0.799993314304,0.,0.600008914158));
#7573 = ADVANCED_FACE('',(#7574),#7591,.T.);
#7574 = FACE_BOUND('',#7575,.T.);
#7575 = EDGE_LOOP('',(#7576,#7584,#7585));
#7576 = ORIENTED_EDGE('',*,*,#7577,.T.);
#7577 = EDGE_CURVE('',#7578,#7549,#7580,.T.);
#7578 = VERTEX_POINT('',#7579);
#7579 = CARTESIAN_POINT('',(-77.25414276123,3.257885456085,
    48.417102813721));
#7580 = LINE('',#7581,#7582);
#7581 = CARTESIAN_POINT('',(-77.25414276123,3.257885456085,
    48.417102813721));
#7582 = VECTOR('',#7583,1.);
#7583 = DIRECTION('',(6.477149060645E-02,-0.991065066366,0.116596261659)
  );
#7584 = ORIENTED_EDGE('',*,*,#7563,.F.);
#7585 = ORIENTED_EDGE('',*,*,#7586,.T.);
#7586 = EDGE_CURVE('',#7524,#7578,#7587,.T.);
#7587 = LINE('',#7588,#7589);
#7588 = CARTESIAN_POINT('',(-77.17589569091,3.257885456085,
    48.557956695557));
#7589 = VECTOR('',#7590,1.);
#7590 = DIRECTION('',(-0.485618809434,0.,-0.874170676655));
#7591 = PLANE('',#7592);
#7592 = AXIS2_PLACEMENT_3D('',#7593,#7594,#7595);
#7593 = CARTESIAN_POINT('',(-77.19676788006,2.696842054013,
    48.520384312943));
#7594 = DIRECTION('',(-0.874170676655,-0.,0.485618809434));
#7595 = DIRECTION('',(-0.485618809434,0.,-0.874170676655));
#7596 = ADVANCED_FACE('',(#7597),#7614,.T.);
#7597 = FACE_BOUND('',#7598,.T.);
#7598 = EDGE_LOOP('',(#7599,#7607,#7608));
#7599 = ORIENTED_EDGE('',*,*,#7600,.T.);
#7600 = EDGE_CURVE('',#7601,#7549,#7603,.T.);
#7601 = VERTEX_POINT('',#7602);
#7602 = CARTESIAN_POINT('',(-77.25414276123,2.060631275177,
    48.417102813721));
#7603 = LINE('',#7604,#7605);
#7604 = CARTESIAN_POINT('',(-77.25414276123,2.060631275177,
    48.417102813721));
#7605 = VECTOR('',#7606,1.);
#7606 = DIRECTION('',(0.485618809434,0.,0.874170676655));
#7607 = ORIENTED_EDGE('',*,*,#7577,.F.);
#7608 = ORIENTED_EDGE('',*,*,#7609,.T.);
#7609 = EDGE_CURVE('',#7578,#7601,#7610,.T.);
#7610 = LINE('',#7611,#7612);
#7611 = CARTESIAN_POINT('',(-77.25414276123,3.257885456085,
    48.417102813721));
#7612 = VECTOR('',#7613,1.);
#7613 = DIRECTION('',(0.,-1.,0.));
#7614 = PLANE('',#7615);
#7615 = AXIS2_PLACEMENT_3D('',#7616,#7617,#7618);
#7616 = CARTESIAN_POINT('',(-77.23327057208,2.621674677249,
    48.454675196335));
#7617 = DIRECTION('',(-0.874170676655,-0.,0.485618809434));
#7618 = DIRECTION('',(-0.485618809434,0.,-0.874170676655));
#7619 = ADVANCED_FACE('',(#7620),#7637,.T.);
#7620 = FACE_BOUND('',#7621,.T.);
#7621 = EDGE_LOOP('',(#7622,#7630,#7631));
#7622 = ORIENTED_EDGE('',*,*,#7623,.T.);
#7623 = EDGE_CURVE('',#7624,#7601,#7626,.T.);
#7624 = VERTEX_POINT('',#7625);
#7625 = CARTESIAN_POINT('',(-77.27762603759,3.257885456085,
    48.252773284912));
#7626 = LINE('',#7627,#7628);
#7627 = CARTESIAN_POINT('',(-77.27762603759,3.257885456085,
    48.252773284912));
#7628 = VECTOR('',#7629,1.);
#7629 = DIRECTION('',(1.942842341696E-02,-0.990524524802,0.13595477972)
  );
#7630 = ORIENTED_EDGE('',*,*,#7609,.F.);
#7631 = ORIENTED_EDGE('',*,*,#7632,.T.);
#7632 = EDGE_CURVE('',#7578,#7624,#7633,.T.);
#7633 = LINE('',#7634,#7635);
#7634 = CARTESIAN_POINT('',(-77.25414276123,3.257885456085,
    48.417102813721));
#7635 = VECTOR('',#7636,1.);
#7636 = DIRECTION('',(-0.141466397374,0.,-0.989943058167));
#7637 = PLANE('',#7638);
#7638 = AXIS2_PLACEMENT_3D('',#7639,#7640,#7641);
#7639 = CARTESIAN_POINT('',(-77.26041863665,2.697894839424,
    48.37318595834));
#7640 = DIRECTION('',(-0.989943058167,-0.,0.141466397374));
#7641 = DIRECTION('',(-0.141466397374,0.,-0.989943058167));
#7642 = ADVANCED_FACE('',(#7643),#7660,.T.);
#7643 = FACE_BOUND('',#7644,.T.);
#7644 = EDGE_LOOP('',(#7645,#7653,#7654));
#7645 = ORIENTED_EDGE('',*,*,#7646,.T.);
#7646 = EDGE_CURVE('',#7647,#7601,#7649,.T.);
#7647 = VERTEX_POINT('',#7648);
#7648 = CARTESIAN_POINT('',(-77.27762603759,2.060631275177,
    48.252773284912));
#7649 = LINE('',#7650,#7651);
#7650 = CARTESIAN_POINT('',(-77.27762603759,2.060631275177,
    48.252773284912));
#7651 = VECTOR('',#7652,1.);
#7652 = DIRECTION('',(0.141466397374,0.,0.989943058167));
#7653 = ORIENTED_EDGE('',*,*,#7623,.F.);
#7654 = ORIENTED_EDGE('',*,*,#7655,.T.);
#7655 = EDGE_CURVE('',#7624,#7647,#7656,.T.);
#7656 = LINE('',#7657,#7658);
#7657 = CARTESIAN_POINT('',(-77.27762603759,3.257885456085,
    48.252773284912));
#7658 = VECTOR('',#7659,1.);
#7659 = DIRECTION('',(0.,-1.,0.));
#7660 = PLANE('',#7661);
#7661 = AXIS2_PLACEMENT_3D('',#7662,#7663,#7664);
#7662 = CARTESIAN_POINT('',(-77.27135016216,2.620621891838,
    48.296690140293));
#7663 = DIRECTION('',(-0.989943058167,-0.,0.141466397374));
#7664 = DIRECTION('',(-0.141466397374,0.,-0.989943058167));
#7665 = ADVANCED_FACE('',(#7666),#7683,.T.);
#7666 = FACE_BOUND('',#7667,.T.);
#7667 = EDGE_LOOP('',(#7668,#7676,#7682));
#7668 = ORIENTED_EDGE('',*,*,#7669,.T.);
#7669 = EDGE_CURVE('',#7624,#7670,#7672,.T.);
#7670 = VERTEX_POINT('',#7671);
#7671 = CARTESIAN_POINT('',(-77.27762603759,3.257885456085,
    47.000747680664));
#7672 = LINE('',#7673,#7674);
#7673 = CARTESIAN_POINT('',(-77.27762603759,3.257885456085,
    48.252773284912));
#7674 = VECTOR('',#7675,1.);
#7675 = DIRECTION('',(0.,0.,-1.));
#7676 = ORIENTED_EDGE('',*,*,#7677,.T.);
#7677 = EDGE_CURVE('',#7670,#7647,#7678,.T.);
#7678 = LINE('',#7679,#7680);
#7679 = CARTESIAN_POINT('',(-77.27762603759,3.257885456085,
    47.000747680664));
#7680 = VECTOR('',#7681,1.);
#7681 = DIRECTION('',(0.,-0.691121494669,0.722738597009));
#7682 = ORIENTED_EDGE('',*,*,#7655,.F.);
#7683 = PLANE('',#7684);
#7684 = AXIS2_PLACEMENT_3D('',#7685,#7686,#7687);
#7685 = CARTESIAN_POINT('',(-77.27762603759,2.83849448001,
    47.805996597167));
#7686 = DIRECTION('',(-1.,-0.,-0.));
#7687 = DIRECTION('',(0.,0.,-1.));
#7688 = ADVANCED_FACE('',(#7689),#7706,.T.);
#7689 = FACE_BOUND('',#7690,.T.);
#7690 = EDGE_LOOP('',(#7691,#7699,#7700));
#7691 = ORIENTED_EDGE('',*,*,#7692,.T.);
#7692 = EDGE_CURVE('',#7693,#7647,#7695,.T.);
#7693 = VERTEX_POINT('',#7694);
#7694 = CARTESIAN_POINT('',(-77.27762603759,2.060631275177,
    47.000747680664));
#7695 = LINE('',#7696,#7697);
#7696 = CARTESIAN_POINT('',(-77.27762603759,2.060631275177,
    47.000747680664));
#7697 = VECTOR('',#7698,1.);
#7698 = DIRECTION('',(0.,0.,1.));
#7699 = ORIENTED_EDGE('',*,*,#7677,.F.);
#7700 = ORIENTED_EDGE('',*,*,#7701,.T.);
#7701 = EDGE_CURVE('',#7670,#7693,#7702,.T.);
#7702 = LINE('',#7703,#7704);
#7703 = CARTESIAN_POINT('',(-77.27762603759,3.257885456085,
    47.000747680664));
#7704 = VECTOR('',#7705,1.);
#7705 = DIRECTION('',(0.,-1.,0.));
#7706 = PLANE('',#7707);
#7707 = AXIS2_PLACEMENT_3D('',#7708,#7709,#7710);
#7708 = CARTESIAN_POINT('',(-77.27762603759,2.480022251252,
    47.447524368409));
#7709 = DIRECTION('',(-1.,-0.,-0.));
#7710 = DIRECTION('',(0.,0.,-1.));
#7711 = ADVANCED_FACE('',(#7712),#7729,.T.);
#7712 = FACE_BOUND('',#7713,.T.);
#7713 = EDGE_LOOP('',(#7714,#7722,#7728));
#7714 = ORIENTED_EDGE('',*,*,#7715,.T.);
#7715 = EDGE_CURVE('',#7670,#7716,#7718,.T.);
#7716 = VERTEX_POINT('',#7717);
#7717 = CARTESIAN_POINT('',(-77.31930059065,3.257885456085,
    46.831855997493));
#7718 = LINE('',#7719,#7720);
#7719 = CARTESIAN_POINT('',(-77.27762603759,3.257885456085,
    47.000747680664));
#7720 = VECTOR('',#7721,1.);
#7721 = DIRECTION('',(-0.178858578825,0.,-0.983874793244));
#7722 = ORIENTED_EDGE('',*,*,#7723,.T.);
#7723 = EDGE_CURVE('',#7716,#7693,#7724,.T.);
#7724 = LINE('',#7725,#7726);
#7725 = CARTESIAN_POINT('',(-77.30892181396,3.257885456085,
    46.828594207764));
#7726 = VECTOR('',#7727,1.);
#7727 = DIRECTION('',(2.586486258721E-02,-0.989488629642,0.142278813225)
  );
#7728 = ORIENTED_EDGE('',*,*,#7701,.F.);
#7729 = PLANE('',#7730);
#7730 = AXIS2_PLACEMENT_3D('',#7731,#7732,#7733);
#7731 = CARTESIAN_POINT('',(-77.28601868358,2.699822493125,
    46.954580966765));
#7732 = DIRECTION('',(-0.983874793244,-0.,0.178858578825));
#7733 = DIRECTION('',(-0.178858578825,0.,-0.983874793244));
#7734 = ADVANCED_FACE('',(#7735),#7752,.T.);
#7735 = FACE_BOUND('',#7736,.T.);
#7736 = EDGE_LOOP('',(#7737,#7745,#7746));
#7737 = ORIENTED_EDGE('',*,*,#7738,.T.);
#7738 = EDGE_CURVE('',#7739,#7693,#7741,.T.);
#7739 = VERTEX_POINT('',#7740);
#7740 = CARTESIAN_POINT('',(-77.30892181396,2.060631275177,
    46.828594207764));
#7741 = LINE('',#7742,#7743);
#7742 = CARTESIAN_POINT('',(-77.30892181396,2.060631275177,
    46.828594207764));
#7743 = VECTOR('',#7744,1.);
#7744 = DIRECTION('',(0.178858578825,0.,0.983874793244));
#7745 = ORIENTED_EDGE('',*,*,#7723,.F.);
#7746 = ORIENTED_EDGE('',*,*,#7747,.T.);
#7747 = EDGE_CURVE('',#7716,#7739,#7748,.T.);
#7748 = LINE('',#7749,#7750);
#7749 = CARTESIAN_POINT('',(-77.30892181396,3.257885456085,
    46.828594207764));
#7750 = VECTOR('',#7751,1.);
#7751 = DIRECTION('',(0.,-1.,0.));
#7752 = PLANE('',#7753);
#7753 = AXIS2_PLACEMENT_3D('',#7754,#7755,#7756);
#7754 = CARTESIAN_POINT('',(-77.30052916797,2.618694238137,
    46.874760921662));
#7755 = DIRECTION('',(-0.983874793244,-0.,0.178858578825));
#7756 = DIRECTION('',(-0.178858578825,0.,-0.983874793244));
#7757 = ADVANCED_FACE('',(#7758),#7775,.T.);
#7758 = FACE_BOUND('',#7759,.T.);
#7759 = EDGE_LOOP('',(#7760,#7768,#7769));
#7760 = ORIENTED_EDGE('',*,*,#7761,.T.);
#7761 = EDGE_CURVE('',#7762,#7739,#7764,.T.);
#7762 = VERTEX_POINT('',#7763);
#7763 = CARTESIAN_POINT('',(-77.36370086669,3.257885456085,
    46.726863861084));
#7764 = LINE('',#7765,#7766);
#7765 = CARTESIAN_POINT('',(-77.36370086669,3.257885456085,
    46.726863861084));
#7766 = VECTOR('',#7767,1.);
#7767 = DIRECTION('',(4.554232136943E-02,-0.995375639886,
    8.457678455988E-02));
#7768 = ORIENTED_EDGE('',*,*,#7747,.F.);
#7769 = ORIENTED_EDGE('',*,*,#7770,.T.);
#7770 = EDGE_CURVE('',#7716,#7762,#7771,.T.);
#7771 = LINE('',#7772,#7773);
#7772 = CARTESIAN_POINT('',(-77.30892181396,3.257885456085,
    46.828594207764));
#7773 = VECTOR('',#7774,1.);
#7774 = DIRECTION('',(-0.474107698358,0.,-0.880466859318));
#7775 = PLANE('',#7776);
#7776 = AXIS2_PLACEMENT_3D('',#7777,#7778,#7779);
#7777 = CARTESIAN_POINT('',(-77.32327585428,2.686753143904,
    46.801937275497));
#7778 = DIRECTION('',(-0.880466859318,-0.,0.474107698358));
#7779 = DIRECTION('',(-0.474107698358,0.,-0.880466859318));
#7780 = ADVANCED_FACE('',(#7781),#7806,.T.);
#7781 = FACE_BOUND('',#7782,.T.);
#7782 = EDGE_LOOP('',(#7783,#7793,#7799,#7800));
#7783 = ORIENTED_EDGE('',*,*,#7784,.F.);
#7784 = EDGE_CURVE('',#7785,#7787,#7789,.T.);
#7785 = VERTEX_POINT('',#7786);
#7786 = CARTESIAN_POINT('',(-77.37058662718,2.060631275177,
    46.73202812151));
#7787 = VERTEX_POINT('',#7788);
#7788 = CARTESIAN_POINT('',(-77.47325134277,2.060631275177,
    46.609485626221));
#7789 = LINE('',#7790,#7791);
#7790 = CARTESIAN_POINT('',(-77.36370086669,2.060631275177,
    46.726863861084));
#7791 = VECTOR('',#7792,1.);
#7792 = DIRECTION('',(-0.682309785127,0.,-0.731063169035));
#7793 = ORIENTED_EDGE('',*,*,#7794,.F.);
#7794 = EDGE_CURVE('',#7739,#7785,#7795,.T.);
#7795 = LINE('',#7796,#7797);
#7796 = CARTESIAN_POINT('',(-77.30892181396,2.060631275177,
    46.828594207764));
#7797 = VECTOR('',#7798,1.);
#7798 = DIRECTION('',(-0.474107698358,0.,-0.880466859318));
#7799 = ORIENTED_EDGE('',*,*,#7761,.F.);
#7800 = ORIENTED_EDGE('',*,*,#7801,.T.);
#7801 = EDGE_CURVE('',#7762,#7787,#7802,.T.);
#7802 = LINE('',#7803,#7804);
#7803 = CARTESIAN_POINT('',(-77.36370086669,3.257885456085,
    46.726863861084));
#7804 = VECTOR('',#7805,1.);
#7805 = DIRECTION('',(-9.068957674682E-02,-0.991127367181,
    -9.716965932514E-02));
#7806 = PLANE('',#7807);
#7807 = AXIS2_PLACEMENT_3D('',#7808,#7809,#7810);
#7808 = CARTESIAN_POINT('',(-77.37886953273,2.598187715666,
    46.722447604225));
#7809 = DIRECTION('',(-0.799920662452,1.437668831757E-02,0.599933533499)
  );
#7810 = DIRECTION('',(-0.599995542992,-3.467145507881E-19,
    -0.800003342736));
#7811 = ADVANCED_FACE('',(#7812),#7829,.T.);
#7812 = FACE_BOUND('',#7813,.T.);
#7813 = EDGE_LOOP('',(#7814,#7822,#7823));
#7814 = ORIENTED_EDGE('',*,*,#7815,.T.);
#7815 = EDGE_CURVE('',#7816,#7787,#7818,.T.);
#7816 = VERTEX_POINT('',#7817);
#7817 = CARTESIAN_POINT('',(-77.47325134277,3.257885456085,
    46.609485626221));
#7818 = LINE('',#7819,#7820);
#7819 = CARTESIAN_POINT('',(-77.47325134277,3.257885456085,
    46.609485626221));
#7820 = VECTOR('',#7821,1.);
#7821 = DIRECTION('',(0.,-1.,0.));
#7822 = ORIENTED_EDGE('',*,*,#7801,.F.);
#7823 = ORIENTED_EDGE('',*,*,#7824,.T.);
#7824 = EDGE_CURVE('',#7762,#7816,#7825,.T.);
#7825 = LINE('',#7826,#7827);
#7826 = CARTESIAN_POINT('',(-77.36370086669,3.257885456085,
    46.726863861084));
#7827 = VECTOR('',#7828,1.);
#7828 = DIRECTION('',(-0.682309785127,0.,-0.731063169035));
#7829 = PLANE('',#7830);
#7830 = AXIS2_PLACEMENT_3D('',#7831,#7832,#7833);
#7831 = CARTESIAN_POINT('',(-77.44403549299,2.696718459002,
    46.640789049081));
#7832 = DIRECTION('',(-0.731063169035,-0.,0.682309785127));
#7833 = DIRECTION('',(-0.682309785127,0.,-0.731063169035));
#7834 = ADVANCED_FACE('',(#7835),#7850,.T.);
#7835 = FACE_BOUND('',#7836,.T.);
#7836 = EDGE_LOOP('',(#7837,#7843,#7844));
#7837 = ORIENTED_EDGE('',*,*,#7838,.T.);
#7838 = EDGE_CURVE('',#7088,#7787,#7839,.T.);
#7839 = LINE('',#7840,#7841);
#7840 = CARTESIAN_POINT('',(-77.6141052246,3.257885456085,
    46.531234741211));
#7841 = VECTOR('',#7842,1.);
#7842 = DIRECTION('',(0.116596237811,-0.991064863658,6.477463509417E-02)
  );
#7843 = ORIENTED_EDGE('',*,*,#7815,.F.);
#7844 = ORIENTED_EDGE('',*,*,#7845,.T.);
#7845 = EDGE_CURVE('',#7816,#7088,#7846,.T.);
#7846 = LINE('',#7847,#7848);
#7847 = CARTESIAN_POINT('',(-77.47325134277,3.257885456085,
    46.609485626221));
#7848 = VECTOR('',#7849,1.);
#7849 = DIRECTION('',(-0.874160626279,0.,-0.485636900847));
#7850 = PLANE('',#7851);
#7851 = AXIS2_PLACEMENT_3D('',#7852,#7853,#7854);
#7852 = CARTESIAN_POINT('',(-77.51082375226,2.696842455371,
    46.588612404578));
#7853 = DIRECTION('',(-0.485636900847,0.,0.874160626279));
#7854 = DIRECTION('',(0.874160626279,0.,0.485636900847));
#7855 = ADVANCED_FACE('',(#7856),#7871,.T.);
#7856 = FACE_BOUND('',#7857,.T.);
#7857 = EDGE_LOOP('',(#7858,#7864,#7865));
#7858 = ORIENTED_EDGE('',*,*,#7859,.T.);
#7859 = EDGE_CURVE('',#5289,#7787,#7860,.T.);
#7860 = LINE('',#7861,#7862);
#7861 = CARTESIAN_POINT('',(-77.6141052246,2.060631275177,
    46.531234741211));
#7862 = VECTOR('',#7863,1.);
#7863 = DIRECTION('',(0.874160626279,0.,0.485636900847));
#7864 = ORIENTED_EDGE('',*,*,#7838,.F.);
#7865 = ORIENTED_EDGE('',*,*,#7866,.T.);
#7866 = EDGE_CURVE('',#7088,#5289,#7867,.T.);
#7867 = LINE('',#7868,#7869);
#7868 = CARTESIAN_POINT('',(-77.6141052246,3.257885456085,
    46.531234741211));
#7869 = VECTOR('',#7870,1.);
#7870 = DIRECTION('',(0.,-1.,0.));
#7871 = PLANE('',#7872);
#7872 = AXIS2_PLACEMENT_3D('',#7873,#7874,#7875);
#7873 = CARTESIAN_POINT('',(-77.57653281511,2.621674275891,
    46.552107962853));
#7874 = DIRECTION('',(-0.485636900847,0.,0.874160626279));
#7875 = DIRECTION('',(0.874160626279,0.,0.485636900847));
#7876 = ADVANCED_FACE('',(#7877),#7894,.T.);
#7877 = FACE_BOUND('',#7878,.T.);
#7878 = EDGE_LOOP('',(#7879,#7887,#7888));
#7879 = ORIENTED_EDGE('',*,*,#7880,.T.);
#7880 = EDGE_CURVE('',#7881,#5289,#7883,.T.);
#7881 = VERTEX_POINT('',#7882);
#7882 = CARTESIAN_POINT('',(-77.77842712402,3.257885456085,
    46.499935150146));
#7883 = LINE('',#7884,#7885);
#7884 = CARTESIAN_POINT('',(-77.77842712402,3.257885456085,
    46.499935150146));
#7885 = VECTOR('',#7886,1.);
#7886 = DIRECTION('',(0.13592866595,-0.990380248731,2.589132473113E-02)
  );
#7887 = ORIENTED_EDGE('',*,*,#7866,.F.);
#7888 = ORIENTED_EDGE('',*,*,#7889,.T.);
#7889 = EDGE_CURVE('',#7088,#7881,#7890,.T.);
#7890 = LINE('',#7891,#7892);
#7891 = CARTESIAN_POINT('',(-77.6141052246,3.257885456085,
    46.531234741211));
#7892 = VECTOR('',#7893,1.);
#7893 = DIRECTION('',(-0.982338366818,0.,-0.187113155812));
#7894 = PLANE('',#7895);
#7895 = AXIS2_PLACEMENT_3D('',#7896,#7897,#7898);
#7896 = CARTESIAN_POINT('',(-77.65804164124,2.698170144266,
    46.522865851377));
#7897 = DIRECTION('',(-0.187113155812,0.,0.982338366818));
#7898 = DIRECTION('',(0.982338366818,0.,0.187113155812));
#7899 = ADVANCED_FACE('',(#7900),#7917,.T.);
#7900 = FACE_BOUND('',#7901,.T.);
#7901 = EDGE_LOOP('',(#7902,#7910,#7911));
#7902 = ORIENTED_EDGE('',*,*,#7903,.T.);
#7903 = EDGE_CURVE('',#7904,#5289,#7906,.T.);
#7904 = VERTEX_POINT('',#7905);
#7905 = CARTESIAN_POINT('',(-77.77842712402,2.060631275177,
    46.499935150146));
#7906 = LINE('',#7907,#7908);
#7907 = CARTESIAN_POINT('',(-77.77842712402,2.060631275177,
    46.499935150146));
#7908 = VECTOR('',#7909,1.);
#7909 = DIRECTION('',(0.982338366818,0.,0.187113155812));
#7910 = ORIENTED_EDGE('',*,*,#7880,.F.);
#7911 = ORIENTED_EDGE('',*,*,#7912,.T.);
#7912 = EDGE_CURVE('',#7881,#7904,#7913,.T.);
#7913 = LINE('',#7914,#7915);
#7914 = CARTESIAN_POINT('',(-77.77842712402,3.257885456085,
    46.499935150146));
#7915 = VECTOR('',#7916,1.);
#7916 = DIRECTION('',(0.,-1.,0.));
#7917 = PLANE('',#7918);
#7918 = AXIS2_PLACEMENT_3D('',#7919,#7920,#7921);
#7919 = CARTESIAN_POINT('',(-77.73449070739,2.620346586996,
    46.50830403998));
#7920 = DIRECTION('',(-0.187113155812,0.,0.982338366818));
#7921 = DIRECTION('',(0.982338366818,0.,0.187113155812));
#7922 = ADVANCED_FACE('',(#7923),#7940,.T.);
#7923 = FACE_BOUND('',#7924,.T.);
#7924 = EDGE_LOOP('',(#7925,#7933,#7939));
#7925 = ORIENTED_EDGE('',*,*,#7926,.T.);
#7926 = EDGE_CURVE('',#7881,#7927,#7929,.T.);
#7927 = VERTEX_POINT('',#7928);
#7928 = CARTESIAN_POINT('',(-94.78257751464,3.257885456085,
    46.484279632568));
#7929 = LINE('',#7930,#7931);
#7930 = CARTESIAN_POINT('',(-77.77842712402,3.257885456085,
    46.499935150146));
#7931 = VECTOR('',#7932,1.);
#7932 = DIRECTION('',(-0.999999576167,0.,-9.206876311464E-04));
#7933 = ORIENTED_EDGE('',*,*,#7934,.T.);
#7934 = EDGE_CURVE('',#7927,#7904,#7935,.T.);
#7935 = LINE('',#7936,#7937);
#7936 = CARTESIAN_POINT('',(-94.78257751464,3.257885456085,
    46.484279632568));
#7937 = VECTOR('',#7938,1.);
#7938 = DIRECTION('',(0.997530006972,-7.023561565809E-02,
    9.184139283703E-04));
#7939 = ORIENTED_EDGE('',*,*,#7912,.F.);
#7940 = PLANE('',#7941);
#7941 = AXIS2_PLACEMENT_3D('',#7942,#7943,#7944);
#7942 = CARTESIAN_POINT('',(-85.99171312723,2.948047680133,
    46.492373276107));
#7943 = DIRECTION('',(-9.206876311464E-04,0.,0.999999576167));
#7944 = DIRECTION('',(0.999999576167,0.,9.206876311464E-04));
#7945 = ADVANCED_FACE('',(#7946),#7963,.T.);
#7946 = FACE_BOUND('',#7947,.T.);
#7947 = EDGE_LOOP('',(#7948,#7956,#7957));
#7948 = ORIENTED_EDGE('',*,*,#7949,.T.);
#7949 = EDGE_CURVE('',#7950,#7904,#7952,.T.);
#7950 = VERTEX_POINT('',#7951);
#7951 = CARTESIAN_POINT('',(-94.78257751464,2.060631275177,
    46.484279632568));
#7952 = LINE('',#7953,#7954);
#7953 = CARTESIAN_POINT('',(-94.78257751464,2.060631275177,
    46.484279632568));
#7954 = VECTOR('',#7955,1.);
#7955 = DIRECTION('',(0.999999576167,0.,9.206876311464E-04));
#7956 = ORIENTED_EDGE('',*,*,#7934,.F.);
#7957 = ORIENTED_EDGE('',*,*,#7958,.T.);
#7958 = EDGE_CURVE('',#7927,#7950,#7959,.T.);
#7959 = LINE('',#7960,#7961);
#7960 = CARTESIAN_POINT('',(-94.78257751464,3.257885456085,
    46.484279632568));
#7961 = VECTOR('',#7962,1.);
#7962 = DIRECTION('',(0.,-1.,0.));
#7963 = PLANE('',#7964);
#7964 = AXIS2_PLACEMENT_3D('',#7965,#7966,#7967);
#7965 = CARTESIAN_POINT('',(-86.56929151143,2.370469051129,
    46.491841506608));
#7966 = DIRECTION('',(-9.206876311464E-04,0.,0.999999576167));
#7967 = DIRECTION('',(0.999999576167,0.,9.206876311464E-04));
#7968 = ADVANCED_FACE('',(#7969),#7986,.T.);
#7969 = FACE_BOUND('',#7970,.T.);
#7970 = EDGE_LOOP('',(#7971,#7979,#7985));
#7971 = ORIENTED_EDGE('',*,*,#7972,.T.);
#7972 = EDGE_CURVE('',#7927,#7973,#7975,.T.);
#7973 = VERTEX_POINT('',#7974);
#7974 = CARTESIAN_POINT('',(-94.95472717285,3.257885456085,
    46.452980041504));
#7975 = LINE('',#7976,#7977);
#7976 = CARTESIAN_POINT('',(-94.78257751464,3.257885456085,
    46.484279632568));
#7977 = VECTOR('',#7978,1.);
#7978 = DIRECTION('',(-0.983870258926,0.,-0.178883519644));
#7979 = ORIENTED_EDGE('',*,*,#7980,.T.);
#7980 = EDGE_CURVE('',#7973,#7950,#7981,.T.);
#7981 = LINE('',#7982,#7983);
#7982 = CARTESIAN_POINT('',(-94.95472717285,3.257885456085,
    46.452980041504));
#7983 = VECTOR('',#7984,1.);
#7984 = DIRECTION('',(0.142275712728,-0.989488992794,2.586802479465E-02)
  );
#7985 = ORIENTED_EDGE('',*,*,#7958,.F.);
#7986 = PLANE('',#7987);
#7987 = AXIS2_PLACEMENT_3D('',#7988,#7989,#7990);
#7988 = CARTESIAN_POINT('',(-94.82874315122,2.699821836434,
    46.475885973462));
#7989 = DIRECTION('',(-0.178883519644,0.,0.983870258926));
#7990 = DIRECTION('',(0.983870258926,0.,0.178883519644));
#7991 = ADVANCED_FACE('',(#7992),#8009,.T.);
#7992 = FACE_BOUND('',#7993,.T.);
#7993 = EDGE_LOOP('',(#7994,#8002,#8003));
#7994 = ORIENTED_EDGE('',*,*,#7995,.T.);
#7995 = EDGE_CURVE('',#7996,#7950,#7998,.T.);
#7996 = VERTEX_POINT('',#7997);
#7997 = CARTESIAN_POINT('',(-94.95472717285,2.060631275177,
    46.452980041504));
#7998 = LINE('',#7999,#8000);
#7999 = CARTESIAN_POINT('',(-94.95472717285,2.060631275177,
    46.452980041504));
#8000 = VECTOR('',#8001,1.);
#8001 = DIRECTION('',(0.983870258926,0.,0.178883519644));
#8002 = ORIENTED_EDGE('',*,*,#7980,.F.);
#8003 = ORIENTED_EDGE('',*,*,#8004,.T.);
#8004 = EDGE_CURVE('',#7973,#7996,#8005,.T.);
#8005 = LINE('',#8006,#8007);
#8006 = CARTESIAN_POINT('',(-94.95472717285,3.257885456085,
    46.452980041504));
#8007 = VECTOR('',#8008,1.);
#8008 = DIRECTION('',(0.,-1.,0.));
#8009 = PLANE('',#8010);
#8010 = AXIS2_PLACEMENT_3D('',#8011,#8012,#8013);
#8011 = CARTESIAN_POINT('',(-94.90856153627,2.618694894828,
    46.46137370061));
#8012 = DIRECTION('',(-0.178883519644,0.,0.983870258926));
#8013 = DIRECTION('',(0.983870258926,0.,0.178883519644));
#8014 = ADVANCED_FACE('',(#8015),#8032,.T.);
#8015 = FACE_BOUND('',#8016,.T.);
#8016 = EDGE_LOOP('',(#8017,#8025,#8026));
#8017 = ORIENTED_EDGE('',*,*,#8018,.T.);
#8018 = EDGE_CURVE('',#8019,#7996,#8021,.T.);
#8019 = VERTEX_POINT('',#8020);
#8020 = CARTESIAN_POINT('',(-95.05645751953,2.060631275177,
    46.406032562256));
#8021 = LINE('',#8022,#8023);
#8022 = CARTESIAN_POINT('',(-95.05645751953,2.060631275177,
    46.406032562256));
#8023 = VECTOR('',#8024,1.);
#8024 = DIRECTION('',(0.907976324421,0.,0.419021472351));
#8025 = ORIENTED_EDGE('',*,*,#8004,.F.);
#8026 = ORIENTED_EDGE('',*,*,#8027,.T.);
#8027 = EDGE_CURVE('',#7973,#8019,#8028,.T.);
#8028 = LINE('',#8029,#8030);
#8029 = CARTESIAN_POINT('',(-94.95472717285,3.257885456085,
    46.452980041504));
#8030 = VECTOR('',#8031,1.);
#8031 = DIRECTION('',(-8.460008076273E-02,-0.995649810545,
    -3.904204267087E-02));
#8032 = PLANE('',#8033);
#8033 = AXIS2_PLACEMENT_3D('',#8034,#8035,#8036);
#8034 = CARTESIAN_POINT('',(-94.9813471743,2.632555938227,
    46.440695192326));
#8035 = DIRECTION('',(-0.419021472351,0.,0.907976324421));
#8036 = DIRECTION('',(0.907976324421,0.,0.419021472351));
#8037 = ADVANCED_FACE('',(#8038),#8063,.T.);
#8038 = FACE_BOUND('',#8039,.T.);
#8039 = EDGE_LOOP('',(#8040,#8048,#8049,#8057));
#8040 = ORIENTED_EDGE('',*,*,#8041,.T.);
#8041 = EDGE_CURVE('',#8042,#8019,#8044,.T.);
#8042 = VERTEX_POINT('',#8043);
#8043 = CARTESIAN_POINT('',(-95.17383575439,3.257885456085,
    46.296482086182));
#8044 = LINE('',#8045,#8046);
#8045 = CARTESIAN_POINT('',(-95.17383575439,3.257885456085,
    46.296482086182));
#8046 = VECTOR('',#8047,1.);
#8047 = DIRECTION('',(9.716965932514E-02,-0.991127367181,
    9.068957674682E-02));
#8048 = ORIENTED_EDGE('',*,*,#8027,.F.);
#8049 = ORIENTED_EDGE('',*,*,#8050,.F.);
#8050 = EDGE_CURVE('',#8051,#7973,#8053,.T.);
#8051 = VERTEX_POINT('',#8052);
#8052 = CARTESIAN_POINT('',(-95.05037678431,3.257885456085,
    46.397519088293));
#8053 = LINE('',#8054,#8055);
#8054 = CARTESIAN_POINT('',(-95.05645751953,3.257885456085,
    46.406032562256));
#8055 = VECTOR('',#8056,1.);
#8056 = DIRECTION('',(0.907976324421,0.,0.419021472351));
#8057 = ORIENTED_EDGE('',*,*,#8058,.F.);
#8058 = EDGE_CURVE('',#8042,#8051,#8059,.T.);
#8059 = LINE('',#8060,#8061);
#8060 = CARTESIAN_POINT('',(-95.17383575439,3.257885456085,
    46.296482086182));
#8061 = VECTOR('',#8062,1.);
#8062 = DIRECTION('',(0.731063169035,0.,0.682309785127));
#8063 = PLANE('',#8064);
#8064 = AXIS2_PLACEMENT_3D('',#8065,#8066,#8067);
#8065 = CARTESIAN_POINT('',(-95.06087472657,2.719408577663,
    46.388729112159));
#8066 = DIRECTION('',(-0.581129348796,1.747407870767E-02,0.813623584062)
  );
#8067 = DIRECTION('',(0.813747829822,1.018308054382E-18,0.581218091132)
  );
#8068 = ADVANCED_FACE('',(#8069),#8086,.T.);
#8069 = FACE_BOUND('',#8070,.T.);
#8070 = EDGE_LOOP('',(#8071,#8079,#8080));
#8071 = ORIENTED_EDGE('',*,*,#8072,.T.);
#8072 = EDGE_CURVE('',#8073,#8019,#8075,.T.);
#8073 = VERTEX_POINT('',#8074);
#8074 = CARTESIAN_POINT('',(-95.17383575439,2.060631275177,
    46.296482086182));
#8075 = LINE('',#8076,#8077);
#8076 = CARTESIAN_POINT('',(-95.17383575439,2.060631275177,
    46.296482086182));
#8077 = VECTOR('',#8078,1.);
#8078 = DIRECTION('',(0.731063169035,0.,0.682309785127));
#8079 = ORIENTED_EDGE('',*,*,#8041,.F.);
#8080 = ORIENTED_EDGE('',*,*,#8081,.T.);
#8081 = EDGE_CURVE('',#8042,#8073,#8082,.T.);
#8082 = LINE('',#8083,#8084);
#8083 = CARTESIAN_POINT('',(-95.17383575439,3.257885456085,
    46.296482086182));
#8084 = VECTOR('',#8085,1.);
#8085 = DIRECTION('',(0.,-1.,0.));
#8086 = PLANE('',#8087);
#8087 = AXIS2_PLACEMENT_3D('',#8088,#8089,#8090);
#8088 = CARTESIAN_POINT('',(-95.14253233153,2.621798272261,
    46.32569793596));
#8089 = DIRECTION('',(-0.682309785127,-0.,0.731063169035));
#8090 = DIRECTION('',(0.731063169035,0.,0.682309785127));
#8091 = ADVANCED_FACE('',(#8092),#8109,.T.);
#8092 = FACE_BOUND('',#8093,.T.);
#8093 = EDGE_LOOP('',(#8094,#8102,#8103));
#8094 = ORIENTED_EDGE('',*,*,#8095,.T.);
#8095 = EDGE_CURVE('',#8096,#8073,#8098,.T.);
#8096 = VERTEX_POINT('',#8097);
#8097 = CARTESIAN_POINT('',(-95.2520904541,3.257885456085,
    46.155628204346));
#8098 = LINE('',#8099,#8100);
#8099 = CARTESIAN_POINT('',(-95.2520904541,3.257885456085,
    46.155628204346));
#8100 = VECTOR('',#8101,1.);
#8101 = DIRECTION('',(6.477777957995E-02,-0.991064660939,0.116596213962)
  );
#8102 = ORIENTED_EDGE('',*,*,#8081,.F.);
#8103 = ORIENTED_EDGE('',*,*,#8104,.T.);
#8104 = EDGE_CURVE('',#8042,#8096,#8105,.T.);
#8105 = LINE('',#8106,#8107);
#8106 = CARTESIAN_POINT('',(-95.17383575439,3.257885456085,
    46.296482086182));
#8107 = VECTOR('',#8108,1.);
#8108 = DIRECTION('',(-0.485654991635,0.,-0.874150575759));
#8109 = PLANE('',#8110);
#8110 = AXIS2_PLACEMENT_3D('',#8111,#8112,#8113);
#8111 = CARTESIAN_POINT('',(-95.19471000853,2.696842856744,
    46.25890964981));
#8112 = DIRECTION('',(-0.874150575759,-0.,0.485654991635));
#8113 = DIRECTION('',(-0.485654991635,0.,-0.874150575759));
#8114 = ADVANCED_FACE('',(#8115),#8132,.T.);
#8115 = FACE_BOUND('',#8116,.T.);
#8116 = EDGE_LOOP('',(#8117,#8125,#8126));
#8117 = ORIENTED_EDGE('',*,*,#8118,.T.);
#8118 = EDGE_CURVE('',#8119,#8073,#8121,.T.);
#8119 = VERTEX_POINT('',#8120);
#8120 = CARTESIAN_POINT('',(-95.2520904541,2.060631275177,
    46.155628204346));
#8121 = LINE('',#8122,#8123);
#8122 = CARTESIAN_POINT('',(-95.2520904541,2.060631275177,
    46.155628204346));
#8123 = VECTOR('',#8124,1.);
#8124 = DIRECTION('',(0.485654991635,0.,0.874150575759));
#8125 = ORIENTED_EDGE('',*,*,#8095,.F.);
#8126 = ORIENTED_EDGE('',*,*,#8127,.T.);
#8127 = EDGE_CURVE('',#8096,#8119,#8128,.T.);
#8128 = LINE('',#8129,#8130);
#8129 = CARTESIAN_POINT('',(-95.2520904541,3.257885456085,
    46.155628204346));
#8130 = VECTOR('',#8131,1.);
#8131 = DIRECTION('',(0.,-1.,0.));
#8132 = PLANE('',#8133);
#8133 = AXIS2_PLACEMENT_3D('',#8134,#8135,#8136);
#8134 = CARTESIAN_POINT('',(-95.23121619996,2.621673874518,
    46.193200640718));
#8135 = DIRECTION('',(-0.874150575759,-0.,0.485654991635));
#8136 = DIRECTION('',(-0.485654991635,0.,-0.874150575759));
#8137 = ADVANCED_FACE('',(#8138),#8155,.T.);
#8138 = FACE_BOUND('',#8139,.T.);
#8139 = EDGE_LOOP('',(#8140,#8148,#8149));
#8140 = ORIENTED_EDGE('',*,*,#8141,.T.);
#8141 = EDGE_CURVE('',#8142,#8119,#8144,.T.);
#8142 = VERTEX_POINT('',#8143);
#8143 = CARTESIAN_POINT('',(-95.28338623046,3.257885456085,
    45.983467102051));
#8144 = LINE('',#8145,#8146);
#8145 = CARTESIAN_POINT('',(-95.28338623046,3.257885456085,
    45.983467102051));
#8146 = VECTOR('',#8147,1.);
#8147 = DIRECTION('',(2.586483938261E-02,-0.989487741925,0.142284991002)
  );
#8148 = ORIENTED_EDGE('',*,*,#8127,.F.);
#8149 = ORIENTED_EDGE('',*,*,#8150,.T.);
#8150 = EDGE_CURVE('',#8096,#8142,#8151,.T.);
#8151 = LINE('',#8152,#8153);
#8152 = CARTESIAN_POINT('',(-95.2520904541,3.257885456085,
    46.155628204346));
#8153 = VECTOR('',#8154,1.);
#8154 = DIRECTION('',(-0.178850906174,0.,-0.983876188024));
#8155 = PLANE('',#8156);
#8156 = AXIS2_PLACEMENT_3D('',#8157,#8158,#8159);
#8157 = CARTESIAN_POINT('',(-95.26048312423,2.699824098338,
    46.109459311658));
#8158 = DIRECTION('',(-0.983876188024,-0.,0.178850906174));
#8159 = DIRECTION('',(-0.178850906174,0.,-0.983876188024));
#8160 = ADVANCED_FACE('',(#8161),#8178,.T.);
#8161 = FACE_BOUND('',#8162,.T.);
#8162 = EDGE_LOOP('',(#8163,#8171,#8172));
#8163 = ORIENTED_EDGE('',*,*,#8164,.T.);
#8164 = EDGE_CURVE('',#8165,#8119,#8167,.T.);
#8165 = VERTEX_POINT('',#8166);
#8166 = CARTESIAN_POINT('',(-95.28338623046,2.060631275177,
    45.983467102051));
#8167 = LINE('',#8168,#8169);
#8168 = CARTESIAN_POINT('',(-95.28338623046,2.060631275177,
    45.983467102051));
#8169 = VECTOR('',#8170,1.);
#8170 = DIRECTION('',(0.178850906174,0.,0.983876188024));
#8171 = ORIENTED_EDGE('',*,*,#8141,.F.);
#8172 = ORIENTED_EDGE('',*,*,#8173,.T.);
#8173 = EDGE_CURVE('',#8142,#8165,#8174,.T.);
#8174 = LINE('',#8175,#8176);
#8175 = CARTESIAN_POINT('',(-95.28338623046,3.257885456085,
    45.983467102051));
#8176 = VECTOR('',#8177,1.);
#8177 = DIRECTION('',(0.,-1.,0.));
#8178 = PLANE('',#8179);
#8179 = AXIS2_PLACEMENT_3D('',#8180,#8181,#8182);
#8180 = CARTESIAN_POINT('',(-95.27499356033,2.618692632925,
    46.029635994739));
#8181 = DIRECTION('',(-0.983876188024,-0.,0.178850906174));
#8182 = DIRECTION('',(-0.178850906174,0.,-0.983876188024));
#8183 = ADVANCED_FACE('',(#8184),#8199,.T.);
#8184 = FACE_BOUND('',#8185,.T.);
#8185 = EDGE_LOOP('',(#8186,#8192,#8198));
#8186 = ORIENTED_EDGE('',*,*,#8187,.T.);
#8187 = EDGE_CURVE('',#8142,#4064,#8188,.T.);
#8188 = LINE('',#8189,#8190);
#8189 = CARTESIAN_POINT('',(-95.28338623046,3.257885456085,
    45.983467102051));
#8190 = VECTOR('',#8191,1.);
#8191 = DIRECTION('',(0.,0.,-1.));
#8192 = ORIENTED_EDGE('',*,*,#8193,.T.);
#8193 = EDGE_CURVE('',#4064,#8165,#8194,.T.);
#8194 = LINE('',#8195,#8196);
#8195 = CARTESIAN_POINT('',(-95.28338623046,3.257885456085,
    42.235206604004));
#8196 = VECTOR('',#8197,1.);
#8197 = DIRECTION('',(0.,-0.304271004229,0.952585511114));
#8198 = ORIENTED_EDGE('',*,*,#8173,.F.);
#8199 = PLANE('',#8200);
#8200 = AXIS2_PLACEMENT_3D('',#8201,#8202,#8203);
#8201 = CARTESIAN_POINT('',(-95.28338623046,2.911929941804,44.3620084292
    ));
#8202 = DIRECTION('',(-1.,-0.,-0.));
#8203 = DIRECTION('',(0.,0.,-1.));
#8204 = ADVANCED_FACE('',(#8205),#8215,.T.);
#8205 = FACE_BOUND('',#8206,.T.);
#8206 = EDGE_LOOP('',(#8207,#8213,#8214));
#8207 = ORIENTED_EDGE('',*,*,#8208,.T.);
#8208 = EDGE_CURVE('',#4074,#8165,#8209,.T.);
#8209 = LINE('',#8210,#8211);
#8210 = CARTESIAN_POINT('',(-95.28338623046,2.060631275177,
    42.235206604004));
#8211 = VECTOR('',#8212,1.);
#8212 = DIRECTION('',(0.,0.,1.));
#8213 = ORIENTED_EDGE('',*,*,#8193,.F.);
#8214 = ORIENTED_EDGE('',*,*,#4081,.F.);
#8215 = PLANE('',#8216);
#8216 = AXIS2_PLACEMENT_3D('',#8217,#8218,#8219);
#8217 = CARTESIAN_POINT('',(-95.28338623046,2.406586789459,
    43.856665276855));
#8218 = DIRECTION('',(-1.,-0.,-0.));
#8219 = DIRECTION('',(0.,0.,-1.));
#8220 = ADVANCED_FACE('',(#8221),#8231,.T.);
#8221 = FACE_BOUND('',#8222,.T.);
#8222 = EDGE_LOOP('',(#8223,#8224,#8230));
#8223 = ORIENTED_EDGE('',*,*,#4745,.F.);
#8224 = ORIENTED_EDGE('',*,*,#8225,.T.);
#8225 = EDGE_CURVE('',#4641,#4811,#8226,.T.);
#8226 = LINE('',#8227,#8228);
#8227 = CARTESIAN_POINT('',(-132.6799774169,3.257885456085,
    -8.777225494385));
#8228 = VECTOR('',#8229,1.);
#8229 = DIRECTION('',(0.44719092187,0.,-0.894438527456));
#8230 = ORIENTED_EDGE('',*,*,#4819,.F.);
#8231 = PLANE('',#8232);
#8232 = AXIS2_PLACEMENT_3D('',#8233,#8234,#8235);
#8233 = CARTESIAN_POINT('',(-132.592127483,3.257885456085,
    -8.978659816795));
#8234 = DIRECTION('',(0.,1.,0.));
#8235 = DIRECTION('',(0.,-0.,1.));
#8236 = ADVANCED_FACE('',(#8237),#8252,.T.);
#8237 = FACE_BOUND('',#8238,.T.);
#8238 = EDGE_LOOP('',(#8239,#8245,#8246));
#8239 = ORIENTED_EDGE('',*,*,#8240,.T.);
#8240 = EDGE_CURVE('',#4903,#4811,#8241,.T.);
#8241 = LINE('',#8242,#8243);
#8242 = CARTESIAN_POINT('',(-132.1791687011,3.257885456085,
    -9.278038978577));
#8243 = VECTOR('',#8244,1.);
#8244 = DIRECTION('',(-0.941197044854,0.,0.337858139992));
#8245 = ORIENTED_EDGE('',*,*,#8225,.F.);
#8246 = ORIENTED_EDGE('',*,*,#8247,.T.);
#8247 = EDGE_CURVE('',#4641,#4903,#8248,.T.);
#8248 = LINE('',#8249,#8250);
#8249 = CARTESIAN_POINT('',(-132.6799774169,3.257885456085,
    -8.777225494385));
#8250 = VECTOR('',#8251,1.);
#8251 = DIRECTION('',(0.707103414891,0.,-0.707110147466));
#8252 = PLANE('',#8253);
#8253 = AXIS2_PLACEMENT_3D('',#8254,#8255,#8256);
#8254 = CARTESIAN_POINT('',(-132.4534075816,3.257885456085,
    -9.054485806053));
#8255 = DIRECTION('',(0.,1.,0.));
#8256 = DIRECTION('',(0.,-0.,1.));
#8257 = ADVANCED_FACE('',(#8258),#8263,.T.);
#8258 = FACE_BOUND('',#8259,.T.);
#8259 = EDGE_LOOP('',(#8260,#8261,#8262));
#8260 = ORIENTED_EDGE('',*,*,#4865,.F.);
#8261 = ORIENTED_EDGE('',*,*,#8240,.F.);
#8262 = ORIENTED_EDGE('',*,*,#4911,.F.);
#8263 = PLANE('',#8264);
#8264 = AXIS2_PLACEMENT_3D('',#8265,#8266,#8267);
#8265 = CARTESIAN_POINT('',(-132.3339981,3.257885456085,-9.22942685139)
  );
#8266 = DIRECTION('',(0.,1.,0.));
#8267 = DIRECTION('',(0.,-0.,1.));
#8268 = ADVANCED_FACE('',(#8269),#8286,.T.);
#8269 = FACE_BOUND('',#8270,.T.);
#8270 = EDGE_LOOP('',(#8271,#8279,#8280));
#8271 = ORIENTED_EDGE('',*,*,#8272,.T.);
#8272 = EDGE_CURVE('',#8273,#4903,#8275,.T.);
#8273 = VERTEX_POINT('',#8274);
#8274 = CARTESIAN_POINT('',(-114.4707641601,3.257885456085,
    6.896633625031));
#8275 = LINE('',#8276,#8277);
#8276 = CARTESIAN_POINT('',(-114.4707641601,3.257885456085,
    6.896633625031));
#8277 = VECTOR('',#8278,1.);
#8278 = DIRECTION('',(-0.738358225478,0.,-0.674408726863));
#8279 = ORIENTED_EDGE('',*,*,#8247,.F.);
#8280 = ORIENTED_EDGE('',*,*,#8281,.T.);
#8281 = EDGE_CURVE('',#4641,#8273,#8282,.T.);
#8282 = LINE('',#8283,#8284);
#8283 = CARTESIAN_POINT('',(-132.6799774169,3.257885456085,
    -8.777225494385));
#8284 = VECTOR('',#8285,1.);
#8285 = DIRECTION('',(0.757898376439,0.,0.652372632007));
#8286 = PLANE('',#8287);
#8287 = AXIS2_PLACEMENT_3D('',#8288,#8289,#8290);
#8288 = CARTESIAN_POINT('',(-123.580819598,3.257885456085,
    -1.181143120744));
#8289 = DIRECTION('',(0.,1.,0.));
#8290 = DIRECTION('',(0.,-0.,1.));
#8291 = ADVANCED_FACE('',(#8292),#8309,.T.);
#8292 = FACE_BOUND('',#8293,.T.);
#8293 = EDGE_LOOP('',(#8294,#8302,#8303));
#8294 = ORIENTED_EDGE('',*,*,#8295,.T.);
#8295 = EDGE_CURVE('',#8296,#4903,#8298,.T.);
#8296 = VERTEX_POINT('',#8297);
#8297 = CARTESIAN_POINT('',(-114.3064346313,3.257885456085,
    6.779257297516));
#8298 = LINE('',#8299,#8300);
#8299 = CARTESIAN_POINT('',(-114.3064346313,3.257885456085,
    6.779257297516));
#8300 = VECTOR('',#8301,1.);
#8301 = DIRECTION('',(-0.743876737477,0.,-0.668316840608));
#8302 = ORIENTED_EDGE('',*,*,#8272,.F.);
#8303 = ORIENTED_EDGE('',*,*,#8304,.F.);
#8304 = EDGE_CURVE('',#8296,#8273,#8305,.T.);
#8305 = LINE('',#8306,#8307);
#8306 = CARTESIAN_POINT('',(-114.3064346313,3.257885456085,
    6.779257297516));
#8307 = VECTOR('',#8308,1.);
#8308 = DIRECTION('',(-0.813737938382,0.,0.581231939622));
#8309 = PLANE('',#8310);
#8310 = AXIS2_PLACEMENT_3D('',#8311,#8312,#8313);
#8311 = CARTESIAN_POINT('',(-123.2465879536,3.257885456085,
    -1.186320603325));
#8312 = DIRECTION('',(0.,1.,0.));
#8313 = DIRECTION('',(0.,-0.,1.));
#8314 = ADVANCED_FACE('',(#8315),#8341,.T.);
#8315 = FACE_BOUND('',#8316,.T.);
#8316 = EDGE_LOOP('',(#8317,#8327,#8335));
#8317 = ORIENTED_EDGE('',*,*,#8318,.T.);
#8318 = EDGE_CURVE('',#8319,#8321,#8323,.T.);
#8319 = VERTEX_POINT('',#8320);
#8320 = CARTESIAN_POINT('',(-112.5770645141,2.060631275177,
    7.780879974365));
#8321 = VERTEX_POINT('',#8322);
#8322 = CARTESIAN_POINT('',(-112.6005401611,2.060631275177,
    7.976509571075));
#8323 = LINE('',#8324,#8325);
#8324 = CARTESIAN_POINT('',(-112.5770645141,2.060631275177,
    7.780879974365));
#8325 = VECTOR('',#8326,1.);
#8326 = DIRECTION('',(-0.119145697765,0.,0.992876781229));
#8327 = ORIENTED_EDGE('',*,*,#8328,.T.);
#8328 = EDGE_CURVE('',#8321,#8329,#8331,.T.);
#8329 = VERTEX_POINT('',#8330);
#8330 = CARTESIAN_POINT('',(-112.5770645141,3.257885456085,
    7.780879974365));
#8331 = LINE('',#8332,#8333);
#8332 = CARTESIAN_POINT('',(-112.6005401611,2.060631275177,
    7.976509571075));
#8333 = VECTOR('',#8334,1.);
#8334 = DIRECTION('',(1.934765433241E-02,0.986727227038,-0.161229797788)
  );
#8335 = ORIENTED_EDGE('',*,*,#8336,.T.);
#8336 = EDGE_CURVE('',#8329,#8319,#8337,.T.);
#8337 = LINE('',#8338,#8339);
#8338 = CARTESIAN_POINT('',(-112.5770645141,3.257885456085,
    7.780879974365));
#8339 = VECTOR('',#8340,1.);
#8340 = DIRECTION('',(0.,-1.,0.));
#8341 = PLANE('',#8342);
#8342 = AXIS2_PLACEMENT_3D('',#8343,#8344,#8345);
#8343 = CARTESIAN_POINT('',(-112.5834131254,2.614026247998,
    7.833784853356));
#8344 = DIRECTION('',(-0.992876781229,-0.,-0.119145697765));
#8345 = DIRECTION('',(0.119145697765,0.,-0.992876781229));
#8346 = ADVANCED_FACE('',(#8347),#8364,.T.);
#8347 = FACE_BOUND('',#8348,.T.);
#8348 = EDGE_LOOP('',(#8349,#8357,#8358));
#8349 = ORIENTED_EDGE('',*,*,#8350,.T.);
#8350 = EDGE_CURVE('',#8351,#8329,#8353,.T.);
#8351 = VERTEX_POINT('',#8352);
#8352 = CARTESIAN_POINT('',(-112.6145501653,3.257885456085,
    7.972671080469));
#8353 = LINE('',#8354,#8355);
#8354 = CARTESIAN_POINT('',(-112.6005401611,3.257885456085,
    7.976509571075));
#8355 = VECTOR('',#8356,1.);
#8356 = DIRECTION('',(0.119145697765,0.,-0.992876781229));
#8357 = ORIENTED_EDGE('',*,*,#8328,.F.);
#8358 = ORIENTED_EDGE('',*,*,#8359,.T.);
#8359 = EDGE_CURVE('',#8321,#8351,#8360,.T.);
#8360 = LINE('',#8361,#8362);
#8361 = CARTESIAN_POINT('',(-112.6005401611,2.060631275177,
    7.976509571075));
#8362 = VECTOR('',#8363,1.);
#8363 = DIRECTION('',(0.,1.,0.));
#8364 = PLANE('',#8365);
#8365 = AXIS2_PLACEMENT_3D('',#8366,#8367,#8368);
#8366 = CARTESIAN_POINT('',(-112.5941915498,2.704490483265,
    7.923604692084));
#8367 = DIRECTION('',(-0.992876781229,-0.,-0.119145697765));
#8368 = DIRECTION('',(0.119145697765,0.,-0.992876781229));
#8369 = ADVANCED_FACE('',(#8370),#8387,.T.);
#8370 = FACE_BOUND('',#8371,.T.);
#8371 = EDGE_LOOP('',(#8372,#8380,#8381));
#8372 = ORIENTED_EDGE('',*,*,#8373,.T.);
#8373 = EDGE_CURVE('',#8374,#8351,#8376,.T.);
#8374 = VERTEX_POINT('',#8375);
#8375 = CARTESIAN_POINT('',(-112.647491455,2.060631275177,8.172139167786
    ));
#8376 = LINE('',#8377,#8378);
#8377 = CARTESIAN_POINT('',(-112.647491455,2.060631275177,8.172139167786
    ));
#8378 = VECTOR('',#8379,1.);
#8379 = DIRECTION('',(3.867359962482E-02,0.986173648281,-0.161139343822)
  );
#8380 = ORIENTED_EDGE('',*,*,#8359,.F.);
#8381 = ORIENTED_EDGE('',*,*,#8382,.T.);
#8382 = EDGE_CURVE('',#8321,#8374,#8383,.T.);
#8383 = LINE('',#8384,#8385);
#8384 = CARTESIAN_POINT('',(-112.6005401611,2.060631275177,
    7.976509571075));
#8385 = VECTOR('',#8386,1.);
#8386 = DIRECTION('',(-0.233373848899,0.,0.972387086838));
#8387 = PLANE('',#8388);
#8388 = AXIS2_PLACEMENT_3D('',#8389,#8390,#8391);
#8389 = CARTESIAN_POINT('',(-112.6132573229,2.613158576922,
    8.029497530184));
#8390 = DIRECTION('',(-0.972387086838,-0.,-0.233373848899));
#8391 = DIRECTION('',(0.233373848899,0.,-0.972387086838));
#8392 = ADVANCED_FACE('',(#8393),#8410,.T.);
#8393 = FACE_BOUND('',#8394,.T.);
#8394 = EDGE_LOOP('',(#8395,#8403,#8404));
#8395 = ORIENTED_EDGE('',*,*,#8396,.T.);
#8396 = EDGE_CURVE('',#8397,#8351,#8399,.T.);
#8397 = VERTEX_POINT('',#8398);
#8398 = CARTESIAN_POINT('',(-112.6645932302,3.257885456085,
    8.167453587216));
#8399 = LINE('',#8400,#8401);
#8400 = CARTESIAN_POINT('',(-112.647491455,3.257885456085,8.172139167786
    ));
#8401 = VECTOR('',#8402,1.);
#8402 = DIRECTION('',(0.233373848899,0.,-0.972387086838));
#8403 = ORIENTED_EDGE('',*,*,#8373,.F.);
#8404 = ORIENTED_EDGE('',*,*,#8405,.T.);
#8405 = EDGE_CURVE('',#8374,#8397,#8406,.T.);
#8406 = LINE('',#8407,#8408);
#8407 = CARTESIAN_POINT('',(-112.647491455,2.060631275177,8.172139167786
    ));
#8408 = VECTOR('',#8409,1.);
#8409 = DIRECTION('',(0.,1.,0.));
#8410 = PLANE('',#8411);
#8411 = AXIS2_PLACEMENT_3D('',#8412,#8413,#8414);
#8412 = CARTESIAN_POINT('',(-112.6347742932,2.70535815434,8.119151208677
    ));
#8413 = DIRECTION('',(-0.972387086838,-0.,-0.233373848899));
#8414 = DIRECTION('',(0.233373848899,0.,-0.972387086838));
#8415 = ADVANCED_FACE('',(#8416),#8433,.T.);
#8416 = FACE_BOUND('',#8417,.T.);
#8417 = EDGE_LOOP('',(#8418,#8426,#8427));
#8418 = ORIENTED_EDGE('',*,*,#8419,.T.);
#8419 = EDGE_CURVE('',#8420,#8397,#8422,.T.);
#8420 = VERTEX_POINT('',#8421);
#8421 = CARTESIAN_POINT('',(-112.7335739135,2.060631275177,
    8.352119445801));
#8422 = LINE('',#8423,#8424);
#8423 = CARTESIAN_POINT('',(-112.7335739135,2.060631275177,
    8.352119445801));
#8424 = VECTOR('',#8425,1.);
#8425 = DIRECTION('',(7.092196517796E-02,0.986398632323,-0.148282881706)
  );
#8426 = ORIENTED_EDGE('',*,*,#8405,.F.);
#8427 = ORIENTED_EDGE('',*,*,#8428,.T.);
#8428 = EDGE_CURVE('',#8374,#8420,#8429,.T.);
#8429 = LINE('',#8430,#8431);
#8430 = CARTESIAN_POINT('',(-112.647491455,2.060631275177,8.172139167786
    ));
#8431 = VECTOR('',#8432,1.);
#8432 = DIRECTION('',(-0.431475625313,0.,0.902124594921));
#8433 = PLANE('',#8434);
#8434 = AXIS2_PLACEMENT_3D('',#8435,#8436,#8437);
#8435 = CARTESIAN_POINT('',(-112.6707928599,2.6135087954,8.22085749428)
  );
#8436 = DIRECTION('',(-0.902124594921,-0.,-0.431475625313));
#8437 = DIRECTION('',(0.431475625313,0.,-0.902124594921));
#8438 = ADVANCED_FACE('',(#8439),#8456,.T.);
#8439 = FACE_BOUND('',#8440,.T.);
#8440 = EDGE_LOOP('',(#8441,#8449,#8450));
#8441 = ORIENTED_EDGE('',*,*,#8442,.T.);
#8442 = EDGE_CURVE('',#8443,#8397,#8445,.T.);
#8443 = VERTEX_POINT('',#8444);
#8444 = CARTESIAN_POINT('',(-112.7335739135,3.257885456085,
    8.352119445801));
#8445 = LINE('',#8446,#8447);
#8446 = CARTESIAN_POINT('',(-112.7335739135,3.257885456085,
    8.352119445801));
#8447 = VECTOR('',#8448,1.);
#8448 = DIRECTION('',(0.431475625313,0.,-0.902124594921));
#8449 = ORIENTED_EDGE('',*,*,#8419,.F.);
#8450 = ORIENTED_EDGE('',*,*,#8451,.T.);
#8451 = EDGE_CURVE('',#8420,#8443,#8452,.T.);
#8452 = LINE('',#8453,#8454);
#8453 = CARTESIAN_POINT('',(-112.7335739135,2.060631275177,
    8.352119445801));
#8454 = VECTOR('',#8455,1.);
#8455 = DIRECTION('',(0.,1.,0.));
#8456 = PLANE('',#8457);
#8457 = AXIS2_PLACEMENT_3D('',#8458,#8459,#8460);
#8458 = CARTESIAN_POINT('',(-112.7102725087,2.705007935862,
    8.303401119306));
#8459 = DIRECTION('',(-0.902124594921,-0.,-0.431475625313));
#8460 = DIRECTION('',(0.431475625313,0.,-0.902124594921));
#8461 = ADVANCED_FACE('',(#8462),#8479,.T.);
#8462 = FACE_BOUND('',#8463,.T.);
#8463 = EDGE_LOOP('',(#8464,#8472,#8473));
#8464 = ORIENTED_EDGE('',*,*,#8465,.T.);
#8465 = EDGE_CURVE('',#8466,#8443,#8468,.T.);
#8466 = VERTEX_POINT('',#8467);
#8467 = CARTESIAN_POINT('',(-112.8626898129,3.257885456085,
    8.504712422696));
#8468 = LINE('',#8469,#8470);
#8469 = CARTESIAN_POINT('',(-112.8509521484,3.257885456085,
    8.516449928284));
#8470 = VECTOR('',#8471,1.);
#8471 = DIRECTION('',(0.581235960138,0.,-0.813735066617));
#8472 = ORIENTED_EDGE('',*,*,#8451,.F.);
#8473 = ORIENTED_EDGE('',*,*,#8474,.T.);
#8474 = EDGE_CURVE('',#8420,#8466,#8475,.T.);
#8475 = LINE('',#8476,#8477);
#8476 = CARTESIAN_POINT('',(-112.7335739135,2.060631275177,
    8.352119445801));
#8477 = VECTOR('',#8478,1.);
#8478 = DIRECTION('',(-9.667393812852E-02,0.986071027086,0.135344298836)
  );
#8479 = PLANE('',#8480);
#8480 = AXIS2_PLACEMENT_3D('',#8481,#8482,#8483);
#8481 = CARTESIAN_POINT('',(-112.7653759508,2.705516825147,
    8.396642556407));
#8482 = DIRECTION('',(-0.813735066617,-0.,-0.581235960138));
#8483 = DIRECTION('',(0.581235960138,0.,-0.813735066617));
#8484 = ADVANCED_FACE('',(#8485),#8502,.T.);
#8485 = FACE_BOUND('',#8486,.T.);
#8486 = EDGE_LOOP('',(#8487,#8495,#8496));
#8487 = ORIENTED_EDGE('',*,*,#8488,.T.);
#8488 = EDGE_CURVE('',#8489,#8466,#8491,.T.);
#8489 = VERTEX_POINT('',#8490);
#8490 = CARTESIAN_POINT('',(-112.8509521484,2.060631275177,
    8.516449928284));
#8491 = LINE('',#8492,#8493);
#8492 = CARTESIAN_POINT('',(-112.8509521484,2.060631275177,
    8.516449928284));
#8493 = VECTOR('',#8494,1.);
#8494 = DIRECTION('',(0.,1.,0.));
#8495 = ORIENTED_EDGE('',*,*,#8474,.F.);
#8496 = ORIENTED_EDGE('',*,*,#8497,.T.);
#8497 = EDGE_CURVE('',#8420,#8489,#8498,.T.);
#8498 = LINE('',#8499,#8500);
#8499 = CARTESIAN_POINT('',(-112.7335739135,2.060631275177,
    8.352119445801));
#8500 = VECTOR('',#8501,1.);
#8501 = DIRECTION('',(-0.581235960138,0.,0.813735066617));
#8502 = PLANE('',#8503);
#8503 = AXIS2_PLACEMENT_3D('',#8504,#8505,#8506);
#8504 = CARTESIAN_POINT('',(-112.8191501111,2.612999906115,
    8.471926817678));
#8505 = DIRECTION('',(-0.813735066617,-0.,-0.581235960138));
#8506 = DIRECTION('',(0.581235960138,0.,-0.813735066617));
#8507 = ADVANCED_FACE('',(#8508),#8525,.T.);
#8508 = FACE_BOUND('',#8509,.T.);
#8509 = EDGE_LOOP('',(#8510,#8518,#8519));
#8510 = ORIENTED_EDGE('',*,*,#8511,.T.);
#8511 = EDGE_CURVE('',#8512,#8466,#8514,.T.);
#8512 = VERTEX_POINT('',#8513);
#8513 = CARTESIAN_POINT('',(-113.1561279296,3.257885456085,8.77467918396
    ));
#8514 = LINE('',#8515,#8516);
#8515 = CARTESIAN_POINT('',(-113.1561279296,3.257885456085,8.77467918396
    ));
#8516 = VECTOR('',#8517,1.);
#8517 = DIRECTION('',(0.763381851485,0.,-0.645947481475));
#8518 = ORIENTED_EDGE('',*,*,#8488,.F.);
#8519 = ORIENTED_EDGE('',*,*,#8520,.T.);
#8520 = EDGE_CURVE('',#8489,#8512,#8521,.T.);
#8521 = LINE('',#8522,#8523);
#8522 = CARTESIAN_POINT('',(-112.8509521484,2.060631275177,
    8.516449928284));
#8523 = VECTOR('',#8524,1.);
#8524 = DIRECTION('',(-0.241774520279,0.948520731413,0.204581288061));
#8525 = PLANE('',#8526);
#8526 = AXIS2_PLACEMENT_3D('',#8527,#8528,#8529);
#8527 = CARTESIAN_POINT('',(-112.939647009,2.742955705121,8.591500470472
    ));
#8528 = DIRECTION('',(-0.645947481475,-0.,-0.763381851485));
#8529 = DIRECTION('',(-0.763381851485,0.,0.645947481475));
#8530 = ADVANCED_FACE('',(#8531),#8556,.T.);
#8531 = FACE_BOUND('',#8532,.T.);
#8532 = EDGE_LOOP('',(#8533,#8541,#8542,#8550));
#8533 = ORIENTED_EDGE('',*,*,#8534,.T.);
#8534 = EDGE_CURVE('',#8535,#8512,#8537,.T.);
#8535 = VERTEX_POINT('',#8536);
#8536 = CARTESIAN_POINT('',(-113.1561279296,2.060631275177,8.77467918396
    ));
#8537 = LINE('',#8538,#8539);
#8538 = CARTESIAN_POINT('',(-113.1561279296,2.060631275177,8.77467918396
    ));
#8539 = VECTOR('',#8540,1.);
#8540 = DIRECTION('',(0.,1.,0.));
#8541 = ORIENTED_EDGE('',*,*,#8520,.F.);
#8542 = ORIENTED_EDGE('',*,*,#8543,.F.);
#8543 = EDGE_CURVE('',#8544,#8489,#8546,.T.);
#8544 = VERTEX_POINT('',#8545);
#8545 = CARTESIAN_POINT('',(-112.9971481318,2.060631275177,8.65098955156
    ));
#8546 = LINE('',#8547,#8548);
#8547 = CARTESIAN_POINT('',(-112.9918060302,2.060631275177,
    8.657302856445));
#8548 = VECTOR('',#8549,1.);
#8549 = DIRECTION('',(0.707109174982,0.,-0.707104387383));
#8550 = ORIENTED_EDGE('',*,*,#8551,.F.);
#8551 = EDGE_CURVE('',#8535,#8544,#8552,.T.);
#8552 = LINE('',#8553,#8554);
#8553 = CARTESIAN_POINT('',(-113.1561279296,2.060631275177,8.77467918396
    ));
#8554 = VECTOR('',#8555,1.);
#8555 = DIRECTION('',(0.813725174641,0.,-0.581249808736));
#8556 = PLANE('',#8557);
#8557 = AXIS2_PLACEMENT_3D('',#8558,#8559,#8560);
#8558 = CARTESIAN_POINT('',(-113.067433069,2.575561026141,8.699628641771
    ));
#8559 = DIRECTION('',(-0.645947481475,-0.,-0.763381851485));
#8560 = DIRECTION('',(-0.763381851485,0.,0.645947481475));
#8561 = ADVANCED_FACE('',(#8562),#8579,.T.);
#8562 = FACE_BOUND('',#8563,.T.);
#8563 = EDGE_LOOP('',(#8564,#8572,#8573));
#8564 = ORIENTED_EDGE('',*,*,#8565,.T.);
#8565 = EDGE_CURVE('',#8566,#8512,#8568,.T.);
#8566 = VERTEX_POINT('',#8567);
#8567 = CARTESIAN_POINT('',(-113.5355765139,3.257885456085,
    8.893699709047));
#8568 = LINE('',#8569,#8570);
#8569 = CARTESIAN_POINT('',(-113.5317382812,3.257885456085,
    8.907709121704));
#8570 = VECTOR('',#8571,1.);
#8571 = DIRECTION('',(0.942626220938,0.,-0.333849977685));
#8572 = ORIENTED_EDGE('',*,*,#8534,.F.);
#8573 = ORIENTED_EDGE('',*,*,#8574,.T.);
#8574 = EDGE_CURVE('',#8535,#8566,#8575,.T.);
#8575 = LINE('',#8576,#8577);
#8576 = CARTESIAN_POINT('',(-113.1561279296,2.060631275177,8.77467918396
    ));
#8577 = VECTOR('',#8578,1.);
#8578 = DIRECTION('',(-0.297672736551,0.948828824594,0.105426768583));
#8579 = PLANE('',#8580);
#8580 = AXIS2_PLACEMENT_3D('',#8581,#8582,#8583);
#8581 = CARTESIAN_POINT('',(-113.2652466195,2.74273417413,8.813325756027
    ));
#8582 = DIRECTION('',(-0.333849977685,-0.,-0.942626220938));
#8583 = DIRECTION('',(-0.942626220938,0.,0.333849977685));
#8584 = ADVANCED_FACE('',(#8585),#8610,.T.);
#8585 = FACE_BOUND('',#8586,.T.);
#8586 = EDGE_LOOP('',(#8587,#8595,#8596,#8604));
#8587 = ORIENTED_EDGE('',*,*,#8588,.T.);
#8588 = EDGE_CURVE('',#8589,#8566,#8591,.T.);
#8589 = VERTEX_POINT('',#8590);
#8590 = CARTESIAN_POINT('',(-113.5317382812,2.060631275177,
    8.907709121704));
#8591 = LINE('',#8592,#8593);
#8592 = CARTESIAN_POINT('',(-113.5317382812,2.060631275177,
    8.907709121704));
#8593 = VECTOR('',#8594,1.);
#8594 = DIRECTION('',(0.,1.,0.));
#8595 = ORIENTED_EDGE('',*,*,#8574,.F.);
#8596 = ORIENTED_EDGE('',*,*,#8597,.F.);
#8597 = EDGE_CURVE('',#8598,#8535,#8600,.T.);
#8598 = VERTEX_POINT('',#8599);
#8599 = CARTESIAN_POINT('',(-113.3396201739,2.060631275177,
    8.850835611673));
#8600 = LINE('',#8601,#8602);
#8601 = CARTESIAN_POINT('',(-113.3361053466,2.060631275177,
    8.860759735107));
#8602 = VECTOR('',#8603,1.);
#8603 = DIRECTION('',(0.902125646454,0.,-0.431473426771));
#8604 = ORIENTED_EDGE('',*,*,#8605,.F.);
#8605 = EDGE_CURVE('',#8589,#8598,#8606,.T.);
#8606 = LINE('',#8607,#8608);
#8607 = CARTESIAN_POINT('',(-113.5317382812,2.060631275177,
    8.907709121704));
#8608 = VECTOR('',#8609,1.);
#8609 = DIRECTION('',(0.972390141739,0.,-0.233361119832));
#8610 = PLANE('',#8611);
#8611 = AXIS2_PLACEMENT_3D('',#8612,#8613,#8614);
#8612 = CARTESIAN_POINT('',(-113.4226195913,2.575782557132,
    8.869062549637));
#8613 = DIRECTION('',(-0.333849977685,-0.,-0.942626220938));
#8614 = DIRECTION('',(-0.942626220938,0.,0.333849977685));
#8615 = ADVANCED_FACE('',(#8616),#8633,.T.);
#8616 = FACE_BOUND('',#8617,.T.);
#8617 = EDGE_LOOP('',(#8618,#8626,#8627));
#8618 = ORIENTED_EDGE('',*,*,#8619,.T.);
#8619 = EDGE_CURVE('',#8620,#8566,#8622,.T.);
#8620 = VERTEX_POINT('',#8621);
#8621 = CARTESIAN_POINT('',(-113.7273712158,2.060631275177,
    8.931185722351));
#8622 = LINE('',#8623,#8624);
#8623 = CARTESIAN_POINT('',(-113.7273712158,2.060631275177,
    8.931185722351));
#8624 = VECTOR('',#8625,1.);
#8625 = DIRECTION('',(0.161232474749,0.986726774384,-1.934843143528E-02)
  );
#8626 = ORIENTED_EDGE('',*,*,#8588,.F.);
#8627 = ORIENTED_EDGE('',*,*,#8628,.T.);
#8628 = EDGE_CURVE('',#8589,#8620,#8629,.T.);
#8629 = LINE('',#8630,#8631);
#8630 = CARTESIAN_POINT('',(-113.5317382812,2.060631275177,
    8.907709121704));
#8631 = VECTOR('',#8632,1.);
#8632 = DIRECTION('',(-0.992876449137,0.,0.119148465157));
#8633 = PLANE('',#8634);
#8634 = AXIS2_PLACEMENT_3D('',#8635,#8636,#8637);
#8635 = CARTESIAN_POINT('',(-113.5846441315,2.614025530225,
    8.914057999114));
#8636 = DIRECTION('',(-0.119148465157,-0.,-0.992876449137));
#8637 = DIRECTION('',(-0.992876449137,0.,0.119148465157));
#8638 = ADVANCED_FACE('',(#8639),#8664,.T.);
#8639 = FACE_BOUND('',#8640,.T.);
#8640 = EDGE_LOOP('',(#8641,#8651,#8657,#8658));
#8641 = ORIENTED_EDGE('',*,*,#8642,.F.);
#8642 = EDGE_CURVE('',#8643,#8645,#8647,.T.);
#8643 = VERTEX_POINT('',#8644);
#8644 = CARTESIAN_POINT('',(-113.7273712158,3.257885456085,
    8.919447422028));
#8645 = VERTEX_POINT('',#8646);
#8646 = CARTESIAN_POINT('',(-113.929760883,3.257885456085,8.901683240291
    ));
#8647 = LINE('',#8648,#8649);
#8648 = CARTESIAN_POINT('',(-113.7273712158,3.257885456085,
    8.931185722351));
#8649 = VECTOR('',#8650,1.);
#8650 = DIRECTION('',(-0.984783392979,0.,-0.173786273661));
#8651 = ORIENTED_EDGE('',*,*,#8652,.T.);
#8652 = EDGE_CURVE('',#8643,#8566,#8653,.T.);
#8653 = LINE('',#8654,#8655);
#8654 = CARTESIAN_POINT('',(-113.9308242797,3.257885456085,
    8.907709121704));
#8655 = VECTOR('',#8656,1.);
#8656 = DIRECTION('',(1.,0.,0.));
#8657 = ORIENTED_EDGE('',*,*,#8619,.F.);
#8658 = ORIENTED_EDGE('',*,*,#8659,.T.);
#8659 = EDGE_CURVE('',#8620,#8645,#8660,.T.);
#8660 = LINE('',#8661,#8662);
#8661 = CARTESIAN_POINT('',(-113.7273712158,2.060631275177,
    8.931185722351));
#8662 = VECTOR('',#8663,1.);
#8663 = DIRECTION('',(-0.167500055979,0.985682586512,-1.932795626629E-02
    ));
#8664 = PLANE('',#8665);
#8665 = AXIS2_PLACEMENT_3D('',#8666,#8667,#8668);
#8666 = CARTESIAN_POINT('',(-113.7296475927,2.743763520984,
    8.917790385605));
#8667 = DIRECTION('',(-0.,-1.960493346512E-02,-0.999807804822));
#8668 = DIRECTION('',(0.,-0.999807804822,1.960493346512E-02));
#8669 = ADVANCED_FACE('',(#8670),#8695,.T.);
#8670 = FACE_BOUND('',#8671,.T.);
#8671 = EDGE_LOOP('',(#8672,#8680,#8681,#8689));
#8672 = ORIENTED_EDGE('',*,*,#8673,.T.);
#8673 = EDGE_CURVE('',#8674,#8645,#8676,.T.);
#8674 = VERTEX_POINT('',#8675);
#8675 = CARTESIAN_POINT('',(-114.1264495849,2.060631275177,
    8.860759735107));
#8676 = LINE('',#8677,#8678);
#8677 = CARTESIAN_POINT('',(-114.1264495849,2.060631275177,
    8.860759735107));
#8678 = VECTOR('',#8679,1.);
#8679 = DIRECTION('',(0.161135910476,0.986174269933,3.867205292668E-02)
  );
#8680 = ORIENTED_EDGE('',*,*,#8659,.F.);
#8681 = ORIENTED_EDGE('',*,*,#8682,.F.);
#8682 = EDGE_CURVE('',#8683,#8620,#8685,.T.);
#8683 = VERTEX_POINT('',#8684);
#8684 = CARTESIAN_POINT('',(-113.929760883,2.060631275177,8.901683240291
    ));
#8685 = LINE('',#8686,#8687);
#8686 = CARTESIAN_POINT('',(-113.9308242797,2.060631275177,
    8.907709121704));
#8687 = VECTOR('',#8688,1.);
#8688 = DIRECTION('',(0.99340824247,0.,0.114630117303));
#8689 = ORIENTED_EDGE('',*,*,#8690,.F.);
#8690 = EDGE_CURVE('',#8674,#8683,#8691,.T.);
#8691 = LINE('',#8692,#8693);
#8692 = CARTESIAN_POINT('',(-114.1264495849,2.060631275177,
    8.860759735107));
#8693 = VECTOR('',#8694,1.);
#8694 = DIRECTION('',(0.972388076503,0.,0.233369725275));
#8695 = PLANE('',#8696);
#8696 = AXIS2_PLACEMENT_3D('',#8697,#8698,#8699);
#8697 = CARTESIAN_POINT('',(-113.9285661823,2.573656167857,
    8.901005549991));
#8698 = DIRECTION('',(0.173777195488,1.022117468727E-02,-0.984731950287)
  );
#8699 = DIRECTION('',(-0.984783392979,-9.893039759088E-20,
    -0.173786273661));
#8700 = ADVANCED_FACE('',(#8701),#8718,.T.);
#8701 = FACE_BOUND('',#8702,.T.);
#8702 = EDGE_LOOP('',(#8703,#8711,#8712));
#8703 = ORIENTED_EDGE('',*,*,#8704,.T.);
#8704 = EDGE_CURVE('',#8705,#8645,#8707,.T.);
#8705 = VERTEX_POINT('',#8706);
#8706 = CARTESIAN_POINT('',(-114.1264495849,3.257885456085,
    8.860759735107));
#8707 = LINE('',#8708,#8709);
#8708 = CARTESIAN_POINT('',(-114.1264495849,3.257885456085,
    8.860759735107));
#8709 = VECTOR('',#8710,1.);
#8710 = DIRECTION('',(0.972388076503,0.,0.233369725275));
#8711 = ORIENTED_EDGE('',*,*,#8673,.F.);
#8712 = ORIENTED_EDGE('',*,*,#8713,.T.);
#8713 = EDGE_CURVE('',#8674,#8705,#8714,.T.);
#8714 = LINE('',#8715,#8716);
#8715 = CARTESIAN_POINT('',(-114.1264495849,2.060631275177,
    8.860759735107));
#8716 = VECTOR('',#8717,1.);
#8717 = DIRECTION('',(0.,1.,0.));
#8718 = PLANE('',#8719);
#8719 = AXIS2_PLACEMENT_3D('',#8720,#8721,#8722);
#8720 = CARTESIAN_POINT('',(-114.0734628806,2.705357191123,
    8.873476358165));
#8721 = DIRECTION('',(0.233369725275,-0.,-0.972388076503));
#8722 = DIRECTION('',(-0.972388076503,0.,-0.233369725275));
#8723 = ADVANCED_FACE('',(#8724),#8741,.T.);
#8724 = FACE_BOUND('',#8725,.T.);
#8725 = EDGE_LOOP('',(#8726,#8734,#8735));
#8726 = ORIENTED_EDGE('',*,*,#8727,.T.);
#8727 = EDGE_CURVE('',#8728,#8705,#8730,.T.);
#8728 = VERTEX_POINT('',#8729);
#8729 = CARTESIAN_POINT('',(-114.3064346313,2.060631275177,8.77467918396
    ));
#8730 = LINE('',#8731,#8732);
#8731 = CARTESIAN_POINT('',(-114.3064346313,2.060631275177,8.77467918396
    ));
#8732 = VECTOR('',#8733,1.);
#8733 = DIRECTION('',(0.148286740433,0.986398167629,7.092036033313E-02)
  );
#8734 = ORIENTED_EDGE('',*,*,#8713,.F.);
#8735 = ORIENTED_EDGE('',*,*,#8736,.T.);
#8736 = EDGE_CURVE('',#8674,#8728,#8737,.T.);
#8737 = LINE('',#8738,#8739);
#8738 = CARTESIAN_POINT('',(-114.1264495849,2.060631275177,
    8.860759735107));
#8739 = VECTOR('',#8740,1.);
#8740 = DIRECTION('',(-0.902132765548,0.,-0.431458541837));
#8741 = PLANE('',#8742);
#8742 = AXIS2_PLACEMENT_3D('',#8743,#8744,#8745);
#8743 = CARTESIAN_POINT('',(-114.1751692662,2.613508068669,
    8.837458815949));
#8744 = DIRECTION('',(0.431458541837,-0.,-0.902132765548));
#8745 = DIRECTION('',(-0.902132765548,0.,-0.431458541837));
#8746 = ADVANCED_FACE('',(#8747),#8772,.T.);
#8747 = FACE_BOUND('',#8748,.T.);
#8748 = EDGE_LOOP('',(#8749,#8759,#8765,#8766));
#8749 = ORIENTED_EDGE('',*,*,#8750,.F.);
#8750 = EDGE_CURVE('',#8751,#8753,#8755,.T.);
#8751 = VERTEX_POINT('',#8752);
#8752 = CARTESIAN_POINT('',(-114.3019950048,3.257885456085,
    8.767165905935));
#8753 = VERTEX_POINT('',#8754);
#8754 = CARTESIAN_POINT('',(-114.4654204669,3.257885456085,
    8.650987670516));
#8755 = LINE('',#8756,#8757);
#8756 = CARTESIAN_POINT('',(-114.3064346313,3.257885456085,8.77467918396
    ));
#8757 = VECTOR('',#8758,1.);
#8758 = DIRECTION('',(-0.763381851485,0.,-0.645947481475));
#8759 = ORIENTED_EDGE('',*,*,#8760,.F.);
#8760 = EDGE_CURVE('',#8705,#8751,#8761,.T.);
#8761 = LINE('',#8762,#8763);
#8762 = CARTESIAN_POINT('',(-114.1264495849,3.257885456085,
    8.860759735107));
#8763 = VECTOR('',#8764,1.);
#8764 = DIRECTION('',(-0.902132765548,0.,-0.431458541837));
#8765 = ORIENTED_EDGE('',*,*,#8727,.F.);
#8766 = ORIENTED_EDGE('',*,*,#8767,.T.);
#8767 = EDGE_CURVE('',#8728,#8753,#8768,.T.);
#8768 = LINE('',#8769,#8770);
#8769 = CARTESIAN_POINT('',(-114.3064346313,2.060631275177,8.77467918396
    ));
#8770 = VECTOR('',#8771,1.);
#8771 = DIRECTION('',(-0.135343548322,0.986071281662,-9.667239217438E-02
    ));
#8772 = PLANE('',#8773);
#8773 = AXIS2_PLACEMENT_3D('',#8774,#8775,#8776);
#8774 = CARTESIAN_POINT('',(-114.3019794746,2.743919926619,
    8.765741491813));
#8775 = DIRECTION('',(0.508672048453,-1.457672298943E-02,-0.860836956845
    ));
#8776 = DIRECTION('',(-0.860928427107,8.650792956955E-19,-0.508726098602
    ));
#8777 = ADVANCED_FACE('',(#8778),#8795,.T.);
#8778 = FACE_BOUND('',#8779,.T.);
#8779 = EDGE_LOOP('',(#8780,#8788,#8789));
#8780 = ORIENTED_EDGE('',*,*,#8781,.T.);
#8781 = EDGE_CURVE('',#8782,#8753,#8784,.T.);
#8782 = VERTEX_POINT('',#8783);
#8783 = CARTESIAN_POINT('',(-114.4707641601,2.060631275177,
    8.657302856445));
#8784 = LINE('',#8785,#8786);
#8785 = CARTESIAN_POINT('',(-114.4707641601,2.060631275177,
    8.657302856445));
#8786 = VECTOR('',#8787,1.);
#8787 = DIRECTION('',(0.,1.,0.));
#8788 = ORIENTED_EDGE('',*,*,#8767,.F.);
#8789 = ORIENTED_EDGE('',*,*,#8790,.T.);
#8790 = EDGE_CURVE('',#8728,#8782,#8791,.T.);
#8791 = LINE('',#8792,#8793);
#8792 = CARTESIAN_POINT('',(-114.3064346313,2.060631275177,8.77467918396
    ));
#8793 = VECTOR('',#8794,1.);
#8794 = DIRECTION('',(-0.813737938382,0.,-0.581231939622));
#8795 = PLANE('',#8796);
#8796 = AXIS2_PLACEMENT_3D('',#8797,#8798,#8799);
#8797 = CARTESIAN_POINT('',(-114.4262413395,2.613000298913,
    8.689104354361));
#8798 = DIRECTION('',(0.581231939622,-0.,-0.813737938382));
#8799 = DIRECTION('',(-0.813737938382,0.,-0.581231939622));
#8800 = ADVANCED_FACE('',(#8801),#8818,.T.);
#8801 = FACE_BOUND('',#8802,.T.);
#8802 = EDGE_LOOP('',(#8803,#8811,#8812));
#8803 = ORIENTED_EDGE('',*,*,#8804,.T.);
#8804 = EDGE_CURVE('',#8805,#8753,#8807,.T.);
#8805 = VERTEX_POINT('',#8806);
#8806 = CARTESIAN_POINT('',(-114.6116104125,2.060631275177,
    8.516449928284));
#8807 = LINE('',#8808,#8809);
#8808 = CARTESIAN_POINT('',(-114.6116104125,2.060631275177,
    8.516449928284));
#8809 = VECTOR('',#8810,1.);
#8810 = DIRECTION('',(0.116045939678,0.9864407753,0.116051439932));
#8811 = ORIENTED_EDGE('',*,*,#8781,.F.);
#8812 = ORIENTED_EDGE('',*,*,#8813,.T.);
#8813 = EDGE_CURVE('',#8782,#8805,#8814,.T.);
#8814 = LINE('',#8815,#8816);
#8815 = CARTESIAN_POINT('',(-114.4707641601,2.060631275177,
    8.657302856445));
#8816 = VECTOR('',#8817,1.);
#8817 = DIRECTION('',(-0.707090023939,0.,-0.707123538037));
#8818 = PLANE('',#8819);
#8819 = AXIS2_PLACEMENT_3D('',#8820,#8821,#8822);
#8820 = CARTESIAN_POINT('',(-114.5088848652,2.613574760998,
    8.619180344503));
#8821 = DIRECTION('',(0.707123538037,0.,-0.707090023939));
#8822 = DIRECTION('',(0.707090023939,0.,0.707123538037));
#8823 = ADVANCED_FACE('',(#8824),#8841,.T.);
#8824 = FACE_BOUND('',#8825,.T.);
#8825 = EDGE_LOOP('',(#8826,#8834,#8835));
#8826 = ORIENTED_EDGE('',*,*,#8827,.T.);
#8827 = EDGE_CURVE('',#8828,#8753,#8830,.T.);
#8828 = VERTEX_POINT('',#8829);
#8829 = CARTESIAN_POINT('',(-114.6116104125,3.257885456085,
    8.516449928284));
#8830 = LINE('',#8831,#8832);
#8831 = CARTESIAN_POINT('',(-114.6116104125,3.257885456085,
    8.516449928284));
#8832 = VECTOR('',#8833,1.);
#8833 = DIRECTION('',(0.707090023939,0.,0.707123538037));
#8834 = ORIENTED_EDGE('',*,*,#8804,.F.);
#8835 = ORIENTED_EDGE('',*,*,#8836,.T.);
#8836 = EDGE_CURVE('',#8805,#8828,#8837,.T.);
#8837 = LINE('',#8838,#8839);
#8838 = CARTESIAN_POINT('',(-114.6116104125,2.060631275177,
    8.516449928284));
#8839 = VECTOR('',#8840,1.);
#8840 = DIRECTION('',(0.,1.,0.));
#8841 = PLANE('',#8842);
#8842 = AXIS2_PLACEMENT_3D('',#8843,#8844,#8845);
#8843 = CARTESIAN_POINT('',(-114.5734897074,2.704941970264,
    8.554572440226));
#8844 = DIRECTION('',(0.707123538037,0.,-0.707090023939));
#8845 = DIRECTION('',(0.707090023939,0.,0.707123538037));
#8846 = ADVANCED_FACE('',(#8847),#8864,.T.);
#8847 = FACE_BOUND('',#8848,.T.);
#8848 = EDGE_LOOP('',(#8849,#8857,#8858));
#8849 = ORIENTED_EDGE('',*,*,#8850,.T.);
#8850 = EDGE_CURVE('',#8851,#8828,#8853,.T.);
#8851 = VERTEX_POINT('',#8852);
#8852 = CARTESIAN_POINT('',(-114.7289962768,2.060631275177,
    8.352119445801));
#8853 = LINE('',#8854,#8855);
#8854 = CARTESIAN_POINT('',(-114.7289962768,2.060631275177,
    8.352119445801));
#8855 = VECTOR('',#8856,1.);
#8856 = DIRECTION('',(9.668016304569E-02,0.986070428064,0.135344216617)
  );
#8857 = ORIENTED_EDGE('',*,*,#8836,.F.);
#8858 = ORIENTED_EDGE('',*,*,#8859,.T.);
#8859 = EDGE_CURVE('',#8805,#8851,#8860,.T.);
#8860 = LINE('',#8861,#8862);
#8861 = CARTESIAN_POINT('',(-114.6116104125,2.060631275177,
    8.516449928284));
#8862 = VECTOR('',#8863,1.);
#8863 = DIRECTION('',(-0.581260975497,0.,-0.813717198027));
#8864 = PLANE('',#8865);
#8865 = AXIS2_PLACEMENT_3D('',#8866,#8867,#8868);
#8866 = CARTESIAN_POINT('',(-114.6434145701,2.612998981869,8.47192674318
    ));
#8867 = DIRECTION('',(0.813717198027,0.,-0.581260975497));
#8868 = DIRECTION('',(0.581260975497,0.,0.813717198027));
#8869 = ADVANCED_FACE('',(#8870),#8887,.T.);
#8870 = FACE_BOUND('',#8871,.T.);
#8871 = EDGE_LOOP('',(#8872,#8880,#8881));
#8872 = ORIENTED_EDGE('',*,*,#8873,.T.);
#8873 = EDGE_CURVE('',#8874,#8828,#8876,.T.);
#8874 = VERTEX_POINT('',#8875);
#8875 = CARTESIAN_POINT('',(-114.7120538398,3.257885456085,
    8.344261931037));
#8876 = LINE('',#8877,#8878);
#8877 = CARTESIAN_POINT('',(-114.7289962768,3.257885456085,
    8.352119445801));
#8878 = VECTOR('',#8879,1.);
#8879 = DIRECTION('',(0.581260975497,0.,0.813717198027));
#8880 = ORIENTED_EDGE('',*,*,#8850,.F.);
#8881 = ORIENTED_EDGE('',*,*,#8882,.T.);
#8882 = EDGE_CURVE('',#8851,#8874,#8883,.T.);
#8883 = LINE('',#8884,#8885);
#8884 = CARTESIAN_POINT('',(-114.7289962768,2.060631275177,
    8.352119445801));
#8885 = VECTOR('',#8886,1.);
#8886 = DIRECTION('',(0.,1.,0.));
#8887 = PLANE('',#8888);
#8888 = AXIS2_PLACEMENT_3D('',#8889,#8890,#8891);
#8889 = CARTESIAN_POINT('',(-114.6971921192,2.705517749394,
    8.396642630905));
#8890 = DIRECTION('',(0.813717198027,0.,-0.581260975497));
#8891 = DIRECTION('',(0.581260975497,0.,0.813717198027));
#8892 = ADVANCED_FACE('',(#8893),#8910,.T.);
#8893 = FACE_BOUND('',#8894,.T.);
#8894 = EDGE_LOOP('',(#8895,#8903,#8904));
#8895 = ORIENTED_EDGE('',*,*,#8896,.T.);
#8896 = EDGE_CURVE('',#8897,#8874,#8899,.T.);
#8897 = VERTEX_POINT('',#8898);
#8898 = CARTESIAN_POINT('',(-114.7924548989,3.257885456085,
    8.165277085435));
#8899 = LINE('',#8900,#8901);
#8900 = CARTESIAN_POINT('',(-114.8072509765,3.257885456085,
    8.172139167786));
#8901 = VECTOR('',#8902,1.);
#8902 = DIRECTION('',(0.398736417166,0.,0.917065575423));
#8903 = ORIENTED_EDGE('',*,*,#8882,.F.);
#8904 = ORIENTED_EDGE('',*,*,#8905,.T.);
#8905 = EDGE_CURVE('',#8851,#8897,#8906,.T.);
#8906 = LINE('',#8907,#8908);
#8907 = CARTESIAN_POINT('',(-114.7289962768,2.060631275177,
    8.352119445801));
#8908 = VECTOR('',#8909,1.);
#8909 = DIRECTION('',(-6.450096623865E-02,0.986829567949,-0.148347663199
    ));
#8910 = PLANE('',#8911);
#8911 = AXIS2_PLACEMENT_3D('',#8912,#8913,#8914);
#8912 = CARTESIAN_POINT('',(-114.7501527844,2.704327843941,
    8.303460973853));
#8913 = DIRECTION('',(0.917065575423,0.,-0.398736417166));
#8914 = DIRECTION('',(0.398736417166,0.,0.917065575423));
#8915 = ADVANCED_FACE('',(#8916),#8933,.T.);
#8916 = FACE_BOUND('',#8917,.T.);
#8917 = EDGE_LOOP('',(#8918,#8926,#8927));
#8918 = ORIENTED_EDGE('',*,*,#8919,.T.);
#8919 = EDGE_CURVE('',#8920,#8897,#8922,.T.);
#8920 = VERTEX_POINT('',#8921);
#8921 = CARTESIAN_POINT('',(-114.8072509765,2.060631275177,
    8.172139167786));
#8922 = LINE('',#8923,#8924);
#8923 = CARTESIAN_POINT('',(-114.8072509765,2.060631275177,
    8.172139167786));
#8924 = VECTOR('',#8925,1.);
#8925 = DIRECTION('',(0.,1.,0.));
#8926 = ORIENTED_EDGE('',*,*,#8905,.F.);
#8927 = ORIENTED_EDGE('',*,*,#8928,.T.);
#8928 = EDGE_CURVE('',#8851,#8920,#8929,.T.);
#8929 = LINE('',#8930,#8931);
#8930 = CARTESIAN_POINT('',(-114.7289962768,2.060631275177,
    8.352119445801));
#8931 = VECTOR('',#8932,1.);
#8932 = DIRECTION('',(-0.398736417166,0.,-0.917065575423));
#8933 = PLANE('',#8934);
#8934 = AXIS2_PLACEMENT_3D('',#8935,#8936,#8937);
#8935 = CARTESIAN_POINT('',(-114.786094469,2.614188887321,8.220797639733
    ));
#8936 = DIRECTION('',(0.917065575423,0.,-0.398736417166));
#8937 = DIRECTION('',(0.398736417166,0.,0.917065575423));
#8938 = ADVANCED_FACE('',(#8939),#8956,.T.);
#8939 = FACE_BOUND('',#8940,.T.);
#8940 = EDGE_LOOP('',(#8941,#8949,#8950));
#8941 = ORIENTED_EDGE('',*,*,#8942,.T.);
#8942 = EDGE_CURVE('',#8943,#8897,#8945,.T.);
#8943 = VERTEX_POINT('',#8944);
#8944 = CARTESIAN_POINT('',(-114.8525484093,2.060631275177,
    7.974804430596));
#8945 = LINE('',#8946,#8947);
#8946 = CARTESIAN_POINT('',(-114.8620223999,2.060631275177,
    7.976509571075));
#8947 = VECTOR('',#8948,1.);
#8948 = DIRECTION('',(4.510284028809E-02,0.985907628704,0.161095876609)
  );
#8949 = ORIENTED_EDGE('',*,*,#8919,.F.);
#8950 = ORIENTED_EDGE('',*,*,#8951,.T.);
#8951 = EDGE_CURVE('',#8920,#8943,#8952,.T.);
#8952 = LINE('',#8953,#8954);
#8953 = CARTESIAN_POINT('',(-114.8072509765,2.060631275177,
    8.172139167786));
#8954 = VECTOR('',#8955,1.);
#8955 = DIRECTION('',(-0.269607724645,0.,-0.962970235683));
#8956 = PLANE('',#8957);
#8957 = AXIS2_PLACEMENT_3D('',#8958,#8959,#8960);
#8958 = CARTESIAN_POINT('',(-114.822097303,2.612748625633,8.119111864718
    ));
#8959 = DIRECTION('',(0.962970235683,0.,-0.269607724645));
#8960 = DIRECTION('',(0.269607724645,0.,0.962970235683));
#8961 = ADVANCED_FACE('',(#8962),#8987,.T.);
#8962 = FACE_BOUND('',#8963,.T.);
#8963 = EDGE_LOOP('',(#8964,#8974,#8980,#8981));
#8964 = ORIENTED_EDGE('',*,*,#8965,.T.);
#8965 = EDGE_CURVE('',#8966,#8968,#8970,.T.);
#8966 = VERTEX_POINT('',#8967);
#8967 = CARTESIAN_POINT('',(-114.8609794376,3.257885456085,
    7.782417156235));
#8968 = VERTEX_POINT('',#8969);
#8969 = CARTESIAN_POINT('',(-114.8525484093,3.257885456085,
    7.974804430596));
#8970 = LINE('',#8971,#8972);
#8971 = CARTESIAN_POINT('',(-114.877670288,3.257885456085,7.780879974365
    ));
#8972 = VECTOR('',#8973,1.);
#8973 = DIRECTION('',(0.177135106418,0.,0.984186544347));
#8974 = ORIENTED_EDGE('',*,*,#8975,.T.);
#8975 = EDGE_CURVE('',#8968,#8897,#8976,.T.);
#8976 = LINE('',#8977,#8978);
#8977 = CARTESIAN_POINT('',(-114.877670288,3.257885456085,7.780879974365
    ));
#8978 = VECTOR('',#8979,1.);
#8979 = DIRECTION('',(0.177135106418,0.,0.984186544347));
#8980 = ORIENTED_EDGE('',*,*,#8942,.F.);
#8981 = ORIENTED_EDGE('',*,*,#8982,.T.);
#8982 = EDGE_CURVE('',#8943,#8966,#8983,.T.);
#8983 = LINE('',#8984,#8985);
#8984 = CARTESIAN_POINT('',(-114.8620223999,2.060631275177,
    7.976509571075));
#8985 = VECTOR('',#8986,1.);
#8986 = DIRECTION('',(-1.289768181085E-02,0.986829870644,-0.161246569604
    ));
#8987 = PLANE('',#8988);
#8988 = AXIS2_PLACEMENT_3D('',#8989,#8990,#8991);
#8989 = CARTESIAN_POINT('',(-114.8508581084,2.743495313226,
    7.976548864185));
#8990 = DIRECTION('',(0.984059322551,-1.60784067893E-02,-0.177112208882)
  );
#8991 = DIRECTION('',(0.177135106418,2.489033101872E-19,0.984186544347)
  );
#8992 = ADVANCED_FACE('',(#8993),#9010,.T.);
#8993 = FACE_BOUND('',#8994,.T.);
#8994 = EDGE_LOOP('',(#8995,#9003,#9004));
#8995 = ORIENTED_EDGE('',*,*,#8996,.T.);
#8996 = EDGE_CURVE('',#8997,#8966,#8999,.T.);
#8997 = VERTEX_POINT('',#8998);
#8998 = CARTESIAN_POINT('',(-114.877670288,2.060631275177,7.780879974365
    ));
#8999 = LINE('',#9000,#9001);
#9000 = CARTESIAN_POINT('',(-114.877670288,2.060631275177,7.780879974365
    ));
#9001 = VECTOR('',#9002,1.);
#9002 = DIRECTION('',(0.,1.,0.));
#9003 = ORIENTED_EDGE('',*,*,#8982,.F.);
#9004 = ORIENTED_EDGE('',*,*,#9005,.T.);
#9005 = EDGE_CURVE('',#8943,#8997,#9006,.T.);
#9006 = LINE('',#9007,#9008);
#9007 = CARTESIAN_POINT('',(-114.8620223999,2.060631275177,
    7.976509571075));
#9008 = VECTOR('',#9009,1.);
#9009 = DIRECTION('',(-7.973266824054E-02,0.,-0.99681628278));
#9010 = PLANE('',#9011);
#9011 = AXIS2_PLACEMENT_3D('',#9012,#9013,#9014);
#9012 = CARTESIAN_POINT('',(-114.8734398153,2.614189369421,
    7.833769263449));
#9013 = DIRECTION('',(0.99681628278,0.,-7.973266824054E-02));
#9014 = DIRECTION('',(7.973266824054E-02,0.,0.99681628278));
#9015 = ADVANCED_FACE('',(#9016),#9033,.T.);
#9016 = FACE_BOUND('',#9017,.T.);
#9017 = EDGE_LOOP('',(#9018,#9026,#9027));
#9018 = ORIENTED_EDGE('',*,*,#9019,.T.);
#9019 = EDGE_CURVE('',#9020,#8966,#9022,.T.);
#9020 = VERTEX_POINT('',#9021);
#9021 = CARTESIAN_POINT('',(-114.8620223999,2.060631275177,7.5774269104)
  );
#9022 = LINE('',#9023,#9024);
#9023 = CARTESIAN_POINT('',(-114.8620223999,2.060631275177,7.5774269104)
  );
#9024 = VECTOR('',#9025,1.);
#9025 = DIRECTION('',(-1.288402449341E-02,0.985784919388,0.167517445717)
  );
#9026 = ORIENTED_EDGE('',*,*,#8996,.F.);
#9027 = ORIENTED_EDGE('',*,*,#9028,.T.);
#9028 = EDGE_CURVE('',#8997,#9020,#9029,.T.);
#9029 = LINE('',#9030,#9031);
#9030 = CARTESIAN_POINT('',(-114.877670288,2.060631275177,7.780879974365
    ));
#9031 = VECTOR('',#9032,1.);
#9032 = DIRECTION('',(7.668506221111E-02,0.,-0.99705536518));
#9033 = PLANE('',#9034);
#9034 = AXIS2_PLACEMENT_3D('',#9035,#9036,#9037);
#9035 = CARTESIAN_POINT('',(-114.873427334,2.612561003734,7.725713297602
    ));
#9036 = DIRECTION('',(0.99705536518,0.,7.668506221111E-02));
#9037 = DIRECTION('',(-7.668506221111E-02,0.,0.99705536518));
#9038 = ADVANCED_FACE('',(#9039),#9056,.T.);
#9039 = FACE_BOUND('',#9040,.T.);
#9040 = EDGE_LOOP('',(#9041,#9049,#9050));
#9041 = ORIENTED_EDGE('',*,*,#9042,.T.);
#9042 = EDGE_CURVE('',#9043,#8966,#9045,.T.);
#9043 = VERTEX_POINT('',#9044);
#9044 = CARTESIAN_POINT('',(-114.8437997496,3.257885456085,7.57910516687
    ));
#9045 = LINE('',#9046,#9047);
#9046 = CARTESIAN_POINT('',(-114.8620223999,3.257885456085,7.5774269104)
  );
#9047 = VECTOR('',#9048,1.);
#9048 = DIRECTION('',(-7.668506221111E-02,0.,0.99705536518));
#9049 = ORIENTED_EDGE('',*,*,#9019,.F.);
#9050 = ORIENTED_EDGE('',*,*,#9051,.T.);
#9051 = EDGE_CURVE('',#9020,#9043,#9052,.T.);
#9052 = LINE('',#9053,#9054);
#9053 = CARTESIAN_POINT('',(-114.8620223999,2.060631275177,7.5774269104)
  );
#9054 = VECTOR('',#9055,1.);
#9055 = DIRECTION('',(0.,1.,0.));
#9056 = PLANE('',#9057);
#9057 = AXIS2_PLACEMENT_3D('',#9058,#9059,#9060);
#9058 = CARTESIAN_POINT('',(-114.8662653538,2.705955727528,
    7.632593587164));
#9059 = DIRECTION('',(0.99705536518,0.,7.668506221111E-02));
#9060 = DIRECTION('',(-7.668506221111E-02,0.,0.99705536518));
#9061 = ADVANCED_FACE('',(#9062),#9079,.T.);
#9062 = FACE_BOUND('',#9063,.T.);
#9063 = EDGE_LOOP('',(#9064,#9072,#9073));
#9064 = ORIENTED_EDGE('',*,*,#9065,.T.);
#9065 = EDGE_CURVE('',#9066,#9043,#9068,.T.);
#9066 = VERTEX_POINT('',#9067);
#9067 = CARTESIAN_POINT('',(-114.8072509765,2.060631275177,
    7.381796836853));
#9068 = LINE('',#9069,#9070);
#9069 = CARTESIAN_POINT('',(-114.8072509765,2.060631275177,
    7.381796836853));
#9070 = VECTOR('',#9071,1.);
#9071 = DIRECTION('',(-4.510283743504E-02,0.985907566339,0.161096259081)
  );
#9072 = ORIENTED_EDGE('',*,*,#9051,.F.);
#9073 = ORIENTED_EDGE('',*,*,#9074,.T.);
#9074 = EDGE_CURVE('',#9020,#9066,#9075,.T.);
#9075 = LINE('',#9076,#9077);
#9076 = CARTESIAN_POINT('',(-114.8620223999,2.060631275177,7.5774269104)
  );
#9077 = VECTOR('',#9078,1.);
#9078 = DIRECTION('',(0.269607115259,0.,-0.962970406296));
#9079 = PLANE('',#9080);
#9080 = AXIS2_PLACEMENT_3D('',#9081,#9082,#9083);
#9081 = CARTESIAN_POINT('',(-114.8471760708,2.612748530042,
    7.524399468901));
#9082 = DIRECTION('',(0.962970406296,0.,0.269607115259));
#9083 = DIRECTION('',(-0.269607115259,0.,0.962970406296));
#9084 = ADVANCED_FACE('',(#9085),#9102,.T.);
#9085 = FACE_BOUND('',#9086,.T.);
#9086 = EDGE_LOOP('',(#9087,#9095,#9096));
#9087 = ORIENTED_EDGE('',*,*,#9088,.T.);
#9088 = EDGE_CURVE('',#9089,#9043,#9091,.T.);
#9089 = VERTEX_POINT('',#9090);
#9090 = CARTESIAN_POINT('',(-114.8072509765,3.257885456085,
    7.381796836853));
#9091 = LINE('',#9092,#9093);
#9092 = CARTESIAN_POINT('',(-114.8072509765,3.257885456085,
    7.381796836853));
#9093 = VECTOR('',#9094,1.);
#9094 = DIRECTION('',(-0.269607115259,0.,0.962970406296));
#9095 = ORIENTED_EDGE('',*,*,#9065,.F.);
#9096 = ORIENTED_EDGE('',*,*,#9097,.T.);
#9097 = EDGE_CURVE('',#9066,#9089,#9098,.T.);
#9098 = LINE('',#9099,#9100);
#9099 = CARTESIAN_POINT('',(-114.8072509765,2.060631275177,
    7.381796836853));
#9100 = VECTOR('',#9101,1.);
#9101 = DIRECTION('',(0.,1.,0.));
#9102 = PLANE('',#9103);
#9103 = AXIS2_PLACEMENT_3D('',#9104,#9105,#9106);
#9104 = CARTESIAN_POINT('',(-114.8220973056,2.70576820122,7.434824278353
    ));
#9105 = DIRECTION('',(0.962970406296,0.,0.269607115259));
#9106 = DIRECTION('',(-0.269607115259,0.,0.962970406296));
#9107 = ADVANCED_FACE('',(#9108),#9125,.T.);
#9108 = FACE_BOUND('',#9109,.T.);
#9109 = EDGE_LOOP('',(#9110,#9118,#9119));
#9110 = ORIENTED_EDGE('',*,*,#9111,.T.);
#9111 = EDGE_CURVE('',#9112,#9089,#9114,.T.);
#9112 = VERTEX_POINT('',#9113);
#9113 = CARTESIAN_POINT('',(-114.7132736393,3.257885456085,
    7.212721531567));
#9114 = LINE('',#9115,#9116);
#9115 = CARTESIAN_POINT('',(-114.7289962768,3.257885456085,
    7.201817035675));
#9116 = VECTOR('',#9117,1.);
#9117 = DIRECTION('',(-0.398737305616,0.,0.917065189128));
#9118 = ORIENTED_EDGE('',*,*,#9097,.F.);
#9119 = ORIENTED_EDGE('',*,*,#9120,.T.);
#9120 = EDGE_CURVE('',#9066,#9112,#9121,.T.);
#9121 = LINE('',#9122,#9123);
#9122 = CARTESIAN_POINT('',(-114.8072509765,2.060631275177,
    7.381796836853));
#9123 = VECTOR('',#9124,1.);
#9124 = DIRECTION('',(6.450096999938E-02,0.986829625486,-0.148347278818)
  );
#9125 = PLANE('',#9126);
#9126 = AXIS2_PLACEMENT_3D('',#9127,#9128,#9129);
#9127 = CARTESIAN_POINT('',(-114.7860944725,2.704327752303,
    7.333138501876));
#9128 = DIRECTION('',(0.917065189128,0.,0.398737305616));
#9129 = DIRECTION('',(-0.398737305616,0.,0.917065189128));
#9130 = ADVANCED_FACE('',(#9131),#9148,.T.);
#9131 = FACE_BOUND('',#9132,.T.);
#9132 = EDGE_LOOP('',(#9133,#9141,#9142));
#9133 = ORIENTED_EDGE('',*,*,#9134,.T.);
#9134 = EDGE_CURVE('',#9135,#9112,#9137,.T.);
#9135 = VERTEX_POINT('',#9136);
#9136 = CARTESIAN_POINT('',(-114.7289962768,2.060631275177,
    7.201817035675));
#9137 = LINE('',#9138,#9139);
#9138 = CARTESIAN_POINT('',(-114.7289962768,2.060631275177,
    7.201817035675));
#9139 = VECTOR('',#9140,1.);
#9140 = DIRECTION('',(0.,1.,0.));
#9141 = ORIENTED_EDGE('',*,*,#9120,.F.);
#9142 = ORIENTED_EDGE('',*,*,#9143,.T.);
#9143 = EDGE_CURVE('',#9066,#9135,#9144,.T.);
#9144 = LINE('',#9145,#9146);
#9145 = CARTESIAN_POINT('',(-114.8072509765,2.060631275177,
    7.381796836853));
#9146 = VECTOR('',#9147,1.);
#9147 = DIRECTION('',(0.398737305616,0.,-0.917065189128));
#9148 = PLANE('',#9149);
#9149 = AXIS2_PLACEMENT_3D('',#9150,#9151,#9152);
#9150 = CARTESIAN_POINT('',(-114.7501527809,2.61418897896,7.250475370652
    ));
#9151 = DIRECTION('',(0.917065189128,0.,0.398737305616));
#9152 = DIRECTION('',(-0.398737305616,0.,0.917065189128));
#9153 = ADVANCED_FACE('',(#9154),#9169,.T.);
#9154 = FACE_BOUND('',#9155,.T.);
#9155 = EDGE_LOOP('',(#9156,#9162,#9163));
#9156 = ORIENTED_EDGE('',*,*,#9157,.T.);
#9157 = EDGE_CURVE('',#8273,#9112,#9158,.T.);
#9158 = LINE('',#9159,#9160);
#9159 = CARTESIAN_POINT('',(-114.4707641601,3.257885456085,
    6.896633625031));
#9160 = VECTOR('',#9161,1.);
#9161 = DIRECTION('',(-0.645942241466,0.,0.763386285369));
#9162 = ORIENTED_EDGE('',*,*,#9134,.F.);
#9163 = ORIENTED_EDGE('',*,*,#9164,.T.);
#9164 = EDGE_CURVE('',#9135,#8273,#9165,.T.);
#9165 = LINE('',#9166,#9167);
#9166 = CARTESIAN_POINT('',(-114.7289962768,2.060631275177,
    7.201817035675));
#9167 = VECTOR('',#9168,1.);
#9168 = DIRECTION('',(0.204583160853,0.948518905416,-0.24178009919));
#9169 = PLANE('',#9170);
#9170 = AXIS2_PLACEMENT_3D('',#9171,#9172,#9173);
#9171 = CARTESIAN_POINT('',(-114.6539447121,2.742957015694,
    7.113119731915));
#9172 = DIRECTION('',(0.763386285369,0.,0.645942241466));
#9173 = DIRECTION('',(-0.645942241466,0.,0.763386285369));
#9174 = ADVANCED_FACE('',(#9175),#9200,.T.);
#9175 = FACE_BOUND('',#9176,.T.);
#9176 = EDGE_LOOP('',(#9177,#9185,#9186,#9194));
#9177 = ORIENTED_EDGE('',*,*,#9178,.T.);
#9178 = EDGE_CURVE('',#9179,#8273,#9181,.T.);
#9179 = VERTEX_POINT('',#9180);
#9180 = CARTESIAN_POINT('',(-114.4654204019,2.060631275177,
    6.902948876044));
#9181 = LINE('',#9182,#9183);
#9182 = CARTESIAN_POINT('',(-114.4707641601,2.060631275177,
    6.896633625031));
#9183 = VECTOR('',#9184,1.);
#9184 = DIRECTION('',(0.,1.,0.));
#9185 = ORIENTED_EDGE('',*,*,#9164,.F.);
#9186 = ORIENTED_EDGE('',*,*,#9187,.F.);
#9187 = EDGE_CURVE('',#9188,#9135,#9190,.T.);
#9188 = VERTEX_POINT('',#9189);
#9189 = CARTESIAN_POINT('',(-114.6052983785,2.060631275177,
    7.042827981916));
#9190 = LINE('',#9191,#9192);
#9191 = CARTESIAN_POINT('',(-114.6116104125,2.060631275177,
    7.037487030029));
#9192 = VECTOR('',#9193,1.);
#9193 = DIRECTION('',(-0.581262092285,0.,0.813716400273));
#9194 = ORIENTED_EDGE('',*,*,#9195,.T.);
#9195 = EDGE_CURVE('',#9188,#9179,#9196,.T.);
#9196 = LINE('',#9197,#9198);
#9197 = CARTESIAN_POINT('',(-114.7289962768,2.060631275177,
    7.201817035675));
#9198 = VECTOR('',#9199,1.);
#9199 = DIRECTION('',(0.645942241466,0.,-0.763386285369));
#9200 = PLANE('',#9201);
#9201 = AXIS2_PLACEMENT_3D('',#9202,#9203,#9204);
#9202 = CARTESIAN_POINT('',(-114.5458157248,2.575559715568,
    6.985330928791));
#9203 = DIRECTION('',(0.763386285369,0.,0.645942241466));
#9204 = DIRECTION('',(-0.645942241466,0.,0.763386285369));
#9205 = ADVANCED_FACE('',(#9206),#9216,.T.);
#9206 = FACE_BOUND('',#9207,.T.);
#9207 = EDGE_LOOP('',(#9208,#9209,#9210));
#9208 = ORIENTED_EDGE('',*,*,#8304,.T.);
#9209 = ORIENTED_EDGE('',*,*,#9178,.F.);
#9210 = ORIENTED_EDGE('',*,*,#9211,.T.);
#9211 = EDGE_CURVE('',#9179,#8296,#9212,.T.);
#9212 = LINE('',#9213,#9214);
#9213 = CARTESIAN_POINT('',(-114.4707641601,2.060631275177,
    6.896633625031));
#9214 = VECTOR('',#9215,1.);
#9215 = DIRECTION('',(0.135343548322,0.986071281662,-9.667239217438E-02)
  );
#9216 = PLANE('',#9217);
#9217 = AXIS2_PLACEMENT_3D('',#9218,#9219,#9220);
#9218 = CARTESIAN_POINT('',(-114.4262413395,2.705516432349,
    6.864832127115));
#9219 = DIRECTION('',(0.581231939622,0.,0.813737938382));
#9220 = DIRECTION('',(0.813737938382,0.,-0.581231939622));
#9221 = ADVANCED_FACE('',(#9222),#9247,.T.);
#9222 = FACE_BOUND('',#9223,.T.);
#9223 = EDGE_LOOP('',(#9224,#9232,#9233,#9241));
#9224 = ORIENTED_EDGE('',*,*,#9225,.T.);
#9225 = EDGE_CURVE('',#9226,#8296,#9228,.T.);
#9226 = VERTEX_POINT('',#9227);
#9227 = CARTESIAN_POINT('',(-114.1264495849,2.060631275177,
    6.693180561066));
#9228 = LINE('',#9229,#9230);
#9229 = CARTESIAN_POINT('',(-114.1264495849,2.060631275177,
    6.693180561066));
#9230 = VECTOR('',#9231,1.);
#9231 = DIRECTION('',(-0.148286773484,0.986398387486,7.091723327297E-02)
  );
#9232 = ORIENTED_EDGE('',*,*,#9211,.F.);
#9233 = ORIENTED_EDGE('',*,*,#9234,.F.);
#9234 = EDGE_CURVE('',#9235,#9179,#9237,.T.);
#9235 = VERTEX_POINT('',#9236);
#9236 = CARTESIAN_POINT('',(-114.3019946463,2.060631275177,
    6.786771323183));
#9237 = LINE('',#9238,#9239);
#9238 = CARTESIAN_POINT('',(-114.3064346313,2.060631275177,
    6.779257297516));
#9239 = VECTOR('',#9240,1.);
#9240 = DIRECTION('',(-0.763381263317,0.,0.645948176571));
#9241 = ORIENTED_EDGE('',*,*,#9242,.F.);
#9242 = EDGE_CURVE('',#9226,#9235,#9243,.T.);
#9243 = LINE('',#9244,#9245);
#9244 = CARTESIAN_POINT('',(-114.1264495849,2.060631275177,
    6.693180561066));
#9245 = VECTOR('',#9246,1.);
#9246 = DIRECTION('',(-0.902140207715,0.,0.431442980734));
#9247 = PLANE('',#9248);
#9248 = AXIS2_PLACEMENT_3D('',#9249,#9250,#9251);
#9249 = CARTESIAN_POINT('',(-114.3019794851,2.574597149253,
    6.788196078444));
#9250 = DIRECTION('',(0.508664969142,1.457810248011E-02,0.860841116638)
  );
#9251 = DIRECTION('',(0.86093260466,-2.587678367942E-19,-0.508719028771)
  );
#9252 = ADVANCED_FACE('',(#9253),#9270,.T.);
#9253 = FACE_BOUND('',#9254,.T.);
#9254 = EDGE_LOOP('',(#9255,#9263,#9264));
#9255 = ORIENTED_EDGE('',*,*,#9256,.T.);
#9256 = EDGE_CURVE('',#9257,#8296,#9259,.T.);
#9257 = VERTEX_POINT('',#9258);
#9258 = CARTESIAN_POINT('',(-114.1229358092,3.257885456085,
    6.703101679828));
#9259 = LINE('',#9260,#9261);
#9260 = CARTESIAN_POINT('',(-114.1264495849,3.257885456085,
    6.693180561066));
#9261 = VECTOR('',#9262,1.);
#9262 = DIRECTION('',(-0.902140207715,0.,0.431442980734));
#9263 = ORIENTED_EDGE('',*,*,#9225,.F.);
#9264 = ORIENTED_EDGE('',*,*,#9265,.T.);
#9265 = EDGE_CURVE('',#9226,#9257,#9266,.T.);
#9266 = LINE('',#9267,#9268);
#9267 = CARTESIAN_POINT('',(-114.1264495849,2.060631275177,
    6.693180561066));
#9268 = VECTOR('',#9269,1.);
#9269 = DIRECTION('',(0.,1.,0.));
#9270 = PLANE('',#9271);
#9271 = AXIS2_PLACEMENT_3D('',#9272,#9273,#9274);
#9272 = CARTESIAN_POINT('',(-114.1751692359,2.705008318763,
    6.716480433143));
#9273 = DIRECTION('',(0.431442980734,0.,0.902140207715));
#9274 = DIRECTION('',(0.902140207715,0.,-0.431442980734));
#9275 = ADVANCED_FACE('',(#9276),#9293,.T.);
#9276 = FACE_BOUND('',#9277,.T.);
#9277 = EDGE_LOOP('',(#9278,#9286,#9287));
#9278 = ORIENTED_EDGE('',*,*,#9279,.T.);
#9279 = EDGE_CURVE('',#9280,#9257,#9282,.T.);
#9280 = VERTEX_POINT('',#9281);
#9281 = CARTESIAN_POINT('',(-113.9295791035,2.060631275177,
    6.654164508007));
#9282 = LINE('',#9283,#9284);
#9283 = CARTESIAN_POINT('',(-113.9308242797,2.060631275177,
    6.646226882935));
#9284 = VECTOR('',#9285,1.);
#9285 = DIRECTION('',(-0.161135888447,0.986174135114,3.867558256195E-02)
  );
#9286 = ORIENTED_EDGE('',*,*,#9265,.F.);
#9287 = ORIENTED_EDGE('',*,*,#9288,.T.);
#9288 = EDGE_CURVE('',#9226,#9280,#9289,.T.);
#9289 = LINE('',#9290,#9291);
#9290 = CARTESIAN_POINT('',(-114.1264495849,2.060631275177,
    6.693180561066));
#9291 = VECTOR('',#9292,1.);
#9292 = DIRECTION('',(0.972383235583,0.,-0.23338989515));
#9293 = PLANE('',#9294);
#9294 = AXIS2_PLACEMENT_3D('',#9295,#9296,#9297);
#9295 = CARTESIAN_POINT('',(-114.0734628605,2.613159331242,
    6.680462770803));
#9296 = DIRECTION('',(0.23338989515,0.,0.972383235583));
#9297 = DIRECTION('',(0.972383235583,0.,-0.23338989515));
#9298 = ADVANCED_FACE('',(#9299),#9316,.T.);
#9299 = FACE_BOUND('',#9300,.T.);
#9300 = EDGE_LOOP('',(#9301,#9309,#9310));
#9301 = ORIENTED_EDGE('',*,*,#9302,.T.);
#9302 = EDGE_CURVE('',#9303,#9257,#9305,.T.);
#9303 = VERTEX_POINT('',#9304);
#9304 = CARTESIAN_POINT('',(-113.9308242797,3.257885456085,
    6.646226882935));
#9305 = LINE('',#9306,#9307);
#9306 = CARTESIAN_POINT('',(-113.9308242797,3.257885456085,
    6.646226882935));
#9307 = VECTOR('',#9308,1.);
#9308 = DIRECTION('',(-0.972383235583,0.,0.23338989515));
#9309 = ORIENTED_EDGE('',*,*,#9279,.F.);
#9310 = ORIENTED_EDGE('',*,*,#9311,.T.);
#9311 = EDGE_CURVE('',#9280,#9303,#9312,.T.);
#9312 = LINE('',#9313,#9314);
#9313 = CARTESIAN_POINT('',(-113.9308242797,2.060631275177,
    6.646226882935));
#9314 = VECTOR('',#9315,1.);
#9315 = DIRECTION('',(0.,1.,0.));
#9316 = PLANE('',#9317);
#9317 = AXIS2_PLACEMENT_3D('',#9318,#9319,#9320);
#9318 = CARTESIAN_POINT('',(-113.9838110041,2.70535740002,6.658944673198
    ));
#9319 = DIRECTION('',(0.23338989515,0.,0.972383235583));
#9320 = DIRECTION('',(0.972383235583,0.,-0.23338989515));
#9321 = ADVANCED_FACE('',(#9322),#9339,.T.);
#9322 = FACE_BOUND('',#9323,.T.);
#9323 = EDGE_LOOP('',(#9324,#9332,#9333));
#9324 = ORIENTED_EDGE('',*,*,#9325,.T.);
#9325 = EDGE_CURVE('',#9326,#9303,#9328,.T.);
#9326 = VERTEX_POINT('',#9327);
#9327 = CARTESIAN_POINT('',(-113.7273712158,2.060631275177,
    6.630577087402));
#9328 = LINE('',#9329,#9330);
#9329 = CARTESIAN_POINT('',(-113.7273712158,2.060631275177,
    6.630577087402));
#9330 = VECTOR('',#9331,1.);
#9331 = DIRECTION('',(-0.167517442327,0.985784899441,1.288559468909E-02)
  );
#9332 = ORIENTED_EDGE('',*,*,#9311,.F.);
#9333 = ORIENTED_EDGE('',*,*,#9334,.T.);
#9334 = EDGE_CURVE('',#9280,#9326,#9335,.T.);
#9335 = LINE('',#9336,#9337);
#9336 = CARTESIAN_POINT('',(-113.9308242797,2.060631275177,
    6.646226882935));
#9337 = VECTOR('',#9338,1.);
#9338 = DIRECTION('',(0.997054650451,0.,-7.669435451074E-02));
#9339 = PLANE('',#9340);
#9340 = AXIS2_PLACEMENT_3D('',#9341,#9342,#9343);
#9341 = CARTESIAN_POINT('',(-113.8756575999,2.612560973309,6.64198341153
    ));
#9342 = DIRECTION('',(7.669435451074E-02,0.,0.997054650451));
#9343 = DIRECTION('',(0.997054650451,0.,-7.669435451074E-02));
#9344 = ADVANCED_FACE('',(#9345),#9362,.T.);
#9345 = FACE_BOUND('',#9346,.T.);
#9346 = EDGE_LOOP('',(#9347,#9355,#9356));
#9347 = ORIENTED_EDGE('',*,*,#9348,.T.);
#9348 = EDGE_CURVE('',#9349,#9303,#9351,.T.);
#9349 = VERTEX_POINT('',#9350);
#9350 = CARTESIAN_POINT('',(-113.7273712158,3.257885456085,
    6.638401985168));
#9351 = LINE('',#9352,#9353);
#9352 = CARTESIAN_POINT('',(-113.7273712158,3.257885456085,
    6.630577087402));
#9353 = VECTOR('',#9354,1.);
#9354 = DIRECTION('',(-0.997054650451,0.,7.669435451074E-02));
#9355 = ORIENTED_EDGE('',*,*,#9325,.F.);
#9356 = ORIENTED_EDGE('',*,*,#9357,.T.);
#9357 = EDGE_CURVE('',#9326,#9349,#9358,.T.);
#9358 = LINE('',#9359,#9360);
#9359 = CARTESIAN_POINT('',(-113.7273712158,2.060631275177,
    6.630577087402));
#9360 = VECTOR('',#9361,1.);
#9361 = DIRECTION('',(0.,1.,0.));
#9362 = PLANE('',#9363);
#9363 = AXIS2_PLACEMENT_3D('',#9364,#9365,#9366);
#9364 = CARTESIAN_POINT('',(-113.7825378956,2.705955757953,
    6.634820558807));
#9365 = DIRECTION('',(7.669435451074E-02,0.,0.997054650451));
#9366 = DIRECTION('',(0.997054650451,0.,-7.669435451074E-02));
#9367 = ADVANCED_FACE('',(#9368),#9385,.T.);
#9368 = FACE_BOUND('',#9369,.T.);
#9369 = EDGE_LOOP('',(#9370,#9378,#9379));
#9370 = ORIENTED_EDGE('',*,*,#9371,.T.);
#9371 = EDGE_CURVE('',#9372,#9349,#9374,.T.);
#9372 = VERTEX_POINT('',#9373);
#9373 = CARTESIAN_POINT('',(-113.5317382812,2.060631275177,
    6.646226882935));
#9374 = LINE('',#9375,#9376);
#9375 = CARTESIAN_POINT('',(-113.5317382812,2.060631275177,
    6.646226882935));
#9376 = VECTOR('',#9377,1.);
#9377 = DIRECTION('',(-0.161249246012,0.986829412849,-1.289924794796E-02
    ));
#9378 = ORIENTED_EDGE('',*,*,#9357,.F.);
#9379 = ORIENTED_EDGE('',*,*,#9380,.T.);
#9380 = EDGE_CURVE('',#9326,#9372,#9381,.T.);
#9381 = LINE('',#9382,#9383);
#9382 = CARTESIAN_POINT('',(-113.7273712158,2.060631275177,
    6.630577087402));
#9383 = VECTOR('',#9384,1.);
#9384 = DIRECTION('',(0.996815618446,0.,7.974097329915E-02));
#9385 = PLANE('',#9386);
#9386 = AXIS2_PLACEMENT_3D('',#9387,#9388,#9389);
#9387 = CARTESIAN_POINT('',(-113.6744809546,2.614188640298,
    6.634808081404));
#9388 = DIRECTION('',(-7.974097329915E-02,0.,0.996815618446));
#9389 = DIRECTION('',(0.996815618446,0.,7.974097329915E-02));
#9390 = ADVANCED_FACE('',(#9391),#9416,.T.);
#9391 = FACE_BOUND('',#9392,.T.);
#9392 = EDGE_LOOP('',(#9393,#9403,#9409,#9410));
#9393 = ORIENTED_EDGE('',*,*,#9394,.T.);
#9394 = EDGE_CURVE('',#9395,#9397,#9399,.T.);
#9395 = VERTEX_POINT('',#9396);
#9396 = CARTESIAN_POINT('',(-113.3396195475,3.257885456085,6.7031028803)
  );
#9397 = VERTEX_POINT('',#9398);
#9398 = CARTESIAN_POINT('',(-113.5329591988,3.257885456085,
    6.653857503856));
#9399 = LINE('',#9400,#9401);
#9400 = CARTESIAN_POINT('',(-113.3361053466,3.257885456085,
    6.693180561066));
#9401 = VECTOR('',#9402,1.);
#9402 = DIRECTION('',(-0.987440263949,0.,-0.15799280089));
#9403 = ORIENTED_EDGE('',*,*,#9404,.T.);
#9404 = EDGE_CURVE('',#9397,#9349,#9405,.T.);
#9405 = LINE('',#9406,#9407);
#9406 = CARTESIAN_POINT('',(-113.3361053466,3.257885456085,
    6.693180561066));
#9407 = VECTOR('',#9408,1.);
#9408 = DIRECTION('',(-0.987440263949,0.,-0.15799280089));
#9409 = ORIENTED_EDGE('',*,*,#9371,.F.);
#9410 = ORIENTED_EDGE('',*,*,#9411,.T.);
#9411 = EDGE_CURVE('',#9372,#9395,#9412,.T.);
#9412 = LINE('',#9413,#9414);
#9413 = CARTESIAN_POINT('',(-113.5317382812,2.060631275177,
    6.646226882935));
#9414 = VECTOR('',#9415,1.);
#9415 = DIRECTION('',(0.161142009574,0.986173136469,3.86755433973E-02));
#9416 = PLANE('',#9417);
#9417 = AXIS2_PLACEMENT_3D('',#9418,#9419,#9420);
#9418 = CARTESIAN_POINT('',(-113.5317103107,2.743267633646,
    6.655155598742));
#9419 = DIRECTION('',(-0.15797963839,-1.290792690219E-02,0.987357999551)
  );
#9420 = DIRECTION('',(0.987440263949,4.112530569081E-19,0.15799280089));
#9421 = ADVANCED_FACE('',(#9422),#9447,.T.);
#9422 = FACE_BOUND('',#9423,.T.);
#9423 = EDGE_LOOP('',(#9424,#9432,#9433,#9441));
#9424 = ORIENTED_EDGE('',*,*,#9425,.T.);
#9425 = EDGE_CURVE('',#9426,#9395,#9428,.T.);
#9426 = VERTEX_POINT('',#9427);
#9427 = CARTESIAN_POINT('',(-113.1561279296,2.060631275177,
    6.779257297516));
#9428 = LINE('',#9429,#9430);
#9429 = CARTESIAN_POINT('',(-113.1561279296,2.060631275177,
    6.779257297516));
#9430 = VECTOR('',#9431,1.);
#9431 = DIRECTION('',(-0.148280625958,0.986399306881,-7.091729937301E-02
    ));
#9432 = ORIENTED_EDGE('',*,*,#9411,.F.);
#9433 = ORIENTED_EDGE('',*,*,#9434,.F.);
#9434 = EDGE_CURVE('',#9435,#9372,#9437,.T.);
#9435 = VERTEX_POINT('',#9436);
#9436 = CARTESIAN_POINT('',(-113.3396195475,2.060631275177,6.7031028803)
  );
#9437 = LINE('',#9438,#9439);
#9438 = CARTESIAN_POINT('',(-113.3361053466,2.060631275177,
    6.693180561066));
#9439 = VECTOR('',#9440,1.);
#9440 = DIRECTION('',(-0.972385301165,0.,-0.233381289048));
#9441 = ORIENTED_EDGE('',*,*,#9442,.F.);
#9442 = EDGE_CURVE('',#9426,#9435,#9443,.T.);
#9443 = LINE('',#9444,#9445);
#9444 = CARTESIAN_POINT('',(-113.1561279296,2.060631275177,
    6.779257297516));
#9445 = VECTOR('',#9446,1.);
#9446 = DIRECTION('',(-0.902133089076,0.,-0.431457865376));
#9447 = PLANE('',#9448);
#9448 = AXIS2_PLACEMENT_3D('',#9449,#9450,#9451);
#9449 = CARTESIAN_POINT('',(-113.3405802868,2.574858813364,
    6.704337025631));
#9450 = DIRECTION('',(-0.333799440104,1.758127452575E-02,0.942480149697)
  );
#9451 = DIRECTION('',(0.942625844353,-2.583223828006E-19,0.333851040973)
  );
#9452 = ADVANCED_FACE('',(#9453),#9478,.T.);
#9453 = FACE_BOUND('',#9454,.T.);
#9454 = EDGE_LOOP('',(#9455,#9465,#9471,#9472));
#9455 = ORIENTED_EDGE('',*,*,#9456,.F.);
#9456 = EDGE_CURVE('',#9457,#9459,#9461,.T.);
#9457 = VERTEX_POINT('',#9458);
#9458 = CARTESIAN_POINT('',(-113.1605680544,3.257885456085,
    6.786771226788));
#9459 = VERTEX_POINT('',#9460);
#9460 = CARTESIAN_POINT('',(-112.9918060302,3.257885456085,
    6.896633625031));
#9461 = LINE('',#9462,#9463);
#9462 = CARTESIAN_POINT('',(-113.1561279296,3.257885456085,
    6.779257297516));
#9463 = VECTOR('',#9464,1.);
#9464 = DIRECTION('',(0.813725174641,0.,0.581249808736));
#9465 = ORIENTED_EDGE('',*,*,#9466,.T.);
#9466 = EDGE_CURVE('',#9457,#9395,#9467,.T.);
#9467 = LINE('',#9468,#9469);
#9468 = CARTESIAN_POINT('',(-112.9918060302,3.257885456085,
    6.896633625031));
#9469 = VECTOR('',#9470,1.);
#9470 = DIRECTION('',(-0.860922730249,0.,-0.508735739398));
#9471 = ORIENTED_EDGE('',*,*,#9425,.F.);
#9472 = ORIENTED_EDGE('',*,*,#9473,.T.);
#9473 = EDGE_CURVE('',#9426,#9459,#9474,.T.);
#9474 = LINE('',#9475,#9476);
#9475 = CARTESIAN_POINT('',(-113.1561279296,2.060631275177,
    6.779257297516));
#9476 = VECTOR('',#9477,1.);
#9477 = DIRECTION('',(0.135337379767,0.98607212025,9.667247438776E-02));
#9478 = PLANE('',#9479);
#9479 = AXIS2_PLACEMENT_3D('',#9480,#9481,#9482);
#9480 = CARTESIAN_POINT('',(-113.1605830581,2.743917259172,
    6.788196049896));
#9481 = DIRECTION('',(-0.50868167814,-1.457808266962E-02,0.860831243526)
  );
#9482 = DIRECTION('',(0.860922730249,-6.19676569584E-19,0.508735739398)
  );
#9483 = ADVANCED_FACE('',(#9484),#9501,.T.);
#9484 = FACE_BOUND('',#9485,.T.);
#9485 = EDGE_LOOP('',(#9486,#9494,#9495));
#9486 = ORIENTED_EDGE('',*,*,#9487,.T.);
#9487 = EDGE_CURVE('',#9488,#9459,#9490,.T.);
#9488 = VERTEX_POINT('',#9489);
#9489 = CARTESIAN_POINT('',(-112.9918060302,2.060631275177,
    6.896633625031));
#9490 = LINE('',#9491,#9492);
#9491 = CARTESIAN_POINT('',(-112.9918060302,2.060631275177,
    6.896633625031));
#9492 = VECTOR('',#9493,1.);
#9493 = DIRECTION('',(0.,1.,0.));
#9494 = ORIENTED_EDGE('',*,*,#9473,.F.);
#9495 = ORIENTED_EDGE('',*,*,#9496,.T.);
#9496 = EDGE_CURVE('',#9426,#9488,#9497,.T.);
#9497 = LINE('',#9498,#9499);
#9498 = CARTESIAN_POINT('',(-113.1561279296,2.060631275177,
    6.779257297516));
#9499 = VECTOR('',#9500,1.);
#9500 = DIRECTION('',(0.813725174641,0.,0.581249808736));
#9501 = PLANE('',#9502);
#9502 = AXIS2_PLACEMENT_3D('',#9503,#9504,#9505);
#9503 = CARTESIAN_POINT('',(-113.0363266794,2.613001592842,6.86483220161
    ));
#9504 = DIRECTION('',(-0.581249808736,0.,0.813725174641));
#9505 = DIRECTION('',(0.813725174641,0.,0.581249808736));
#9506 = ADVANCED_FACE('',(#9507),#9524,.T.);
#9507 = FACE_BOUND('',#9508,.T.);
#9508 = EDGE_LOOP('',(#9509,#9517,#9518));
#9509 = ORIENTED_EDGE('',*,*,#9510,.T.);
#9510 = EDGE_CURVE('',#9511,#9459,#9513,.T.);
#9511 = VERTEX_POINT('',#9512);
#9512 = CARTESIAN_POINT('',(-112.8509521484,2.060631275177,
    7.037487030029));
#9513 = LINE('',#9514,#9515);
#9514 = CARTESIAN_POINT('',(-112.8509521484,2.060631275177,
    7.037487030029));
#9515 = VECTOR('',#9516,1.);
#9516 = DIRECTION('',(-0.116052135733,0.986440010731,-0.116051742858));
#9517 = ORIENTED_EDGE('',*,*,#9487,.F.);
#9518 = ORIENTED_EDGE('',*,*,#9519,.T.);
#9519 = EDGE_CURVE('',#9488,#9511,#9520,.T.);
#9520 = LINE('',#9521,#9522);
#9521 = CARTESIAN_POINT('',(-112.9918060302,2.060631275177,
    6.896633625031));
#9522 = VECTOR('',#9523,1.);
#9523 = DIRECTION('',(0.707107978083,0.,0.707105584288));
#9524 = PLANE('',#9525);
#9525 = AXIS2_PLACEMENT_3D('',#9526,#9527,#9528);
#9526 = CARTESIAN_POINT('',(-112.9536831776,2.6135735632,6.934756348614)
  );
#9527 = DIRECTION('',(-0.707105584288,-0.,0.707107978083));
#9528 = DIRECTION('',(0.707107978083,0.,0.707105584288));
#9529 = ADVANCED_FACE('',(#9530),#9547,.T.);
#9530 = FACE_BOUND('',#9531,.T.);
#9531 = EDGE_LOOP('',(#9532,#9540,#9541));
#9532 = ORIENTED_EDGE('',*,*,#9533,.T.);
#9533 = EDGE_CURVE('',#9534,#9459,#9536,.T.);
#9534 = VERTEX_POINT('',#9535);
#9535 = CARTESIAN_POINT('',(-112.7335739135,3.257885456085,
    7.201817035675));
#9536 = LINE('',#9537,#9538);
#9537 = CARTESIAN_POINT('',(-112.7335739135,3.257885456085,
    7.201817035675));
#9538 = VECTOR('',#9539,1.);
#9539 = DIRECTION('',(-0.645942241466,0.,-0.763386285369));
#9540 = ORIENTED_EDGE('',*,*,#9510,.F.);
#9541 = ORIENTED_EDGE('',*,*,#9542,.T.);
#9542 = EDGE_CURVE('',#9511,#9534,#9543,.T.);
#9543 = LINE('',#9544,#9545);
#9544 = CARTESIAN_POINT('',(-112.8509521484,2.060631275177,
    7.037487030029));
#9545 = VECTOR('',#9546,1.);
#9546 = DIRECTION('',(9.667394326707E-02,0.986071079499,0.135343913302)
  );
#9547 = PLANE('',#9548);
#9548 = AXIS2_PLACEMENT_3D('',#9549,#9550,#9551);
#9549 = CARTESIAN_POINT('',(-112.8576404437,2.743892711573,
    7.044198217611));
#9550 = DIRECTION('',(-0.763313424347,-1.381592884791E-02,0.645880589832
    ));
#9551 = DIRECTION('',(-0.645942241466,-4.423788234343E-21,
    -0.763386285369));
#9552 = ADVANCED_FACE('',(#9553),#9570,.T.);
#9553 = FACE_BOUND('',#9554,.T.);
#9554 = EDGE_LOOP('',(#9555,#9563,#9564));
#9555 = ORIENTED_EDGE('',*,*,#9556,.T.);
#9556 = EDGE_CURVE('',#9557,#9534,#9559,.T.);
#9557 = VERTEX_POINT('',#9558);
#9558 = CARTESIAN_POINT('',(-112.7335739135,2.060631275177,
    7.201817035675));
#9559 = LINE('',#9560,#9561);
#9560 = CARTESIAN_POINT('',(-112.7335739135,2.060631275177,
    7.201817035675));
#9561 = VECTOR('',#9562,1.);
#9562 = DIRECTION('',(0.,1.,0.));
#9563 = ORIENTED_EDGE('',*,*,#9542,.F.);
#9564 = ORIENTED_EDGE('',*,*,#9565,.T.);
#9565 = EDGE_CURVE('',#9511,#9557,#9566,.T.);
#9566 = LINE('',#9567,#9568);
#9567 = CARTESIAN_POINT('',(-112.8509521484,2.060631275177,
    7.037487030029));
#9568 = VECTOR('',#9569,1.);
#9569 = DIRECTION('',(0.581237076927,0.,0.813734268914));
#9570 = PLANE('',#9571);
#9571 = AXIS2_PLACEMENT_3D('',#9572,#9573,#9574);
#9572 = CARTESIAN_POINT('',(-112.7653759462,2.612999986986,7.15729406078
    ));
#9573 = DIRECTION('',(-0.813734268914,-0.,0.581237076927));
#9574 = DIRECTION('',(-0.581237076927,0.,-0.813734268914));
#9575 = ADVANCED_FACE('',(#9576),#9593,.T.);
#9576 = FACE_BOUND('',#9577,.T.);
#9577 = EDGE_LOOP('',(#9578,#9586,#9587));
#9578 = ORIENTED_EDGE('',*,*,#9579,.T.);
#9579 = EDGE_CURVE('',#9580,#9534,#9582,.T.);
#9580 = VERTEX_POINT('',#9581);
#9581 = CARTESIAN_POINT('',(-112.647491455,2.060631275177,7.381796836853
    ));
#9582 = LINE('',#9583,#9584);
#9583 = CARTESIAN_POINT('',(-112.647491455,2.060631275177,7.381796836853
    ));
#9584 = VECTOR('',#9585,1.);
#9585 = DIRECTION('',(-7.092196930945E-02,0.986398689785,-0.148282497485
    ));
#9586 = ORIENTED_EDGE('',*,*,#9556,.F.);
#9587 = ORIENTED_EDGE('',*,*,#9588,.T.);
#9588 = EDGE_CURVE('',#9557,#9580,#9589,.T.);
#9589 = LINE('',#9590,#9591);
#9590 = CARTESIAN_POINT('',(-112.7335739135,2.060631275177,
    7.201817035675));
#9591 = VECTOR('',#9592,1.);
#9592 = DIRECTION('',(0.431476555639,0.,0.902124149956));
#9593 = PLANE('',#9594);
#9594 = AXIS2_PLACEMENT_3D('',#9595,#9596,#9597);
#9595 = CARTESIAN_POINT('',(-112.7102725125,2.613508885265,
    7.250535225178));
#9596 = DIRECTION('',(-0.902124149956,-0.,0.431476555639));
#9597 = DIRECTION('',(-0.431476555639,0.,-0.902124149956));
#9598 = ADVANCED_FACE('',(#9599),#9616,.T.);
#9599 = FACE_BOUND('',#9600,.T.);
#9600 = EDGE_LOOP('',(#9601,#9609,#9610));
#9601 = ORIENTED_EDGE('',*,*,#9602,.T.);
#9602 = EDGE_CURVE('',#9603,#9534,#9605,.T.);
#9603 = VERTEX_POINT('',#9604);
#9604 = CARTESIAN_POINT('',(-112.6574151364,3.257885456085,
    7.385311612858));
#9605 = LINE('',#9606,#9607);
#9606 = CARTESIAN_POINT('',(-112.647491455,3.257885456085,7.381796836853
    ));
#9607 = VECTOR('',#9608,1.);
#9608 = DIRECTION('',(-0.431476555639,0.,-0.902124149956));
#9609 = ORIENTED_EDGE('',*,*,#9579,.F.);
#9610 = ORIENTED_EDGE('',*,*,#9611,.T.);
#9611 = EDGE_CURVE('',#9580,#9603,#9612,.T.);
#9612 = LINE('',#9613,#9614);
#9613 = CARTESIAN_POINT('',(-112.647491455,2.060631275177,7.381796836853
    ));
#9614 = VECTOR('',#9615,1.);
#9615 = DIRECTION('',(0.,1.,0.));
#9616 = PLANE('',#9617);
#9617 = AXIS2_PLACEMENT_3D('',#9618,#9619,#9620);
#9618 = CARTESIAN_POINT('',(-112.6707928561,2.705007845998,
    7.333078647351));
#9619 = DIRECTION('',(-0.902124149956,-0.,0.431476555639));
#9620 = DIRECTION('',(-0.431476555639,0.,-0.902124149956));
#9621 = ADVANCED_FACE('',(#9622),#9639,.T.);
#9622 = FACE_BOUND('',#9623,.T.);
#9623 = EDGE_LOOP('',(#9624,#9632,#9633));
#9624 = ORIENTED_EDGE('',*,*,#9625,.T.);
#9625 = EDGE_CURVE('',#9626,#9603,#9628,.T.);
#9626 = VERTEX_POINT('',#9627);
#9627 = CARTESIAN_POINT('',(-112.6005401611,2.060631275177,7.5774269104)
  );
#9628 = LINE('',#9629,#9630);
#9629 = CARTESIAN_POINT('',(-112.6005401611,2.060631275177,7.5774269104)
  );
#9630 = VECTOR('',#9631,1.);
#9631 = DIRECTION('',(-3.867359717714E-02,0.986173585866,-0.161139726392
    ));
#9632 = ORIENTED_EDGE('',*,*,#9611,.F.);
#9633 = ORIENTED_EDGE('',*,*,#9634,.T.);
#9634 = EDGE_CURVE('',#9580,#9626,#9635,.T.);
#9635 = LINE('',#9636,#9637);
#9636 = CARTESIAN_POINT('',(-112.647491455,2.060631275177,7.381796836853
    ));
#9637 = VECTOR('',#9638,1.);
#9638 = DIRECTION('',(0.233373311044,0.,0.972387215924));
#9639 = PLANE('',#9640);
#9640 = AXIS2_PLACEMENT_3D('',#9641,#9642,#9643);
#9641 = CARTESIAN_POINT('',(-112.634774291,2.613158480214,7.434784934392
    ));
#9642 = DIRECTION('',(-0.972387215924,-0.,0.233373311044));
#9643 = DIRECTION('',(-0.233373311044,0.,-0.972387215924));
#9644 = ADVANCED_FACE('',(#9645),#9662,.T.);
#9645 = FACE_BOUND('',#9646,.T.);
#9646 = EDGE_LOOP('',(#9647,#9655,#9656));
#9647 = ORIENTED_EDGE('',*,*,#9648,.T.);
#9648 = EDGE_CURVE('',#9649,#9603,#9651,.T.);
#9649 = VERTEX_POINT('',#9650);
#9650 = CARTESIAN_POINT('',(-112.6005401611,3.257885456085,7.5774269104)
  );
#9651 = LINE('',#9652,#9653);
#9652 = CARTESIAN_POINT('',(-112.6005401611,3.257885456085,7.5774269104)
  );
#9653 = VECTOR('',#9654,1.);
#9654 = DIRECTION('',(-0.233373311044,0.,-0.972387215924));
#9655 = ORIENTED_EDGE('',*,*,#9625,.F.);
#9656 = ORIENTED_EDGE('',*,*,#9657,.T.);
#9657 = EDGE_CURVE('',#9626,#9649,#9658,.T.);
#9658 = LINE('',#9659,#9660);
#9659 = CARTESIAN_POINT('',(-112.6005401611,2.060631275177,7.5774269104)
  );
#9660 = VECTOR('',#9661,1.);
#9661 = DIRECTION('',(0.,1.,0.));
#9662 = PLANE('',#9663);
#9663 = AXIS2_PLACEMENT_3D('',#9664,#9665,#9666);
#9664 = CARTESIAN_POINT('',(-112.6132573252,2.705358251048,
    7.524438812862));
#9665 = DIRECTION('',(-0.972387215924,-0.,0.233373311044));
#9666 = DIRECTION('',(-0.233373311044,0.,-0.972387215924));
#9667 = ADVANCED_FACE('',(#9668),#9683,.T.);
#9668 = FACE_BOUND('',#9669,.T.);
#9669 = EDGE_LOOP('',(#9670,#9676,#9677));
#9670 = ORIENTED_EDGE('',*,*,#9671,.T.);
#9671 = EDGE_CURVE('',#8329,#9649,#9672,.T.);
#9672 = LINE('',#9673,#9674);
#9673 = CARTESIAN_POINT('',(-112.5770645141,3.257885456085,
    7.780879974365));
#9674 = VECTOR('',#9675,1.);
#9675 = DIRECTION('',(-0.114625521943,0.,-0.993408772721));
#9676 = ORIENTED_EDGE('',*,*,#9657,.F.);
#9677 = ORIENTED_EDGE('',*,*,#9678,.T.);
#9678 = EDGE_CURVE('',#9626,#8329,#9679,.T.);
#9679 = LINE('',#9680,#9681);
#9680 = CARTESIAN_POINT('',(-112.6005401611,2.060631275177,7.5774269104)
  );
#9681 = VECTOR('',#9682,1.);
#9682 = DIRECTION('',(1.932717141288E-02,0.98568260147,0.16750005852));
#9683 = PLANE('',#9684);
#9684 = AXIS2_PLACEMENT_3D('',#9685,#9686,#9687);
#9685 = CARTESIAN_POINT('',(-112.594172899,2.706111469167,7.632609158301
    ));
#9686 = DIRECTION('',(-0.993408772721,-0.,0.114625521943));
#9687 = DIRECTION('',(-0.114625521943,0.,-0.993408772721));
#9688 = ADVANCED_FACE('',(#9689),#9699,.T.);
#9689 = FACE_BOUND('',#9690,.T.);
#9690 = EDGE_LOOP('',(#9691,#9692,#9693));
#9691 = ORIENTED_EDGE('',*,*,#8336,.F.);
#9692 = ORIENTED_EDGE('',*,*,#9678,.F.);
#9693 = ORIENTED_EDGE('',*,*,#9694,.T.);
#9694 = EDGE_CURVE('',#9626,#8319,#9695,.T.);
#9695 = LINE('',#9696,#9697);
#9696 = CARTESIAN_POINT('',(-112.6005401611,2.060631275177,7.5774269104)
  );
#9697 = VECTOR('',#9698,1.);
#9698 = DIRECTION('',(0.114625521943,0.,0.993408772721));
#9699 = PLANE('',#9700);
#9700 = AXIS2_PLACEMENT_3D('',#9701,#9702,#9703);
#9701 = CARTESIAN_POINT('',(-112.5834317761,2.612405262095,
    7.725697726464));
#9702 = DIRECTION('',(-0.993408772721,-0.,0.114625521943));
#9703 = DIRECTION('',(-0.114625521943,0.,-0.993408772721));
#9704 = ADVANCED_FACE('',(#9705),#9716,.T.);
#9705 = FACE_BOUND('',#9706,.T.);
#9706 = EDGE_LOOP('',(#9707,#9713,#9714,#9715));
#9707 = ORIENTED_EDGE('',*,*,#9708,.T.);
#9708 = EDGE_CURVE('',#9303,#4903,#9709,.T.);
#9709 = LINE('',#9710,#9711);
#9710 = CARTESIAN_POINT('',(-113.9308242797,3.257885456085,
    6.646226882935));
#9711 = VECTOR('',#9712,1.);
#9712 = DIRECTION('',(-0.753456606818,0.,-0.657497636225));
#9713 = ORIENTED_EDGE('',*,*,#8295,.F.);
#9714 = ORIENTED_EDGE('',*,*,#9256,.F.);
#9715 = ORIENTED_EDGE('',*,*,#9302,.F.);
#9716 = PLANE('',#9717);
#9717 = AXIS2_PLACEMENT_3D('',#9718,#9719,#9720);
#9718 = CARTESIAN_POINT('',(-123.0745547469,3.257885456085,
    -1.217285949318));
#9719 = DIRECTION('',(0.,1.,0.));
#9720 = DIRECTION('',(0.,-0.,1.));
#9721 = ADVANCED_FACE('',(#9722),#9733,.T.);
#9722 = FACE_BOUND('',#9723,.T.);
#9723 = EDGE_LOOP('',(#9724,#9730,#9731,#9732));
#9724 = ORIENTED_EDGE('',*,*,#9725,.T.);
#9725 = EDGE_CURVE('',#9397,#4903,#9726,.T.);
#9726 = LINE('',#9727,#9728);
#9727 = CARTESIAN_POINT('',(-113.5317382812,3.257885456085,
    6.646226882935));
#9728 = VECTOR('',#9729,1.);
#9729 = DIRECTION('',(-0.760449148169,0.,-0.649397484635));
#9730 = ORIENTED_EDGE('',*,*,#9708,.F.);
#9731 = ORIENTED_EDGE('',*,*,#9348,.F.);
#9732 = ORIENTED_EDGE('',*,*,#9404,.F.);
#9733 = PLANE('',#9734);
#9734 = AXIS2_PLACEMENT_3D('',#9735,#9736,#9737);
#9735 = CARTESIAN_POINT('',(-122.879700505,3.257885456085,
    -1.251242565713));
#9736 = DIRECTION('',(0.,1.,0.));
#9737 = DIRECTION('',(0.,-0.,1.));
#9738 = ADVANCED_FACE('',(#9739),#9750,.T.);
#9739 = FACE_BOUND('',#9740,.T.);
#9740 = EDGE_LOOP('',(#9741,#9747,#9748,#9749));
#9741 = ORIENTED_EDGE('',*,*,#9742,.T.);
#9742 = EDGE_CURVE('',#9457,#4903,#9743,.T.);
#9743 = LINE('',#9744,#9745);
#9744 = CARTESIAN_POINT('',(-113.1561279296,3.257885456085,
    6.779257297516));
#9745 = VECTOR('',#9746,1.);
#9746 = DIRECTION('',(-0.764160685029,0.,-0.645025927739));
#9747 = ORIENTED_EDGE('',*,*,#9725,.F.);
#9748 = ORIENTED_EDGE('',*,*,#9394,.F.);
#9749 = ORIENTED_EDGE('',*,*,#9466,.F.);
#9750 = PLANE('',#9751);
#9751 = AXIS2_PLACEMENT_3D('',#9752,#9753,#9754);
#9752 = CARTESIAN_POINT('',(-122.6855155573,3.257885456085,
    -1.218443168487));
#9753 = DIRECTION('',(0.,1.,0.));
#9754 = DIRECTION('',(0.,-0.,1.));
#9755 = ADVANCED_FACE('',(#9756),#9766,.T.);
#9756 = FACE_BOUND('',#9757,.T.);
#9757 = EDGE_LOOP('',(#9758,#9759,#9760));
#9758 = ORIENTED_EDGE('',*,*,#4948,.F.);
#9759 = ORIENTED_EDGE('',*,*,#9742,.F.);
#9760 = ORIENTED_EDGE('',*,*,#9761,.T.);
#9761 = EDGE_CURVE('',#9457,#4949,#9762,.T.);
#9762 = LINE('',#9763,#9764);
#9763 = CARTESIAN_POINT('',(-113.1561279296,3.257885456085,
    6.779257297516));
#9764 = VECTOR('',#9765,1.);
#9765 = DIRECTION('',(0.911651491818,0.,-0.410964180271));
#9766 = PLANE('',#9767);
#9767 = AXIS2_PLACEMENT_3D('',#9768,#9769,#9770);
#9768 = CARTESIAN_POINT('',(-105.4622636859,3.257885456085,
    -4.948180510494));
#9769 = DIRECTION('',(0.,1.,0.));
#9770 = DIRECTION('',(0.,-0.,1.));
#9771 = ADVANCED_FACE('',(#9772),#9782,.T.);
#9772 = FACE_BOUND('',#9773,.T.);
#9773 = EDGE_LOOP('',(#9774,#9780,#9781));
#9774 = ORIENTED_EDGE('',*,*,#9775,.T.);
#9775 = EDGE_CURVE('',#9459,#4949,#9776,.T.);
#9776 = LINE('',#9777,#9778);
#9777 = CARTESIAN_POINT('',(-112.9918060302,3.257885456085,
    6.896633625031));
#9778 = VECTOR('',#9779,1.);
#9779 = DIRECTION('',(0.909801795602,0.,-0.41504300105));
#9780 = ORIENTED_EDGE('',*,*,#9761,.F.);
#9781 = ORIENTED_EDGE('',*,*,#9456,.T.);
#9782 = PLANE('',#9783);
#9783 = AXIS2_PLACEMENT_3D('',#9784,#9785,#9786);
#9784 = CARTESIAN_POINT('',(-95.35082081364,3.257885456085,
    -1.199288383861));
#9785 = DIRECTION('',(0.,1.,0.));
#9786 = DIRECTION('',(0.,-0.,1.));
#9787 = ADVANCED_FACE('',(#9788),#9798,.T.);
#9788 = FACE_BOUND('',#9789,.T.);
#9789 = EDGE_LOOP('',(#9790,#9796,#9797));
#9790 = ORIENTED_EDGE('',*,*,#9791,.T.);
#9791 = EDGE_CURVE('',#9534,#4949,#9792,.T.);
#9792 = LINE('',#9793,#9794);
#9793 = CARTESIAN_POINT('',(-112.7335739135,3.257885456085,
    7.201817035675));
#9794 = VECTOR('',#9795,1.);
#9795 = DIRECTION('',(0.905647484662,0.,-0.424031406296));
#9796 = ORIENTED_EDGE('',*,*,#9775,.F.);
#9797 = ORIENTED_EDGE('',*,*,#9533,.F.);
#9798 = PLANE('',#9799);
#9799 = AXIS2_PLACEMENT_3D('',#9800,#9801,#9802);
#9800 = CARTESIAN_POINT('',(-95.28961632686,3.257885456085,
    -1.072795215337));
#9801 = DIRECTION('',(0.,1.,0.));
#9802 = DIRECTION('',(0.,-0.,1.));
#9803 = ADVANCED_FACE('',(#9804),#9815,.T.);
#9804 = FACE_BOUND('',#9805,.T.);
#9805 = EDGE_LOOP('',(#9806,#9812,#9813,#9814));
#9806 = ORIENTED_EDGE('',*,*,#9807,.T.);
#9807 = EDGE_CURVE('',#9649,#4949,#9808,.T.);
#9808 = LINE('',#9809,#9810);
#9809 = CARTESIAN_POINT('',(-112.6005401611,3.257885456085,7.5774269104)
  );
#9810 = VECTOR('',#9811,1.);
#9811 = DIRECTION('',(0.901278098188,0.,-0.433241029597));
#9812 = ORIENTED_EDGE('',*,*,#9791,.F.);
#9813 = ORIENTED_EDGE('',*,*,#9602,.F.);
#9814 = ORIENTED_EDGE('',*,*,#9648,.F.);
#9815 = PLANE('',#9816);
#9816 = AXIS2_PLACEMENT_3D('',#9817,#9818,#9819);
#9817 = CARTESIAN_POINT('',(-95.19097890211,3.257885456085,
    -0.901676913333));
#9818 = DIRECTION('',(0.,1.,0.));
#9819 = DIRECTION('',(0.,-0.,1.));
#9820 = ADVANCED_FACE('',(#9821),#9831,.T.);
#9821 = FACE_BOUND('',#9822,.T.);
#9822 = EDGE_LOOP('',(#9823,#9829,#9830));
#9823 = ORIENTED_EDGE('',*,*,#9824,.T.);
#9824 = EDGE_CURVE('',#8329,#4949,#9825,.T.);
#9825 = LINE('',#9826,#9827);
#9826 = CARTESIAN_POINT('',(-112.5770645141,3.257885456085,
    7.780879974365));
#9827 = VECTOR('',#9828,1.);
#9828 = DIRECTION('',(0.899115525935,0.,-0.437711401522));
#9829 = ORIENTED_EDGE('',*,*,#9807,.F.);
#9830 = ORIENTED_EDGE('',*,*,#9671,.F.);
#9831 = PLANE('',#9832);
#9832 = AXIS2_PLACEMENT_3D('',#9833,#9834,#9835);
#9833 = CARTESIAN_POINT('',(-95.10829116656,3.257885456085,
    -0.777160497885));
#9834 = DIRECTION('',(0.,1.,0.));
#9835 = DIRECTION('',(0.,-0.,1.));
#9836 = ADVANCED_FACE('',(#9837),#9854,.T.);
#9837 = FACE_BOUND('',#9838,.T.);
#9838 = EDGE_LOOP('',(#9839,#9847,#9848));
#9839 = ORIENTED_EDGE('',*,*,#9840,.T.);
#9840 = EDGE_CURVE('',#9841,#4949,#9843,.T.);
#9841 = VERTEX_POINT('',#9842);
#9842 = CARTESIAN_POINT('',(-73.82671356201,3.257885456085,
    -6.351417064667));
#9843 = LINE('',#9844,#9845);
#9844 = CARTESIAN_POINT('',(-73.82671356201,3.257885456085,
    -6.351417064667));
#9845 = VECTOR('',#9846,1.);
#9846 = DIRECTION('',(-0.785051976448,0.,-0.61942989456));
#9847 = ORIENTED_EDGE('',*,*,#9824,.F.);
#9848 = ORIENTED_EDGE('',*,*,#9849,.T.);
#9849 = EDGE_CURVE('',#8329,#9841,#9850,.T.);
#9850 = LINE('',#9851,#9852);
#9851 = CARTESIAN_POINT('',(-112.5770645141,3.257885456085,
    7.780879974365));
#9852 = VECTOR('',#9853,1.);
#9853 = DIRECTION('',(0.939471736201,0.,-0.342626410072));
#9854 = PLANE('',#9855);
#9855 = AXIS2_PLACEMENT_3D('',#9856,#9857,#9858);
#9856 = CARTESIAN_POINT('',(-93.07826042514,3.257885456085,
    -0.431058876141));
#9857 = DIRECTION('',(0.,1.,0.));
#9858 = DIRECTION('',(0.,-0.,1.));
#9859 = ADVANCED_FACE('',(#9860),#9877,.T.);
#9860 = FACE_BOUND('',#9861,.T.);
#9861 = EDGE_LOOP('',(#9862,#9870,#9871));
#9862 = ORIENTED_EDGE('',*,*,#9863,.T.);
#9863 = EDGE_CURVE('',#9864,#4949,#9866,.T.);
#9864 = VERTEX_POINT('',#9865);
#9865 = CARTESIAN_POINT('',(-73.89568462957,3.257885456085,
    -6.536078780271));
#9866 = LINE('',#9867,#9868);
#9867 = CARTESIAN_POINT('',(-73.91278076171,3.257885456085,
    -6.531394958496));
#9868 = VECTOR('',#9869,1.);
#9869 = DIRECTION('',(-0.796891568647,0.,-0.604122361628));
#9870 = ORIENTED_EDGE('',*,*,#9840,.F.);
#9871 = ORIENTED_EDGE('',*,*,#9872,.T.);
#9872 = EDGE_CURVE('',#9841,#9864,#9873,.T.);
#9873 = LINE('',#9874,#9875);
#9874 = CARTESIAN_POINT('',(-73.82671356201,3.257885456085,
    -6.351417064667));
#9875 = VECTOR('',#9876,1.);
#9876 = DIRECTION('',(-0.431418029932,0.,-0.902152139857));
#9877 = PLANE('',#9878);
#9878 = AXIS2_PLACEMENT_3D('',#9879,#9880,#9881);
#9879 = CARTESIAN_POINT('',(-75.66378113699,3.257885456085,
    -7.828999345587));
#9880 = DIRECTION('',(0.,1.,0.));
#9881 = DIRECTION('',(0.,-0.,1.));
#9882 = ADVANCED_FACE('',(#9883),#9909,.T.);
#9883 = FACE_BOUND('',#9884,.T.);
#9884 = EDGE_LOOP('',(#9885,#9895,#9903));
#9885 = ORIENTED_EDGE('',*,*,#9886,.T.);
#9886 = EDGE_CURVE('',#9887,#9889,#9891,.T.);
#9887 = VERTEX_POINT('',#9888);
#9888 = CARTESIAN_POINT('',(-71.6826095581,2.060631275177,
    -6.922654628754));
#9889 = VERTEX_POINT('',#9890);
#9890 = CARTESIAN_POINT('',(-71.69826507568,2.060631275177,
    -6.719200134277));
#9891 = LINE('',#9892,#9893);
#9892 = CARTESIAN_POINT('',(-71.6826095581,2.060631275177,
    -6.922654628754));
#9893 = VECTOR('',#9894,1.);
#9894 = DIRECTION('',(-7.672169502234E-02,0.,0.997052547017));
#9895 = ORIENTED_EDGE('',*,*,#9896,.T.);
#9896 = EDGE_CURVE('',#9889,#9897,#9899,.T.);
#9897 = VERTEX_POINT('',#9898);
#9898 = CARTESIAN_POINT('',(-71.6826095581,3.257885456085,
    -6.922654628754));
#9899 = LINE('',#9900,#9901);
#9900 = CARTESIAN_POINT('',(-71.69826507568,2.060631275177,
    -6.719200134277));
#9901 = VECTOR('',#9902,1.);
#9902 = DIRECTION('',(1.289030273219E-02,0.985784645079,-0.167518576945)
  );
#9903 = ORIENTED_EDGE('',*,*,#9904,.T.);
#9904 = EDGE_CURVE('',#9897,#9887,#9905,.T.);
#9905 = LINE('',#9906,#9907);
#9906 = CARTESIAN_POINT('',(-71.6826095581,3.257885456085,
    -6.922654628754));
#9907 = VECTOR('',#9908,1.);
#9908 = DIRECTION('',(0.,-1.,0.));
#9909 = PLANE('',#9910);
#9910 = AXIS2_PLACEMENT_3D('',#9911,#9912,#9913);
#9911 = CARTESIAN_POINT('',(-71.68685458403,2.612560585349,
    -6.867487522286));
#9912 = DIRECTION('',(-0.997052547017,-0.,-7.672169502234E-02));
#9913 = DIRECTION('',(7.672169502234E-02,0.,-0.997052547017));
#9914 = ADVANCED_FACE('',(#9915),#9930,.T.);
#9915 = FACE_BOUND('',#9916,.T.);
#9916 = EDGE_LOOP('',(#9917,#9923,#9924));
#9917 = ORIENTED_EDGE('',*,*,#9918,.T.);
#9918 = EDGE_CURVE('',#4042,#9897,#9919,.T.);
#9919 = LINE('',#9920,#9921);
#9920 = CARTESIAN_POINT('',(-71.69826507568,3.257885456085,
    -6.719200134277));
#9921 = VECTOR('',#9922,1.);
#9922 = DIRECTION('',(7.672169502234E-02,0.,-0.997052547017));
#9923 = ORIENTED_EDGE('',*,*,#9896,.F.);
#9924 = ORIENTED_EDGE('',*,*,#9925,.T.);
#9925 = EDGE_CURVE('',#9889,#4042,#9926,.T.);
#9926 = LINE('',#9927,#9928);
#9927 = CARTESIAN_POINT('',(-71.69826507568,2.060631275177,
    -6.719200134277));
#9928 = VECTOR('',#9929,1.);
#9929 = DIRECTION('',(0.,1.,0.));
#9930 = PLANE('',#9931);
#9931 = AXIS2_PLACEMENT_3D('',#9932,#9933,#9934);
#9932 = CARTESIAN_POINT('',(-71.69402004975,2.705956145913,
    -6.774367240745));
#9933 = DIRECTION('',(-0.997052547017,-0.,-7.672169502234E-02));
#9934 = DIRECTION('',(7.672169502234E-02,0.,-0.997052547017));
#9935 = ADVANCED_FACE('',(#9936),#9953,.T.);
#9936 = FACE_BOUND('',#9937,.T.);
#9937 = EDGE_LOOP('',(#9938,#9946,#9947));
#9938 = ORIENTED_EDGE('',*,*,#9939,.T.);
#9939 = EDGE_CURVE('',#9940,#4042,#9942,.T.);
#9940 = VERTEX_POINT('',#9941);
#9941 = CARTESIAN_POINT('',(-71.76679249589,3.257885456085,
    -6.537868125149));
#9942 = LINE('',#9943,#9944);
#9943 = CARTESIAN_POINT('',(-71.75303649902,3.257885456085,
    -6.531394958496));
#9944 = VECTOR('',#9945,1.);
#9945 = DIRECTION('',(0.279976038737,0.,-0.960006988377));
#9946 = ORIENTED_EDGE('',*,*,#9925,.F.);
#9947 = ORIENTED_EDGE('',*,*,#9948,.T.);
#9948 = EDGE_CURVE('',#9889,#9940,#9949,.T.);
#9949 = LINE('',#9950,#9951);
#9950 = CARTESIAN_POINT('',(-71.69826507568,2.060631275177,
    -6.719200134277));
#9951 = VECTOR('',#9952,1.);
#9952 = DIRECTION('',(-4.51487897683E-02,0.986912043122,0.15481022551));
#9953 = PLANE('',#9954);
#9954 = AXIS2_PLACEMENT_3D('',#9955,#9956,#9957);
#9955 = CARTESIAN_POINT('',(-71.71306925538,2.704196253967,
    -6.668438233232));
#9956 = DIRECTION('',(-0.960006988377,-0.,-0.279976038737));
#9957 = DIRECTION('',(0.279976038737,0.,-0.960006988377));
#9958 = ADVANCED_FACE('',(#9959),#9984,.T.);
#9959 = FACE_BOUND('',#9960,.T.);
#9960 = EDGE_LOOP('',(#9961,#9969,#9970,#9978));
#9961 = ORIENTED_EDGE('',*,*,#9962,.T.);
#9962 = EDGE_CURVE('',#9963,#9940,#9965,.T.);
#9963 = VERTEX_POINT('',#9964);
#9964 = CARTESIAN_POINT('',(-71.83128356933,2.060631275177,
    -6.351417064667));
#9965 = LINE('',#9966,#9967);
#9966 = CARTESIAN_POINT('',(-71.83128356933,2.060631275177,
    -6.351417064667));
#9967 = VECTOR('',#9968,1.);
#9968 = DIRECTION('',(6.449472271641E-02,0.986830255885,-0.148345801463)
  );
#9969 = ORIENTED_EDGE('',*,*,#9948,.F.);
#9970 = ORIENTED_EDGE('',*,*,#9971,.F.);
#9971 = EDGE_CURVE('',#9972,#9889,#9974,.T.);
#9972 = VERTEX_POINT('',#9973);
#9973 = CARTESIAN_POINT('',(-71.75885237292,2.060631275177,
    -6.533498423416));
#9974 = LINE('',#9975,#9976);
#9975 = CARTESIAN_POINT('',(-71.75303649902,2.060631275177,
    -6.531394958496));
#9976 = VECTOR('',#9977,1.);
#9977 = DIRECTION('',(0.279976038737,0.,-0.960006988377));
#9978 = ORIENTED_EDGE('',*,*,#9979,.F.);
#9979 = EDGE_CURVE('',#9963,#9972,#9980,.T.);
#9980 = LINE('',#9981,#9982);
#9981 = CARTESIAN_POINT('',(-71.83128356933,2.060631275177,
    -6.351417064667));
#9982 = VECTOR('',#9983,1.);
#9983 = DIRECTION('',(0.398708164593,0.,-0.91707785901));
#9984 = PLANE('',#9985);
#9985 = AXIS2_PLACEMENT_3D('',#9986,#9987,#9988);
#9986 = CARTESIAN_POINT('',(-71.75972127541,2.576161480825,
    -6.533620128865));
#9987 = DIRECTION('',(-0.940333751839,1.033071161154E-02,-0.340096620904
    ));
#9988 = DIRECTION('',(0.340114770525,-4.096375653057E-19,-0.940383933758
    ));
#9989 = ADVANCED_FACE('',(#9990),#10007,.T.);
#9990 = FACE_BOUND('',#9991,.T.);
#9991 = EDGE_LOOP('',(#9992,#10000,#10001));
#9992 = ORIENTED_EDGE('',*,*,#9993,.T.);
#9993 = EDGE_CURVE('',#9994,#9940,#9996,.T.);
#9994 = VERTEX_POINT('',#9995);
#9995 = CARTESIAN_POINT('',(-71.84767794357,3.257885456085,
    -6.359131773938));
#9996 = LINE('',#9997,#9998);
#9997 = CARTESIAN_POINT('',(-71.83128356933,3.257885456085,
    -6.351417064667));
#9998 = VECTOR('',#9999,1.);
#9999 = DIRECTION('',(0.398708164593,0.,-0.91707785901));
#10000 = ORIENTED_EDGE('',*,*,#9962,.F.);
#10001 = ORIENTED_EDGE('',*,*,#10002,.T.);
#10002 = EDGE_CURVE('',#9963,#9994,#10003,.T.);
#10003 = LINE('',#10004,#10005);
#10004 = CARTESIAN_POINT('',(-71.83128356933,2.060631275177,
    -6.351417064667));
#10005 = VECTOR('',#10006,1.);
#10006 = DIRECTION('',(0.,1.,0.));
#10007 = PLANE('',#10008);
#10008 = AXIS2_PLACEMENT_3D('',#10009,#10010,#10011);
#10009 = CARTESIAN_POINT('',(-71.8101291663,2.704326748262,
    -6.400074795729));
#10010 = DIRECTION('',(-0.91707785901,-0.,-0.398708164593));
#10011 = DIRECTION('',(0.398708164593,0.,-0.91707785901));
#10012 = ADVANCED_FACE('',(#10013),#10038,.T.);
#10013 = FACE_BOUND('',#10014,.T.);
#10014 = EDGE_LOOP('',(#10015,#10025,#10031,#10032));
#10015 = ORIENTED_EDGE('',*,*,#10016,.T.);
#10016 = EDGE_CURVE('',#10017,#10019,#10021,.T.);
#10017 = VERTEX_POINT('',#10018);
#10018 = CARTESIAN_POINT('',(-72.10101896099,3.257885456085,
    -6.054607388077));
#10019 = VERTEX_POINT('',#10020);
#10020 = CARTESIAN_POINT('',(-71.95407577592,3.257885456085,
    -6.191553722197));
#10021 = LINE('',#10022,#10023);
#10022 = CARTESIAN_POINT('',(-72.08952331543,3.257885456085,
    -6.038408756256));
#10023 = VECTOR('',#10024,1.);
#10024 = DIRECTION('',(0.636394526516,0.,-0.771363731725));
#10025 = ORIENTED_EDGE('',*,*,#10026,.T.);
#10026 = EDGE_CURVE('',#10019,#9994,#10027,.T.);
#10027 = LINE('',#10028,#10029);
#10028 = CARTESIAN_POINT('',(-72.08952331543,3.257885456085,
    -6.038408756256));
#10029 = VECTOR('',#10030,1.);
#10030 = DIRECTION('',(0.636394526516,0.,-0.771363731725));
#10031 = ORIENTED_EDGE('',*,*,#10002,.F.);
#10032 = ORIENTED_EDGE('',*,*,#10033,.T.);
#10033 = EDGE_CURVE('',#9963,#10017,#10034,.T.);
#10034 = LINE('',#10035,#10036);
#10035 = CARTESIAN_POINT('',(-71.83128356933,2.060631275177,
    -6.351417064667));
#10036 = VECTOR('',#10037,1.);
#10037 = DIRECTION('',(-0.204279078549,0.94708109253,0.247603437455));
#10038 = PLANE('',#10039);
#10039 = AXIS2_PLACEMENT_3D('',#10040,#10041,#10042);
#10040 = CARTESIAN_POINT('',(-71.9064868109,2.743980388258,
    -6.260264405994));
#10041 = DIRECTION('',(-0.771363731725,-0.,-0.636394526516));
#10042 = DIRECTION('',(0.636394526516,0.,-0.771363731725));
#10043 = ADVANCED_FACE('',(#10044),#10069,.T.);
#10044 = FACE_BOUND('',#10045,.T.);
#10045 = EDGE_LOOP('',(#10046,#10054,#10055,#10063));
#10046 = ORIENTED_EDGE('',*,*,#10047,.T.);
#10047 = EDGE_CURVE('',#10048,#10017,#10050,.T.);
#10048 = VERTEX_POINT('',#10049);
#10049 = CARTESIAN_POINT('',(-72.08952331543,2.060631275177,
    -6.038408756256));
#10050 = LINE('',#10051,#10052);
#10051 = CARTESIAN_POINT('',(-72.08952331543,2.060631275177,
    -6.038408756256));
#10052 = VECTOR('',#10053,1.);
#10053 = DIRECTION('',(0.,1.,0.));
#10054 = ORIENTED_EDGE('',*,*,#10033,.F.);
#10055 = ORIENTED_EDGE('',*,*,#10056,.F.);
#10056 = EDGE_CURVE('',#10057,#9963,#10059,.T.);
#10057 = VERTEX_POINT('',#10058);
#10058 = CARTESIAN_POINT('',(-71.95407577592,2.060631275177,
    -6.191553722197));
#10059 = LINE('',#10060,#10061);
#10060 = CARTESIAN_POINT('',(-71.94866180419,2.060631275177,
    -6.187087059021));
#10061 = VECTOR('',#10062,1.);
#10062 = DIRECTION('',(0.581237076927,0.,-0.813734268914));
#10063 = ORIENTED_EDGE('',*,*,#10064,.F.);
#10064 = EDGE_CURVE('',#10048,#10057,#10065,.T.);
#10065 = LINE('',#10066,#10067);
#10066 = CARTESIAN_POINT('',(-72.08952331543,2.060631275177,
    -6.038408756256));
#10067 = VECTOR('',#10068,1.);
#10068 = DIRECTION('',(0.687766216512,0.,-0.725932249887));
#10069 = PLANE('',#10070);
#10070 = AXIS2_PLACEMENT_3D('',#10071,#10072,#10073);
#10071 = CARTESIAN_POINT('',(-72.01432007385,2.574536343005,
    -6.129561414929));
#10072 = DIRECTION('',(-0.771363731725,-0.,-0.636394526516));
#10073 = DIRECTION('',(0.636394526516,0.,-0.771363731725));
#10074 = ADVANCED_FACE('',(#10075),#10092,.T.);
#10075 = FACE_BOUND('',#10076,.T.);
#10076 = EDGE_LOOP('',(#10077,#10085,#10086));
#10077 = ORIENTED_EDGE('',*,*,#10078,.T.);
#10078 = EDGE_CURVE('',#10079,#10017,#10081,.T.);
#10079 = VERTEX_POINT('',#10080);
#10080 = CARTESIAN_POINT('',(-72.43383026123,3.257885456085,
    -5.842778682709));
#10081 = LINE('',#10082,#10083);
#10082 = CARTESIAN_POINT('',(-72.43383026123,3.257885456085,
    -5.842778682709));
#10083 = VECTOR('',#10084,1.);
#10084 = DIRECTION('',(0.869455334928,0.,-0.494011559141));
#10085 = ORIENTED_EDGE('',*,*,#10047,.F.);
#10086 = ORIENTED_EDGE('',*,*,#10087,.T.);
#10087 = EDGE_CURVE('',#10048,#10079,#10088,.T.);
#10088 = LINE('',#10089,#10090);
#10089 = CARTESIAN_POINT('',(-72.08952331543,2.060631275177,
    -6.038408756256));
#10090 = VECTOR('',#10091,1.);
#10091 = DIRECTION('',(-0.273032909651,0.949413877913,0.155133228787));
#10092 = PLANE('',#10093);
#10093 = AXIS2_PLACEMENT_3D('',#10094,#10095,#10096);
#10094 = CARTESIAN_POINT('',(-72.18946599645,2.742311271259,
    -5.981622814883));
#10095 = DIRECTION('',(-0.494011559141,-0.,-0.869455334928));
#10096 = DIRECTION('',(-0.869455334928,0.,0.494011559141));
#10097 = ADVANCED_FACE('',(#10098),#10123,.T.);
#10098 = FACE_BOUND('',#10099,.T.);
#10099 = EDGE_LOOP('',(#10100,#10108,#10109,#10117));
#10100 = ORIENTED_EDGE('',*,*,#10101,.T.);
#10101 = EDGE_CURVE('',#10102,#10079,#10104,.T.);
#10102 = VERTEX_POINT('',#10103);
#10103 = CARTESIAN_POINT('',(-72.43383026123,2.060631275177,
    -5.842778682709));
#10104 = LINE('',#10105,#10106);
#10105 = CARTESIAN_POINT('',(-72.43383026123,2.060631275177,
    -5.842778682709));
#10106 = VECTOR('',#10107,1.);
#10107 = DIRECTION('',(0.,1.,0.));
#10108 = ORIENTED_EDGE('',*,*,#10087,.F.);
#10109 = ORIENTED_EDGE('',*,*,#10110,.F.);
#10110 = EDGE_CURVE('',#10111,#10048,#10113,.T.);
#10111 = VERTEX_POINT('',#10112);
#10112 = CARTESIAN_POINT('',(-72.25732847408,2.060631275177,
    -5.934972492452));
#10113 = LINE('',#10114,#10115);
#10114 = CARTESIAN_POINT('',(-72.25385284423,2.060631275177,
    -5.928855419159));
#10115 = VECTOR('',#10116,1.);
#10116 = DIRECTION('',(0.832049551454,0.,-0.554701310549));
#10117 = ORIENTED_EDGE('',*,*,#10118,.F.);
#10118 = EDGE_CURVE('',#10102,#10111,#10119,.T.);
#10119 = LINE('',#10120,#10121);
#10120 = CARTESIAN_POINT('',(-72.43383026123,2.060631275177,
    -5.842778682709));
#10121 = VECTOR('',#10122,1.);
#10122 = DIRECTION('',(0.902133089076,0.,-0.431457865376));
#10123 = PLANE('',#10124);
#10124 = AXIS2_PLACEMENT_3D('',#10125,#10126,#10127);
#10125 = CARTESIAN_POINT('',(-72.3338875802,2.576205460004,
    -5.899564624082));
#10126 = DIRECTION('',(-0.494011559141,-0.,-0.869455334928));
#10127 = DIRECTION('',(-0.869455334928,0.,0.494011559141));
#10128 = ADVANCED_FACE('',(#10129),#10146,.T.);
#10129 = FACE_BOUND('',#10130,.T.);
#10130 = EDGE_LOOP('',(#10131,#10139,#10140));
#10131 = ORIENTED_EDGE('',*,*,#10132,.T.);
#10132 = EDGE_CURVE('',#10133,#10079,#10135,.T.);
#10133 = VERTEX_POINT('',#10134);
#10134 = CARTESIAN_POINT('',(-72.6294555664,2.060631275177,
    -5.78800201416));
#10135 = LINE('',#10136,#10137);
#10136 = CARTESIAN_POINT('',(-72.6294555664,2.060631275177,
    -5.78800201416));
#10137 = VECTOR('',#10138,1.);
#10138 = DIRECTION('',(0.161092402968,0.985907997907,-4.510717647256E-02
    ));
#10139 = ORIENTED_EDGE('',*,*,#10101,.F.);
#10140 = ORIENTED_EDGE('',*,*,#10141,.T.);
#10141 = EDGE_CURVE('',#10102,#10133,#10142,.T.);
#10142 = LINE('',#10143,#10144);
#10143 = CARTESIAN_POINT('',(-72.43383026123,2.060631275177,
    -5.842778682709));
#10144 = VECTOR('',#10145,1.);
#10145 = DIRECTION('',(-0.96296199634,0.,0.269637151753));
#10146 = PLANE('',#10147);
#10147 = AXIS2_PLACEMENT_3D('',#10148,#10149,#10150);
#10148 = CARTESIAN_POINT('',(-72.48685634668,2.612749191538,
    -5.827930949667));
#10149 = DIRECTION('',(-0.269637151753,-0.,-0.96296199634));
#10150 = DIRECTION('',(-0.96296199634,0.,0.269637151753));
#10151 = ADVANCED_FACE('',(#10152),#10169,.T.);
#10152 = FACE_BOUND('',#10153,.T.);
#10153 = EDGE_LOOP('',(#10154,#10162,#10163));
#10154 = ORIENTED_EDGE('',*,*,#10155,.T.);
#10155 = EDGE_CURVE('',#10156,#10079,#10158,.T.);
#10156 = VERTEX_POINT('',#10157);
#10157 = CARTESIAN_POINT('',(-72.6311887419,3.257885456085,
    -5.797823220702));
#10158 = LINE('',#10159,#10160);
#10159 = CARTESIAN_POINT('',(-72.6294555664,3.257885456085,
    -5.78800201416));
#10160 = VECTOR('',#10161,1.);
#10161 = DIRECTION('',(0.96296199634,0.,-0.269637151753));
#10162 = ORIENTED_EDGE('',*,*,#10132,.F.);
#10163 = ORIENTED_EDGE('',*,*,#10164,.T.);
#10164 = EDGE_CURVE('',#10133,#10156,#10165,.T.);
#10165 = LINE('',#10166,#10167);
#10166 = CARTESIAN_POINT('',(-72.6294555664,2.060631275177,
    -5.78800201416));
#10167 = VECTOR('',#10168,1.);
#10168 = DIRECTION('',(0.,1.,0.));
#10169 = PLANE('',#10170);
#10170 = AXIS2_PLACEMENT_3D('',#10171,#10172,#10173);
#10171 = CARTESIAN_POINT('',(-72.57642948095,2.705767539724,
    -5.802849747202));
#10172 = DIRECTION('',(-0.269637151753,-0.,-0.96296199634));
#10173 = DIRECTION('',(-0.96296199634,0.,0.269637151753));
#10174 = ADVANCED_FACE('',(#10175),#10192,.T.);
#10175 = FACE_BOUND('',#10176,.T.);
#10176 = EDGE_LOOP('',(#10177,#10185,#10186));
#10177 = ORIENTED_EDGE('',*,*,#10178,.T.);
#10178 = EDGE_CURVE('',#10179,#10156,#10181,.T.);
#10179 = VERTEX_POINT('',#10180);
#10180 = CARTESIAN_POINT('',(-72.83290863037,2.060631275177,
    -5.772352218628));
#10181 = LINE('',#10182,#10183);
#10182 = CARTESIAN_POINT('',(-72.83290863037,2.060631275177,
    -5.772352218628));
#10183 = VECTOR('',#10184,1.);
#10184 = DIRECTION('',(0.167517442327,0.985784899441,-1.288559468909E-02
    ));
#10185 = ORIENTED_EDGE('',*,*,#10164,.F.);
#10186 = ORIENTED_EDGE('',*,*,#10187,.T.);
#10187 = EDGE_CURVE('',#10133,#10179,#10188,.T.);
#10188 = LINE('',#10189,#10190);
#10189 = CARTESIAN_POINT('',(-72.6294555664,2.060631275177,
    -5.78800201416));
#10190 = VECTOR('',#10191,1.);
#10191 = DIRECTION('',(-0.997054650451,0.,7.669435451074E-02));
#10192 = PLANE('',#10193);
#10193 = AXIS2_PLACEMENT_3D('',#10194,#10195,#10196);
#10194 = CARTESIAN_POINT('',(-72.68462224621,2.612560973309,
    -5.783758542755));
#10195 = DIRECTION('',(-7.669435451074E-02,-0.,-0.997054650451));
#10196 = DIRECTION('',(-0.997054650451,0.,7.669435451074E-02));
#10197 = ADVANCED_FACE('',(#10198),#10215,.T.);
#10198 = FACE_BOUND('',#10199,.T.);
#10199 = EDGE_LOOP('',(#10200,#10208,#10209));
#10200 = ORIENTED_EDGE('',*,*,#10201,.T.);
#10201 = EDGE_CURVE('',#10202,#10156,#10204,.T.);
#10202 = VERTEX_POINT('',#10203);
#10203 = CARTESIAN_POINT('',(-72.83290863037,3.257885456085,
    -5.772352218628));
#10204 = LINE('',#10205,#10206);
#10205 = CARTESIAN_POINT('',(-72.83290863037,3.257885456085,
    -5.772352218628));
#10206 = VECTOR('',#10207,1.);
#10207 = DIRECTION('',(0.997054650451,0.,-7.669435451074E-02));
#10208 = ORIENTED_EDGE('',*,*,#10178,.F.);
#10209 = ORIENTED_EDGE('',*,*,#10210,.T.);
#10210 = EDGE_CURVE('',#10179,#10202,#10211,.T.);
#10211 = LINE('',#10212,#10213);
#10212 = CARTESIAN_POINT('',(-72.83290863037,2.060631275177,
    -5.772352218628));
#10213 = VECTOR('',#10214,1.);
#10214 = DIRECTION('',(0.,1.,0.));
#10215 = PLANE('',#10216);
#10216 = AXIS2_PLACEMENT_3D('',#10217,#10218,#10219);
#10217 = CARTESIAN_POINT('',(-72.77774195056,2.705955757953,
    -5.776595690033));
#10218 = DIRECTION('',(-7.669435451074E-02,-0.,-0.997054650451));
#10219 = DIRECTION('',(-0.997054650451,0.,7.669435451074E-02));
#10220 = ADVANCED_FACE('',(#10221),#10238,.T.);
#10221 = FACE_BOUND('',#10222,.T.);
#10222 = EDGE_LOOP('',(#10223,#10231,#10232));
#10223 = ORIENTED_EDGE('',*,*,#10224,.T.);
#10224 = EDGE_CURVE('',#10225,#10202,#10227,.T.);
#10225 = VERTEX_POINT('',#10226);
#10226 = CARTESIAN_POINT('',(-73.22417449951,3.257885456085,
    -5.842778682709));
#10227 = LINE('',#10228,#10229);
#10228 = CARTESIAN_POINT('',(-73.22417449951,3.257885456085,
    -5.842778682709));
#10229 = VECTOR('',#10230,1.);
#10230 = DIRECTION('',(0.984183934603,0.,0.177149605897));
#10231 = ORIENTED_EDGE('',*,*,#10210,.F.);
#10232 = ORIENTED_EDGE('',*,*,#10233,.T.);
#10233 = EDGE_CURVE('',#10179,#10225,#10234,.T.);
#10234 = LINE('',#10235,#10236);
#10235 = CARTESIAN_POINT('',(-72.83290863037,2.060631275177,
    -5.772352218628));
#10236 = VECTOR('',#10237,1.);
#10237 = DIRECTION('',(-0.310151026346,0.949046779423,
    -5.582608103429E-02));
#10238 = PLANE('',#10239);
#10239 = AXIS2_PLACEMENT_3D('',#10240,#10241,#10242);
#10240 = CARTESIAN_POINT('',(-72.94654073369,2.742576969359,
    -5.792805592854));
#10241 = DIRECTION('',(0.177149605897,-0.,-0.984183934603));
#10242 = DIRECTION('',(-0.984183934603,0.,-0.177149605897));
#10243 = ADVANCED_FACE('',(#10244),#10269,.T.);
#10244 = FACE_BOUND('',#10245,.T.);
#10245 = EDGE_LOOP('',(#10246,#10254,#10255,#10263));
#10246 = ORIENTED_EDGE('',*,*,#10247,.T.);
#10247 = EDGE_CURVE('',#10248,#10225,#10250,.T.);
#10248 = VERTEX_POINT('',#10249);
#10249 = CARTESIAN_POINT('',(-73.22417449951,2.060631275177,
    -5.842778682709));
#10250 = LINE('',#10251,#10252);
#10251 = CARTESIAN_POINT('',(-73.22417449951,2.060631275177,
    -5.842778682709));
#10252 = VECTOR('',#10253,1.);
#10253 = DIRECTION('',(0.,1.,0.));
#10254 = ORIENTED_EDGE('',*,*,#10233,.F.);
#10255 = ORIENTED_EDGE('',*,*,#10256,.F.);
#10256 = EDGE_CURVE('',#10257,#10179,#10259,.T.);
#10257 = VERTEX_POINT('',#10258);
#10258 = CARTESIAN_POINT('',(-73.02683614392,2.060631275177,
    -5.7974767627));
#10259 = LINE('',#10260,#10261);
#10260 = CARTESIAN_POINT('',(-73.02854156494,2.060631275177,
    -5.78800201416));
#10261 = VECTOR('',#10262,1.);
#10262 = DIRECTION('',(0.996815618446,0.,7.974097329915E-02));
#10263 = ORIENTED_EDGE('',*,*,#10264,.F.);
#10264 = EDGE_CURVE('',#10248,#10257,#10265,.T.);
#10265 = LINE('',#10266,#10267);
#10266 = CARTESIAN_POINT('',(-73.22417449951,2.060631275177,
    -5.842778682709));
#10267 = VECTOR('',#10268,1.);
#10268 = DIRECTION('',(0.962964726638,0.,0.269627400779));
#10269 = PLANE('',#10270);
#10270 = AXIS2_PLACEMENT_3D('',#10271,#10272,#10273);
#10271 = CARTESIAN_POINT('',(-73.11054239618,2.575939761903,
    -5.822325308483));
#10272 = DIRECTION('',(0.177149605897,-0.,-0.984183934603));
#10273 = DIRECTION('',(-0.984183934603,0.,-0.177149605897));
#10274 = ADVANCED_FACE('',(#10275),#10292,.T.);
#10275 = FACE_BOUND('',#10276,.T.);
#10276 = EDGE_LOOP('',(#10277,#10285,#10286));
#10277 = ORIENTED_EDGE('',*,*,#10278,.T.);
#10278 = EDGE_CURVE('',#10279,#10225,#10281,.T.);
#10279 = VERTEX_POINT('',#10280);
#10280 = CARTESIAN_POINT('',(-73.4041519165,2.060631275177,
    -5.928855419159));
#10281 = LINE('',#10282,#10283);
#10282 = CARTESIAN_POINT('',(-73.4041519165,2.060631275177,
    -5.928855419159));
#10283 = VECTOR('',#10284,1.);
#10284 = DIRECTION('',(0.148280625958,0.986399306881,7.091729937301E-02)
  );
#10285 = ORIENTED_EDGE('',*,*,#10247,.F.);
#10286 = ORIENTED_EDGE('',*,*,#10287,.T.);
#10287 = EDGE_CURVE('',#10248,#10279,#10288,.T.);
#10288 = LINE('',#10289,#10290);
#10289 = CARTESIAN_POINT('',(-73.22417449951,2.060631275177,
    -5.842778682709));
#10290 = VECTOR('',#10291,1.);
#10291 = DIRECTION('',(-0.902133089076,0.,-0.431457865376));
#10292 = PLANE('',#10293);
#10293 = AXIS2_PLACEMENT_3D('',#10294,#10295,#10296);
#10294 = CARTESIAN_POINT('',(-73.2728919586,2.61350985036,
    -5.866078494191));
#10295 = DIRECTION('',(0.431457865376,-0.,-0.902133089076));
#10296 = DIRECTION('',(-0.902133089076,0.,-0.431457865376));
#10297 = ADVANCED_FACE('',(#10298),#10315,.T.);
#10298 = FACE_BOUND('',#10299,.T.);
#10299 = EDGE_LOOP('',(#10300,#10308,#10309));
#10300 = ORIENTED_EDGE('',*,*,#10301,.T.);
#10301 = EDGE_CURVE('',#10302,#10225,#10304,.T.);
#10302 = VERTEX_POINT('',#10303);
#10303 = CARTESIAN_POINT('',(-73.39613710661,3.257885456085,
    -5.951014154017));
#10304 = LINE('',#10305,#10306);
#10305 = CARTESIAN_POINT('',(-73.4041519165,3.257885456085,
    -5.928855419159));
#10306 = VECTOR('',#10307,1.);
#10307 = DIRECTION('',(0.902133089076,0.,0.431457865376));
#10308 = ORIENTED_EDGE('',*,*,#10278,.F.);
#10309 = ORIENTED_EDGE('',*,*,#10310,.T.);
#10310 = EDGE_CURVE('',#10279,#10302,#10311,.T.);
#10311 = LINE('',#10312,#10313);
#10312 = CARTESIAN_POINT('',(-73.4041519165,2.060631275177,
    -5.928855419159));
#10313 = VECTOR('',#10314,1.);
#10314 = DIRECTION('',(0.,1.,0.));
#10315 = PLANE('',#10316);
#10316 = AXIS2_PLACEMENT_3D('',#10317,#10318,#10319);
#10317 = CARTESIAN_POINT('',(-73.35543445741,2.705006880902,
    -5.905555607677));
#10318 = DIRECTION('',(0.431457865376,-0.,-0.902133089076));
#10319 = DIRECTION('',(-0.902133089076,0.,-0.431457865376));
#10320 = ADVANCED_FACE('',(#10321),#10346,.T.);
#10321 = FACE_BOUND('',#10322,.T.);
#10322 = EDGE_LOOP('',(#10323,#10331,#10332,#10340));
#10323 = ORIENTED_EDGE('',*,*,#10324,.T.);
#10324 = EDGE_CURVE('',#10325,#10302,#10327,.T.);
#10325 = VERTEX_POINT('',#10326);
#10326 = CARTESIAN_POINT('',(-73.70392241751,2.060631275177,
    -6.191552714006));
#10327 = LINE('',#10328,#10329);
#10328 = CARTESIAN_POINT('',(-73.70933532714,2.060631275177,
    -6.187087059021));
#10329 = VECTOR('',#10330,1.);
#10330 = DIRECTION('',(0.241780117876,0.948518978723,0.204582798892));
#10331 = ORIENTED_EDGE('',*,*,#10310,.F.);
#10332 = ORIENTED_EDGE('',*,*,#10333,.F.);
#10333 = EDGE_CURVE('',#10334,#10279,#10336,.T.);
#10334 = VERTEX_POINT('',#10335);
#10335 = CARTESIAN_POINT('',(-73.56120953535,2.060631275177,
    -6.04700284753));
#10336 = LINE('',#10337,#10338);
#10337 = CARTESIAN_POINT('',(-73.56848144531,2.060631275177,
    -6.038408756256));
#10338 = VECTOR('',#10339,1.);
#10339 = DIRECTION('',(0.832049551454,0.,0.554701310549));
#10340 = ORIENTED_EDGE('',*,*,#10341,.F.);
#10341 = EDGE_CURVE('',#10325,#10334,#10342,.T.);
#10342 = LINE('',#10343,#10344);
#10343 = CARTESIAN_POINT('',(-73.82671356201,2.060631275177,
    -6.351417064667));
#10344 = VECTOR('',#10345,1.);
#10345 = DIRECTION('',(0.636383339361,0.,0.771372961273));
#10346 = PLANE('',#10347);
#10347 = AXIS2_PLACEMENT_3D('',#10348,#10349,#10350);
#10348 = CARTESIAN_POINT('',(-73.4928492112,2.575559768182,
    -6.003906837625));
#10349 = DIRECTION('',(0.645941546373,0.,-0.763386873524));
#10350 = DIRECTION('',(-0.763386873524,0.,-0.645941546373));
#10351 = ADVANCED_FACE('',(#10352),#10377,.T.);
#10352 = FACE_BOUND('',#10353,.T.);
#10353 = EDGE_LOOP('',(#10354,#10364,#10370,#10371));
#10354 = ORIENTED_EDGE('',*,*,#10355,.F.);
#10355 = EDGE_CURVE('',#10356,#10358,#10360,.T.);
#10356 = VERTEX_POINT('',#10357);
#10357 = CARTESIAN_POINT('',(-73.56120953535,3.257885456085,
    -6.04700284753));
#10358 = VERTEX_POINT('',#10359);
#10359 = CARTESIAN_POINT('',(-73.70392241751,3.257885456085,
    -6.191552714006));
#10360 = LINE('',#10361,#10362);
#10361 = CARTESIAN_POINT('',(-73.56848144531,3.257885456085,
    -6.038408756256));
#10362 = VECTOR('',#10363,1.);
#10363 = DIRECTION('',(-0.636383339361,0.,-0.771372961273));
#10364 = ORIENTED_EDGE('',*,*,#10365,.T.);
#10365 = EDGE_CURVE('',#10356,#10302,#10366,.T.);
#10366 = LINE('',#10367,#10368);
#10367 = CARTESIAN_POINT('',(-73.70933532714,3.257885456085,
    -6.187087059021));
#10368 = VECTOR('',#10369,1.);
#10369 = DIRECTION('',(0.763386873524,0.,0.645941546373));
#10370 = ORIENTED_EDGE('',*,*,#10324,.F.);
#10371 = ORIENTED_EDGE('',*,*,#10372,.T.);
#10372 = EDGE_CURVE('',#10325,#10358,#10373,.T.);
#10373 = LINE('',#10374,#10375);
#10374 = CARTESIAN_POINT('',(-73.70933532714,2.060631275177,
    -6.187087059021));
#10375 = VECTOR('',#10376,1.);
#10376 = DIRECTION('',(0.,1.,0.));
#10377 = PLANE('',#10378);
#10378 = AXIS2_PLACEMENT_3D('',#10379,#10380,#10381);
#10379 = CARTESIAN_POINT('',(-73.62063803245,2.74295696308,
    -6.112035640555));
#10380 = DIRECTION('',(0.645941546373,0.,-0.763386873524));
#10381 = DIRECTION('',(-0.763386873524,0.,-0.645941546373));
#10382 = ADVANCED_FACE('',(#10383),#10400,.T.);
#10383 = FACE_BOUND('',#10384,.T.);
#10384 = EDGE_LOOP('',(#10385,#10393,#10394));
#10385 = ORIENTED_EDGE('',*,*,#10386,.T.);
#10386 = EDGE_CURVE('',#10387,#10358,#10389,.T.);
#10387 = VERTEX_POINT('',#10388);
#10388 = CARTESIAN_POINT('',(-73.82671356201,2.060631275177,
    -6.351417064667));
#10389 = LINE('',#10390,#10391);
#10390 = CARTESIAN_POINT('',(-73.82671356201,2.060631275177,
    -6.351417064667));
#10391 = VECTOR('',#10392,1.);
#10392 = DIRECTION('',(9.667394326707E-02,0.986071079499,0.135343913302)
  );
#10393 = ORIENTED_EDGE('',*,*,#10372,.F.);
#10394 = ORIENTED_EDGE('',*,*,#10395,.T.);
#10395 = EDGE_CURVE('',#10325,#10387,#10396,.T.);
#10396 = LINE('',#10397,#10398);
#10397 = CARTESIAN_POINT('',(-73.70933532714,2.060631275177,
    -6.187087059021));
#10398 = VECTOR('',#10399,1.);
#10399 = DIRECTION('',(-0.581237076927,0.,-0.813734268914));
#10400 = PLANE('',#10401);
#10401 = AXIS2_PLACEMENT_3D('',#10402,#10403,#10404);
#10402 = CARTESIAN_POINT('',(-73.74113735979,2.612999986986,
    -6.231610033916));
#10403 = DIRECTION('',(0.813734268914,0.,-0.581237076927));
#10404 = DIRECTION('',(0.581237076927,0.,0.813734268914));
#10405 = ADVANCED_FACE('',(#10406),#10421,.T.);
#10406 = FACE_BOUND('',#10407,.T.);
#10407 = EDGE_LOOP('',(#10408,#10414,#10415));
#10408 = ORIENTED_EDGE('',*,*,#10409,.T.);
#10409 = EDGE_CURVE('',#9841,#10358,#10410,.T.);
#10410 = LINE('',#10411,#10412);
#10411 = CARTESIAN_POINT('',(-73.82671356201,3.257885456085,
    -6.351417064667));
#10412 = VECTOR('',#10413,1.);
#10413 = DIRECTION('',(0.581237076927,0.,0.813734268914));
#10414 = ORIENTED_EDGE('',*,*,#10386,.F.);
#10415 = ORIENTED_EDGE('',*,*,#10416,.T.);
#10416 = EDGE_CURVE('',#10387,#9841,#10417,.T.);
#10417 = LINE('',#10418,#10419);
#10418 = CARTESIAN_POINT('',(-73.82671356201,2.060631275177,
    -6.351417064667));
#10419 = VECTOR('',#10420,1.);
#10420 = DIRECTION('',(0.,1.,0.));
#10421 = PLANE('',#10422);
#10422 = AXIS2_PLACEMENT_3D('',#10423,#10424,#10425);
#10423 = CARTESIAN_POINT('',(-73.79491152936,2.705516744276,
    -6.306894089772));
#10424 = DIRECTION('',(0.813734268914,0.,-0.581237076927));
#10425 = DIRECTION('',(0.581237076927,0.,0.813734268914));
#10426 = ADVANCED_FACE('',(#10427),#10452,.T.);
#10427 = FACE_BOUND('',#10428,.T.);
#10428 = EDGE_LOOP('',(#10429,#10437,#10438,#10446));
#10429 = ORIENTED_EDGE('',*,*,#10430,.T.);
#10430 = EDGE_CURVE('',#10431,#9841,#10433,.T.);
#10431 = VERTEX_POINT('',#10432);
#10432 = CARTESIAN_POINT('',(-73.95973968505,2.060631275177,
    -6.719200134277));
#10433 = LINE('',#10434,#10435);
#10434 = CARTESIAN_POINT('',(-73.95973968505,2.060631275177,
    -6.719200134277));
#10435 = VECTOR('',#10436,1.);
#10436 = DIRECTION('',(0.105616946461,0.950567661668,0.292003734926));
#10437 = ORIENTED_EDGE('',*,*,#10416,.F.);
#10438 = ORIENTED_EDGE('',*,*,#10439,.F.);
#10439 = EDGE_CURVE('',#10440,#10387,#10442,.T.);
#10440 = VERTEX_POINT('',#10441);
#10441 = CARTESIAN_POINT('',(-73.90350890566,2.060631275177,
    -6.534748563288));
#10442 = LINE('',#10443,#10444);
#10443 = CARTESIAN_POINT('',(-73.91278076171,2.060631275177,
    -6.531394958496));
#10444 = VECTOR('',#10445,1.);
#10445 = DIRECTION('',(0.431418029932,0.,0.902152139857));
#10446 = ORIENTED_EDGE('',*,*,#10447,.F.);
#10447 = EDGE_CURVE('',#10431,#10440,#10448,.T.);
#10448 = LINE('',#10449,#10450);
#10449 = CARTESIAN_POINT('',(-73.95973968505,2.060631275177,
    -6.719200134277));
#10450 = VECTOR('',#10451,1.);
#10451 = DIRECTION('',(0.242572717261,0.,0.970133226336));
#10452 = PLANE('',#10453);
#10453 = AXIS2_PLACEMENT_3D('',#10454,#10455,#10456);
#10454 = CARTESIAN_POINT('',(-73.86526431308,2.57704819813,
    -6.457999991704));
#10455 = DIRECTION('',(0.940377694365,0.,-0.34013202134));
#10456 = DIRECTION('',(0.34013202134,0.,0.940377694365));
#10457 = ADVANCED_FACE('',(#10458),#10476,.T.);
#10458 = FACE_BOUND('',#10459,.T.);
#10459 = EDGE_LOOP('',(#10460,#10468,#10469,#10470));
#10460 = ORIENTED_EDGE('',*,*,#10461,.F.);
#10461 = EDGE_CURVE('',#9864,#10462,#10464,.T.);
#10462 = VERTEX_POINT('',#10463);
#10463 = CARTESIAN_POINT('',(-73.98321533203,3.257885456085,
    -6.922654628754));
#10464 = LINE('',#10465,#10466);
#10465 = CARTESIAN_POINT('',(-73.91278076171,3.257885456085,
    -6.531394958496));
#10466 = VECTOR('',#10467,1.);
#10467 = DIRECTION('',(-0.177172075043,0.,-0.984179889972));
#10468 = ORIENTED_EDGE('',*,*,#9872,.F.);
#10469 = ORIENTED_EDGE('',*,*,#10430,.F.);
#10470 = ORIENTED_EDGE('',*,*,#10471,.T.);
#10471 = EDGE_CURVE('',#10431,#10462,#10472,.T.);
#10472 = LINE('',#10473,#10474);
#10473 = CARTESIAN_POINT('',(-73.95973968505,2.060631275177,
    -6.719200134277));
#10474 = VECTOR('',#10475,1.);
#10475 = DIRECTION('',(-1.932716760023E-02,0.985682407026,
    -0.167501203198));
#10476 = PLANE('',#10477);
#10477 = AXIS2_PLACEMENT_3D('',#10478,#10479,#10480);
#10478 = CARTESIAN_POINT('',(-73.92648960962,2.774883898869,
    -6.668093259012));
#10479 = DIRECTION('',(0.964133406407,-2.598236023965E-02,
    -0.264143316413));
#10480 = DIRECTION('',(0.264232520918,-2.028548267345E-19,0.964459006329
    ));
#10481 = ADVANCED_FACE('',(#10482),#10499,.T.);
#10482 = FACE_BOUND('',#10483,.T.);
#10483 = EDGE_LOOP('',(#10484,#10492,#10493));
#10484 = ORIENTED_EDGE('',*,*,#10485,.T.);
#10485 = EDGE_CURVE('',#10486,#10462,#10488,.T.);
#10486 = VERTEX_POINT('',#10487);
#10487 = CARTESIAN_POINT('',(-73.98321533203,2.060631275177,
    -6.922654628754));
#10488 = LINE('',#10489,#10490);
#10489 = CARTESIAN_POINT('',(-73.98321533203,2.060631275177,
    -6.922654628754));
#10490 = VECTOR('',#10491,1.);
#10491 = DIRECTION('',(0.,1.,0.));
#10492 = ORIENTED_EDGE('',*,*,#10471,.F.);
#10493 = ORIENTED_EDGE('',*,*,#10494,.T.);
#10494 = EDGE_CURVE('',#10431,#10486,#10495,.T.);
#10495 = LINE('',#10496,#10497);
#10496 = CARTESIAN_POINT('',(-73.95973968505,2.060631275177,
    -6.719200134277));
#10497 = VECTOR('',#10498,1.);
#10498 = DIRECTION('',(-0.114624726588,0.,-0.993408864494));
#10499 = PLANE('',#10500);
#10500 = AXIS2_PLACEMENT_3D('',#10501,#10502,#10503);
#10501 = CARTESIAN_POINT('',(-73.97684806658,2.612404966728,
    -6.867471963318));
#10502 = DIRECTION('',(0.993408864494,0.,-0.114624726588));
#10503 = DIRECTION('',(0.114624726588,0.,0.993408864494));
#10504 = ADVANCED_FACE('',(#10505),#10538,.T.);
#10505 = FACE_BOUND('',#10506,.T.);
#10506 = EDGE_LOOP('',(#10507,#10515,#10516,#10524,#10532));
#10507 = ORIENTED_EDGE('',*,*,#10508,.T.);
#10508 = EDGE_CURVE('',#10509,#10462,#10511,.T.);
#10509 = VERTEX_POINT('',#10510);
#10510 = CARTESIAN_POINT('',(-73.82671356201,2.060631275177,
    -7.493894577026));
#10511 = LINE('',#10512,#10513);
#10512 = CARTESIAN_POINT('',(-73.82671356201,2.060631275177,
    -7.493894577026));
#10513 = VECTOR('',#10514,1.);
#10514 = DIRECTION('',(-0.117164053396,0.896316717456,0.427655149157));
#10515 = ORIENTED_EDGE('',*,*,#10485,.F.);
#10516 = ORIENTED_EDGE('',*,*,#10517,.F.);
#10517 = EDGE_CURVE('',#10518,#10486,#10520,.T.);
#10518 = VERTEX_POINT('',#10519);
#10519 = CARTESIAN_POINT('',(-73.94473370857,2.060631275177,
    -7.12199843472));
#10520 = LINE('',#10521,#10522);
#10521 = CARTESIAN_POINT('',(-73.95973968505,2.060631275177,
    -7.126109600067));
#10522 = VECTOR('',#10523,1.);
#10523 = DIRECTION('',(-0.114624461471,0.,0.993408895084));
#10524 = ORIENTED_EDGE('',*,*,#10525,.F.);
#10525 = EDGE_CURVE('',#10526,#10518,#10528,.T.);
#10526 = VERTEX_POINT('',#10527);
#10527 = CARTESIAN_POINT('',(-73.89568476693,2.060631275177,
    -7.309231011254));
#10528 = LINE('',#10529,#10530);
#10529 = CARTESIAN_POINT('',(-73.91278076171,2.060631275177,
    -7.313914775848));
#10530 = VECTOR('',#10531,1.);
#10531 = DIRECTION('',(-0.242572717261,0.,0.970133226336));
#10532 = ORIENTED_EDGE('',*,*,#10533,.F.);
#10533 = EDGE_CURVE('',#10509,#10526,#10534,.T.);
#10534 = LINE('',#10535,#10536);
#10535 = CARTESIAN_POINT('',(-73.82671356201,2.060631275177,
    -7.493894577026));
#10536 = VECTOR('',#10537,1.);
#10537 = DIRECTION('',(-0.431414308883,0.,0.90215391929));
#10538 = PLANE('',#10539);
#10539 = AXIS2_PLACEMENT_3D('',#10540,#10541,#10542);
#10540 = CARTESIAN_POINT('',(-73.93494121463,2.545809483981,
    -7.09885777534));
#10541 = DIRECTION('',(0.964459287375,0.,0.264231495088));
#10542 = DIRECTION('',(-0.264231495088,0.,0.964459287375));
#10543 = ADVANCED_FACE('',(#10544),#10569,.T.);
#10544 = FACE_BOUND('',#10545,.T.);
#10545 = EDGE_LOOP('',(#10546,#10556,#10562,#10563));
#10546 = ORIENTED_EDGE('',*,*,#10547,.F.);
#10547 = EDGE_CURVE('',#10548,#10550,#10552,.T.);
#10548 = VERTEX_POINT('',#10549);
#10549 = CARTESIAN_POINT('',(-73.89568476693,3.257885456085,
    -7.309231011254));
#10550 = VERTEX_POINT('',#10551);
#10551 = CARTESIAN_POINT('',(-73.82671356201,3.257885456085,
    -7.493894577026));
#10552 = LINE('',#10553,#10554);
#10553 = CARTESIAN_POINT('',(-73.91278076171,3.257885456085,
    -7.313914775848));
#10554 = VECTOR('',#10555,1.);
#10555 = DIRECTION('',(0.431414308883,0.,-0.90215391929));
#10556 = ORIENTED_EDGE('',*,*,#10557,.F.);
#10557 = EDGE_CURVE('',#10462,#10548,#10558,.T.);
#10558 = LINE('',#10559,#10560);
#10559 = CARTESIAN_POINT('',(-73.98321533203,3.257885456085,
    -6.922654628754));
#10560 = VECTOR('',#10561,1.);
#10561 = DIRECTION('',(0.177171865898,0.,-0.984179927622));
#10562 = ORIENTED_EDGE('',*,*,#10508,.F.);
#10563 = ORIENTED_EDGE('',*,*,#10564,.T.);
#10564 = EDGE_CURVE('',#10509,#10550,#10565,.T.);
#10565 = LINE('',#10566,#10567);
#10566 = CARTESIAN_POINT('',(-73.82671356201,2.060631275177,
    -7.493894577026));
#10567 = VECTOR('',#10568,1.);
#10568 = DIRECTION('',(0.,1.,0.));
#10569 = PLANE('',#10570);
#10570 = AXIS2_PLACEMENT_3D('',#10571,#10572,#10573);
#10571 = CARTESIAN_POINT('',(-73.8749876794,2.772707247281,
    -7.31769143044));
#10572 = DIRECTION('',(0.964459287375,0.,0.264231495088));
#10573 = DIRECTION('',(-0.264231495088,0.,0.964459287375));
#10574 = ADVANCED_FACE('',(#10575),#10592,.T.);
#10575 = FACE_BOUND('',#10576,.T.);
#10576 = EDGE_LOOP('',(#10577,#10585,#10586));
#10577 = ORIENTED_EDGE('',*,*,#10578,.T.);
#10578 = EDGE_CURVE('',#10579,#10550,#10581,.T.);
#10579 = VERTEX_POINT('',#10580);
#10580 = CARTESIAN_POINT('',(-73.70392288566,2.060631275177,
    -7.653757406561));
#10581 = LINE('',#10582,#10583);
#10582 = CARTESIAN_POINT('',(-73.70933532714,2.060631275177,
    -7.658222675323));
#10583 = VECTOR('',#10584,1.);
#10584 = DIRECTION('',(-9.667396382113E-02,0.98607128915,0.135342371165)
  );
#10585 = ORIENTED_EDGE('',*,*,#10564,.F.);
#10586 = ORIENTED_EDGE('',*,*,#10587,.T.);
#10587 = EDGE_CURVE('',#10509,#10579,#10588,.T.);
#10588 = LINE('',#10589,#10590);
#10589 = CARTESIAN_POINT('',(-73.82671356201,2.060631275177,
    -7.493894577026));
#10590 = VECTOR('',#10591,1.);
#10591 = DIRECTION('',(0.581241544115,0.,-0.813731078057));
#10592 = PLANE('',#10593);
#10593 = AXIS2_PLACEMENT_3D('',#10594,#10595,#10596);
#10594 = CARTESIAN_POINT('',(-73.79491154799,2.613000310467,
    -7.538417009078));
#10595 = DIRECTION('',(0.813731078057,0.,0.581241544115));
#10596 = DIRECTION('',(-0.581241544115,0.,0.813731078057));
#10597 = ADVANCED_FACE('',(#10598),#10615,.T.);
#10598 = FACE_BOUND('',#10599,.T.);
#10599 = EDGE_LOOP('',(#10600,#10608,#10609));
#10600 = ORIENTED_EDGE('',*,*,#10601,.T.);
#10601 = EDGE_CURVE('',#10602,#10550,#10604,.T.);
#10602 = VERTEX_POINT('',#10603);
#10603 = CARTESIAN_POINT('',(-73.70933532714,3.257885456085,
    -7.658222675323));
#10604 = LINE('',#10605,#10606);
#10605 = CARTESIAN_POINT('',(-73.70933532714,3.257885456085,
    -7.658222675323));
#10606 = VECTOR('',#10607,1.);
#10607 = DIRECTION('',(-0.581241544115,0.,0.813731078057));
#10608 = ORIENTED_EDGE('',*,*,#10578,.F.);
#10609 = ORIENTED_EDGE('',*,*,#10610,.T.);
#10610 = EDGE_CURVE('',#10579,#10602,#10611,.T.);
#10611 = LINE('',#10612,#10613);
#10612 = CARTESIAN_POINT('',(-73.70933532714,2.060631275177,
    -7.658222675323));
#10613 = VECTOR('',#10614,1.);
#10614 = DIRECTION('',(0.,1.,0.));
#10615 = PLANE('',#10616);
#10616 = AXIS2_PLACEMENT_3D('',#10617,#10618,#10619);
#10617 = CARTESIAN_POINT('',(-73.74113734116,2.705516420795,
    -7.613700243272));
#10618 = DIRECTION('',(0.813731078057,0.,0.581241544115));
#10619 = DIRECTION('',(-0.581241544115,0.,0.813731078057));
#10620 = ADVANCED_FACE('',(#10621),#10638,.T.);
#10621 = FACE_BOUND('',#10622,.T.);
#10622 = EDGE_LOOP('',(#10623,#10631,#10632));
#10623 = ORIENTED_EDGE('',*,*,#10624,.T.);
#10624 = EDGE_CURVE('',#10625,#10602,#10627,.T.);
#10625 = VERTEX_POINT('',#10626);
#10626 = CARTESIAN_POINT('',(-73.56848144531,3.257885456085,
    -7.806902885437));
#10627 = LINE('',#10628,#10629);
#10628 = CARTESIAN_POINT('',(-73.56848144531,3.257885456085,
    -7.806902885437));
#10629 = VECTOR('',#10630,1.);
#10630 = DIRECTION('',(-0.687741935597,0.,0.725955253456));
#10631 = ORIENTED_EDGE('',*,*,#10610,.F.);
#10632 = ORIENTED_EDGE('',*,*,#10633,.T.);
#10633 = EDGE_CURVE('',#10579,#10625,#10634,.T.);
#10634 = LINE('',#10635,#10636);
#10635 = CARTESIAN_POINT('',(-73.70933532714,2.060631275177,
    -7.658222675323));
#10636 = VECTOR('',#10637,1.);
#10637 = DIRECTION('',(0.115962974807,0.985682145271,-0.1224062783));
#10638 = PLANE('',#10639);
#10639 = AXIS2_PLACEMENT_3D('',#10640,#10641,#10642);
#10640 = CARTESIAN_POINT('',(-73.67113170693,2.706112162145,
    -7.698549020657));
#10641 = DIRECTION('',(0.725955253456,0.,0.687741935597));
#10642 = DIRECTION('',(-0.687741935597,0.,0.725955253456));
#10643 = ADVANCED_FACE('',(#10644),#10669,.T.);
#10644 = FACE_BOUND('',#10645,.T.);
#10645 = EDGE_LOOP('',(#10646,#10654,#10655,#10663));
#10646 = ORIENTED_EDGE('',*,*,#10647,.T.);
#10647 = EDGE_CURVE('',#10648,#10625,#10650,.T.);
#10648 = VERTEX_POINT('',#10649);
#10649 = CARTESIAN_POINT('',(-73.4041519165,2.060631275177,
    -7.916454315186));
#10650 = LINE('',#10651,#10652);
#10651 = CARTESIAN_POINT('',(-73.4041519165,2.060631275177,
    -7.916454315186));
#10652 = VECTOR('',#10653,1.);
#10653 = DIRECTION('',(-0.135425133319,0.986665684748,9.028211232968E-02
    ));
#10654 = ORIENTED_EDGE('',*,*,#10633,.F.);
#10655 = ORIENTED_EDGE('',*,*,#10656,.F.);
#10656 = EDGE_CURVE('',#10657,#10579,#10659,.T.);
#10657 = VERTEX_POINT('',#10658);
#10658 = CARTESIAN_POINT('',(-73.56120906509,2.060631275177,
    -7.7983082384));
#10659 = LINE('',#10660,#10661);
#10660 = CARTESIAN_POINT('',(-73.56848144531,2.060631275177,
    -7.806902885437));
#10661 = VECTOR('',#10662,1.);
#10662 = DIRECTION('',(-0.636383339361,0.,0.771372961273));
#10663 = ORIENTED_EDGE('',*,*,#10664,.F.);
#10664 = EDGE_CURVE('',#10648,#10657,#10665,.T.);
#10665 = LINE('',#10666,#10667);
#10666 = CARTESIAN_POINT('',(-73.4041519165,2.060631275177,
    -7.916454315186));
#10667 = VECTOR('',#10668,1.);
#10668 = DIRECTION('',(-0.832054008753,0.,0.554694624562));
#10669 = PLANE('',#10670);
#10670 = AXIS2_PLACEMENT_3D('',#10671,#10672,#10673);
#10671 = CARTESIAN_POINT('',(-73.56181550953,2.574630105891,
    -7.795710134118));
#10672 = DIRECTION('',(0.645827336931,1.880399800804E-02,0.763251898479)
  );
#10673 = DIRECTION('',(0.763386873524,-6.215513491355E-21,
    -0.645941546373));
#10674 = ADVANCED_FACE('',(#10675),#10692,.T.);
#10675 = FACE_BOUND('',#10676,.T.);
#10676 = EDGE_LOOP('',(#10677,#10685,#10686));
#10677 = ORIENTED_EDGE('',*,*,#10678,.T.);
#10678 = EDGE_CURVE('',#10679,#10625,#10681,.T.);
#10679 = VERTEX_POINT('',#10680);
#10680 = CARTESIAN_POINT('',(-73.4041519165,3.257885456085,
    -7.916454315186));
#10681 = LINE('',#10682,#10683);
#10682 = CARTESIAN_POINT('',(-73.4041519165,3.257885456085,
    -7.916454315186));
#10683 = VECTOR('',#10684,1.);
#10684 = DIRECTION('',(-0.832054008753,0.,0.554694624562));
#10685 = ORIENTED_EDGE('',*,*,#10647,.F.);
#10686 = ORIENTED_EDGE('',*,*,#10687,.T.);
#10687 = EDGE_CURVE('',#10648,#10679,#10688,.T.);
#10688 = LINE('',#10689,#10690);
#10689 = CARTESIAN_POINT('',(-73.4041519165,2.060631275177,
    -7.916454315186));
#10690 = VECTOR('',#10691,1.);
#10691 = DIRECTION('',(0.,1.,0.));
#10692 = PLANE('',#10693);
#10693 = AXIS2_PLACEMENT_3D('',#10694,#10695,#10696);
#10694 = CARTESIAN_POINT('',(-73.44860002335,2.704587944193,
    -7.886822673873));
#10695 = DIRECTION('',(0.554694624562,0.,0.832054008753));
#10696 = DIRECTION('',(0.832054008753,0.,-0.554694624562));
#10697 = ADVANCED_FACE('',(#10698),#10723,.T.);
#10698 = FACE_BOUND('',#10699,.T.);
#10699 = EDGE_LOOP('',(#10700,#10710,#10716,#10717));
#10700 = ORIENTED_EDGE('',*,*,#10701,.F.);
#10701 = EDGE_CURVE('',#10702,#10704,#10706,.T.);
#10702 = VERTEX_POINT('',#10703);
#10703 = CARTESIAN_POINT('',(-73.22111902424,3.257885456085,
    -7.994384969759));
#10704 = VERTEX_POINT('',#10705);
#10705 = CARTESIAN_POINT('',(-73.02854156494,3.257885456085,
    -8.057307243347));
#10706 = LINE('',#10707,#10708);
#10707 = CARTESIAN_POINT('',(-73.22417449951,3.257885456085,
    -8.002532958984));
#10708 = VECTOR('',#10709,1.);
#10709 = DIRECTION('',(0.962967773659,0.,-0.269616518213));
#10710 = ORIENTED_EDGE('',*,*,#10711,.F.);
#10711 = EDGE_CURVE('',#10679,#10702,#10712,.T.);
#10712 = LINE('',#10713,#10714);
#10713 = CARTESIAN_POINT('',(-73.4041519165,3.257885456085,
    -7.916454315186));
#10714 = VECTOR('',#10715,1.);
#10715 = DIRECTION('',(0.902129367783,0.,-0.431465646122));
#10716 = ORIENTED_EDGE('',*,*,#10687,.F.);
#10717 = ORIENTED_EDGE('',*,*,#10718,.T.);
#10718 = EDGE_CURVE('',#10648,#10704,#10719,.T.);
#10719 = LINE('',#10720,#10721);
#10720 = CARTESIAN_POINT('',(-73.4041519165,2.060631275177,
    -7.916454315186));
#10721 = VECTOR('',#10722,1.);
#10722 = DIRECTION('',(0.297472652858,0.948191059852,-0.111551489539));
#10723 = PLANE('',#10724);
#10724 = AXIS2_PLACEMENT_3D('',#10725,#10726,#10727);
#10725 = CARTESIAN_POINT('',(-73.29493619252,2.743191866881,
    -7.957409934381));
#10726 = DIRECTION('',(0.351121357343,0.,0.936329959158));
#10727 = DIRECTION('',(0.936329959158,0.,-0.351121357343));
#10728 = ADVANCED_FACE('',(#10729),#10754,.T.);
#10729 = FACE_BOUND('',#10730,.T.);
#10730 = EDGE_LOOP('',(#10731,#10739,#10740,#10748));
#10731 = ORIENTED_EDGE('',*,*,#10732,.T.);
#10732 = EDGE_CURVE('',#10733,#10704,#10735,.T.);
#10733 = VERTEX_POINT('',#10734);
#10734 = CARTESIAN_POINT('',(-73.02854156494,2.060631275177,
    -8.057307243347));
#10735 = LINE('',#10736,#10737);
#10736 = CARTESIAN_POINT('',(-73.02854156494,2.060631275177,
    -8.057307243347));
#10737 = VECTOR('',#10738,1.);
#10738 = DIRECTION('',(0.,1.,0.));
#10739 = ORIENTED_EDGE('',*,*,#10718,.F.);
#10740 = ORIENTED_EDGE('',*,*,#10741,.F.);
#10741 = EDGE_CURVE('',#10742,#10648,#10744,.T.);
#10742 = VERTEX_POINT('',#10743);
#10743 = CARTESIAN_POINT('',(-73.22111902424,2.060631275177,
    -7.994384969759));
#10744 = LINE('',#10745,#10746);
#10745 = CARTESIAN_POINT('',(-73.22417449951,2.060631275177,
    -8.002532958984));
#10746 = VECTOR('',#10747,1.);
#10747 = DIRECTION('',(-0.902129367783,0.,0.431465646122));
#10748 = ORIENTED_EDGE('',*,*,#10749,.F.);
#10749 = EDGE_CURVE('',#10733,#10742,#10750,.T.);
#10750 = LINE('',#10751,#10752);
#10751 = CARTESIAN_POINT('',(-73.02854156494,2.060631275177,
    -8.057307243347));
#10752 = VECTOR('',#10753,1.);
#10753 = DIRECTION('',(-0.962967773659,0.,0.269616518213));
#10754 = PLANE('',#10755);
#10755 = AXIS2_PLACEMENT_3D('',#10756,#10757,#10758);
#10756 = CARTESIAN_POINT('',(-73.13775728892,2.575324864382,
    -8.016351624152));
#10757 = DIRECTION('',(0.351121357343,0.,0.936329959158));
#10758 = DIRECTION('',(0.936329959158,0.,-0.351121357343));
#10759 = ADVANCED_FACE('',(#10760),#10777,.T.);
#10760 = FACE_BOUND('',#10761,.T.);
#10761 = EDGE_LOOP('',(#10762,#10770,#10771));
#10762 = ORIENTED_EDGE('',*,*,#10763,.T.);
#10763 = EDGE_CURVE('',#10764,#10704,#10766,.T.);
#10764 = VERTEX_POINT('',#10765);
#10765 = CARTESIAN_POINT('',(-72.83290863037,2.060631275177,
    -8.065133094788));
#10766 = LINE('',#10767,#10768);
#10767 = CARTESIAN_POINT('',(-72.83290863037,2.060631275177,
    -8.072958946228));
#10768 = VECTOR('',#10769,1.);
#10769 = DIRECTION('',(-0.161249242742,0.986829392835,1.290081980673E-02
    ));
#10770 = ORIENTED_EDGE('',*,*,#10732,.F.);
#10771 = ORIENTED_EDGE('',*,*,#10772,.T.);
#10772 = EDGE_CURVE('',#10733,#10764,#10773,.T.);
#10773 = LINE('',#10774,#10775);
#10774 = CARTESIAN_POINT('',(-73.02854156494,2.060631275177,
    -8.057307243347));
#10775 = VECTOR('',#10776,1.);
#10776 = DIRECTION('',(0.996814845898,0.,-7.975063007409E-02));
#10777 = PLANE('',#10778);
#10778 = AXIS2_PLACEMENT_3D('',#10779,#10780,#10781);
#10779 = CARTESIAN_POINT('',(-72.97565130074,2.614188608423,
    -8.061538753253));
#10780 = DIRECTION('',(7.975063007409E-02,0.,0.996814845898));
#10781 = DIRECTION('',(0.996814845898,0.,-7.975063007409E-02));
#10782 = ADVANCED_FACE('',(#10783),#10800,.T.);
#10783 = FACE_BOUND('',#10784,.T.);
#10784 = EDGE_LOOP('',(#10785,#10793,#10794));
#10785 = ORIENTED_EDGE('',*,*,#10786,.T.);
#10786 = EDGE_CURVE('',#10787,#10704,#10789,.T.);
#10787 = VERTEX_POINT('',#10788);
#10788 = CARTESIAN_POINT('',(-72.83290863037,3.257885456085,
    -8.065133094788));
#10789 = LINE('',#10790,#10791);
#10790 = CARTESIAN_POINT('',(-72.83290863037,3.257885456085,
    -8.072958946228));
#10791 = VECTOR('',#10792,1.);
#10792 = DIRECTION('',(-0.996814845898,0.,7.975063007409E-02));
#10793 = ORIENTED_EDGE('',*,*,#10763,.F.);
#10794 = ORIENTED_EDGE('',*,*,#10795,.T.);
#10795 = EDGE_CURVE('',#10764,#10787,#10796,.T.);
#10796 = LINE('',#10797,#10798);
#10797 = CARTESIAN_POINT('',(-72.83290863037,2.060631275177,
    -8.072958946228));
#10798 = VECTOR('',#10799,1.);
#10799 = DIRECTION('',(0.,1.,0.));
#10800 = PLANE('',#10801);
#10801 = AXIS2_PLACEMENT_3D('',#10802,#10803,#10804);
#10802 = CARTESIAN_POINT('',(-72.88579889457,2.704328122839,
    -8.068727436322));
#10803 = DIRECTION('',(7.975063007409E-02,0.,0.996814845898));
#10804 = DIRECTION('',(0.996814845898,0.,-7.975063007409E-02));
#10805 = ADVANCED_FACE('',(#10806),#10823,.T.);
#10806 = FACE_BOUND('',#10807,.T.);
#10807 = EDGE_LOOP('',(#10808,#10816,#10817));
#10808 = ORIENTED_EDGE('',*,*,#10809,.T.);
#10809 = EDGE_CURVE('',#10810,#10787,#10812,.T.);
#10810 = VERTEX_POINT('',#10811);
#10811 = CARTESIAN_POINT('',(-72.6294555664,3.257885456085,
    -8.057307243347));
#10812 = LINE('',#10813,#10814);
#10813 = CARTESIAN_POINT('',(-72.6294555664,3.257885456085,
    -8.057307243347));
#10814 = VECTOR('',#10815,1.);
#10815 = DIRECTION('',(-0.997053935637,0.,-7.670364679038E-02));
#10816 = ORIENTED_EDGE('',*,*,#10795,.F.);
#10817 = ORIENTED_EDGE('',*,*,#10818,.T.);
#10818 = EDGE_CURVE('',#10764,#10810,#10819,.T.);
#10819 = LINE('',#10820,#10821);
#10820 = CARTESIAN_POINT('',(-72.83290863037,2.060631275177,
    -8.072958946228));
#10821 = VECTOR('',#10822,1.);
#10822 = DIRECTION('',(0.167517438937,0.985784879491,1.288716488468E-02)
  );
#10823 = PLANE('',#10824);
#10824 = AXIS2_PLACEMENT_3D('',#10825,#10826,#10827);
#10825 = CARTESIAN_POINT('',(-72.77774194752,2.705955788381,
    -8.068714957408));
#10826 = DIRECTION('',(-7.670364679038E-02,0.,0.997053935637));
#10827 = DIRECTION('',(0.997053935637,0.,7.670364679038E-02));
#10828 = ADVANCED_FACE('',(#10829),#10846,.T.);
#10829 = FACE_BOUND('',#10830,.T.);
#10830 = EDGE_LOOP('',(#10831,#10839,#10840));
#10831 = ORIENTED_EDGE('',*,*,#10832,.T.);
#10832 = EDGE_CURVE('',#10833,#10810,#10835,.T.);
#10833 = VERTEX_POINT('',#10834);
#10834 = CARTESIAN_POINT('',(-72.6294555664,2.060631275177,
    -8.057307243347));
#10835 = LINE('',#10836,#10837);
#10836 = CARTESIAN_POINT('',(-72.6294555664,2.060631275177,
    -8.057307243347));
#10837 = VECTOR('',#10838,1.);
#10838 = DIRECTION('',(0.,1.,0.));
#10839 = ORIENTED_EDGE('',*,*,#10818,.F.);
#10840 = ORIENTED_EDGE('',*,*,#10841,.T.);
#10841 = EDGE_CURVE('',#10764,#10833,#10842,.T.);
#10842 = LINE('',#10843,#10844);
#10843 = CARTESIAN_POINT('',(-72.83290863037,2.060631275177,
    -8.072958946228));
#10844 = VECTOR('',#10845,1.);
#10845 = DIRECTION('',(0.997053935637,0.,7.670364679038E-02));
#10846 = PLANE('',#10847);
#10847 = AXIS2_PLACEMENT_3D('',#10848,#10849,#10850);
#10848 = CARTESIAN_POINT('',(-72.68462224925,2.612560942881,
    -8.061551232167));
#10849 = DIRECTION('',(-7.670364679038E-02,0.,0.997053935637));
#10850 = DIRECTION('',(0.997053935637,0.,7.670364679038E-02));
#10851 = ADVANCED_FACE('',(#10852),#10869,.T.);
#10852 = FACE_BOUND('',#10853,.T.);
#10853 = EDGE_LOOP('',(#10854,#10862,#10863));
#10854 = ORIENTED_EDGE('',*,*,#10855,.T.);
#10855 = EDGE_CURVE('',#10856,#10810,#10858,.T.);
#10856 = VERTEX_POINT('',#10857);
#10857 = CARTESIAN_POINT('',(-72.44069108167,3.257885456085,
    -7.987739373698));
#10858 = LINE('',#10859,#10860);
#10859 = CARTESIAN_POINT('',(-72.43383026123,3.257885456085,
    -8.002532958984));
#10860 = VECTOR('',#10861,1.);
#10861 = DIRECTION('',(-0.962965043573,0.,-0.269626268855));
#10862 = ORIENTED_EDGE('',*,*,#10832,.F.);
#10863 = ORIENTED_EDGE('',*,*,#10864,.T.);
#10864 = EDGE_CURVE('',#10833,#10856,#10865,.T.);
#10865 = LINE('',#10866,#10867);
#10866 = CARTESIAN_POINT('',(-72.6294555664,2.060631275177,
    -8.057307243347));
#10867 = VECTOR('',#10868,1.);
#10868 = DIRECTION('',(0.161092417234,0.985908085217,4.510521715135E-02)
  );
#10869 = PLANE('',#10870);
#10870 = AXIS2_PLACEMENT_3D('',#10871,#10872,#10873);
#10871 = CARTESIAN_POINT('',(-72.5764294938,2.705767405897,
    -8.042460160161));
#10872 = DIRECTION('',(-0.269626268855,0.,0.962965043573));
#10873 = DIRECTION('',(0.962965043573,0.,0.269626268855));
#10874 = ADVANCED_FACE('',(#10875),#10892,.T.);
#10875 = FACE_BOUND('',#10876,.T.);
#10876 = EDGE_LOOP('',(#10877,#10885,#10886));
#10877 = ORIENTED_EDGE('',*,*,#10878,.T.);
#10878 = EDGE_CURVE('',#10879,#10856,#10881,.T.);
#10879 = VERTEX_POINT('',#10880);
#10880 = CARTESIAN_POINT('',(-72.43383026123,2.060631275177,
    -8.002532958984));
#10881 = LINE('',#10882,#10883);
#10882 = CARTESIAN_POINT('',(-72.43383026123,2.060631275177,
    -8.002532958984));
#10883 = VECTOR('',#10884,1.);
#10884 = DIRECTION('',(0.,1.,0.));
#10885 = ORIENTED_EDGE('',*,*,#10864,.F.);
#10886 = ORIENTED_EDGE('',*,*,#10887,.T.);
#10887 = EDGE_CURVE('',#10833,#10879,#10888,.T.);
#10888 = LINE('',#10889,#10890);
#10889 = CARTESIAN_POINT('',(-72.6294555664,2.060631275177,
    -8.057307243347));
#10890 = VECTOR('',#10891,1.);
#10891 = DIRECTION('',(0.962965043573,0.,0.269626268855));
#10892 = PLANE('',#10893);
#10893 = AXIS2_PLACEMENT_3D('',#10894,#10895,#10896);
#10894 = CARTESIAN_POINT('',(-72.48685633383,2.612749325365,
    -8.017380042171));
#10895 = DIRECTION('',(-0.269626268855,0.,0.962965043573));
#10896 = DIRECTION('',(0.962965043573,0.,0.269626268855));
#10897 = ADVANCED_FACE('',(#10898),#10915,.T.);
#10898 = FACE_BOUND('',#10899,.T.);
#10899 = EDGE_LOOP('',(#10900,#10908,#10909));
#10900 = ORIENTED_EDGE('',*,*,#10901,.T.);
#10901 = EDGE_CURVE('',#10902,#10856,#10904,.T.);
#10902 = VERTEX_POINT('',#10903);
#10903 = CARTESIAN_POINT('',(-72.25385284423,2.060631275177,
    -7.916454315186));
#10904 = LINE('',#10905,#10906);
#10905 = CARTESIAN_POINT('',(-72.25385284423,2.060631275177,
    -7.916454315186));
#10906 = VECTOR('',#10907,1.);
#10907 = DIRECTION('',(-0.148280609433,0.986399196954,
    -7.091886290479E-02));
#10908 = ORIENTED_EDGE('',*,*,#10878,.F.);
#10909 = ORIENTED_EDGE('',*,*,#10910,.T.);
#10910 = EDGE_CURVE('',#10879,#10902,#10911,.T.);
#10911 = LINE('',#10912,#10913);
#10912 = CARTESIAN_POINT('',(-72.43383026123,2.060631275177,
    -8.002532958984));
#10913 = VECTOR('',#10914,1.);
#10914 = DIRECTION('',(0.902129367783,0.,0.431465646122));
#10915 = PLANE('',#10916);
#10916 = AXIS2_PLACEMENT_3D('',#10917,#10918,#10919);
#10917 = CARTESIAN_POINT('',(-72.38511278698,2.613509678439,
    -7.979232623963));
#10918 = DIRECTION('',(-0.431465646122,0.,0.902129367783));
#10919 = DIRECTION('',(0.902129367783,0.,0.431465646122));
#10920 = ADVANCED_FACE('',(#10921),#10938,.T.);
#10921 = FACE_BOUND('',#10922,.T.);
#10922 = EDGE_LOOP('',(#10923,#10931,#10932));
#10923 = ORIENTED_EDGE('',*,*,#10924,.T.);
#10924 = EDGE_CURVE('',#10925,#10856,#10927,.T.);
#10925 = VERTEX_POINT('',#10926);
#10926 = CARTESIAN_POINT('',(-72.26021547514,3.257885456085,
    -7.902734946809));
#10927 = LINE('',#10928,#10929);
#10928 = CARTESIAN_POINT('',(-72.25385284423,3.257885456085,
    -7.916454315186));
#10929 = VECTOR('',#10930,1.);
#10930 = DIRECTION('',(-0.902129367783,0.,-0.431465646122));
#10931 = ORIENTED_EDGE('',*,*,#10901,.F.);
#10932 = ORIENTED_EDGE('',*,*,#10933,.T.);
#10933 = EDGE_CURVE('',#10902,#10925,#10934,.T.);
#10934 = LINE('',#10935,#10936);
#10935 = CARTESIAN_POINT('',(-72.25385284423,2.060631275177,
    -7.916454315186));
#10936 = VECTOR('',#10937,1.);
#10937 = DIRECTION('',(0.,1.,0.));
#10938 = PLANE('',#10939);
#10939 = AXIS2_PLACEMENT_3D('',#10940,#10941,#10942);
#10940 = CARTESIAN_POINT('',(-72.30257031848,2.705007052823,
    -7.939754650207));
#10941 = DIRECTION('',(-0.431465646122,0.,0.902129367783));
#10942 = DIRECTION('',(0.902129367783,0.,0.431465646122));
#10943 = ADVANCED_FACE('',(#10944),#10961,.T.);
#10944 = FACE_BOUND('',#10945,.T.);
#10945 = EDGE_LOOP('',(#10946,#10954,#10955));
#10946 = ORIENTED_EDGE('',*,*,#10947,.T.);
#10947 = EDGE_CURVE('',#10948,#10925,#10950,.T.);
#10948 = VERTEX_POINT('',#10949);
#10949 = CARTESIAN_POINT('',(-72.08952331543,3.257885456085,
    -7.806902885437));
#10950 = LINE('',#10951,#10952);
#10951 = CARTESIAN_POINT('',(-72.08952331543,3.257885456085,
    -7.806902885437));
#10952 = VECTOR('',#10953,1.);
#10953 = DIRECTION('',(-0.832054008753,0.,-0.554694624562));
#10954 = ORIENTED_EDGE('',*,*,#10933,.F.);
#10955 = ORIENTED_EDGE('',*,*,#10956,.T.);
#10956 = EDGE_CURVE('',#10902,#10948,#10957,.T.);
#10957 = LINE('',#10958,#10959);
#10958 = CARTESIAN_POINT('',(-72.25385284423,2.060631275177,
    -7.916454315186));
#10959 = VECTOR('',#10960,1.);
#10960 = DIRECTION('',(0.135425133319,0.986665684748,9.028211232968E-02)
  );
#10961 = PLANE('',#10962);
#10962 = AXIS2_PLACEMENT_3D('',#10963,#10964,#10965);
#10963 = CARTESIAN_POINT('',(-72.20940473739,2.704587944193,
    -7.886822673873));
#10964 = DIRECTION('',(-0.554694624562,0.,0.832054008753));
#10965 = DIRECTION('',(0.832054008753,0.,0.554694624562));
#10966 = ADVANCED_FACE('',(#10967),#10992,.T.);
#10967 = FACE_BOUND('',#10968,.T.);
#10968 = EDGE_LOOP('',(#10969,#10977,#10978,#10986));
#10969 = ORIENTED_EDGE('',*,*,#10970,.T.);
#10970 = EDGE_CURVE('',#10971,#10948,#10973,.T.);
#10971 = VERTEX_POINT('',#10972);
#10972 = CARTESIAN_POINT('',(-71.94866180419,2.060631275177,
    -7.658222675323));
#10973 = LINE('',#10974,#10975);
#10974 = CARTESIAN_POINT('',(-71.94866180419,2.060631275177,
    -7.658222675323));
#10975 = VECTOR('',#10976,1.);
#10976 = DIRECTION('',(-0.115969171505,0.985681427298,-0.122406189139));
#10977 = ORIENTED_EDGE('',*,*,#10956,.F.);
#10978 = ORIENTED_EDGE('',*,*,#10979,.F.);
#10979 = EDGE_CURVE('',#10980,#10902,#10982,.T.);
#10980 = VERTEX_POINT('',#10981);
#10981 = CARTESIAN_POINT('',(-72.09679480853,2.060631275177,
    -7.79830907197));
#10982 = LINE('',#10983,#10984);
#10983 = CARTESIAN_POINT('',(-72.08952331543,2.060631275177,
    -7.806902885437));
#10984 = VECTOR('',#10985,1.);
#10985 = DIRECTION('',(-0.832054008753,0.,-0.554694624562));
#10986 = ORIENTED_EDGE('',*,*,#10987,.F.);
#10987 = EDGE_CURVE('',#10971,#10980,#10988,.T.);
#10988 = LINE('',#10989,#10990);
#10989 = CARTESIAN_POINT('',(-71.94866180419,2.060631275177,
    -7.658222675323));
#10990 = VECTOR('',#10991,1.);
#10991 = DIRECTION('',(-0.68776156693,0.,-0.725936654987));
#10992 = PLANE('',#10993);
#10993 = AXIS2_PLACEMENT_3D('',#10994,#10995,#10996);
#10994 = CARTESIAN_POINT('',(-72.09618705972,2.574629073746,
    -7.795710097119));
#10995 = DIRECTION('',(-0.645817952731,1.880197886409E-02,0.763259888584
    ));
#10996 = DIRECTION('',(0.763394836049,6.664097713527E-20,0.645932135982)
  );
#10997 = ADVANCED_FACE('',(#10998),#11015,.T.);
#10998 = FACE_BOUND('',#10999,.T.);
#10999 = EDGE_LOOP('',(#11000,#11008,#11009));
#11000 = ORIENTED_EDGE('',*,*,#11001,.T.);
#11001 = EDGE_CURVE('',#11002,#10948,#11004,.T.);
#11002 = VERTEX_POINT('',#11003);
#11003 = CARTESIAN_POINT('',(-71.96209428685,3.257885456085,
    -7.649054394715));
#11004 = LINE('',#11005,#11006);
#11005 = CARTESIAN_POINT('',(-71.94866180419,3.257885456085,
    -7.658222675323));
#11006 = VECTOR('',#11007,1.);
#11007 = DIRECTION('',(-0.68776156693,0.,-0.725936654987));
#11008 = ORIENTED_EDGE('',*,*,#10970,.F.);
#11009 = ORIENTED_EDGE('',*,*,#11010,.T.);
#11010 = EDGE_CURVE('',#10971,#11002,#11011,.T.);
#11011 = LINE('',#11012,#11013);
#11012 = CARTESIAN_POINT('',(-71.94866180419,2.060631275177,
    -7.658222675323));
#11013 = VECTOR('',#11014,1.);
#11014 = DIRECTION('',(0.,1.,0.));
#11015 = PLANE('',#11016);
#11016 = AXIS2_PLACEMENT_3D('',#11017,#11018,#11019);
#11017 = CARTESIAN_POINT('',(-71.98686756923,2.706113252739,
    -7.698549100363));
#11018 = DIRECTION('',(-0.725936654987,-0.,0.68776156693));
#11019 = DIRECTION('',(-0.68776156693,0.,-0.725936654987));
#11020 = ADVANCED_FACE('',(#11021),#11038,.T.);
#11021 = FACE_BOUND('',#11022,.T.);
#11022 = EDGE_LOOP('',(#11023,#11031,#11032));
#11023 = ORIENTED_EDGE('',*,*,#11024,.T.);
#11024 = EDGE_CURVE('',#11025,#11002,#11027,.T.);
#11025 = VERTEX_POINT('',#11026);
#11026 = CARTESIAN_POINT('',(-71.84035965386,2.060631275177,
    -7.488737821084));
#11027 = LINE('',#11028,#11029);
#11028 = CARTESIAN_POINT('',(-71.83128356933,2.060631275177,
    -7.493894577026));
#11029 = VECTOR('',#11030,1.);
#11030 = DIRECTION('',(-9.667396382113E-02,0.98607128915,-0.135342371165
    ));
#11031 = ORIENTED_EDGE('',*,*,#11010,.F.);
#11032 = ORIENTED_EDGE('',*,*,#11033,.T.);
#11033 = EDGE_CURVE('',#10971,#11025,#11034,.T.);
#11034 = LINE('',#11035,#11036);
#11035 = CARTESIAN_POINT('',(-71.94866180419,2.060631275177,
    -7.658222675323));
#11036 = VECTOR('',#11037,1.);
#11037 = DIRECTION('',(0.581241544115,0.,0.813731078057));
#11038 = PLANE('',#11039);
#11039 = AXIS2_PLACEMENT_3D('',#11040,#11041,#11042);
#11040 = CARTESIAN_POINT('',(-71.91685979017,2.613000310467,
    -7.613700243272));
#11041 = DIRECTION('',(-0.813731078057,-0.,0.581241544115));
#11042 = DIRECTION('',(-0.581241544115,0.,-0.813731078057));
#11043 = ADVANCED_FACE('',(#11044),#11061,.T.);
#11044 = FACE_BOUND('',#11045,.T.);
#11045 = EDGE_LOOP('',(#11046,#11054,#11055));
#11046 = ORIENTED_EDGE('',*,*,#11047,.T.);
#11047 = EDGE_CURVE('',#11048,#11002,#11050,.T.);
#11048 = VERTEX_POINT('',#11049);
#11049 = CARTESIAN_POINT('',(-71.84649548552,3.257885456085,
    -7.483511752066));
#11050 = LINE('',#11051,#11052);
#11051 = CARTESIAN_POINT('',(-71.83128356933,3.257885456085,
    -7.493894577026));
#11052 = VECTOR('',#11053,1.);
#11053 = DIRECTION('',(-0.581241544115,0.,-0.813731078057));
#11054 = ORIENTED_EDGE('',*,*,#11024,.F.);
#11055 = ORIENTED_EDGE('',*,*,#11056,.T.);
#11056 = EDGE_CURVE('',#11025,#11048,#11057,.T.);
#11057 = LINE('',#11058,#11059);
#11058 = CARTESIAN_POINT('',(-71.83128356933,2.060631275177,
    -7.493894577026));
#11059 = VECTOR('',#11060,1.);
#11060 = DIRECTION('',(0.,1.,0.));
#11061 = PLANE('',#11062);
#11062 = AXIS2_PLACEMENT_3D('',#11063,#11064,#11065);
#11063 = CARTESIAN_POINT('',(-71.86308558335,2.705516420795,
    -7.538417009078));
#11064 = DIRECTION('',(-0.813731078057,-0.,0.581241544115));
#11065 = DIRECTION('',(-0.581241544115,0.,-0.813731078057));
#11066 = ADVANCED_FACE('',(#11067),#11092,.T.);
#11067 = FACE_BOUND('',#11068,.T.);
#11068 = EDGE_LOOP('',(#11069,#11079,#11085,#11086));
#11069 = ORIENTED_EDGE('',*,*,#11070,.T.);
#11070 = EDGE_CURVE('',#11071,#11073,#11075,.T.);
#11071 = VERTEX_POINT('',#11072);
#11072 = CARTESIAN_POINT('',(-71.70841929625,3.257885456085,
    -7.124281837395));
#11073 = VERTEX_POINT('',#11074);
#11074 = CARTESIAN_POINT('',(-71.75885222414,3.257885456085,
    -7.311811375646));
#11075 = LINE('',#11076,#11077);
#11076 = CARTESIAN_POINT('',(-71.69826507568,3.257885456085,
    -7.126109600067));
#11077 = VECTOR('',#11078,1.);
#11078 = DIRECTION('',(-0.340113210712,0.,-0.940384497905));
#11079 = ORIENTED_EDGE('',*,*,#11080,.T.);
#11080 = EDGE_CURVE('',#11073,#11048,#11081,.T.);
#11081 = LINE('',#11082,#11083);
#11082 = CARTESIAN_POINT('',(-71.69826507568,3.257885456085,
    -7.126109600067));
#11083 = VECTOR('',#11084,1.);
#11084 = DIRECTION('',(-0.340113210712,0.,-0.940384497905));
#11085 = ORIENTED_EDGE('',*,*,#11056,.F.);
#11086 = ORIENTED_EDGE('',*,*,#11087,.T.);
#11087 = EDGE_CURVE('',#11025,#11071,#11088,.T.);
#11088 = LINE('',#11089,#11090);
#11089 = CARTESIAN_POINT('',(-71.83128356933,2.060631275177,
    -7.493894577026));
#11090 = VECTOR('',#11091,1.);
#11091 = DIRECTION('',(0.105610909918,0.950567849452,0.292005306963));
#11092 = PLANE('',#11093);
#11093 = AXIS2_PLACEMENT_3D('',#11094,#11095,#11096);
#11094 = CARTESIAN_POINT('',(-71.79273503955,2.741468395013,
    -7.387311125749));
#11095 = DIRECTION('',(-0.940384497905,-0.,0.340113210712));
#11096 = DIRECTION('',(-0.340113210712,0.,-0.940384497905));
#11097 = ADVANCED_FACE('',(#11098),#11123,.T.);
#11098 = FACE_BOUND('',#11099,.T.);
#11099 = EDGE_LOOP('',(#11100,#11108,#11109,#11117));
#11100 = ORIENTED_EDGE('',*,*,#11101,.T.);
#11101 = EDGE_CURVE('',#11102,#11071,#11104,.T.);
#11102 = VERTEX_POINT('',#11103);
#11103 = CARTESIAN_POINT('',(-71.69826507568,2.060631275177,
    -7.126109600067));
#11104 = LINE('',#11105,#11106);
#11105 = CARTESIAN_POINT('',(-71.69826507568,2.060631275177,
    -7.126109600067));
#11106 = VECTOR('',#11107,1.);
#11107 = DIRECTION('',(0.,1.,0.));
#11108 = ORIENTED_EDGE('',*,*,#11087,.F.);
#11109 = ORIENTED_EDGE('',*,*,#11110,.T.);
#11110 = EDGE_CURVE('',#11025,#11111,#11113,.T.);
#11111 = VERTEX_POINT('',#11112);
#11112 = CARTESIAN_POINT('',(-71.75885222414,2.060631275177,
    -7.311811375646));
#11113 = LINE('',#11114,#11115);
#11114 = CARTESIAN_POINT('',(-71.83128356933,2.060631275177,
    -7.493894577026));
#11115 = VECTOR('',#11116,1.);
#11116 = DIRECTION('',(0.340113210712,0.,0.940384497905));
#11117 = ORIENTED_EDGE('',*,*,#11118,.F.);
#11118 = EDGE_CURVE('',#11102,#11111,#11119,.T.);
#11119 = LINE('',#11120,#11121);
#11120 = CARTESIAN_POINT('',(-71.69826507568,2.060631275177,
    -7.126109600067));
#11121 = VECTOR('',#11122,1.);
#11122 = DIRECTION('',(-0.279976038737,0.,-0.960006988377));
#11123 = PLANE('',#11124);
#11124 = AXIS2_PLACEMENT_3D('',#11125,#11126,#11127);
#11125 = CARTESIAN_POINT('',(-71.73681360546,2.57704833625,
    -7.232693051344));
#11126 = DIRECTION('',(-0.940384497905,-0.,0.340113210712));
#11127 = DIRECTION('',(-0.340113210712,0.,-0.940384497905));
#11128 = ADVANCED_FACE('',(#11129),#11144,.T.);
#11129 = FACE_BOUND('',#11130,.T.);
#11130 = EDGE_LOOP('',(#11131,#11137,#11138));
#11131 = ORIENTED_EDGE('',*,*,#11132,.T.);
#11132 = EDGE_CURVE('',#9897,#11071,#11133,.T.);
#11133 = LINE('',#11134,#11135);
#11134 = CARTESIAN_POINT('',(-71.6826095581,3.257885456085,
    -6.922654628754));
#11135 = VECTOR('',#11136,1.);
#11136 = DIRECTION('',(-7.672151626822E-02,0.,-0.997052560772));
#11137 = ORIENTED_EDGE('',*,*,#11101,.F.);
#11138 = ORIENTED_EDGE('',*,*,#11139,.T.);
#11139 = EDGE_CURVE('',#11102,#9897,#11140,.T.);
#11140 = LINE('',#11141,#11142);
#11141 = CARTESIAN_POINT('',(-71.69826507568,2.060631275177,
    -7.126109600067));
#11142 = VECTOR('',#11143,1.);
#11143 = DIRECTION('',(1.289030188439E-02,0.985784580244,0.167518958541)
  );
#11144 = PLANE('',#11145);
#11145 = AXIS2_PLACEMENT_3D('',#11146,#11147,#11148);
#11146 = CARTESIAN_POINT('',(-71.69402004899,2.705956244801,
    -7.07094235442));
#11147 = DIRECTION('',(-0.997052560772,-0.,7.672151626822E-02));
#11148 = DIRECTION('',(-7.672151626822E-02,0.,-0.997052560772));
#11149 = ADVANCED_FACE('',(#11150),#11160,.T.);
#11150 = FACE_BOUND('',#11151,.T.);
#11151 = EDGE_LOOP('',(#11152,#11153,#11154));
#11152 = ORIENTED_EDGE('',*,*,#9904,.F.);
#11153 = ORIENTED_EDGE('',*,*,#11139,.F.);
#11154 = ORIENTED_EDGE('',*,*,#11155,.T.);
#11155 = EDGE_CURVE('',#11102,#9887,#11156,.T.);
#11156 = LINE('',#11157,#11158);
#11157 = CARTESIAN_POINT('',(-71.69826507568,2.060631275177,
    -7.126109600067));
#11158 = VECTOR('',#11159,1.);
#11159 = DIRECTION('',(7.672151626822E-02,0.,0.997052560772));
#11160 = PLANE('',#11161);
#11161 = AXIS2_PLACEMENT_3D('',#11162,#11163,#11164);
#11162 = CARTESIAN_POINT('',(-71.68685458479,2.612560486461,
    -6.977821874401));
#11163 = DIRECTION('',(-0.997052560772,-0.,7.672151626822E-02));
#11164 = DIRECTION('',(-7.672151626822E-02,0.,-0.997052560772));
#11165 = ADVANCED_FACE('',(#11166),#11176,.T.);
#11166 = FACE_BOUND('',#11167,.T.);
#11167 = EDGE_LOOP('',(#11168,#11169,#11170));
#11168 = ORIENTED_EDGE('',*,*,#5150,.F.);
#11169 = ORIENTED_EDGE('',*,*,#9863,.F.);
#11170 = ORIENTED_EDGE('',*,*,#11171,.T.);
#11171 = EDGE_CURVE('',#9864,#5151,#11172,.T.);
#11172 = LINE('',#11173,#11174);
#11173 = CARTESIAN_POINT('',(-73.91278076171,3.257885456085,
    -6.531394958496));
#11174 = VECTOR('',#11175,1.);
#11175 = DIRECTION('',(-0.776006518068,0.,-0.630724887662));
#11176 = PLANE('',#11177);
#11177 = AXIS2_PLACEMENT_3D('',#11178,#11179,#11180);
#11178 = CARTESIAN_POINT('',(-75.71447912414,3.257885456085,
    -7.944473644579));
#11179 = DIRECTION('',(0.,1.,0.));
#11180 = DIRECTION('',(0.,-0.,1.));
#11181 = ADVANCED_FACE('',(#11182),#11192,.T.);
#11182 = FACE_BOUND('',#11183,.T.);
#11183 = EDGE_LOOP('',(#11184,#11190,#11191));
#11184 = ORIENTED_EDGE('',*,*,#11185,.T.);
#11185 = EDGE_CURVE('',#10462,#5151,#11186,.T.);
#11186 = LINE('',#11187,#11188);
#11187 = CARTESIAN_POINT('',(-73.98321533203,3.257885456085,
    -6.922654628754));
#11188 = VECTOR('',#11189,1.);
#11189 = DIRECTION('',(-0.814118160245,0.,-0.580699251902));
#11190 = ORIENTED_EDGE('',*,*,#11171,.F.);
#11191 = ORIENTED_EDGE('',*,*,#10461,.T.);
#11192 = PLANE('',#11193);
#11193 = AXIS2_PLACEMENT_3D('',#11194,#11195,#11196);
#11194 = CARTESIAN_POINT('',(-75.56809165407,3.257885456085,
    -7.961280528965));
#11195 = DIRECTION('',(0.,1.,0.));
#11196 = DIRECTION('',(0.,-0.,1.));
#11197 = ADVANCED_FACE('',(#11198),#11208,.T.);
#11198 = FACE_BOUND('',#11199,.T.);
#11199 = EDGE_LOOP('',(#11200,#11206,#11207));
#11200 = ORIENTED_EDGE('',*,*,#11201,.T.);
#11201 = EDGE_CURVE('',#10548,#5151,#11202,.T.);
#11202 = LINE('',#11203,#11204);
#11203 = CARTESIAN_POINT('',(-73.91278076171,3.257885456085,
    -7.313914775848));
#11204 = VECTOR('',#11205,1.);
#11205 = DIRECTION('',(-0.863350355098,0.,-0.504604958708));
#11206 = ORIENTED_EDGE('',*,*,#11185,.F.);
#11207 = ORIENTED_EDGE('',*,*,#10557,.T.);
#11208 = PLANE('',#11209);
#11209 = AXIS2_PLACEMENT_3D('',#11210,#11211,#11212);
#11210 = CARTESIAN_POINT('',(-75.56501766427,3.257885456085,
    -8.164479121662));
#11211 = DIRECTION('',(0.,1.,0.));
#11212 = DIRECTION('',(0.,-0.,1.));
#11213 = ADVANCED_FACE('',(#11214),#11224,.T.);
#11214 = FACE_BOUND('',#11215,.T.);
#11215 = EDGE_LOOP('',(#11216,#11217,#11218));
#11216 = ORIENTED_EDGE('',*,*,#5205,.F.);
#11217 = ORIENTED_EDGE('',*,*,#11201,.F.);
#11218 = ORIENTED_EDGE('',*,*,#11219,.T.);
#11219 = EDGE_CURVE('',#10548,#5197,#11220,.T.);
#11220 = LINE('',#11221,#11222);
#11221 = CARTESIAN_POINT('',(-73.91278076171,3.257885456085,
    -7.313914775848));
#11222 = VECTOR('',#11223,1.);
#11223 = DIRECTION('',(-0.840002133179,0.,-0.542583096174));
#11224 = PLANE('',#11225);
#11225 = AXIS2_PLACEMENT_3D('',#11226,#11227,#11228);
#11226 = CARTESIAN_POINT('',(-75.62746231221,3.257885456085,
    -8.36707386353));
#11227 = DIRECTION('',(0.,1.,0.));
#11228 = DIRECTION('',(0.,-0.,1.));
#11229 = ADVANCED_FACE('',(#11230),#11240,.T.);
#11230 = FACE_BOUND('',#11231,.T.);
#11231 = EDGE_LOOP('',(#11232,#11238,#11239));
#11232 = ORIENTED_EDGE('',*,*,#11233,.T.);
#11233 = EDGE_CURVE('',#10550,#5197,#11234,.T.);
#11234 = LINE('',#11235,#11236);
#11235 = CARTESIAN_POINT('',(-73.82671356201,3.257885456085,
    -7.493894577026));
#11236 = VECTOR('',#11237,1.);
#11237 = DIRECTION('',(-0.866622640756,0.,-0.498964125494));
#11238 = ORIENTED_EDGE('',*,*,#11219,.F.);
#11239 = ORIENTED_EDGE('',*,*,#10547,.T.);
#11240 = PLANE('',#11241);
#11241 = AXIS2_PLACEMENT_3D('',#11242,#11243,#11244);
#11242 = CARTESIAN_POINT('',(-75.48529853558,3.257885456085,
    -8.389870115625));
#11243 = DIRECTION('',(0.,1.,0.));
#11244 = DIRECTION('',(0.,-0.,1.));
#11245 = ADVANCED_FACE('',(#11246),#11256,.T.);
#11246 = FACE_BOUND('',#11247,.T.);
#11247 = EDGE_LOOP('',(#11248,#11254,#11255));
#11248 = ORIENTED_EDGE('',*,*,#11249,.T.);
#11249 = EDGE_CURVE('',#10602,#5197,#11250,.T.);
#11250 = LINE('',#11251,#11252);
#11251 = CARTESIAN_POINT('',(-73.70933532714,3.257885456085,
    -7.658222675323));
#11252 = VECTOR('',#11253,1.);
#11253 = DIRECTION('',(-0.891192698758,0.,-0.453624926211));
#11254 = ORIENTED_EDGE('',*,*,#11233,.F.);
#11255 = ORIENTED_EDGE('',*,*,#10601,.F.);
#11256 = PLANE('',#11257);
#11257 = AXIS2_PLACEMENT_3D('',#11258,#11259,#11260);
#11258 = CARTESIAN_POINT('',(-75.43253152301,3.257885456085,
    -8.478082396114));
#11259 = DIRECTION('',(0.,1.,0.));
#11260 = DIRECTION('',(0.,-0.,1.));
#11261 = ADVANCED_FACE('',(#11262),#11272,.T.);
#11262 = FACE_BOUND('',#11263,.T.);
#11263 = EDGE_LOOP('',(#11264,#11270,#11271));
#11264 = ORIENTED_EDGE('',*,*,#11265,.T.);
#11265 = EDGE_CURVE('',#10625,#5197,#11266,.T.);
#11266 = LINE('',#11267,#11268);
#11267 = CARTESIAN_POINT('',(-73.56848144531,3.257885456085,
    -7.806902885437));
#11268 = VECTOR('',#11269,1.);
#11269 = DIRECTION('',(-0.912585799347,0.,-0.40888526365));
#11270 = ORIENTED_EDGE('',*,*,#11249,.F.);
#11271 = ORIENTED_EDGE('',*,*,#10624,.F.);
#11272 = PLANE('',#11273);
#11273 = AXIS2_PLACEMENT_3D('',#11274,#11275,#11276);
#11274 = CARTESIAN_POINT('',(-75.36603129878,3.257885456085,
    -8.558418678312));
#11275 = DIRECTION('',(0.,1.,0.));
#11276 = DIRECTION('',(0.,-0.,1.));
#11277 = ADVANCED_FACE('',(#11278),#11288,.T.);
#11278 = FACE_BOUND('',#11279,.T.);
#11279 = EDGE_LOOP('',(#11280,#11286,#11287));
#11280 = ORIENTED_EDGE('',*,*,#11281,.T.);
#11281 = EDGE_CURVE('',#10679,#5197,#11282,.T.);
#11282 = LINE('',#11283,#11284);
#11283 = CARTESIAN_POINT('',(-73.4041519165,3.257885456085,
    -7.916454315186));
#11284 = VECTOR('',#11285,1.);
#11285 = DIRECTION('',(-0.928609315646,0.,-0.371058942616));
#11286 = ORIENTED_EDGE('',*,*,#11265,.F.);
#11287 = ORIENTED_EDGE('',*,*,#10678,.F.);
#11288 = PLANE('',#11289);
#11289 = AXIS2_PLACEMENT_3D('',#11290,#11291,#11292);
#11290 = CARTESIAN_POINT('',(-75.2901093588,3.257885456085,
    -8.625778850725));
#11291 = DIRECTION('',(0.,1.,0.));
#11292 = DIRECTION('',(0.,-0.,1.));
#11293 = ADVANCED_FACE('',(#11294),#11304,.T.);
#11294 = FACE_BOUND('',#11295,.T.);
#11295 = EDGE_LOOP('',(#11296,#11302,#11303));
#11296 = ORIENTED_EDGE('',*,*,#11297,.T.);
#11297 = EDGE_CURVE('',#10702,#5197,#11298,.T.);
#11298 = LINE('',#11299,#11300);
#11299 = CARTESIAN_POINT('',(-73.22417449951,3.257885456085,
    -8.002532958984));
#11300 = VECTOR('',#11301,1.);
#11301 = DIRECTION('',(-0.940982333366,0.,-0.338455681431));
#11302 = ORIENTED_EDGE('',*,*,#11281,.F.);
#11303 = ORIENTED_EDGE('',*,*,#10711,.T.);
#11304 = PLANE('',#11305);
#11305 = AXIS2_PLACEMENT_3D('',#11306,#11307,#11308);
#11306 = CARTESIAN_POINT('',(-75.20268080789,3.257885456085,
    -8.676190705988));
#11307 = DIRECTION('',(0.,1.,0.));
#11308 = DIRECTION('',(0.,-0.,1.));
#11309 = ADVANCED_FACE('',(#11310),#11320,.T.);
#11310 = FACE_BOUND('',#11311,.T.);
#11311 = EDGE_LOOP('',(#11312,#11318,#11319));
#11312 = ORIENTED_EDGE('',*,*,#11313,.T.);
#11313 = EDGE_CURVE('',#10704,#5197,#11314,.T.);
#11314 = LINE('',#11315,#11316);
#11315 = CARTESIAN_POINT('',(-73.02854156494,3.257885456085,
    -8.057307243347));
#11316 = VECTOR('',#11317,1.);
#11317 = DIRECTION('',(-0.949751045248,0.,-0.313006313117));
#11318 = ORIENTED_EDGE('',*,*,#11297,.F.);
#11319 = ORIENTED_EDGE('',*,*,#10701,.T.);
#11320 = PLANE('',#11321);
#11321 = AXIS2_PLACEMENT_3D('',#11322,#11323,#11324);
#11322 = CARTESIAN_POINT('',(-75.10720206723,3.257885456085,
    -8.71243018986));
#11323 = DIRECTION('',(0.,1.,0.));
#11324 = DIRECTION('',(0.,-0.,1.));
#11325 = ADVANCED_FACE('',(#11326),#11336,.T.);
#11326 = FACE_BOUND('',#11327,.T.);
#11327 = EDGE_LOOP('',(#11328,#11329,#11330));
#11328 = ORIENTED_EDGE('',*,*,#5242,.F.);
#11329 = ORIENTED_EDGE('',*,*,#11313,.F.);
#11330 = ORIENTED_EDGE('',*,*,#11331,.T.);
#11331 = EDGE_CURVE('',#10704,#5243,#11332,.T.);
#11332 = LINE('',#11333,#11334);
#11333 = CARTESIAN_POINT('',(-73.02854156494,3.257885456085,
    -8.057307243347));
#11334 = VECTOR('',#11335,1.);
#11335 = DIRECTION('',(0.324847460135,0.,-0.945766423407));
#11336 = PLANE('',#11337);
#11337 = AXIS2_PLACEMENT_3D('',#11338,#11339,#11340);
#11338 = CARTESIAN_POINT('',(-72.23017665901,3.257885456085,
    -14.26180121215));
#11339 = DIRECTION('',(0.,1.,0.));
#11340 = DIRECTION('',(0.,-0.,1.));
#11341 = ADVANCED_FACE('',(#11342),#11353,.T.);
#11342 = FACE_BOUND('',#11343,.T.);
#11343 = EDGE_LOOP('',(#11344,#11350,#11351,#11352));
#11344 = ORIENTED_EDGE('',*,*,#11345,.T.);
#11345 = EDGE_CURVE('',#10810,#5243,#11346,.T.);
#11346 = LINE('',#11347,#11348);
#11347 = CARTESIAN_POINT('',(-72.6294555664,3.257885456085,
    -8.057307243347));
#11348 = VECTOR('',#11349,1.);
#11349 = DIRECTION('',(0.299259955498,0.,-0.954171619278));
#11350 = ORIENTED_EDGE('',*,*,#11331,.F.);
#11351 = ORIENTED_EDGE('',*,*,#10786,.F.);
#11352 = ORIENTED_EDGE('',*,*,#10809,.F.);
#11353 = PLANE('',#11354);
#11354 = AXIS2_PLACEMENT_3D('',#11355,#11356,#11357);
#11355 = CARTESIAN_POINT('',(-70.6632178841,3.257885456085,
    -14.65048176099));
#11356 = DIRECTION('',(0.,1.,0.));
#11357 = DIRECTION('',(0.,-0.,1.));
#11358 = ADVANCED_FACE('',(#11359),#11371,.T.);
#11359 = FACE_BOUND('',#11360,.T.);
#11360 = EDGE_LOOP('',(#11361,#11367,#11368,#11369,#11370));
#11361 = ORIENTED_EDGE('',*,*,#11362,.T.);
#11362 = EDGE_CURVE('',#10948,#5243,#11363,.T.);
#11363 = LINE('',#11364,#11365);
#11364 = CARTESIAN_POINT('',(-72.08952331543,3.257885456085,
    -7.806902885437));
#11365 = VECTOR('',#11366,1.);
#11366 = DIRECTION('',(0.259078119464,0.,-0.965856370282));
#11367 = ORIENTED_EDGE('',*,*,#11345,.F.);
#11368 = ORIENTED_EDGE('',*,*,#10855,.F.);
#11369 = ORIENTED_EDGE('',*,*,#10924,.F.);
#11370 = ORIENTED_EDGE('',*,*,#10947,.F.);
#11371 = PLANE('',#11372);
#11372 = AXIS2_PLACEMENT_3D('',#11373,#11374,#11375);
#11373 = CARTESIAN_POINT('',(-70.43757006941,3.257885456085,
    -14.54125309217));
#11374 = DIRECTION('',(0.,1.,0.));
#11375 = DIRECTION('',(0.,-0.,1.));
#11376 = ADVANCED_FACE('',(#11377),#11387,.T.);
#11377 = FACE_BOUND('',#11378,.T.);
#11378 = EDGE_LOOP('',(#11379,#11380,#11381));
#11379 = ORIENTED_EDGE('',*,*,#5343,.F.);
#11380 = ORIENTED_EDGE('',*,*,#11362,.F.);
#11381 = ORIENTED_EDGE('',*,*,#11382,.T.);
#11382 = EDGE_CURVE('',#10948,#5344,#11383,.T.);
#11383 = LINE('',#11384,#11385);
#11384 = CARTESIAN_POINT('',(-72.08952331543,3.257885456085,
    -7.806902885437));
#11385 = VECTOR('',#11386,1.);
#11386 = DIRECTION('',(0.267898758545,0.,-0.96344706921));
#11387 = PLANE('',#11388);
#11388 = AXIS2_PLACEMENT_3D('',#11389,#11390,#11391);
#11389 = CARTESIAN_POINT('',(-70.20812298864,3.257885456085,
    -14.69356367133));
#11390 = DIRECTION('',(0.,1.,0.));
#11391 = DIRECTION('',(0.,-0.,1.));
#11392 = ADVANCED_FACE('',(#11393),#11405,.T.);
#11393 = FACE_BOUND('',#11394,.T.);
#11394 = EDGE_LOOP('',(#11395,#11401,#11402,#11403,#11404));
#11395 = ORIENTED_EDGE('',*,*,#11396,.T.);
#11396 = EDGE_CURVE('',#11073,#5344,#11397,.T.);
#11397 = LINE('',#11398,#11399);
#11398 = CARTESIAN_POINT('',(-71.75303649902,3.257885456085,
    -7.313914775848));
#11399 = VECTOR('',#11400,1.);
#11400 = DIRECTION('',(0.237755408317,0.,-0.971325056722));
#11401 = ORIENTED_EDGE('',*,*,#11382,.F.);
#11402 = ORIENTED_EDGE('',*,*,#11001,.F.);
#11403 = ORIENTED_EDGE('',*,*,#11047,.F.);
#11404 = ORIENTED_EDGE('',*,*,#11080,.F.);
#11405 = PLANE('',#11406);
#11406 = AXIS2_PLACEMENT_3D('',#11407,#11408,#11409);
#11407 = CARTESIAN_POINT('',(-70.13186965966,3.257885456085,
    -14.40718533466));
#11408 = DIRECTION('',(0.,1.,0.));
#11409 = DIRECTION('',(0.,-0.,1.));
#11410 = ADVANCED_FACE('',(#11411),#11422,.T.);
#11411 = FACE_BOUND('',#11412,.T.);
#11412 = EDGE_LOOP('',(#11413,#11419,#11420,#11421));
#11413 = ORIENTED_EDGE('',*,*,#11414,.T.);
#11414 = EDGE_CURVE('',#9897,#5344,#11415,.T.);
#11415 = LINE('',#11416,#11417);
#11416 = CARTESIAN_POINT('',(-71.6826095581,3.257885456085,
    -6.922654628754));
#11417 = VECTOR('',#11418,1.);
#11418 = DIRECTION('',(0.227295353188,0.,-0.973825868633));
#11419 = ORIENTED_EDGE('',*,*,#11396,.F.);
#11420 = ORIENTED_EDGE('',*,*,#11070,.F.);
#11421 = ORIENTED_EDGE('',*,*,#11132,.F.);
#11422 = PLANE('',#11423);
#11423 = AXIS2_PLACEMENT_3D('',#11424,#11425,#11426);
#11424 = CARTESIAN_POINT('',(-70.0169103087,3.257885456085,
    -14.23263054334));
#11425 = DIRECTION('',(0.,1.,0.));
#11426 = DIRECTION('',(0.,-0.,1.));
#11427 = ADVANCED_FACE('',(#11428),#11443,.T.);
#11428 = FACE_BOUND('',#11429,.T.);
#11429 = EDGE_LOOP('',(#11430,#11436,#11437));
#11430 = ORIENTED_EDGE('',*,*,#11431,.T.);
#11431 = EDGE_CURVE('',#3302,#5344,#11432,.T.);
#11432 = LINE('',#11433,#11434);
#11433 = CARTESIAN_POINT('',(-29.4109210968,3.257885456085,
    -13.12803268432));
#11434 = VECTOR('',#11435,1.);
#11435 = DIRECTION('',(-0.977362493264,0.,-0.211571635057));
#11436 = ORIENTED_EDGE('',*,*,#11414,.F.);
#11437 = ORIENTED_EDGE('',*,*,#11438,.T.);
#11438 = EDGE_CURVE('',#9897,#3302,#11439,.T.);
#11439 = LINE('',#11440,#11441);
#11440 = CARTESIAN_POINT('',(-71.6826095581,3.257885456085,
    -6.922654628754));
#11441 = VECTOR('',#11442,1.);
#11442 = DIRECTION('',(0.989396320992,0.,-0.145240903357));
#11443 = PLANE('',#11444);
#11444 = AXIS2_PLACEMENT_3D('',#11445,#11446,#11447);
#11445 = CARTESIAN_POINT('',(-52.84251387668,3.257885456085,
    -13.65351832779));
#11446 = DIRECTION('',(0.,1.,0.));
#11447 = DIRECTION('',(0.,-0.,1.));
#11448 = ADVANCED_FACE('',(#11449),#11454,.T.);
#11449 = FACE_BOUND('',#11450,.T.);
#11450 = EDGE_LOOP('',(#11451,#11452,#11453));
#11451 = ORIENTED_EDGE('',*,*,#4041,.T.);
#11452 = ORIENTED_EDGE('',*,*,#11438,.F.);
#11453 = ORIENTED_EDGE('',*,*,#9918,.F.);
#11454 = PLANE('',#11455);
#11455 = AXIS2_PLACEMENT_3D('',#11456,#11457,#11458);
#11456 = CARTESIAN_POINT('',(-50.60101667399,3.257885456085,
    -9.966944175254));
#11457 = DIRECTION('',(0.,1.,0.));
#11458 = DIRECTION('',(0.,-0.,1.));
#11459 = ADVANCED_FACE('',(#11460),#11472,.T.);
#11460 = FACE_BOUND('',#11461,.T.);
#11461 = EDGE_LOOP('',(#11462,#11463,#11464,#11465,#11466));
#11462 = ORIENTED_EDGE('',*,*,#5481,.F.);
#11463 = ORIENTED_EDGE('',*,*,#5435,.F.);
#11464 = ORIENTED_EDGE('',*,*,#5398,.F.);
#11465 = ORIENTED_EDGE('',*,*,#11431,.F.);
#11466 = ORIENTED_EDGE('',*,*,#11467,.T.);
#11467 = EDGE_CURVE('',#3302,#5482,#11468,.T.);
#11468 = LINE('',#11469,#11470);
#11469 = CARTESIAN_POINT('',(-29.4109210968,3.257885456085,
    -13.12803268432));
#11470 = VECTOR('',#11471,1.);
#11471 = DIRECTION('',(-0.416216735742,0.,-0.909265433682));
#11472 = PLANE('',#11473);
#11473 = AXIS2_PLACEMENT_3D('',#11474,#11475,#11476);
#11474 = CARTESIAN_POINT('',(-47.28846220484,3.257885456085,
    -20.15213407252));
#11475 = DIRECTION('',(0.,1.,0.));
#11476 = DIRECTION('',(0.,-0.,1.));
#11477 = ADVANCED_FACE('',(#11478),#11489,.T.);
#11478 = FACE_BOUND('',#11479,.T.);
#11479 = EDGE_LOOP('',(#11480,#11486,#11487,#11488));
#11480 = ORIENTED_EDGE('',*,*,#11481,.T.);
#11481 = EDGE_CURVE('',#3412,#5482,#11482,.T.);
#11482 = LINE('',#11483,#11484);
#11483 = CARTESIAN_POINT('',(-29.48134422302,3.257885456085,
    -13.51929283142));
#11484 = VECTOR('',#11485,1.);
#11485 = DIRECTION('',(-0.422729989028,0.,-0.906255679362));
#11486 = ORIENTED_EDGE('',*,*,#11467,.F.);
#11487 = ORIENTED_EDGE('',*,*,#3347,.F.);
#11488 = ORIENTED_EDGE('',*,*,#3419,.T.);
#11489 = PLANE('',#11490);
#11490 = AXIS2_PLACEMENT_3D('',#11491,#11492,#11493);
#11491 = CARTESIAN_POINT('',(-32.33337032766,3.257885456085,
    -19.57178410982));
#11492 = DIRECTION('',(0.,1.,0.));
#11493 = DIRECTION('',(0.,-0.,1.));
#11494 = ADVANCED_FACE('',(#11495),#11505,.T.);
#11495 = FACE_BOUND('',#11496,.T.);
#11496 = EDGE_LOOP('',(#11497,#11503,#11504));
#11497 = ORIENTED_EDGE('',*,*,#11498,.T.);
#11498 = EDGE_CURVE('',#3402,#5482,#11499,.T.);
#11499 = LINE('',#11500,#11501);
#11500 = CARTESIAN_POINT('',(-29.46569824218,3.257885456085,
    -13.72274780273));
#11501 = VECTOR('',#11502,1.);
#11502 = DIRECTION('',(-0.4293970626,0.,-0.903115807984));
#11503 = ORIENTED_EDGE('',*,*,#11481,.F.);
#11504 = ORIENTED_EDGE('',*,*,#3411,.T.);
#11505 = PLANE('',#11506);
#11506 = AXIS2_PLACEMENT_3D('',#11507,#11508,#11509);
#11507 = CARTESIAN_POINT('',(-32.36685632318,3.257885456085,
    -19.76460888901));
#11508 = DIRECTION('',(0.,1.,0.));
#11509 = DIRECTION('',(0.,-0.,1.));
#11510 = ADVANCED_FACE('',(#11511),#11521,.T.);
#11511 = FACE_BOUND('',#11512,.T.);
#11512 = EDGE_LOOP('',(#11513,#11519,#11520));
#11513 = ORIENTED_EDGE('',*,*,#11514,.T.);
#11514 = EDGE_CURVE('',#3404,#5482,#11515,.T.);
#11515 = LINE('',#11516,#11517);
#11516 = CARTESIAN_POINT('',(-29.4109210968,3.257885456085,
    -13.91837787628));
#11517 = VECTOR('',#11518,1.);
#11518 = DIRECTION('',(-0.438343194069,0.,-0.898807679214));
#11519 = ORIENTED_EDGE('',*,*,#11498,.F.);
#11520 = ORIENTED_EDGE('',*,*,#3401,.T.);
#11521 = PLANE('',#11522);
#11522 = AXIS2_PLACEMENT_3D('',#11523,#11524,#11525);
#11523 = CARTESIAN_POINT('',(-32.34900521576,3.257885456085,
    -19.86482623353));
#11524 = DIRECTION('',(0.,1.,0.));
#11525 = DIRECTION('',(0.,-0.,1.));
#11526 = ADVANCED_FACE('',(#11527),#11537,.T.);
#11527 = FACE_BOUND('',#11528,.T.);
#11528 = EDGE_LOOP('',(#11529,#11535,#11536));
#11529 = ORIENTED_EDGE('',*,*,#11530,.T.);
#11530 = EDGE_CURVE('',#3464,#5482,#11531,.T.);
#11531 = LINE('',#11532,#11533);
#11532 = CARTESIAN_POINT('',(-29.32484436035,3.257885456085,
    -14.09835720062));
#11533 = VECTOR('',#11534,1.);
#11534 = DIRECTION('',(-0.448857692027,0.,-0.893603252181));
#11535 = ORIENTED_EDGE('',*,*,#11514,.F.);
#11536 = ORIENTED_EDGE('',*,*,#3463,.F.);
#11537 = PLANE('',#11538);
#11538 = AXIS2_PLACEMENT_3D('',#11539,#11540,#11541);
#11539 = CARTESIAN_POINT('',(-32.3137233088,3.257885456085,
    -19.95984587993));
#11540 = DIRECTION('',(0.,1.,0.));
#11541 = DIRECTION('',(0.,-0.,1.));
#11542 = ADVANCED_FACE('',(#11543),#11553,.T.);
#11543 = FACE_BOUND('',#11544,.T.);
#11544 = EDGE_LOOP('',(#11545,#11551,#11552));
#11545 = ORIENTED_EDGE('',*,*,#11546,.T.);
#11546 = EDGE_CURVE('',#3518,#5482,#11547,.T.);
#11547 = LINE('',#11548,#11549);
#11548 = CARTESIAN_POINT('',(-29.20746803283,3.257885456085,
    -14.26268577575));
#11549 = VECTOR('',#11550,1.);
#11550 = DIRECTION('',(-0.460886682021,0.,-0.887458994172));
#11551 = ORIENTED_EDGE('',*,*,#11530,.F.);
#11552 = ORIENTED_EDGE('',*,*,#3517,.F.);
#11553 = PLANE('',#11554);
#11554 = AXIS2_PLACEMENT_3D('',#11555,#11556,#11557);
#11555 = CARTESIAN_POINT('',(-32.26203367179,3.257885456085,
    -20.04573419848));
#11556 = DIRECTION('',(0.,1.,0.));
#11557 = DIRECTION('',(0.,-0.,1.));
#11558 = ADVANCED_FACE('',(#11559),#11570,.T.);
#11559 = FACE_BOUND('',#11560,.T.);
#11560 = EDGE_LOOP('',(#11561,#11567,#11568,#11569));
#11561 = ORIENTED_EDGE('',*,*,#11562,.T.);
#11562 = EDGE_CURVE('',#3603,#5482,#11563,.T.);
#11563 = LINE('',#11564,#11565);
#11564 = CARTESIAN_POINT('',(-28.90228462219,3.257885456085,
    -14.52091693878));
#11565 = VECTOR('',#11566,1.);
#11566 = DIRECTION('',(-0.487006958174,0.,-0.87339808947));
#11567 = ORIENTED_EDGE('',*,*,#11546,.F.);
#11568 = ORIENTED_EDGE('',*,*,#3540,.F.);
#11569 = ORIENTED_EDGE('',*,*,#3602,.F.);
#11570 = PLANE('',#11571);
#11571 = AXIS2_PLACEMENT_3D('',#11572,#11573,#11574);
#11572 = CARTESIAN_POINT('',(-32.13266108218,3.257885456085,
    -20.10925620386));
#11573 = DIRECTION('',(0.,1.,0.));
#11574 = DIRECTION('',(0.,-0.,1.));
#11575 = ADVANCED_FACE('',(#11576),#11586,.T.);
#11576 = FACE_BOUND('',#11577,.T.);
#11577 = EDGE_LOOP('',(#11578,#11579,#11580));
#11578 = ORIENTED_EDGE('',*,*,#5536,.F.);
#11579 = ORIENTED_EDGE('',*,*,#11562,.F.);
#11580 = ORIENTED_EDGE('',*,*,#11581,.T.);
#11581 = EDGE_CURVE('',#3603,#5528,#11582,.T.);
#11582 = LINE('',#11583,#11584);
#11583 = CARTESIAN_POINT('',(-28.90228462219,3.257885456085,
    -14.52091693878));
#11584 = VECTOR('',#11585,1.);
#11585 = DIRECTION('',(-0.465573329334,0.,-0.885009307868));
#11586 = PLANE('',#11587);
#11587 = AXIS2_PLACEMENT_3D('',#11588,#11589,#11590);
#11588 = CARTESIAN_POINT('',(-32.06166778073,3.257885456085,
    -20.35187818142));
#11589 = DIRECTION('',(0.,1.,0.));
#11590 = DIRECTION('',(0.,-0.,1.));
#11591 = ADVANCED_FACE('',(#11592),#11602,.T.);
#11592 = FACE_BOUND('',#11593,.T.);
#11593 = EDGE_LOOP('',(#11594,#11600,#11601));
#11594 = ORIENTED_EDGE('',*,*,#11595,.T.);
#11595 = EDGE_CURVE('',#3626,#5528,#11596,.T.);
#11596 = LINE('',#11597,#11598);
#11597 = CARTESIAN_POINT('',(-28.72230148315,3.257885456085,
    -14.60699367523));
#11598 = VECTOR('',#11599,1.);
#11599 = DIRECTION('',(-0.479019914893,0.,-0.877804033447));
#11600 = ORIENTED_EDGE('',*,*,#11581,.F.);
#11601 = ORIENTED_EDGE('',*,*,#3635,.T.);
#11602 = PLANE('',#11603);
#11603 = AXIS2_PLACEMENT_3D('',#11604,#11605,#11606);
#11604 = CARTESIAN_POINT('',(-31.87398075805,3.257885456085,
    -20.27772042968));
#11605 = DIRECTION('',(0.,1.,0.));
#11606 = DIRECTION('',(0.,-0.,1.));
#11607 = ADVANCED_FACE('',(#11608),#11619,.T.);
#11608 = FACE_BOUND('',#11609,.T.);
#11609 = EDGE_LOOP('',(#11610,#11616,#11617,#11618));
#11610 = ORIENTED_EDGE('',*,*,#11611,.T.);
#11611 = EDGE_CURVE('',#3688,#5528,#11612,.T.);
#11612 = LINE('',#11613,#11614);
#11613 = CARTESIAN_POINT('',(-28.33104133606,3.257885456085,
    -14.66959571838));
#11614 = VECTOR('',#11615,1.);
#11615 = DIRECTION('',(-0.503649988119,0.,-0.863907801485));
#11616 = ORIENTED_EDGE('',*,*,#11595,.F.);
#11617 = ORIENTED_EDGE('',*,*,#3625,.T.);
#11618 = ORIENTED_EDGE('',*,*,#3687,.F.);
#11619 = PLANE('',#11620);
#11620 = AXIS2_PLACEMENT_3D('',#11621,#11622,#11623);
#11621 = CARTESIAN_POINT('',(-31.7061041596,3.257885456085,
    -20.2736109226));
#11622 = DIRECTION('',(0.,1.,0.));
#11623 = DIRECTION('',(0.,-0.,1.));
#11624 = ADVANCED_FACE('',(#11625),#11635,.T.);
#11625 = FACE_BOUND('',#11626,.T.);
#11626 = EDGE_LOOP('',(#11627,#11633,#11634));
#11627 = ORIENTED_EDGE('',*,*,#11628,.T.);
#11628 = EDGE_CURVE('',#3711,#5528,#11629,.T.);
#11629 = LINE('',#11630,#11631);
#11630 = CARTESIAN_POINT('',(-28.12758827209,3.257885456085,
    -14.65394496917));
#11631 = VECTOR('',#11632,1.);
#11632 = DIRECTION('',(-0.514495660691,0.,-0.857492982554));
#11633 = ORIENTED_EDGE('',*,*,#11611,.F.);
#11634 = ORIENTED_EDGE('',*,*,#3710,.F.);
#11635 = PLANE('',#11636);
#11636 = AXIS2_PLACEMENT_3D('',#11637,#11638,#11639);
#11637 = CARTESIAN_POINT('',(-31.5798902176,3.257885456085,
    -20.32666038241));
#11638 = DIRECTION('',(0.,1.,0.));
#11639 = DIRECTION('',(0.,-0.,1.));
#11640 = ADVANCED_FACE('',(#11641),#11652,.T.);
#11641 = FACE_BOUND('',#11642,.T.);
#11642 = EDGE_LOOP('',(#11643,#11644,#11645,#11646));
#11643 = ORIENTED_EDGE('',*,*,#5619,.F.);
#11644 = ORIENTED_EDGE('',*,*,#5573,.F.);
#11645 = ORIENTED_EDGE('',*,*,#11628,.F.);
#11646 = ORIENTED_EDGE('',*,*,#11647,.T.);
#11647 = EDGE_CURVE('',#3711,#5620,#11648,.T.);
#11648 = LINE('',#11649,#11650);
#11649 = CARTESIAN_POINT('',(-28.12758827209,3.257885456085,
    -14.65394496917));
#11650 = VECTOR('',#11651,1.);
#11651 = DIRECTION('',(0.372078859179,0.,-0.928201121822));
#11652 = PLANE('',#11653);
#11653 = AXIS2_PLACEMENT_3D('',#11654,#11655,#11656);
#11654 = CARTESIAN_POINT('',(-27.15172451506,3.257885456085,
    -25.44461210899));
#11655 = DIRECTION('',(0.,1.,0.));
#11656 = DIRECTION('',(0.,-0.,1.));
#11657 = ADVANCED_FACE('',(#11658),#11669,.T.);
#11658 = FACE_BOUND('',#11659,.T.);
#11659 = EDGE_LOOP('',(#11660,#11666,#11667,#11668));
#11660 = ORIENTED_EDGE('',*,*,#11661,.T.);
#11661 = EDGE_CURVE('',#3803,#5620,#11662,.T.);
#11662 = LINE('',#11663,#11664);
#11663 = CARTESIAN_POINT('',(-27.75198173522,3.257885456085,
    -14.52091693878));
#11664 = VECTOR('',#11665,1.);
#11665 = DIRECTION('',(0.354862204367,0.,-0.934918614593));
#11666 = ORIENTED_EDGE('',*,*,#11647,.F.);
#11667 = ORIENTED_EDGE('',*,*,#3756,.F.);
#11668 = ORIENTED_EDGE('',*,*,#3812,.T.);
#11669 = PLANE('',#11670);
#11670 = AXIS2_PLACEMENT_3D('',#11671,#11672,#11673);
#11671 = CARTESIAN_POINT('',(-24.05918089604,3.257885456085,
    -24.53325801573));
#11672 = DIRECTION('',(0.,1.,0.));
#11673 = DIRECTION('',(0.,-0.,1.));
#11674 = ADVANCED_FACE('',(#11675),#11690,.T.);
#11675 = FACE_BOUND('',#11676,.T.);
#11676 = EDGE_LOOP('',(#11677,#11683,#11684));
#11677 = ORIENTED_EDGE('',*,*,#11678,.T.);
#11678 = EDGE_CURVE('',#5928,#5620,#11679,.T.);
#11679 = LINE('',#11680,#11681);
#11680 = CARTESIAN_POINT('',(-18.37740135192,3.257885456085,
    -34.17779922485));
#11681 = VECTOR('',#11682,1.);
#11682 = DIRECTION('',(-0.962827790257,0.,-0.27011598677));
#11683 = ORIENTED_EDGE('',*,*,#11661,.F.);
#11684 = ORIENTED_EDGE('',*,*,#11685,.T.);
#11685 = EDGE_CURVE('',#3803,#5928,#11686,.T.);
#11686 = LINE('',#11687,#11688);
#11687 = CARTESIAN_POINT('',(-27.75198173522,3.257885456085,
    -14.52091693878));
#11688 = VECTOR('',#11689,1.);
#11689 = DIRECTION('',(0.430463531709,0.,-0.9026079702));
#11690 = PLANE('',#11691);
#11691 = AXIS2_PLACEMENT_3D('',#11692,#11693,#11694);
#11692 = CARTESIAN_POINT('',(-23.32540658264,3.257885456085,
    -24.86611536292));
#11693 = DIRECTION('',(0.,1.,0.));
#11694 = DIRECTION('',(0.,-0.,1.));
#11695 = ADVANCED_FACE('',(#11696),#11707,.T.);
#11696 = FACE_BOUND('',#11697,.T.);
#11697 = EDGE_LOOP('',(#11698,#11704,#11705,#11706));
#11698 = ORIENTED_EDGE('',*,*,#11699,.T.);
#11699 = EDGE_CURVE('',#3888,#5928,#11700,.T.);
#11700 = LINE('',#11701,#11702);
#11701 = CARTESIAN_POINT('',(-27.44679832458,3.257885456085,
    -14.26268577575));
#11702 = VECTOR('',#11703,1.);
#11703 = DIRECTION('',(0.414449427402,0.,-0.910072344446));
#11704 = ORIENTED_EDGE('',*,*,#11685,.F.);
#11705 = ORIENTED_EDGE('',*,*,#3802,.T.);
#11706 = ORIENTED_EDGE('',*,*,#3897,.T.);
#11707 = PLANE('',#11708);
#11708 = AXIS2_PLACEMENT_3D('',#11709,#11710,#11711);
#11709 = CARTESIAN_POINT('',(-23.03005056197,3.257885456085,
    -24.19488416614));
#11710 = DIRECTION('',(0.,1.,0.));
#11711 = DIRECTION('',(0.,-0.,1.));
#11712 = ADVANCED_FACE('',(#11713),#11724,.T.);
#11713 = FACE_BOUND('',#11714,.T.);
#11714 = EDGE_LOOP('',(#11715,#11721,#11722,#11723));
#11715 = ORIENTED_EDGE('',*,*,#11716,.T.);
#11716 = EDGE_CURVE('',#3952,#5928,#11717,.T.);
#11717 = LINE('',#11718,#11719);
#11718 = CARTESIAN_POINT('',(-27.25116920471,3.257885456085,
    -13.91837787628));
#11719 = VECTOR('',#11720,1.);
#11720 = DIRECTION('',(0.401208574143,0.,-0.915986724813));
#11721 = ORIENTED_EDGE('',*,*,#11699,.F.);
#11722 = ORIENTED_EDGE('',*,*,#3887,.T.);
#11723 = ORIENTED_EDGE('',*,*,#3959,.T.);
#11724 = PLANE('',#11725);
#11725 = AXIS2_PLACEMENT_3D('',#11726,#11727,#11728);
#11726 = CARTESIAN_POINT('',(-22.90294594869,3.257885456085,
    -24.04412470529));
#11727 = DIRECTION('',(0.,1.,0.));
#11728 = DIRECTION('',(0.,-0.,1.));
#11729 = ADVANCED_FACE('',(#11730),#11740,.T.);
#11730 = FACE_BOUND('',#11731,.T.);
#11731 = EDGE_LOOP('',(#11732,#11733,#11734));
#11732 = ORIENTED_EDGE('',*,*,#5973,.F.);
#11733 = ORIENTED_EDGE('',*,*,#11716,.F.);
#11734 = ORIENTED_EDGE('',*,*,#11735,.T.);
#11735 = EDGE_CURVE('',#3952,#5974,#11736,.T.);
#11736 = LINE('',#11737,#11738);
#11737 = CARTESIAN_POINT('',(-27.25116920471,3.257885456085,
    -13.91837787628));
#11738 = VECTOR('',#11739,1.);
#11739 = DIRECTION('',(0.988383596891,0.,0.151979819044));
#11740 = PLANE('',#11741);
#11741 = AXIS2_PLACEMENT_3D('',#11742,#11743,#11744);
#11742 = CARTESIAN_POINT('',(-16.38953214745,3.257885456085,
    -19.64965462822));
#11743 = DIRECTION('',(0.,1.,0.));
#11744 = DIRECTION('',(0.,-0.,1.));
#11745 = ADVANCED_FACE('',(#11746),#11757,.T.);
#11746 = FACE_BOUND('',#11747,.T.);
#11747 = EDGE_LOOP('',(#11748,#11754,#11755,#11756));
#11748 = ORIENTED_EDGE('',*,*,#11749,.T.);
#11749 = EDGE_CURVE('',#2728,#5974,#11750,.T.);
#11750 = LINE('',#11751,#11752);
#11751 = CARTESIAN_POINT('',(-27.18073844909,3.257885456085,
    -13.51929283142));
#11752 = VECTOR('',#11753,1.);
#11753 = DIRECTION('',(0.990813366855,0.,0.135236356286));
#11754 = ORIENTED_EDGE('',*,*,#11735,.F.);
#11755 = ORIENTED_EDGE('',*,*,#3949,.F.);
#11756 = ORIENTED_EDGE('',*,*,#4003,.F.);
#11757 = PLANE('',#11758);
#11758 = AXIS2_PLACEMENT_3D('',#11759,#11760,#11761);
#11759 = CARTESIAN_POINT('',(-16.06079189844,3.257885456085,
    -12.10002580484));
#11760 = DIRECTION('',(0.,1.,0.));
#11761 = DIRECTION('',(0.,-0.,1.));
#11762 = ADVANCED_FACE('',(#11763),#11774,.T.);
#11763 = FACE_BOUND('',#11764,.T.);
#11764 = EDGE_LOOP('',(#11765,#11771,#11772,#11773));
#11765 = ORIENTED_EDGE('',*,*,#11766,.T.);
#11766 = EDGE_CURVE('',#2796,#5974,#11767,.T.);
#11767 = LINE('',#11768,#11769);
#11768 = CARTESIAN_POINT('',(-27.25116920471,3.257885456085,
    -13.12803268432));
#11769 = VECTOR('',#11770,1.);
#11770 = DIRECTION('',(0.993027721663,0.,0.117881058734));
#11771 = ORIENTED_EDGE('',*,*,#11749,.F.);
#11772 = ORIENTED_EDGE('',*,*,#2749,.F.);
#11773 = ORIENTED_EDGE('',*,*,#2795,.F.);
#11774 = PLANE('',#11775);
#11775 = AXIS2_PLACEMENT_3D('',#11776,#11777,#11778);
#11776 = CARTESIAN_POINT('',(-16.05910552973,3.257885456085,
    -11.90016537338));
#11777 = DIRECTION('',(0.,1.,0.));
#11778 = DIRECTION('',(0.,-0.,1.));
#11779 = ADVANCED_FACE('',(#11780),#11791,.T.);
#11780 = FACE_BOUND('',#11781,.T.);
#11781 = EDGE_LOOP('',(#11782,#11788,#11789,#11790));
#11782 = ORIENTED_EDGE('',*,*,#11783,.T.);
#11783 = EDGE_CURVE('',#2865,#5974,#11784,.T.);
#11784 = LINE('',#11785,#11786);
#11785 = CARTESIAN_POINT('',(-27.44679832458,3.257885456085,
    -12.78372478485));
#11786 = VECTOR('',#11787,1.);
#11787 = DIRECTION('',(0.994783222322,0.,0.102011472818));
#11788 = ORIENTED_EDGE('',*,*,#11766,.F.);
#11789 = ORIENTED_EDGE('',*,*,#2841,.F.);
#11790 = ORIENTED_EDGE('',*,*,#2864,.F.);
#11791 = PLANE('',#11792);
#11792 = AXIS2_PLACEMENT_3D('',#11793,#11794,#11795);
#11793 = CARTESIAN_POINT('',(-16.12560104687,3.257885456085,
    -11.71434314195));
#11794 = DIRECTION('',(0.,1.,0.));
#11795 = DIRECTION('',(0.,-0.,1.));
#11796 = ADVANCED_FACE('',(#11797),#11812,.T.);
#11797 = FACE_BOUND('',#11798,.T.);
#11798 = EDGE_LOOP('',(#11799,#11805,#11806));
#11799 = ORIENTED_EDGE('',*,*,#11800,.T.);
#11800 = EDGE_CURVE('',#6135,#5974,#11801,.T.);
#11801 = LINE('',#11802,#11803);
#11802 = CARTESIAN_POINT('',(-4.479855537415,3.257885456085,
    -9.575394630432));
#11803 = VECTOR('',#11804,1.);
#11804 = DIRECTION('',(-0.25066087416,0.,-0.96807495896));
#11805 = ORIENTED_EDGE('',*,*,#11783,.F.);
#11806 = ORIENTED_EDGE('',*,*,#11807,.T.);
#11807 = EDGE_CURVE('',#2865,#6135,#11808,.T.);
#11808 = LINE('',#11809,#11810);
#11809 = CARTESIAN_POINT('',(-27.44679832458,3.257885456085,
    -12.78372478485));
#11810 = VECTOR('',#11811,1.);
#11811 = DIRECTION('',(0.99038339692,0.,0.13835001664));
#11812 = PLANE('',#11813);
#11813 = AXIS2_PLACEMENT_3D('',#11814,#11815,#11816);
#11814 = CARTESIAN_POINT('',(-15.79934208079,3.257885456085,
    -11.37041715385));
#11815 = DIRECTION('',(0.,1.,0.));
#11816 = DIRECTION('',(0.,-0.,1.));
#11817 = ADVANCED_FACE('',(#11818),#11828,.T.);
#11818 = FACE_BOUND('',#11819,.T.);
#11819 = EDGE_LOOP('',(#11820,#11826,#11827));
#11820 = ORIENTED_EDGE('',*,*,#11821,.T.);
#11821 = EDGE_CURVE('',#2919,#6135,#11822,.T.);
#11822 = LINE('',#11823,#11824);
#11823 = CARTESIAN_POINT('',(-27.75198173522,3.257885456085,
    -12.52549362182));
#11824 = VECTOR('',#11825,1.);
#11825 = DIRECTION('',(0.992060830738,0.,0.125758928569));
#11826 = ORIENTED_EDGE('',*,*,#11807,.F.);
#11827 = ORIENTED_EDGE('',*,*,#2918,.F.);
#11828 = PLANE('',#11829);
#11829 = AXIS2_PLACEMENT_3D('',#11830,#11831,#11832);
#11830 = CARTESIAN_POINT('',(-16.13828327054,3.257885456085,
    -11.12771589914));
#11831 = DIRECTION('',(0.,1.,0.));
#11832 = DIRECTION('',(0.,-0.,1.));
#11833 = ADVANCED_FACE('',(#11834),#11844,.T.);
#11834 = FACE_BOUND('',#11835,.T.);
#11835 = EDGE_LOOP('',(#11836,#11842,#11843));
#11836 = ORIENTED_EDGE('',*,*,#11837,.T.);
#11837 = EDGE_CURVE('',#6144,#5974,#11838,.T.);
#11838 = LINE('',#11839,#11840);
#11839 = CARTESIAN_POINT('',(-4.487678527832,3.257885456085,
    -9.763199806213));
#11840 = VECTOR('',#11841,1.);
#11841 = DIRECTION('',(-0.303204964614,0.,-0.952925364042));
#11842 = ORIENTED_EDGE('',*,*,#11800,.F.);
#11843 = ORIENTED_EDGE('',*,*,#6151,.T.);
#11844 = PLANE('',#11845);
#11845 = AXIS2_PLACEMENT_3D('',#11846,#11847,#11848);
#11846 = CARTESIAN_POINT('',(-4.583536980251,3.257885456085,
    -10.01533426954));
#11847 = DIRECTION('',(0.,1.,0.));
#11848 = DIRECTION('',(0.,-0.,1.));
#11849 = ADVANCED_FACE('',(#11850),#11856,.T.);
#11850 = FACE_BOUND('',#11851,.T.);
#11851 = EDGE_LOOP('',(#11852,#11853,#11854,#11855));
#11852 = ORIENTED_EDGE('',*,*,#6074,.F.);
#11853 = ORIENTED_EDGE('',*,*,#6019,.F.);
#11854 = ORIENTED_EDGE('',*,*,#11837,.F.);
#11855 = ORIENTED_EDGE('',*,*,#6143,.T.);
#11856 = PLANE('',#11857);
#11857 = AXIS2_PLACEMENT_3D('',#11858,#11859,#11860);
#11858 = CARTESIAN_POINT('',(-4.58939641789,3.257885456085,
    -10.10949648944));
#11859 = DIRECTION('',(0.,1.,0.));
#11860 = DIRECTION('',(0.,-0.,1.));
#11861 = ADVANCED_FACE('',(#11862),#11873,.T.);
#11862 = FACE_BOUND('',#11863,.T.);
#11863 = EDGE_LOOP('',(#11864,#11870,#11871,#11872));
#11864 = ORIENTED_EDGE('',*,*,#11865,.T.);
#11865 = EDGE_CURVE('',#3019,#6135,#11866,.T.);
#11866 = LINE('',#11867,#11868);
#11867 = CARTESIAN_POINT('',(-28.12758827209,3.257885456085,
    -12.39246463775));
#11868 = VECTOR('',#11869,1.);
#11869 = DIRECTION('',(0.992979084859,0.,0.118290054664));
#11870 = ORIENTED_EDGE('',*,*,#11821,.F.);
#11871 = ORIENTED_EDGE('',*,*,#2972,.F.);
#11872 = ORIENTED_EDGE('',*,*,#3018,.F.);
#11873 = PLANE('',#11874);
#11874 = AXIS2_PLACEMENT_3D('',#11875,#11876,#11877);
#11875 = CARTESIAN_POINT('',(-16.3085684707,3.257885456085,
    -11.02898946241));
#11876 = DIRECTION('',(0.,1.,0.));
#11877 = DIRECTION('',(0.,-0.,1.));
#11878 = ADVANCED_FACE('',(#11879),#11894,.T.);
#11879 = FACE_BOUND('',#11880,.T.);
#11880 = EDGE_LOOP('',(#11881,#11887,#11888));
#11881 = ORIENTED_EDGE('',*,*,#11882,.T.);
#11882 = EDGE_CURVE('',#2505,#6135,#11883,.T.);
#11883 = LINE('',#11884,#11885);
#11884 = CARTESIAN_POINT('',(-40.99220657348,3.257885456085,
    27.296911239624));
#11885 = VECTOR('',#11886,1.);
#11886 = DIRECTION('',(0.703629928213,0.,-0.710566621875));
#11887 = ORIENTED_EDGE('',*,*,#11865,.F.);
#11888 = ORIENTED_EDGE('',*,*,#11889,.T.);
#11889 = EDGE_CURVE('',#3019,#2505,#11890,.T.);
#11890 = LINE('',#11891,#11892);
#11891 = CARTESIAN_POINT('',(-28.12758827209,3.257885456085,
    -12.39246463775));
#11892 = VECTOR('',#11893,1.);
#11893 = DIRECTION('',(-0.308339619137,0.,0.951276342222));
#11894 = PLANE('',#11895);
#11895 = AXIS2_PLACEMENT_3D('',#11896,#11897,#11898);
#11896 = CARTESIAN_POINT('',(-25.63254145062,3.257885456085,
    4.335734051658));
#11897 = DIRECTION('',(0.,1.,0.));
#11898 = DIRECTION('',(0.,-0.,1.));
#11899 = ADVANCED_FACE('',(#11900),#11906,.T.);
#11900 = FACE_BOUND('',#11901,.T.);
#11901 = EDGE_LOOP('',(#11902,#11903,#11904,#11905));
#11902 = ORIENTED_EDGE('',*,*,#2695,.T.);
#11903 = ORIENTED_EDGE('',*,*,#11889,.F.);
#11904 = ORIENTED_EDGE('',*,*,#3041,.F.);
#11905 = ORIENTED_EDGE('',*,*,#3095,.F.);
#11906 = PLANE('',#11907);
#11907 = AXIS2_PLACEMENT_3D('',#11908,#11909,#11910);
#11908 = CARTESIAN_POINT('',(-34.62933782276,3.257885456085,
    7.357628817554));
#11909 = DIRECTION('',(0.,1.,0.));
#11910 = DIRECTION('',(0.,-0.,1.));
#11911 = ADVANCED_FACE('',(#11912),#11923,.T.);
#11912 = FACE_BOUND('',#11913,.T.);
#11913 = EDGE_LOOP('',(#11914,#11920,#11921,#11922));
#11914 = ORIENTED_EDGE('',*,*,#11915,.T.);
#11915 = EDGE_CURVE('',#3186,#2403,#11916,.T.);
#11916 = LINE('',#11917,#11918);
#11917 = CARTESIAN_POINT('',(-28.90228462219,3.257885456085,
    -12.52549362182));
#11918 = VECTOR('',#11919,1.);
#11919 = DIRECTION('',(-0.299444323623,0.,0.954113775736));
#11920 = ORIENTED_EDGE('',*,*,#2703,.F.);
#11921 = ORIENTED_EDGE('',*,*,#3139,.F.);
#11922 = ORIENTED_EDGE('',*,*,#3195,.F.);
#11923 = PLANE('',#11924);
#11924 = AXIS2_PLACEMENT_3D('',#11925,#11926,#11927);
#11925 = CARTESIAN_POINT('',(-34.99536884564,3.257885456085,
    7.22278336727));
#11926 = DIRECTION('',(0.,1.,0.));
#11927 = DIRECTION('',(0.,-0.,1.));
#11928 = ADVANCED_FACE('',(#11929),#11939,.T.);
#11929 = FACE_BOUND('',#11930,.T.);
#11930 = EDGE_LOOP('',(#11931,#11932,#11933));
#11931 = ORIENTED_EDGE('',*,*,#2402,.F.);
#11932 = ORIENTED_EDGE('',*,*,#11915,.F.);
#11933 = ORIENTED_EDGE('',*,*,#11934,.T.);
#11934 = EDGE_CURVE('',#3186,#2343,#11935,.T.);
#11935 = LINE('',#11936,#11937);
#11936 = CARTESIAN_POINT('',(-28.90228462219,3.257885456085,
    -12.52549362182));
#11937 = VECTOR('',#11938,1.);
#11938 = DIRECTION('',(-0.308426469631,0.,0.951248186769));
#11939 = PLANE('',#11940);
#11940 = AXIS2_PLACEMENT_3D('',#11941,#11942,#11943);
#11941 = CARTESIAN_POINT('',(-35.24724917611,3.257885456085,
    7.362243686881));
#11942 = DIRECTION('',(0.,1.,0.));
#11943 = DIRECTION('',(0.,-0.,1.));
#11944 = ADVANCED_FACE('',(#11945),#11955,.T.);
#11945 = FACE_BOUND('',#11946,.T.);
#11946 = EDGE_LOOP('',(#11947,#11953,#11954));
#11947 = ORIENTED_EDGE('',*,*,#11948,.T.);
#11948 = EDGE_CURVE('',#3188,#2343,#11949,.T.);
#11949 = LINE('',#11950,#11951);
#11950 = CARTESIAN_POINT('',(-29.066614151,3.257885456085,
    -12.64287185668));
#11951 = VECTOR('',#11952,1.);
#11952 = DIRECTION('',(-0.304025652067,0.,0.95266384569));
#11953 = ORIENTED_EDGE('',*,*,#11934,.F.);
#11954 = ORIENTED_EDGE('',*,*,#3185,.T.);
#11955 = PLANE('',#11956);
#11956 = AXIS2_PLACEMENT_3D('',#11957,#11958,#11959);
#11957 = CARTESIAN_POINT('',(-35.34072000931,3.257885456085,
    7.175370197925));
#11958 = DIRECTION('',(0.,1.,0.));
#11959 = DIRECTION('',(0.,-0.,1.));
#11960 = ADVANCED_FACE('',(#11961),#11971,.T.);
#11961 = FACE_BOUND('',#11962,.T.);
#11962 = EDGE_LOOP('',(#11963,#11964,#11965));
#11963 = ORIENTED_EDGE('',*,*,#2340,.T.);
#11964 = ORIENTED_EDGE('',*,*,#11948,.F.);
#11965 = ORIENTED_EDGE('',*,*,#11966,.T.);
#11966 = EDGE_CURVE('',#3188,#2341,#11967,.T.);
#11967 = LINE('',#11968,#11969);
#11968 = CARTESIAN_POINT('',(-29.066614151,3.257885456085,
    -12.64287185668));
#11969 = VECTOR('',#11970,1.);
#11970 = DIRECTION('',(-0.308339529694,0.,0.951276371213));
#11971 = PLANE('',#11972);
#11972 = AXIS2_PLACEMENT_3D('',#11973,#11974,#11975);
#11973 = CARTESIAN_POINT('',(-35.46368652453,3.257885456085,
    7.246352460016));
#11974 = DIRECTION('',(0.,1.,0.));
#11975 = DIRECTION('',(0.,-0.,1.));
#11976 = ADVANCED_FACE('',(#11977),#11992,.T.);
#11977 = FACE_BOUND('',#11978,.T.);
#11978 = EDGE_LOOP('',(#11979,#11985,#11986));
#11979 = ORIENTED_EDGE('',*,*,#11980,.T.);
#11980 = EDGE_CURVE('',#4042,#2341,#11981,.T.);
#11981 = LINE('',#11982,#11983);
#11982 = CARTESIAN_POINT('',(-71.69826507568,3.257885456085,
    -6.719200134277));
#11983 = VECTOR('',#11984,1.);
#11984 = DIRECTION('',(0.661293903006,0.,0.750126905161));
#11985 = ORIENTED_EDGE('',*,*,#11966,.F.);
#11986 = ORIENTED_EDGE('',*,*,#11987,.T.);
#11987 = EDGE_CURVE('',#3188,#4042,#11988,.T.);
#11988 = LINE('',#11989,#11990);
#11989 = CARTESIAN_POINT('',(-29.066614151,3.257885456085,
    -12.64287185668));
#11990 = VECTOR('',#11991,1.);
#11991 = DIRECTION('',(-0.990484011494,0.,0.137627842298));
#11992 = PLANE('',#11993);
#11993 = AXIS2_PLACEMENT_3D('',#11994,#11995,#11996);
#11994 = CARTESIAN_POINT('',(-47.82856132872,3.257885456085,
    2.629838183932));
#11995 = DIRECTION('',(0.,1.,0.));
#11996 = DIRECTION('',(0.,-0.,1.));
#11997 = ADVANCED_FACE('',(#11998),#12003,.T.);
#11998 = FACE_BOUND('',#11999,.T.);
#11999 = EDGE_LOOP('',(#12000,#12001,#12002));
#12000 = ORIENTED_EDGE('',*,*,#4049,.F.);
#12001 = ORIENTED_EDGE('',*,*,#11987,.F.);
#12002 = ORIENTED_EDGE('',*,*,#3278,.F.);
#12003 = PLANE('',#12004);
#12004 = AXIS2_PLACEMENT_3D('',#12005,#12006,#12007);
#12005 = CARTESIAN_POINT('',(-50.34836007815,3.257885456085,
    -9.771222157046));
#12006 = DIRECTION('',(0.,1.,0.));
#12007 = DIRECTION('',(0.,-0.,1.));
#12008 = ADVANCED_FACE('',(#12009),#12021,.T.);
#12009 = FACE_BOUND('',#12010,.T.);
#12010 = EDGE_LOOP('',(#12011,#12017,#12018,#12019,#12020));
#12011 = ORIENTED_EDGE('',*,*,#12012,.T.);
#12012 = EDGE_CURVE('',#10019,#2341,#12013,.T.);
#12013 = LINE('',#12014,#12015);
#12014 = CARTESIAN_POINT('',(-71.94866180419,3.257885456085,
    -6.187087059021));
#12015 = VECTOR('',#12016,1.);
#12016 = DIRECTION('',(0.670286198952,0.,0.742102696057));
#12017 = ORIENTED_EDGE('',*,*,#11980,.F.);
#12018 = ORIENTED_EDGE('',*,*,#9939,.F.);
#12019 = ORIENTED_EDGE('',*,*,#9993,.F.);
#12020 = ORIENTED_EDGE('',*,*,#10026,.F.);
#12021 = PLANE('',#12022);
#12022 = AXIS2_PLACEMENT_3D('',#12023,#12024,#12025);
#12023 = CARTESIAN_POINT('',(-56.97443308123,3.257885456085,
    10.187359380275));
#12024 = DIRECTION('',(0.,1.,0.));
#12025 = DIRECTION('',(0.,-0.,1.));
#12026 = ADVANCED_FACE('',(#12027),#12038,.T.);
#12027 = FACE_BOUND('',#12028,.T.);
#12028 = EDGE_LOOP('',(#12029,#12030,#12031,#12032));
#12029 = ORIENTED_EDGE('',*,*,#2271,.F.);
#12030 = ORIENTED_EDGE('',*,*,#2350,.F.);
#12031 = ORIENTED_EDGE('',*,*,#12012,.F.);
#12032 = ORIENTED_EDGE('',*,*,#12033,.T.);
#12033 = EDGE_CURVE('',#10019,#2218,#12034,.T.);
#12034 = LINE('',#12035,#12036);
#12035 = CARTESIAN_POINT('',(-71.94866180419,3.257885456085,
    -6.187087059021));
#12036 = VECTOR('',#12037,1.);
#12037 = DIRECTION('',(0.664146110696,0.,0.747602798047));
#12038 = PLANE('',#12039);
#12039 = AXIS2_PLACEMENT_3D('',#12040,#12041,#12042);
#12040 = CARTESIAN_POINT('',(-56.96751719126,3.257885456085,
    10.53678025516));
#12041 = DIRECTION('',(0.,1.,0.));
#12042 = DIRECTION('',(0.,-0.,1.));
#12043 = ADVANCED_FACE('',(#12044),#12054,.T.);
#12044 = FACE_BOUND('',#12045,.T.);
#12045 = EDGE_LOOP('',(#12046,#12047,#12048));
#12046 = ORIENTED_EDGE('',*,*,#2217,.F.);
#12047 = ORIENTED_EDGE('',*,*,#12033,.F.);
#12048 = ORIENTED_EDGE('',*,*,#12049,.T.);
#12049 = EDGE_CURVE('',#10019,#2135,#12050,.T.);
#12050 = LINE('',#12051,#12052);
#12051 = CARTESIAN_POINT('',(-71.94866180419,3.257885456085,
    -6.187087059021));
#12052 = VECTOR('',#12053,1.);
#12053 = DIRECTION('',(0.657423841929,0.,0.753520996432));
#12054 = PLANE('',#12055);
#12055 = AXIS2_PLACEMENT_3D('',#12056,#12057,#12058);
#12056 = CARTESIAN_POINT('',(-57.13829140846,3.257885456085,
    10.635453644006));
#12057 = DIRECTION('',(0.,1.,0.));
#12058 = DIRECTION('',(0.,-0.,1.));
#12059 = ADVANCED_FACE('',(#12060),#12071,.T.);
#12060 = FACE_BOUND('',#12061,.T.);
#12061 = EDGE_LOOP('',(#12062,#12068,#12069,#12070));
#12062 = ORIENTED_EDGE('',*,*,#12063,.T.);
#12063 = EDGE_CURVE('',#10079,#2135,#12064,.T.);
#12064 = LINE('',#12065,#12066);
#12065 = CARTESIAN_POINT('',(-72.43383026123,3.257885456085,
    -5.842778682709));
#12066 = VECTOR('',#12067,1.);
#12067 = DIRECTION('',(0.667347571711,0.,0.744746412231));
#12068 = ORIENTED_EDGE('',*,*,#12049,.F.);
#12069 = ORIENTED_EDGE('',*,*,#10016,.F.);
#12070 = ORIENTED_EDGE('',*,*,#10078,.F.);
#12071 = PLANE('',#12072);
#12072 = AXIS2_PLACEMENT_3D('',#12073,#12074,#12075);
#12073 = CARTESIAN_POINT('',(-57.49958217868,3.257885456085,
    10.600794872712));
#12074 = DIRECTION('',(0.,1.,0.));
#12075 = DIRECTION('',(0.,-0.,1.));
#12076 = ADVANCED_FACE('',(#12077),#12087,.T.);
#12077 = FACE_BOUND('',#12078,.T.);
#12078 = EDGE_LOOP('',(#12079,#12080,#12081));
#12079 = ORIENTED_EDGE('',*,*,#2132,.T.);
#12080 = ORIENTED_EDGE('',*,*,#12063,.F.);
#12081 = ORIENTED_EDGE('',*,*,#12082,.T.);
#12082 = EDGE_CURVE('',#10079,#2133,#12083,.T.);
#12083 = LINE('',#12084,#12085);
#12084 = CARTESIAN_POINT('',(-72.43383026123,3.257885456085,
    -5.842778682709));
#12085 = VECTOR('',#12086,1.);
#12086 = DIRECTION('',(0.664059735608,0.,0.747679521951));
#12087 = PLANE('',#12088);
#12088 = AXIS2_PLACEMENT_3D('',#12089,#12090,#12091);
#12089 = CARTESIAN_POINT('',(-57.51874967964,3.257885456085,
    10.876185483617));
#12090 = DIRECTION('',(0.,1.,0.));
#12091 = DIRECTION('',(0.,-0.,1.));
#12092 = ADVANCED_FACE('',(#12093),#12103,.T.);
#12093 = FACE_BOUND('',#12094,.T.);
#12094 = EDGE_LOOP('',(#12095,#12096,#12097));
#12095 = ORIENTED_EDGE('',*,*,#2142,.T.);
#12096 = ORIENTED_EDGE('',*,*,#12082,.F.);
#12097 = ORIENTED_EDGE('',*,*,#12098,.T.);
#12098 = EDGE_CURVE('',#10079,#2143,#12099,.T.);
#12099 = LINE('',#12100,#12101);
#12100 = CARTESIAN_POINT('',(-72.43383026123,3.257885456085,
    -5.842778682709));
#12101 = VECTOR('',#12102,1.);
#12102 = DIRECTION('',(0.661084442743,0.,0.75031150835));
#12103 = PLANE('',#12104);
#12104 = AXIS2_PLACEMENT_3D('',#12105,#12106,#12107);
#12105 = CARTESIAN_POINT('',(-57.56875883755,3.257885456085,
    10.961361418714));
#12106 = DIRECTION('',(0.,1.,0.));
#12107 = DIRECTION('',(0.,-0.,1.));
#12108 = ADVANCED_FACE('',(#12109),#12120,.T.);
#12109 = FACE_BOUND('',#12110,.T.);
#12110 = EDGE_LOOP('',(#12111,#12117,#12118,#12119));
#12111 = ORIENTED_EDGE('',*,*,#12112,.T.);
#12112 = EDGE_CURVE('',#10202,#2143,#12113,.T.);
#12113 = LINE('',#12114,#12115);
#12114 = CARTESIAN_POINT('',(-72.83290863037,3.257885456085,
    -5.772352218628));
#12115 = VECTOR('',#12116,1.);
#12116 = DIRECTION('',(0.666830398193,0.,0.745209514194));
#12117 = ORIENTED_EDGE('',*,*,#12098,.F.);
#12118 = ORIENTED_EDGE('',*,*,#10155,.F.);
#12119 = ORIENTED_EDGE('',*,*,#10201,.F.);
#12120 = PLANE('',#12121);
#12121 = AXIS2_PLACEMENT_3D('',#12122,#12123,#12124);
#12122 = CARTESIAN_POINT('',(-57.78770826201,3.257885456085,
    10.911878981687));
#12123 = DIRECTION('',(0.,1.,0.));
#12124 = DIRECTION('',(0.,-0.,1.));
#12125 = ADVANCED_FACE('',(#12126),#12137,.T.);
#12126 = FACE_BOUND('',#12127,.T.);
#12127 = EDGE_LOOP('',(#12128,#12129,#12130,#12131));
#12128 = ORIENTED_EDGE('',*,*,#2039,.F.);
#12129 = ORIENTED_EDGE('',*,*,#2150,.T.);
#12130 = ORIENTED_EDGE('',*,*,#12112,.F.);
#12131 = ORIENTED_EDGE('',*,*,#12132,.T.);
#12132 = EDGE_CURVE('',#10202,#2042,#12133,.T.);
#12133 = LINE('',#12134,#12135);
#12134 = CARTESIAN_POINT('',(-72.83290863037,3.257885456085,
    -5.772352218628));
#12135 = VECTOR('',#12136,1.);
#12136 = DIRECTION('',(0.661570197232,0.,0.749883240335));
#12137 = PLANE('',#12138);
#12138 = AXIS2_PLACEMENT_3D('',#12139,#12140,#12141);
#12139 = CARTESIAN_POINT('',(-57.77094350988,3.257885456085,
    11.180305019178));
#12140 = DIRECTION('',(0.,1.,0.));
#12141 = DIRECTION('',(0.,-0.,1.));
#12142 = ADVANCED_FACE('',(#12143),#12158,.T.);
#12143 = FACE_BOUND('',#12144,.T.);
#12144 = EDGE_LOOP('',(#12145,#12151,#12152));
#12145 = ORIENTED_EDGE('',*,*,#12146,.T.);
#12146 = EDGE_CURVE('',#7088,#2042,#12147,.T.);
#12147 = LINE('',#12148,#12149);
#12148 = CARTESIAN_POINT('',(-77.6141052246,3.257885456085,
    46.531234741211));
#12149 = VECTOR('',#12150,1.);
#12150 = DIRECTION('',(0.88420421283,0.,-0.467100535232));
#12151 = ORIENTED_EDGE('',*,*,#12132,.F.);
#12152 = ORIENTED_EDGE('',*,*,#12153,.T.);
#12153 = EDGE_CURVE('',#10202,#7088,#12154,.T.);
#12154 = LINE('',#12155,#12156);
#12155 = CARTESIAN_POINT('',(-72.83290863037,3.257885456085,
    -5.772352218628));
#12156 = VECTOR('',#12157,1.);
#12157 = DIRECTION('',(-9.103284913461E-02,0.,0.995847890181));
#12158 = PLANE('',#12159);
#12159 = AXIS2_PLACEMENT_3D('',#12160,#12161,#12162);
#12160 = CARTESIAN_POINT('',(-65.19481337544,3.257885456085,
    22.214082249542));
#12161 = DIRECTION('',(0.,1.,0.));
#12162 = DIRECTION('',(0.,-0.,1.));
#12163 = ADVANCED_FACE('',(#12164),#12174,.T.);
#12164 = FACE_BOUND('',#12165,.T.);
#12165 = EDGE_LOOP('',(#12166,#12172,#12173));
#12166 = ORIENTED_EDGE('',*,*,#12167,.T.);
#12167 = EDGE_CURVE('',#7027,#2042,#12168,.T.);
#12168 = LINE('',#12169,#12170);
#12169 = CARTESIAN_POINT('',(-59.95264816284,3.257885456085,
    46.515579223633));
#12170 = VECTOR('',#12171,1.);
#12171 = DIRECTION('',(0.681516694631,0.,-0.731802565546));
#12172 = ORIENTED_EDGE('',*,*,#12146,.F.);
#12173 = ORIENTED_EDGE('',*,*,#7087,.F.);
#12174 = PLANE('',#12175);
#12175 = AXIS2_PLACEMENT_3D('',#12176,#12177,#12178);
#12176 = CARTESIAN_POINT('',(-59.38679822542,3.257885456085,
    39.328263193595));
#12177 = DIRECTION('',(0.,1.,0.));
#12178 = DIRECTION('',(0.,-0.,1.));
#12179 = ADVANCED_FACE('',(#12180),#12190,.T.);
#12180 = FACE_BOUND('',#12181,.T.);
#12181 = EDGE_LOOP('',(#12182,#12188,#12189));
#12182 = ORIENTED_EDGE('',*,*,#12183,.T.);
#12183 = EDGE_CURVE('',#6981,#2042,#12184,.T.);
#12184 = LINE('',#12185,#12186);
#12185 = CARTESIAN_POINT('',(-59.78049468994,3.257885456085,
    46.484279632568));
#12186 = VECTOR('',#12187,1.);
#12187 = DIRECTION('',(0.678436720573,0.,-0.734658843394));
#12188 = ORIENTED_EDGE('',*,*,#12167,.F.);
#12189 = ORIENTED_EDGE('',*,*,#7026,.F.);
#12190 = PLANE('',#12191);
#12191 = AXIS2_PLACEMENT_3D('',#12192,#12193,#12194);
#12192 = CARTESIAN_POINT('',(-51.40208444565,3.257885456085,
    37.372525970779));
#12193 = DIRECTION('',(0.,1.,0.));
#12194 = DIRECTION('',(0.,-0.,1.));
#12195 = ADVANCED_FACE('',(#12196),#12207,.T.);
#12196 = FACE_BOUND('',#12197,.T.);
#12197 = EDGE_LOOP('',(#12198,#12199,#12200,#12201));
#12198 = ORIENTED_EDGE('',*,*,#2016,.F.);
#12199 = ORIENTED_EDGE('',*,*,#2049,.F.);
#12200 = ORIENTED_EDGE('',*,*,#12183,.F.);
#12201 = ORIENTED_EDGE('',*,*,#12202,.T.);
#12202 = EDGE_CURVE('',#6981,#1948,#12203,.T.);
#12203 = LINE('',#12204,#12205);
#12204 = CARTESIAN_POINT('',(-59.78049468994,3.257885456085,
    46.484279632568));
#12205 = VECTOR('',#12206,1.);
#12206 = DIRECTION('',(0.687823910119,0.,-0.725877585182));
#12207 = PLANE('',#12208);
#12208 = AXIS2_PLACEMENT_3D('',#12209,#12210,#12211);
#12209 = CARTESIAN_POINT('',(-51.24440952469,3.257885456085,
    37.35806296558));
#12210 = DIRECTION('',(0.,1.,0.));
#12211 = DIRECTION('',(0.,-0.,1.));
#12212 = ADVANCED_FACE('',(#12213),#12223,.T.);
#12213 = FACE_BOUND('',#12214,.T.);
#12214 = EDGE_LOOP('',(#12215,#12216,#12217));
#12215 = ORIENTED_EDGE('',*,*,#1947,.F.);
#12216 = ORIENTED_EDGE('',*,*,#12202,.F.);
#12217 = ORIENTED_EDGE('',*,*,#12218,.T.);
#12218 = EDGE_CURVE('',#6981,#1894,#12219,.T.);
#12219 = LINE('',#12220,#12221);
#12220 = CARTESIAN_POINT('',(-59.78049468994,3.257885456085,
    46.484279632568));
#12221 = VECTOR('',#12222,1.);
#12222 = DIRECTION('',(0.693134219018,0.,-0.720808542143));
#12223 = PLANE('',#12224);
#12224 = AXIS2_PLACEMENT_3D('',#12225,#12226,#12227);
#12225 = CARTESIAN_POINT('',(-51.24079642199,3.257885456085,
    37.537923968873));
#12226 = DIRECTION('',(0.,1.,0.));
#12227 = DIRECTION('',(0.,-0.,1.));
#12228 = ADVANCED_FACE('',(#12229),#12244,.T.);
#12229 = FACE_BOUND('',#12230,.T.);
#12230 = EDGE_LOOP('',(#12231,#12237,#12238));
#12231 = ORIENTED_EDGE('',*,*,#12232,.T.);
#12232 = EDGE_CURVE('',#6628,#1894,#12233,.T.);
#12233 = LINE('',#12234,#12235);
#12234 = CARTESIAN_POINT('',(-42.25206375122,3.257885456085,
    44.308883666992));
#12235 = VECTOR('',#12236,1.);
#12236 = DIRECTION('',(-3.066967233716E-02,0.,-0.99952957495));
#12237 = ORIENTED_EDGE('',*,*,#12218,.F.);
#12238 = ORIENTED_EDGE('',*,*,#12239,.T.);
#12239 = EDGE_CURVE('',#6981,#6628,#12240,.T.);
#12240 = LINE('',#12241,#12242);
#12241 = CARTESIAN_POINT('',(-59.78049468994,3.257885456085,
    46.484279632568));
#12242 = VECTOR('',#12243,1.);
#12243 = DIRECTION('',(0.99238659867,0.,-0.12316183979));
#12244 = PLANE('',#12245);
#12245 = AXIS2_PLACEMENT_3D('',#12246,#12247,#12248);
#12246 = CARTESIAN_POINT('',(-48.82319663578,3.257885456085,
    39.701418665652));
#12247 = DIRECTION('',(0.,1.,0.));
#12248 = DIRECTION('',(0.,-0.,1.));
#12249 = ADVANCED_FACE('',(#12250),#12261,.T.);
#12250 = FACE_BOUND('',#12251,.T.);
#12251 = EDGE_LOOP('',(#12252,#12253,#12254,#12255));
#12252 = ORIENTED_EDGE('',*,*,#1847,.F.);
#12253 = ORIENTED_EDGE('',*,*,#1893,.F.);
#12254 = ORIENTED_EDGE('',*,*,#12232,.F.);
#12255 = ORIENTED_EDGE('',*,*,#12256,.T.);
#12256 = EDGE_CURVE('',#6628,#1825,#12257,.T.);
#12257 = LINE('',#12258,#12259);
#12258 = CARTESIAN_POINT('',(-42.25206375122,3.257885456085,
    44.308883666992));
#12259 = VECTOR('',#12260,1.);
#12260 = DIRECTION('',(-3.619343576176E-03,0.,-0.999993450155));
#12261 = PLANE('',#12262);
#12262 = AXIS2_PLACEMENT_3D('',#12263,#12264,#12265);
#12263 = CARTESIAN_POINT('',(-42.38908273987,3.257885456085,
    36.488320209713));
#12264 = DIRECTION('',(0.,1.,0.));
#12265 = DIRECTION('',(0.,-0.,1.));
#12266 = ADVANCED_FACE('',(#12267),#12277,.T.);
#12267 = FACE_BOUND('',#12268,.T.);
#12268 = EDGE_LOOP('',(#12269,#12270,#12271));
#12269 = ORIENTED_EDGE('',*,*,#6682,.F.);
#12270 = ORIENTED_EDGE('',*,*,#12239,.F.);
#12271 = ORIENTED_EDGE('',*,*,#12272,.T.);
#12272 = EDGE_CURVE('',#6981,#6674,#12273,.T.);
#12273 = LINE('',#12274,#12275);
#12274 = CARTESIAN_POINT('',(-59.78049468994,3.257885456085,
    46.484279632568));
#12275 = VECTOR('',#12276,1.);
#12276 = DIRECTION('',(0.99350978225,0.,-0.113746703568));
#12277 = PLANE('',#12278);
#12278 = AXIS2_PLACEMENT_3D('',#12279,#12280,#12281);
#12279 = CARTESIAN_POINT('',(-50.980871745,3.257885456085,
    45.434401150011));
#12280 = DIRECTION('',(0.,1.,0.));
#12281 = DIRECTION('',(0.,-0.,1.));
#12282 = ADVANCED_FACE('',(#12283),#12294,.T.);
#12283 = FACE_BOUND('',#12284,.T.);
#12284 = EDGE_LOOP('',(#12285,#12291,#12292,#12293));
#12285 = ORIENTED_EDGE('',*,*,#12286,.T.);
#12286 = EDGE_CURVE('',#6543,#1825,#12287,.T.);
#12287 = LINE('',#12288,#12289);
#12288 = CARTESIAN_POINT('',(-41.95470428466,3.257885456085,
    44.011520385742));
#12289 = VECTOR('',#12290,1.);
#12290 = DIRECTION('',(-2.372756834158E-02,0.,-0.999718461618));
#12291 = ORIENTED_EDGE('',*,*,#12256,.F.);
#12292 = ORIENTED_EDGE('',*,*,#6636,.F.);
#12293 = ORIENTED_EDGE('',*,*,#6550,.F.);
#12294 = PLANE('',#12295);
#12295 = AXIS2_PLACEMENT_3D('',#12296,#12297,#12298);
#12296 = CARTESIAN_POINT('',(-42.20442136377,3.257885456085,
    36.771960728928));
#12297 = DIRECTION('',(0.,1.,0.));
#12298 = DIRECTION('',(0.,-0.,1.));
#12299 = ADVANCED_FACE('',(#12300),#12311,.T.);
#12300 = FACE_BOUND('',#12301,.T.);
#12301 = EDGE_LOOP('',(#12302,#12303,#12304,#12305));
#12302 = ORIENTED_EDGE('',*,*,#1778,.F.);
#12303 = ORIENTED_EDGE('',*,*,#1824,.F.);
#12304 = ORIENTED_EDGE('',*,*,#12286,.F.);
#12305 = ORIENTED_EDGE('',*,*,#12306,.T.);
#12306 = EDGE_CURVE('',#6543,#1725,#12307,.T.);
#12307 = LINE('',#12308,#12309);
#12308 = CARTESIAN_POINT('',(-41.95470428466,3.257885456085,
    44.011520385742));
#12309 = VECTOR('',#12310,1.);
#12310 = DIRECTION('',(1.596597006713E-03,0.,-0.999998725438));
#12311 = PLANE('',#12312);
#12312 = AXIS2_PLACEMENT_3D('',#12313,#12314,#12315);
#12313 = CARTESIAN_POINT('',(-42.03839271655,3.257885456085,
    36.528065546275));
#12314 = DIRECTION('',(0.,1.,0.));
#12315 = DIRECTION('',(0.,-0.,1.));
#12316 = ADVANCED_FACE('',(#12317),#12327,.T.);
#12317 = FACE_BOUND('',#12318,.T.);
#12318 = EDGE_LOOP('',(#12319,#12325,#12326));
#12319 = ORIENTED_EDGE('',*,*,#12320,.T.);
#12320 = EDGE_CURVE('',#6497,#1725,#12321,.T.);
#12321 = LINE('',#12322,#12323);
#12322 = CARTESIAN_POINT('',(-41.78255081176,3.257885456085,
    43.980220794678));
#12323 = VECTOR('',#12324,1.);
#12324 = DIRECTION('',(-1.013275806456E-02,0.,-0.999948662289));
#12325 = ORIENTED_EDGE('',*,*,#12306,.F.);
#12326 = ORIENTED_EDGE('',*,*,#6542,.T.);
#12327 = PLANE('',#12328);
#12328 = AXIS2_PLACEMENT_3D('',#12329,#12330,#12331);
#12329 = CARTESIAN_POINT('',(-41.89978727568,3.257885456085,
    36.695420758478));
#12330 = DIRECTION('',(0.,1.,0.));
#12331 = DIRECTION('',(0.,-0.,1.));
#12332 = ADVANCED_FACE('',(#12333),#12343,.T.);
#12333 = FACE_BOUND('',#12334,.T.);
#12334 = EDGE_LOOP('',(#12335,#12336,#12337));
#12335 = ORIENTED_EDGE('',*,*,#1724,.F.);
#12336 = ORIENTED_EDGE('',*,*,#12320,.F.);
#12337 = ORIENTED_EDGE('',*,*,#12338,.T.);
#12338 = EDGE_CURVE('',#6497,#1650,#12339,.T.);
#12339 = LINE('',#12340,#12341);
#12340 = CARTESIAN_POINT('',(-41.78255081176,3.257885456085,
    43.980220794678));
#12341 = VECTOR('',#12342,1.);
#12342 = DIRECTION('',(1.706432154652E-02,0.,-0.999854393865));
#12343 = PLANE('',#12344);
#12344 = AXIS2_PLACEMENT_3D('',#12345,#12346,#12347);
#12345 = CARTESIAN_POINT('',(-41.7567723749,3.257885456085,
    36.545680757697));
#12346 = DIRECTION('',(0.,1.,0.));
#12347 = DIRECTION('',(0.,-0.,1.));
#12348 = ADVANCED_FACE('',(#12349),#12359,.T.);
#12349 = FACE_BOUND('',#12350,.T.);
#12350 = EDGE_LOOP('',(#12351,#12352,#12353));
#12351 = ORIENTED_EDGE('',*,*,#1647,.T.);
#12352 = ORIENTED_EDGE('',*,*,#12338,.F.);
#12353 = ORIENTED_EDGE('',*,*,#12354,.T.);
#12354 = EDGE_CURVE('',#6497,#1648,#12355,.T.);
#12355 = LINE('',#12356,#12357);
#12356 = CARTESIAN_POINT('',(-41.78255081176,3.257885456085,
    43.980220794678));
#12357 = VECTOR('',#12358,1.);
#12358 = DIRECTION('',(3.028921683157E-02,0.,-0.999541176412));
#12359 = PLANE('',#12360);
#12360 = AXIS2_PLACEMENT_3D('',#12361,#12362,#12363);
#12361 = CARTESIAN_POINT('',(-41.60717089904,3.257885456085,
    36.582405978779));
#12362 = DIRECTION('',(0.,1.,0.));
#12363 = DIRECTION('',(0.,-0.,1.));
#12364 = ADVANCED_FACE('',(#12365),#12375,.T.);
#12365 = FACE_BOUND('',#12366,.T.);
#12366 = EDGE_LOOP('',(#12367,#12368,#12369));
#12367 = ORIENTED_EDGE('',*,*,#1657,.T.);
#12368 = ORIENTED_EDGE('',*,*,#12354,.F.);
#12369 = ORIENTED_EDGE('',*,*,#12370,.T.);
#12370 = EDGE_CURVE('',#6497,#1602,#12371,.T.);
#12371 = LINE('',#12372,#12373);
#12372 = CARTESIAN_POINT('',(-41.78255081176,3.257885456085,
    43.980220794678));
#12373 = VECTOR('',#12374,1.);
#12374 = DIRECTION('',(4.224576245226E-02,0.,-0.999107249275));
#12375 = PLANE('',#12376);
#12376 = AXIS2_PLACEMENT_3D('',#12377,#12378,#12379);
#12377 = CARTESIAN_POINT('',(-41.51259916731,3.257885456085,
    36.549532939946));
#12378 = DIRECTION('',(0.,1.,0.));
#12379 = DIRECTION('',(0.,-0.,1.));
#12380 = ADVANCED_FACE('',(#12381),#12391,.T.);
#12381 = FACE_BOUND('',#12382,.T.);
#12382 = EDGE_LOOP('',(#12383,#12384,#12385));
#12383 = ORIENTED_EDGE('',*,*,#1601,.F.);
#12384 = ORIENTED_EDGE('',*,*,#12370,.F.);
#12385 = ORIENTED_EDGE('',*,*,#12386,.T.);
#12386 = EDGE_CURVE('',#6497,#1548,#12387,.T.);
#12387 = LINE('',#12388,#12389);
#12388 = CARTESIAN_POINT('',(-41.78255081176,3.257885456085,
    43.980220794678));
#12389 = VECTOR('',#12390,1.);
#12390 = DIRECTION('',(5.288863724609E-02,0.,-0.998600416608));
#12391 = PLANE('',#12392);
#12392 = AXIS2_PLACEMENT_3D('',#12393,#12394,#12395);
#12393 = CARTESIAN_POINT('',(-41.42590227987,3.257885456085,
    36.49803501492));
#12394 = DIRECTION('',(0.,1.,0.));
#12395 = DIRECTION('',(0.,-0.,1.));
#12396 = ADVANCED_FACE('',(#12397),#12407,.T.);
#12397 = FACE_BOUND('',#12398,.T.);
#12398 = EDGE_LOOP('',(#12399,#12400,#12401));
#12399 = ORIENTED_EDGE('',*,*,#1547,.F.);
#12400 = ORIENTED_EDGE('',*,*,#12386,.F.);
#12401 = ORIENTED_EDGE('',*,*,#12402,.T.);
#12402 = EDGE_CURVE('',#6497,#1494,#12403,.T.);
#12403 = LINE('',#12404,#12405);
#12404 = CARTESIAN_POINT('',(-41.78255081176,3.257885456085,
    43.980220794678));
#12405 = VECTOR('',#12406,1.);
#12406 = DIRECTION('',(6.170017029849E-02,0.,-0.998094729465));
#12407 = PLANE('',#12408);
#12408 = AXIS2_PLACEMENT_3D('',#12409,#12410,#12411);
#12409 = CARTESIAN_POINT('',(-41.34915753472,3.257885456085,
    36.43412542304));
#12410 = DIRECTION('',(0.,1.,0.));
#12411 = DIRECTION('',(0.,-0.,1.));
#12412 = ADVANCED_FACE('',(#12413),#12423,.T.);
#12413 = FACE_BOUND('',#12414,.T.);
#12414 = EDGE_LOOP('',(#12415,#12421,#12422));
#12415 = ORIENTED_EDGE('',*,*,#12416,.T.);
#12416 = EDGE_CURVE('',#6419,#1494,#12417,.T.);
#12417 = LINE('',#12418,#12419);
#12418 = CARTESIAN_POINT('',(-5.0276222229,3.257885456085,43.98804473877
    ));
#12419 = VECTOR('',#12420,1.);
#12420 = DIRECTION('',(-0.921749075278,0.,-0.387786851536));
#12421 = ORIENTED_EDGE('',*,*,#12402,.F.);
#12422 = ORIENTED_EDGE('',*,*,#6496,.F.);
#12423 = PLANE('',#12424);
#12424 = AXIS2_PLACEMENT_3D('',#12425,#12426,#12427);
#12425 = CARTESIAN_POINT('',(-26.18569521196,3.257885456085,
    39.503463875043));
#12426 = DIRECTION('',(0.,1.,0.));
#12427 = DIRECTION('',(0.,-0.,1.));
#12428 = ADVANCED_FACE('',(#12429),#12440,.T.);
#12429 = FACE_BOUND('',#12430,.T.);
#12430 = EDGE_LOOP('',(#12431,#12432,#12433,#12434));
#12431 = ORIENTED_EDGE('',*,*,#1470,.F.);
#12432 = ORIENTED_EDGE('',*,*,#1493,.F.);
#12433 = ORIENTED_EDGE('',*,*,#12416,.F.);
#12434 = ORIENTED_EDGE('',*,*,#12435,.T.);
#12435 = EDGE_CURVE('',#6419,#1425,#12436,.T.);
#12436 = LINE('',#12437,#12438);
#12437 = CARTESIAN_POINT('',(-5.0276222229,3.257885456085,43.98804473877
    ));
#12438 = VECTOR('',#12439,1.);
#12439 = DIRECTION('',(-0.915703677921,0.,-0.401854170367));
#12440 = PLANE('',#12441);
#12441 = AXIS2_PLACEMENT_3D('',#12442,#12443,#12444);
#12442 = CARTESIAN_POINT('',(-23.01256460221,3.257885456085,
    36.259128141674));
#12443 = DIRECTION('',(0.,1.,0.));
#12444 = DIRECTION('',(0.,-0.,1.));
#12445 = ADVANCED_FACE('',(#12446),#12457,.T.);
#12446 = FACE_BOUND('',#12447,.T.);
#12447 = EDGE_LOOP('',(#12448,#12449,#12450,#12451));
#12448 = ORIENTED_EDGE('',*,*,#2656,.F.);
#12449 = ORIENTED_EDGE('',*,*,#1424,.F.);
#12450 = ORIENTED_EDGE('',*,*,#12435,.F.);
#12451 = ORIENTED_EDGE('',*,*,#12452,.T.);
#12452 = EDGE_CURVE('',#6419,#2634,#12453,.T.);
#12453 = LINE('',#12454,#12455);
#12454 = CARTESIAN_POINT('',(-5.0276222229,3.257885456085,43.98804473877
    ));
#12455 = VECTOR('',#12456,1.);
#12456 = DIRECTION('',(-0.91189899118,0.,-0.410414704762));
#12457 = PLANE('',#12458);
#12458 = AXIS2_PLACEMENT_3D('',#12459,#12460,#12461);
#12459 = CARTESIAN_POINT('',(-22.90499040904,3.257885456085,
    36.042122365325));
#12460 = DIRECTION('',(0.,1.,0.));
#12461 = DIRECTION('',(0.,-0.,1.));
#12462 = ADVANCED_FACE('',(#12463),#12478,.T.);
#12463 = FACE_BOUND('',#12464,.T.);
#12464 = EDGE_LOOP('',(#12465,#12471,#12472));
#12465 = ORIENTED_EDGE('',*,*,#12466,.T.);
#12466 = EDGE_CURVE('',#6189,#2634,#12467,.T.);
#12467 = LINE('',#12468,#12469);
#12468 = CARTESIAN_POINT('',(-4.526808738708,3.257885456085,
    43.487232208252));
#12469 = VECTOR('',#12470,1.);
#12470 = DIRECTION('',(-0.918690895406,0.,-0.394977263521));
#12471 = ORIENTED_EDGE('',*,*,#12452,.F.);
#12472 = ORIENTED_EDGE('',*,*,#12473,.T.);
#12473 = EDGE_CURVE('',#6419,#6189,#12474,.T.);
#12474 = LINE('',#12475,#12476);
#12475 = CARTESIAN_POINT('',(-5.0276222229,3.257885456085,43.98804473877
    ));
#12476 = VECTOR('',#12477,1.);
#12477 = DIRECTION('',(0.707107454441,0.,-0.707106107931));
#12478 = PLANE('',#12479);
#12479 = AXIS2_PLACEMENT_3D('',#12480,#12481,#12482);
#12480 = CARTESIAN_POINT('',(-22.52806031597,3.257885456085,
    35.927922072672));
#12481 = DIRECTION('',(0.,1.,0.));
#12482 = DIRECTION('',(0.,-0.,1.));
#12483 = ADVANCED_FACE('',(#12484),#12495,.T.);
#12484 = FACE_BOUND('',#12485,.T.);
#12485 = EDGE_LOOP('',(#12486,#12492,#12493,#12494));
#12486 = ORIENTED_EDGE('',*,*,#12487,.T.);
#12487 = EDGE_CURVE('',#6327,#6189,#12488,.T.);
#12488 = LINE('',#12489,#12490);
#12489 = CARTESIAN_POINT('',(-4.722431182861,3.257885456085,
    43.878490447998));
#12490 = VECTOR('',#12491,1.);
#12491 = DIRECTION('',(0.44720138667,0.,-0.894433295311));
#12492 = ORIENTED_EDGE('',*,*,#12473,.F.);
#12493 = ORIENTED_EDGE('',*,*,#6427,.F.);
#12494 = ORIENTED_EDGE('',*,*,#6381,.F.);
#12495 = PLANE('',#12496);
#12496 = AXIS2_PLACEMENT_3D('',#12497,#12498,#12499);
#12497 = CARTESIAN_POINT('',(-4.753381517241,3.257885456085,
    43.76449165485));
#12498 = DIRECTION('',(0.,1.,0.));
#12499 = DIRECTION('',(0.,-0.,1.));
#12500 = ADVANCED_FACE('',(#12501),#12506,.T.);
#12501 = FACE_BOUND('',#12502,.T.);
#12502 = EDGE_LOOP('',(#12503,#12504,#12505));
#12503 = ORIENTED_EDGE('',*,*,#6464,.F.);
#12504 = ORIENTED_EDGE('',*,*,#12487,.F.);
#12505 = ORIENTED_EDGE('',*,*,#6335,.F.);
#12506 = PLANE('',#12507);
#12507 = AXIS2_PLACEMENT_3D('',#12508,#12509,#12510);
#12508 = CARTESIAN_POINT('',(-4.614662013411,3.257885456085,
    43.688665201246));
#12509 = DIRECTION('',(0.,1.,0.));
#12510 = DIRECTION('',(0.,-0.,1.));
#12511 = ADVANCED_FACE('',(#12512),#12522,.T.);
#12512 = FACE_BOUND('',#12513,.T.);
#12513 = EDGE_LOOP('',(#12514,#12520,#12521));
#12514 = ORIENTED_EDGE('',*,*,#12515,.T.);
#12515 = EDGE_CURVE('',#6135,#2634,#12516,.T.);
#12516 = LINE('',#12517,#12518);
#12517 = CARTESIAN_POINT('',(-4.479855537415,3.257885456085,
    -9.575394630432));
#12518 = VECTOR('',#12519,1.);
#12519 = DIRECTION('',(-0.693231829954,0.,0.720714666105));
#12520 = ORIENTED_EDGE('',*,*,#12466,.F.);
#12521 = ORIENTED_EDGE('',*,*,#6188,.F.);
#12522 = PLANE('',#12523);
#12523 = AXIS2_PLACEMENT_3D('',#12524,#12525,#12526);
#12524 = CARTESIAN_POINT('',(-15.92030654736,3.257885456085,
    19.263061390069));
#12525 = DIRECTION('',(0.,1.,0.));
#12526 = DIRECTION('',(0.,-0.,1.));
#12527 = ADVANCED_FACE('',(#12528),#12538,.T.);
#12528 = FACE_BOUND('',#12529,.T.);
#12529 = EDGE_LOOP('',(#12530,#12536,#12537));
#12530 = ORIENTED_EDGE('',*,*,#12531,.T.);
#12531 = EDGE_CURVE('',#2505,#2634,#12532,.T.);
#12532 = LINE('',#12533,#12534);
#12533 = CARTESIAN_POINT('',(-40.99220657348,3.257885456085,
    27.296911239624));
#12534 = VECTOR('',#12535,1.);
#12535 = DIRECTION('',(0.498283540042,0.,0.86701413698));
#12536 = ORIENTED_EDGE('',*,*,#12515,.F.);
#12537 = ORIENTED_EDGE('',*,*,#11882,.F.);
#12538 = PLANE('',#12539);
#12539 = AXIS2_PLACEMENT_3D('',#12540,#12541,#12542);
#12540 = CARTESIAN_POINT('',(-22.7740913515,3.257885456085,
    9.170735008322));
#12541 = DIRECTION('',(0.,1.,0.));
#12542 = DIRECTION('',(0.,-0.,1.));
#12543 = ADVANCED_FACE('',(#12544),#12555,.T.);
#12544 = FACE_BOUND('',#12545,.T.);
#12545 = EDGE_LOOP('',(#12546,#12552,#12553,#12554));
#12546 = ORIENTED_EDGE('',*,*,#12547,.T.);
#12547 = EDGE_CURVE('',#4641,#9089,#12548,.T.);
#12548 = LINE('',#12549,#12550);
#12549 = CARTESIAN_POINT('',(-132.6799774169,3.257885456085,
    -8.777225494385));
#12550 = VECTOR('',#12551,1.);
#12551 = DIRECTION('',(0.741774004536,0.,0.6706499282));
#12552 = ORIENTED_EDGE('',*,*,#9111,.F.);
#12553 = ORIENTED_EDGE('',*,*,#9157,.F.);
#12554 = ORIENTED_EDGE('',*,*,#8281,.F.);
#12555 = PLANE('',#12556);
#12556 = AXIS2_PLACEMENT_3D('',#12557,#12558,#12559);
#12557 = CARTESIAN_POINT('',(-123.5502729792,3.257885456085,
    -0.722371958455));
#12558 = DIRECTION('',(0.,1.,0.));
#12559 = DIRECTION('',(0.,-0.,1.));
#12560 = ADVANCED_FACE('',(#12561),#12573,.T.);
#12561 = FACE_BOUND('',#12562,.T.);
#12562 = EDGE_LOOP('',(#12563,#12564,#12565,#12566,#12567));
#12563 = ORIENTED_EDGE('',*,*,#8965,.F.);
#12564 = ORIENTED_EDGE('',*,*,#9042,.F.);
#12565 = ORIENTED_EDGE('',*,*,#9088,.F.);
#12566 = ORIENTED_EDGE('',*,*,#12547,.F.);
#12567 = ORIENTED_EDGE('',*,*,#12568,.T.);
#12568 = EDGE_CURVE('',#4641,#8968,#12569,.T.);
#12569 = LINE('',#12570,#12571);
#12570 = CARTESIAN_POINT('',(-132.6799774169,3.257885456085,
    -8.777225494385));
#12571 = VECTOR('',#12572,1.);
#12572 = DIRECTION('',(0.728528549046,0.,0.685015440136));
#12573 = PLANE('',#12574);
#12574 = AXIS2_PLACEMENT_3D('',#12575,#12576,#12577);
#12575 = CARTESIAN_POINT('',(-123.6489857085,3.257885456085,
    -0.44795484068));
#12576 = DIRECTION('',(0.,1.,0.));
#12577 = DIRECTION('',(0.,-0.,1.));
#12578 = ADVANCED_FACE('',(#12579),#12589,.T.);
#12579 = FACE_BOUND('',#12580,.T.);
#12580 = EDGE_LOOP('',(#12581,#12587,#12588));
#12581 = ORIENTED_EDGE('',*,*,#12582,.T.);
#12582 = EDGE_CURVE('',#1371,#8968,#12583,.T.);
#12583 = LINE('',#12584,#12585);
#12584 = CARTESIAN_POINT('',(-132.6799774169,3.257885456085,
    41.225749969482));
#12585 = VECTOR('',#12586,1.);
#12586 = DIRECTION('',(0.472342152095,0.,-0.881415277468));
#12587 = ORIENTED_EDGE('',*,*,#12568,.F.);
#12588 = ORIENTED_EDGE('',*,*,#4640,.F.);
#12589 = PLANE('',#12590);
#12590 = AXIS2_PLACEMENT_3D('',#12591,#12592,#12593);
#12591 = CARTESIAN_POINT('',(-127.7419707196,3.257885456085,
    15.41666179299));
#12592 = DIRECTION('',(0.,1.,0.));
#12593 = DIRECTION('',(0.,-0.,1.));
#12594 = ADVANCED_FACE('',(#12595),#12605,.T.);
#12595 = FACE_BOUND('',#12596,.T.);
#12596 = EDGE_LOOP('',(#12597,#12603,#12604));
#12597 = ORIENTED_EDGE('',*,*,#12598,.T.);
#12598 = EDGE_CURVE('',#792,#8968,#12599,.T.);
#12599 = LINE('',#12600,#12601);
#12600 = CARTESIAN_POINT('',(-114.7289962768,3.257885456085,
    24.205961227417));
#12601 = VECTOR('',#12602,1.);
#12602 = DIRECTION('',(-8.196312326009E-03,0.,-0.999966409668));
#12603 = ORIENTED_EDGE('',*,*,#12582,.F.);
#12604 = ORIENTED_EDGE('',*,*,#1370,.T.);
#12605 = PLANE('',#12606);
#12606 = AXIS2_PLACEMENT_3D('',#12607,#12608,#12609);
#12607 = CARTESIAN_POINT('',(-121.8988605263,3.257885456085,
    25.396879530613));
#12608 = DIRECTION('',(0.,1.,0.));
#12609 = DIRECTION('',(0.,-0.,1.));
#12610 = ADVANCED_FACE('',(#12611),#12623,.T.);
#12611 = FACE_BOUND('',#12612,.T.);
#12612 = EDGE_LOOP('',(#12613,#12614,#12615,#12616,#12617));
#12613 = ORIENTED_EDGE('',*,*,#8873,.F.);
#12614 = ORIENTED_EDGE('',*,*,#8896,.F.);
#12615 = ORIENTED_EDGE('',*,*,#8975,.F.);
#12616 = ORIENTED_EDGE('',*,*,#12598,.F.);
#12617 = ORIENTED_EDGE('',*,*,#12618,.T.);
#12618 = EDGE_CURVE('',#792,#8828,#12619,.T.);
#12619 = LINE('',#12620,#12621);
#12620 = CARTESIAN_POINT('',(-114.7289962768,3.257885456085,
    24.205961227417));
#12621 = VECTOR('',#12622,1.);
#12622 = DIRECTION('',(7.48159561376E-03,0.,-0.999972012472));
#12623 = PLANE('',#12624);
#12624 = AXIS2_PLACEMENT_3D('',#12625,#12626,#12627);
#12625 = CARTESIAN_POINT('',(-114.7340176926,3.257885456085,
    16.077911153957));
#12626 = DIRECTION('',(0.,1.,0.));
#12627 = DIRECTION('',(0.,-0.,1.));
#12628 = ADVANCED_FACE('',(#12629),#12639,.T.);
#12629 = FACE_BOUND('',#12630,.T.);
#12630 = EDGE_LOOP('',(#12631,#12637,#12638));
#12631 = ORIENTED_EDGE('',*,*,#12632,.T.);
#12632 = EDGE_CURVE('',#840,#8828,#12633,.T.);
#12633 = LINE('',#12634,#12635);
#12634 = CARTESIAN_POINT('',(-114.6116104125,3.257885456085,
    24.04162979126));
#12635 = VECTOR('',#12636,1.);
#12636 = DIRECTION('',(0.,0.,-1.));
#12637 = ORIENTED_EDGE('',*,*,#12618,.F.);
#12638 = ORIENTED_EDGE('',*,*,#847,.T.);
#12639 = PLANE('',#12640);
#12640 = AXIS2_PLACEMENT_3D('',#12641,#12642,#12643);
#12641 = CARTESIAN_POINT('',(-114.6412994307,3.257885456085,
    16.370500722515));
#12642 = DIRECTION('',(0.,1.,0.));
#12643 = DIRECTION('',(0.,-0.,1.));
#12644 = ADVANCED_FACE('',(#12645),#12656,.T.);
#12645 = FACE_BOUND('',#12646,.T.);
#12646 = EDGE_LOOP('',(#12647,#12648,#12649,#12650));
#12647 = ORIENTED_EDGE('',*,*,#8750,.T.);
#12648 = ORIENTED_EDGE('',*,*,#8827,.F.);
#12649 = ORIENTED_EDGE('',*,*,#12632,.F.);
#12650 = ORIENTED_EDGE('',*,*,#12651,.T.);
#12651 = EDGE_CURVE('',#840,#8751,#12652,.T.);
#12652 = LINE('',#12653,#12654);
#12653 = CARTESIAN_POINT('',(-114.6116104125,3.257885456085,
    24.04162979126));
#12654 = VECTOR('',#12655,1.);
#12655 = DIRECTION('',(1.99853158268E-02,0.,-0.99980027363));
#12656 = PLANE('',#12657);
#12657 = AXIS2_PLACEMENT_3D('',#12658,#12659,#12660);
#12658 = CARTESIAN_POINT('',(-114.5349628444,3.257885456085,
    16.244417581562));
#12659 = DIRECTION('',(0.,1.,0.));
#12660 = DIRECTION('',(0.,-0.,1.));
#12661 = ADVANCED_FACE('',(#12662),#12673,.T.);
#12662 = FACE_BOUND('',#12663,.T.);
#12663 = EDGE_LOOP('',(#12664,#12670,#12671,#12672));
#12664 = ORIENTED_EDGE('',*,*,#12665,.T.);
#12665 = EDGE_CURVE('',#908,#8751,#12666,.T.);
#12666 = LINE('',#12667,#12668);
#12667 = CARTESIAN_POINT('',(-114.3064346313,3.257885456085,
    23.783401489258));
#12668 = VECTOR('',#12669,1.);
#12669 = DIRECTION('',(0.,0.,-1.));
#12670 = ORIENTED_EDGE('',*,*,#12651,.F.);
#12671 = ORIENTED_EDGE('',*,*,#837,.F.);
#12672 = ORIENTED_EDGE('',*,*,#907,.F.);
#12673 = PLANE('',#12674);
#12674 = AXIS2_PLACEMENT_3D('',#12675,#12676,#12677);
#12675 = CARTESIAN_POINT('',(-114.3843725227,3.257885456085,
    16.442776850233));
#12676 = DIRECTION('',(0.,1.,0.));
#12677 = DIRECTION('',(0.,-0.,1.));
#12678 = ADVANCED_FACE('',(#12679),#12689,.T.);
#12679 = FACE_BOUND('',#12680,.T.);
#12680 = EDGE_LOOP('',(#12681,#12682,#12683));
#12681 = ORIENTED_EDGE('',*,*,#8760,.T.);
#12682 = ORIENTED_EDGE('',*,*,#12665,.F.);
#12683 = ORIENTED_EDGE('',*,*,#12684,.T.);
#12684 = EDGE_CURVE('',#908,#8705,#12685,.T.);
#12685 = LINE('',#12686,#12687);
#12686 = CARTESIAN_POINT('',(-114.3064346313,3.257885456085,
    23.783401489258));
#12687 = VECTOR('',#12688,1.);
#12688 = DIRECTION('',(1.206032814611E-02,0.,-0.999927271598));
#12689 = PLANE('',#12690);
#12690 = AXIS2_PLACEMENT_3D('',#12691,#12692,#12693);
#12691 = CARTESIAN_POINT('',(-114.261267363,3.257885456085,
    16.25095416992));
#12692 = DIRECTION('',(0.,1.,0.));
#12693 = DIRECTION('',(0.,-0.,1.));
#12694 = ADVANCED_FACE('',(#12695),#12705,.T.);
#12695 = FACE_BOUND('',#12696,.T.);
#12696 = EDGE_LOOP('',(#12697,#12703,#12704));
#12697 = ORIENTED_EDGE('',*,*,#12698,.T.);
#12698 = EDGE_CURVE('',#954,#8705,#12699,.T.);
#12699 = LINE('',#12700,#12701);
#12700 = CARTESIAN_POINT('',(-113.9308242797,3.257885456085,
    23.642547607422));
#12701 = VECTOR('',#12702,1.);
#12702 = DIRECTION('',(-1.323305257672E-02,0.,-0.999912439326));
#12703 = ORIENTED_EDGE('',*,*,#12684,.F.);
#12704 = ORIENTED_EDGE('',*,*,#953,.F.);
#12705 = PLANE('',#12706);
#12706 = AXIS2_PLACEMENT_3D('',#12707,#12708,#12709);
#12707 = CARTESIAN_POINT('',(-114.1229260753,3.257885456085,
    16.385975501107));
#12708 = DIRECTION('',(0.,1.,0.));
#12709 = DIRECTION('',(0.,-0.,1.));
#12710 = ADVANCED_FACE('',(#12711),#12722,.T.);
#12711 = FACE_BOUND('',#12712,.T.);
#12712 = EDGE_LOOP('',(#12713,#12714,#12715,#12716));
#12713 = ORIENTED_EDGE('',*,*,#8642,.T.);
#12714 = ORIENTED_EDGE('',*,*,#8704,.F.);
#12715 = ORIENTED_EDGE('',*,*,#12698,.F.);
#12716 = ORIENTED_EDGE('',*,*,#12717,.T.);
#12717 = EDGE_CURVE('',#954,#8643,#12718,.T.);
#12718 = LINE('',#12719,#12720);
#12719 = CARTESIAN_POINT('',(-113.9308242797,3.257885456085,
    23.642547607422));
#12720 = VECTOR('',#12721,1.);
#12721 = DIRECTION('',(1.382833297098E-02,0.,-0.999904384032));
#12722 = PLANE('',#12723);
#12723 = AXIS2_PLACEMENT_3D('',#12724,#12725,#12726);
#12724 = CARTESIAN_POINT('',(-113.9290754301,3.257885456085,
    16.169289767553));
#12725 = DIRECTION('',(0.,1.,0.));
#12726 = DIRECTION('',(0.,-0.,1.));
#12727 = ADVANCED_FACE('',(#12728),#12740,.T.);
#12728 = FACE_BOUND('',#12729,.T.);
#12729 = EDGE_LOOP('',(#12730,#12736,#12737,#12738,#12739));
#12730 = ORIENTED_EDGE('',*,*,#12731,.T.);
#12731 = EDGE_CURVE('',#1110,#8643,#12732,.T.);
#12732 = LINE('',#12733,#12734);
#12733 = CARTESIAN_POINT('',(-113.3361053466,3.257885456085,
    23.697324752808));
#12734 = VECTOR('',#12735,1.);
#12735 = DIRECTION('',(-2.648820949362E-02,0.,-0.999649125823));
#12736 = ORIENTED_EDGE('',*,*,#12717,.F.);
#12737 = ORIENTED_EDGE('',*,*,#1007,.F.);
#12738 = ORIENTED_EDGE('',*,*,#1030,.F.);
#12739 = ORIENTED_EDGE('',*,*,#1117,.F.);
#12740 = PLANE('',#12741);
#12741 = AXIS2_PLACEMENT_3D('',#12742,#12743,#12744);
#12742 = CARTESIAN_POINT('',(-113.6791963983,3.257885456085,
    16.446899573164));
#12743 = DIRECTION('',(0.,1.,0.));
#12744 = DIRECTION('',(0.,-0.,1.));
#12745 = ADVANCED_FACE('',(#12746),#12757,.T.);
#12746 = FACE_BOUND('',#12747,.T.);
#12747 = EDGE_LOOP('',(#12748,#12749,#12750,#12751));
#12748 = ORIENTED_EDGE('',*,*,#8565,.F.);
#12749 = ORIENTED_EDGE('',*,*,#8652,.F.);
#12750 = ORIENTED_EDGE('',*,*,#12731,.F.);
#12751 = ORIENTED_EDGE('',*,*,#12752,.T.);
#12752 = EDGE_CURVE('',#1110,#8512,#12753,.T.);
#12753 = LINE('',#12754,#12755);
#12754 = CARTESIAN_POINT('',(-113.3361053466,3.257885456085,
    23.697324752808));
#12755 = VECTOR('',#12756,1.);
#12756 = DIRECTION('',(1.205981391223E-02,0.,-0.9999272778));
#12757 = PLANE('',#12758);
#12758 = AXIS2_PLACEMENT_3D('',#12759,#12760,#12761);
#12759 = CARTESIAN_POINT('',(-113.3892418027,3.257885456085,
    16.129784353761));
#12760 = DIRECTION('',(0.,1.,0.));
#12761 = DIRECTION('',(0.,-0.,1.));
#12762 = ADVANCED_FACE('',(#12763),#12774,.T.);
#12763 = FACE_BOUND('',#12764,.T.);
#12764 = EDGE_LOOP('',(#12765,#12771,#12772,#12773));
#12765 = ORIENTED_EDGE('',*,*,#12766,.T.);
#12766 = EDGE_CURVE('',#1139,#8512,#12767,.T.);
#12767 = LINE('',#12768,#12769);
#12768 = CARTESIAN_POINT('',(-112.8509521484,3.257885456085,
    24.04162979126));
#12769 = VECTOR('',#12770,1.);
#12770 = DIRECTION('',(-1.99853158268E-02,0.,-0.99980027363));
#12771 = ORIENTED_EDGE('',*,*,#12752,.F.);
#12772 = ORIENTED_EDGE('',*,*,#1107,.F.);
#12773 = ORIENTED_EDGE('',*,*,#1138,.F.);
#12774 = PLANE('',#12775);
#12775 = AXIS2_PLACEMENT_3D('',#12776,#12777,#12778);
#12776 = CARTESIAN_POINT('',(-113.1228594654,3.257885456085,
    16.468880392636));
#12777 = DIRECTION('',(0.,1.,0.));
#12778 = DIRECTION('',(0.,-0.,1.));
#12779 = ADVANCED_FACE('',(#12780),#12791,.T.);
#12780 = FACE_BOUND('',#12781,.T.);
#12781 = EDGE_LOOP('',(#12782,#12783,#12784,#12785));
#12782 = ORIENTED_EDGE('',*,*,#8465,.F.);
#12783 = ORIENTED_EDGE('',*,*,#8511,.F.);
#12784 = ORIENTED_EDGE('',*,*,#12766,.F.);
#12785 = ORIENTED_EDGE('',*,*,#12786,.T.);
#12786 = EDGE_CURVE('',#1139,#8443,#12787,.T.);
#12787 = LINE('',#12788,#12789);
#12788 = CARTESIAN_POINT('',(-112.8509521484,3.257885456085,
    24.04162979126));
#12789 = VECTOR('',#12790,1.);
#12790 = DIRECTION('',(7.481109835732E-03,0.,-0.999972016106));
#12791 = PLANE('',#12792);
#12792 = AXIS2_PLACEMENT_3D('',#12793,#12794,#12795);
#12793 = CARTESIAN_POINT('',(-112.8973848121,3.257885456085,
    16.154557887697));
#12794 = DIRECTION('',(0.,1.,0.));
#12795 = DIRECTION('',(0.,-0.,1.));
#12796 = ADVANCED_FACE('',(#12797),#12807,.T.);
#12797 = FACE_BOUND('',#12798,.T.);
#12798 = EDGE_LOOP('',(#12799,#12805,#12806));
#12799 = ORIENTED_EDGE('',*,*,#12800,.T.);
#12800 = EDGE_CURVE('',#1216,#8443,#12801,.T.);
#12801 = LINE('',#12802,#12803);
#12802 = CARTESIAN_POINT('',(-112.7335739135,3.257885456085,
    24.205961227417));
#12803 = VECTOR('',#12804,1.);
#12804 = DIRECTION('',(0.,0.,-1.));
#12805 = ORIENTED_EDGE('',*,*,#12786,.F.);
#12806 = ORIENTED_EDGE('',*,*,#1215,.F.);
#12807 = PLANE('',#12808);
#12808 = AXIS2_PLACEMENT_3D('',#12809,#12810,#12811);
#12809 = CARTESIAN_POINT('',(-112.7629536482,3.257885456085,
    16.288334386898));
#12810 = DIRECTION('',(0.,1.,0.));
#12811 = DIRECTION('',(0.,-0.,1.));
#12812 = ADVANCED_FACE('',(#12813),#12828,.T.);
#12813 = FACE_BOUND('',#12814,.T.);
#12814 = EDGE_LOOP('',(#12815,#12821,#12822));
#12815 = ORIENTED_EDGE('',*,*,#12816,.T.);
#12816 = EDGE_CURVE('',#10356,#8443,#12817,.T.);
#12817 = LINE('',#12818,#12819);
#12818 = CARTESIAN_POINT('',(-73.56848144531,3.257885456085,
    -6.038408756256));
#12819 = VECTOR('',#12820,1.);
#12820 = DIRECTION('',(-0.938643759623,0.,0.344888231925));
#12821 = ORIENTED_EDGE('',*,*,#12800,.F.);
#12822 = ORIENTED_EDGE('',*,*,#12823,.T.);
#12823 = EDGE_CURVE('',#1216,#10356,#12824,.T.);
#12824 = LINE('',#12825,#12826);
#12825 = CARTESIAN_POINT('',(-112.7335739135,3.257885456085,
    24.205961227417));
#12826 = VECTOR('',#12827,1.);
#12827 = DIRECTION('',(0.791476261815,0.,-0.611199907546));
#12828 = PLANE('',#12829);
#12829 = AXIS2_PLACEMENT_3D('',#12830,#12831,#12832);
#12830 = CARTESIAN_POINT('',(-96.05081243916,3.257885456085,
    7.059916702609));
#12831 = DIRECTION('',(0.,1.,0.));
#12832 = DIRECTION('',(0.,-0.,1.));
#12833 = ADVANCED_FACE('',(#12834),#12846,.T.);
#12834 = FACE_BOUND('',#12835,.T.);
#12835 = EDGE_LOOP('',(#12836,#12837,#12838,#12839,#12840));
#12836 = ORIENTED_EDGE('',*,*,#8350,.F.);
#12837 = ORIENTED_EDGE('',*,*,#8396,.F.);
#12838 = ORIENTED_EDGE('',*,*,#8442,.F.);
#12839 = ORIENTED_EDGE('',*,*,#12816,.F.);
#12840 = ORIENTED_EDGE('',*,*,#12841,.T.);
#12841 = EDGE_CURVE('',#10356,#8329,#12842,.T.);
#12842 = LINE('',#12843,#12844);
#12843 = CARTESIAN_POINT('',(-73.56848144531,3.257885456085,
    -6.038408756256));
#12844 = VECTOR('',#12845,1.);
#12845 = DIRECTION('',(-0.942598714336,0.,0.333927632478));
#12846 = PLANE('',#12847);
#12847 = AXIS2_PLACEMENT_3D('',#12848,#12849,#12850);
#12848 = CARTESIAN_POINT('',(-93.25035360178,3.257885456085,
    1.064532293327));
#12849 = DIRECTION('',(0.,1.,0.));
#12850 = DIRECTION('',(0.,-0.,1.));
#12851 = ADVANCED_FACE('',(#12852),#12858,.T.);
#12852 = FACE_BOUND('',#12853,.T.);
#12853 = EDGE_LOOP('',(#12854,#12855,#12856,#12857));
#12854 = ORIENTED_EDGE('',*,*,#9849,.F.);
#12855 = ORIENTED_EDGE('',*,*,#12841,.F.);
#12856 = ORIENTED_EDGE('',*,*,#10355,.T.);
#12857 = ORIENTED_EDGE('',*,*,#10409,.F.);
#12858 = PLANE('',#12859);
#12859 = AXIS2_PLACEMENT_3D('',#12860,#12861,#12862);
#12860 = CARTESIAN_POINT('',(-93.04222714657,3.257885456085,
    0.758964603964));
#12861 = DIRECTION('',(0.,1.,0.));
#12862 = DIRECTION('',(0.,-0.,1.));
#12863 = ADVANCED_FACE('',(#12864),#12879,.T.);
#12864 = FACE_BOUND('',#12865,.T.);
#12865 = EDGE_LOOP('',(#12866,#12872,#12873));
#12866 = ORIENTED_EDGE('',*,*,#12867,.T.);
#12867 = EDGE_CURVE('',#4165,#10356,#12868,.T.);
#12868 = LINE('',#12869,#12870);
#12869 = CARTESIAN_POINT('',(-95.47119903564,3.257885456085,
    41.843948364258));
#12870 = VECTOR('',#12871,1.);
#12871 = DIRECTION('',(0.41597402061,0.,-0.909376497485));
#12872 = ORIENTED_EDGE('',*,*,#12823,.F.);
#12873 = ORIENTED_EDGE('',*,*,#12874,.T.);
#12874 = EDGE_CURVE('',#1216,#4165,#12875,.T.);
#12875 = LINE('',#12876,#12877);
#12876 = CARTESIAN_POINT('',(-112.7335739135,3.257885456085,
    24.205961227417));
#12877 = VECTOR('',#12878,1.);
#12878 = DIRECTION('',(0.699456095256,0.,0.714675570317));
#12879 = PLANE('',#12880);
#12880 = AXIS2_PLACEMENT_3D('',#12881,#12882,#12883);
#12881 = CARTESIAN_POINT('',(-91.69861919701,3.257885456085,
    17.404538675743));
#12882 = DIRECTION('',(0.,1.,0.));
#12883 = DIRECTION('',(0.,-0.,1.));
#12884 = ADVANCED_FACE('',(#12885),#12897,.T.);
#12885 = FACE_BOUND('',#12886,.T.);
#12886 = EDGE_LOOP('',(#12887,#12893,#12894,#12895,#12896));
#12887 = ORIENTED_EDGE('',*,*,#12888,.T.);
#12888 = EDGE_CURVE('',#32,#4165,#12889,.T.);
#12889 = LINE('',#12890,#12891);
#12890 = CARTESIAN_POINT('',(-112.5770645141,3.257885456085,
    24.777200698853));
#12891 = VECTOR('',#12892,1.);
#12892 = DIRECTION('',(0.707915751254,0.,0.706296884551));
#12893 = ORIENTED_EDGE('',*,*,#12874,.F.);
#12894 = ORIENTED_EDGE('',*,*,#1261,.F.);
#12895 = ORIENTED_EDGE('',*,*,#1307,.F.);
#12896 = ORIENTED_EDGE('',*,*,#1330,.F.);
#12897 = PLANE('',#12898);
#12898 = AXIS2_PLACEMENT_3D('',#12899,#12900,#12901);
#12899 = CARTESIAN_POINT('',(-104.1666094824,3.257885456085,
    33.062324179055));
#12900 = DIRECTION('',(0.,1.,0.));
#12901 = DIRECTION('',(0.,-0.,1.));
#12902 = ADVANCED_FACE('',(#12903),#12918,.T.);
#12903 = FACE_BOUND('',#12904,.T.);
#12904 = EDGE_LOOP('',(#12905,#12911,#12912));
#12905 = ORIENTED_EDGE('',*,*,#12906,.T.);
#12906 = EDGE_CURVE('',#7881,#10356,#12907,.T.);
#12907 = LINE('',#12908,#12909);
#12908 = CARTESIAN_POINT('',(-77.77842712402,3.257885456085,
    46.499935150146));
#12909 = VECTOR('',#12910,1.);
#12910 = DIRECTION('',(7.987489050654E-02,0.,-0.99680489659));
#12911 = ORIENTED_EDGE('',*,*,#12867,.F.);
#12912 = ORIENTED_EDGE('',*,*,#12913,.T.);
#12913 = EDGE_CURVE('',#4165,#7881,#12914,.T.);
#12914 = LINE('',#12915,#12916);
#12915 = CARTESIAN_POINT('',(-95.47119903564,3.257885456085,
    41.843948364258));
#12916 = VECTOR('',#12917,1.);
#12917 = DIRECTION('',(0.967074615588,0.,0.254493001642));
#12918 = PLANE('',#12919);
#12919 = AXIS2_PLACEMENT_3D('',#12920,#12921,#12922);
#12920 = CARTESIAN_POINT('',(-81.06061763168,3.257885456085,
    22.781623863041));
#12921 = DIRECTION('',(0.,1.,0.));
#12922 = DIRECTION('',(0.,-0.,1.));
#12923 = ADVANCED_FACE('',(#12924),#12940,.T.);
#12924 = FACE_BOUND('',#12925,.T.);
#12925 = EDGE_LOOP('',(#12926,#12932,#12933,#12934));
#12926 = ORIENTED_EDGE('',*,*,#12927,.T.);
#12927 = EDGE_CURVE('',#10202,#10302,#12928,.T.);
#12928 = LINE('',#12929,#12930);
#12929 = CARTESIAN_POINT('',(-72.83290863037,3.257885456085,
    -5.772352218628));
#12930 = VECTOR('',#12931,1.);
#12931 = DIRECTION('',(-0.940376926864,0.,-0.340134143276));
#12932 = ORIENTED_EDGE('',*,*,#10365,.F.);
#12933 = ORIENTED_EDGE('',*,*,#12906,.F.);
#12934 = ORIENTED_EDGE('',*,*,#12935,.T.);
#12935 = EDGE_CURVE('',#7881,#10202,#12936,.T.);
#12936 = LINE('',#12937,#12938);
#12937 = CARTESIAN_POINT('',(-77.77842712402,3.257885456085,
    46.499935150146));
#12938 = VECTOR('',#12939,1.);
#12939 = DIRECTION('',(9.419009776034E-02,0.,-0.995554230308));
#12940 = PLANE('',#12941);
#12941 = AXIS2_PLACEMENT_3D('',#12942,#12943,#12944);
#12942 = CARTESIAN_POINT('',(-75.47301867472,3.257885456085,
    20.103782999639));
#12943 = DIRECTION('',(0.,1.,0.));
#12944 = DIRECTION('',(0.,-0.,1.));
#12945 = ADVANCED_FACE('',(#12946),#12951,.T.);
#12946 = FACE_BOUND('',#12947,.T.);
#12947 = EDGE_LOOP('',(#12948,#12949,#12950));
#12948 = ORIENTED_EDGE('',*,*,#12153,.F.);
#12949 = ORIENTED_EDGE('',*,*,#12935,.F.);
#12950 = ORIENTED_EDGE('',*,*,#7889,.F.);
#12951 = PLANE('',#12952);
#12952 = AXIS2_PLACEMENT_3D('',#12953,#12954,#12955);
#12953 = CARTESIAN_POINT('',(-75.26844793166,3.257885456085,
    20.413190627799));
#12954 = DIRECTION('',(0.,1.,0.));
#12955 = DIRECTION('',(0.,-0.,1.));
#12956 = ADVANCED_FACE('',(#12957),#12967,.T.);
#12957 = FACE_BOUND('',#12958,.T.);
#12958 = EDGE_LOOP('',(#12959,#12965,#12966));
#12959 = ORIENTED_EDGE('',*,*,#12960,.T.);
#12960 = EDGE_CURVE('',#4119,#7881,#12961,.T.);
#12961 = LINE('',#12962,#12963);
#12962 = CARTESIAN_POINT('',(-95.36164093017,3.257885456085,
    41.961322784424));
#12963 = VECTOR('',#12964,1.);
#12964 = DIRECTION('',(0.96826388137,0.,0.249930102296));
#12965 = ORIENTED_EDGE('',*,*,#12913,.F.);
#12966 = ORIENTED_EDGE('',*,*,#4173,.F.);
#12967 = PLANE('',#12968);
#12968 = AXIS2_PLACEMENT_3D('',#12969,#12970,#12971);
#12969 = CARTESIAN_POINT('',(-86.63619699559,3.257885456085,
    44.191096915593));
#12970 = DIRECTION('',(0.,1.,0.));
#12971 = DIRECTION('',(0.,-0.,1.));
#12972 = ADVANCED_FACE('',(#12973),#12984,.T.);
#12973 = FACE_BOUND('',#12974,.T.);
#12974 = EDGE_LOOP('',(#12975,#12981,#12982,#12983));
#12975 = ORIENTED_EDGE('',*,*,#12976,.T.);
#12976 = EDGE_CURVE('',#4064,#7881,#12977,.T.);
#12977 = LINE('',#12978,#12979);
#12978 = CARTESIAN_POINT('',(-95.28338623046,3.257885456085,
    42.235206604004));
#12979 = VECTOR('',#12980,1.);
#12980 = DIRECTION('',(0.971581301118,0.,0.236706094803));
#12981 = ORIENTED_EDGE('',*,*,#12960,.F.);
#12982 = ORIENTED_EDGE('',*,*,#4127,.F.);
#12983 = ORIENTED_EDGE('',*,*,#4063,.F.);
#12984 = PLANE('',#12985);
#12985 = AXIS2_PLACEMENT_3D('',#12986,#12987,#12988);
#12986 = CARTESIAN_POINT('',(-86.61907596734,3.257885456085,
    44.281638821133));
#12987 = DIRECTION('',(0.,1.,0.));
#12988 = DIRECTION('',(0.,-0.,1.));
#12989 = ADVANCED_FACE('',(#12990),#13000,.T.);
#12990 = FACE_BOUND('',#12991,.T.);
#12991 = EDGE_LOOP('',(#12992,#12993,#12994));
#12992 = ORIENTED_EDGE('',*,*,#7926,.F.);
#12993 = ORIENTED_EDGE('',*,*,#12976,.F.);
#12994 = ORIENTED_EDGE('',*,*,#12995,.T.);
#12995 = EDGE_CURVE('',#4064,#7927,#12996,.T.);
#12996 = LINE('',#12997,#12998);
#12997 = CARTESIAN_POINT('',(-95.28338623046,3.257885456085,
    42.235206604004));
#12998 = VECTOR('',#12999,1.);
#12999 = DIRECTION('',(0.117052824962,0.,0.993125690015));
#13000 = PLANE('',#13001);
#13001 = AXIS2_PLACEMENT_3D('',#13002,#13003,#13004);
#13002 = CARTESIAN_POINT('',(-87.34816859384,3.257885456085,
    45.285963023373));
#13003 = DIRECTION('',(0.,1.,0.));
#13004 = DIRECTION('',(0.,-0.,1.));
#13005 = ADVANCED_FACE('',(#13006),#13016,.T.);
#13006 = FACE_BOUND('',#13007,.T.);
#13007 = EDGE_LOOP('',(#13008,#13014,#13015));
#13008 = ORIENTED_EDGE('',*,*,#13009,.T.);
#13009 = EDGE_CURVE('',#8142,#7927,#13010,.T.);
#13010 = LINE('',#13011,#13012);
#13011 = CARTESIAN_POINT('',(-95.28338623046,3.257885456085,
    45.983467102051));
#13012 = VECTOR('',#13013,1.);
#13013 = DIRECTION('',(0.707104088149,0.,0.707109474214));
#13014 = ORIENTED_EDGE('',*,*,#12995,.F.);
#13015 = ORIENTED_EDGE('',*,*,#8187,.F.);
#13016 = PLANE('',#13017);
#13017 = AXIS2_PLACEMENT_3D('',#13018,#13019,#13020);
#13018 = CARTESIAN_POINT('',(-95.14043246701,3.257885456085,
    44.404250372073));
#13019 = DIRECTION('',(0.,1.,0.));
#13020 = DIRECTION('',(0.,-0.,1.));
#13021 = ADVANCED_FACE('',(#13022),#13037,.T.);
#13022 = FACE_BOUND('',#13023,.T.);
#13023 = EDGE_LOOP('',(#13024,#13030,#13031));
#13024 = ORIENTED_EDGE('',*,*,#13025,.T.);
#13025 = EDGE_CURVE('',#8042,#7927,#13026,.T.);
#13026 = LINE('',#13027,#13028);
#13027 = CARTESIAN_POINT('',(-95.17383575439,3.257885456085,
    46.296482086182));
#13028 = VECTOR('',#13029,1.);
#13029 = DIRECTION('',(0.901528818156,0.,0.432719065946));
#13030 = ORIENTED_EDGE('',*,*,#13009,.F.);
#13031 = ORIENTED_EDGE('',*,*,#13032,.T.);
#13032 = EDGE_CURVE('',#8142,#8042,#13033,.T.);
#13033 = LINE('',#13034,#13035);
#13034 = CARTESIAN_POINT('',(-95.28338623046,3.257885456085,
    45.983467102051));
#13035 = VECTOR('',#13036,1.);
#13036 = DIRECTION('',(0.330337615336,0.,0.943862839556));
#13037 = PLANE('',#13038);
#13038 = AXIS2_PLACEMENT_3D('',#13039,#13040,#13041);
#13039 = CARTESIAN_POINT('',(-95.06087066761,3.257885456085,
    46.258830306203));
#13040 = DIRECTION('',(0.,1.,0.));
#13041 = DIRECTION('',(0.,-0.,1.));
#13042 = ADVANCED_FACE('',(#13043),#13048,.T.);
#13043 = FACE_BOUND('',#13044,.T.);
#13044 = EDGE_LOOP('',(#13045,#13046,#13047));
#13045 = ORIENTED_EDGE('',*,*,#8104,.F.);
#13046 = ORIENTED_EDGE('',*,*,#13032,.F.);
#13047 = ORIENTED_EDGE('',*,*,#8150,.F.);
#13048 = PLANE('',#13049);
#13049 = AXIS2_PLACEMENT_3D('',#13050,#13051,#13052);
#13050 = CARTESIAN_POINT('',(-95.23508833096,3.257885456085,
    46.142291153673));
#13051 = DIRECTION('',(0.,1.,0.));
#13052 = DIRECTION('',(0.,-0.,1.));
#13053 = ADVANCED_FACE('',(#13054),#13064,.T.);
#13054 = FACE_BOUND('',#13055,.T.);
#13055 = EDGE_LOOP('',(#13056,#13062,#13063));
#13056 = ORIENTED_EDGE('',*,*,#13057,.T.);
#13057 = EDGE_CURVE('',#8051,#7927,#13058,.T.);
#13058 = LINE('',#13059,#13060);
#13059 = CARTESIAN_POINT('',(-95.05645751953,3.257885456085,
    46.406032562256));
#13060 = VECTOR('',#13061,1.);
#13061 = DIRECTION('',(0.961527990556,0.,0.274706977301));
#13062 = ORIENTED_EDGE('',*,*,#13025,.F.);
#13063 = ORIENTED_EDGE('',*,*,#8058,.T.);
#13064 = PLANE('',#13065);
#13065 = AXIS2_PLACEMENT_3D('',#13066,#13067,#13068);
#13066 = CARTESIAN_POINT('',(-94.98419935235,3.257885456085,
    46.400979650983));
#13067 = DIRECTION('',(0.,1.,0.));
#13068 = DIRECTION('',(0.,-0.,1.));
#13069 = ADVANCED_FACE('',(#13070),#13075,.T.);
#13070 = FACE_BOUND('',#13071,.T.);
#13071 = EDGE_LOOP('',(#13072,#13073,#13074));
#13072 = ORIENTED_EDGE('',*,*,#7972,.F.);
#13073 = ORIENTED_EDGE('',*,*,#13057,.F.);
#13074 = ORIENTED_EDGE('',*,*,#8050,.T.);
#13075 = PLANE('',#13076);
#13076 = AXIS2_PLACEMENT_3D('',#13077,#13078,#13079);
#13077 = CARTESIAN_POINT('',(-94.92081840101,3.257885456085,
    46.449272257736));
#13078 = DIRECTION('',(0.,1.,0.));
#13079 = DIRECTION('',(0.,-0.,1.));
#13080 = ADVANCED_FACE('',(#13081),#13091,.T.);
#13081 = FACE_BOUND('',#13082,.T.);
#13082 = EDGE_LOOP('',(#13083,#13089,#13090));
#13083 = ORIENTED_EDGE('',*,*,#13084,.T.);
#13084 = EDGE_CURVE('',#7816,#5322,#13085,.T.);
#13085 = LINE('',#13086,#13087);
#13086 = CARTESIAN_POINT('',(-77.47325134277,3.257885456085,
    46.609485626221));
#13087 = VECTOR('',#13088,1.);
#13088 = DIRECTION('',(0.999997477163,0.,-2.246256202463E-03));
#13089 = ORIENTED_EDGE('',*,*,#7095,.F.);
#13090 = ORIENTED_EDGE('',*,*,#7845,.F.);
#13091 = PLANE('',#13092);
#13092 = AXIS2_PLACEMENT_3D('',#13093,#13094,#13095);
#13093 = CARTESIAN_POINT('',(-68.83926734149,3.257885456085,
    46.570280819717));
#13094 = DIRECTION('',(0.,1.,0.));
#13095 = DIRECTION('',(0.,-0.,1.));
#13096 = ADVANCED_FACE('',(#13097),#13107,.T.);
#13097 = FACE_BOUND('',#13098,.T.);
#13098 = EDGE_LOOP('',(#13099,#13100,#13101));
#13099 = ORIENTED_EDGE('',*,*,#7118,.F.);
#13100 = ORIENTED_EDGE('',*,*,#13084,.F.);
#13101 = ORIENTED_EDGE('',*,*,#13102,.T.);
#13102 = EDGE_CURVE('',#7816,#7110,#13103,.T.);
#13103 = LINE('',#13104,#13105);
#13104 = CARTESIAN_POINT('',(-77.47325134277,3.257885456085,
    46.609485626221));
#13105 = VECTOR('',#13106,1.);
#13106 = DIRECTION('',(0.999991716235,0.,4.070314672792E-03));
#13107 = PLANE('',#13108);
#13108 = AXIS2_PLACEMENT_3D('',#13109,#13110,#13111);
#13109 = CARTESIAN_POINT('',(-68.75310597673,3.257885456085,
    46.617253502519));
#13110 = DIRECTION('',(0.,1.,0.));
#13111 = DIRECTION('',(0.,-0.,1.));
#13112 = ADVANCED_FACE('',(#13113),#13123,.T.);
#13113 = FACE_BOUND('',#13114,.T.);
#13114 = EDGE_LOOP('',(#13115,#13121,#13122));
#13115 = ORIENTED_EDGE('',*,*,#13116,.T.);
#13116 = EDGE_CURVE('',#7762,#7110,#13117,.T.);
#13117 = LINE('',#13118,#13119);
#13118 = CARTESIAN_POINT('',(-77.36370086669,3.257885456085,
    46.726863861084));
#13119 = VECTOR('',#13120,1.);
#13120 = DIRECTION('',(0.999996270221,0.,-2.731216595259E-03));
#13121 = ORIENTED_EDGE('',*,*,#13102,.F.);
#13122 = ORIENTED_EDGE('',*,*,#7824,.F.);
#13123 = PLANE('',#13124);
#13124 = AXIS2_PLACEMENT_3D('',#13125,#13126,#13127);
#13125 = CARTESIAN_POINT('',(-68.83515451229,3.257885456085,
    46.673921732895));
#13126 = DIRECTION('',(0.,1.,0.));
#13127 = DIRECTION('',(0.,-0.,1.));
#13128 = ADVANCED_FACE('',(#13129),#13139,.T.);
#13129 = FACE_BOUND('',#13130,.T.);
#13130 = EDGE_LOOP('',(#13131,#13132,#13133));
#13131 = ORIENTED_EDGE('',*,*,#7164,.F.);
#13132 = ORIENTED_EDGE('',*,*,#13116,.F.);
#13133 = ORIENTED_EDGE('',*,*,#13134,.T.);
#13134 = EDGE_CURVE('',#7762,#7156,#13135,.T.);
#13135 = LINE('',#13136,#13137);
#13136 = CARTESIAN_POINT('',(-77.36370086669,3.257885456085,
    46.726863861084));
#13137 = VECTOR('',#13138,1.);
#13138 = DIRECTION('',(0.999984948058,0.,5.48668008316E-03));
#13139 = PLANE('',#13140);
#13140 = AXIS2_PLACEMENT_3D('',#13141,#13142,#13143);
#13141 = CARTESIAN_POINT('',(-68.74715189112,3.257885456085,
    46.738574890541));
#13142 = DIRECTION('',(0.,1.,0.));
#13143 = DIRECTION('',(0.,-0.,1.));
#13144 = ADVANCED_FACE('',(#13145),#13156,.T.);
#13145 = FACE_BOUND('',#13146,.T.);
#13146 = EDGE_LOOP('',(#13147,#13153,#13154,#13155));
#13147 = ORIENTED_EDGE('',*,*,#13148,.T.);
#13148 = EDGE_CURVE('',#7670,#7156,#13149,.T.);
#13149 = LINE('',#13150,#13151);
#13150 = CARTESIAN_POINT('',(-77.27762603759,3.257885456085,
    47.000747680664));
#13151 = VECTOR('',#13152,1.);
#13152 = DIRECTION('',(0.999944140294,0.,-1.056959277337E-02));
#13153 = ORIENTED_EDGE('',*,*,#13134,.F.);
#13154 = ORIENTED_EDGE('',*,*,#7770,.F.);
#13155 = ORIENTED_EDGE('',*,*,#7715,.F.);
#13156 = PLANE('',#13157);
#13157 = AXIS2_PLACEMENT_3D('',#13158,#13159,#13160);
#13158 = CARTESIAN_POINT('',(-68.85656064987,3.257885456085,
    46.842293860379));
#13159 = DIRECTION('',(0.,1.,0.));
#13160 = DIRECTION('',(0.,-0.,1.));
#13161 = ADVANCED_FACE('',(#13162),#13177,.T.);
#13162 = FACE_BOUND('',#13163,.T.);
#13163 = EDGE_LOOP('',(#13164,#13170,#13171));
#13164 = ORIENTED_EDGE('',*,*,#13165,.T.);
#13165 = EDGE_CURVE('',#7378,#7156,#13166,.T.);
#13166 = LINE('',#13167,#13168);
#13167 = CARTESIAN_POINT('',(-60.78211975097,3.257885456085,
    48.737937927246));
#13168 = VECTOR('',#13169,1.);
#13169 = DIRECTION('',(0.267440154611,0.,-0.963574472317));
#13170 = ORIENTED_EDGE('',*,*,#13148,.F.);
#13171 = ORIENTED_EDGE('',*,*,#13172,.T.);
#13172 = EDGE_CURVE('',#7670,#7378,#13173,.T.);
#13173 = LINE('',#13174,#13175);
#13174 = CARTESIAN_POINT('',(-77.27762603759,3.257885456085,
    47.000747680664));
#13175 = VECTOR('',#13176,1.);
#13176 = DIRECTION('',(0.994500297534,0.,0.104733749124));
#13177 = PLANE('',#13178);
#13178 = AXIS2_PLACEMENT_3D('',#13179,#13180,#13181);
#13179 = CARTESIAN_POINT('',(-68.42686543402,3.257885456085,
    47.405855808748));
#13180 = DIRECTION('',(0.,1.,0.));
#13181 = DIRECTION('',(0.,-0.,1.));
#13182 = ADVANCED_FACE('',(#13183),#13194,.T.);
#13183 = FACE_BOUND('',#13184,.T.);
#13184 = EDGE_LOOP('',(#13185,#13186,#13187,#13188));
#13185 = ORIENTED_EDGE('',*,*,#7247,.F.);
#13186 = ORIENTED_EDGE('',*,*,#7210,.F.);
#13187 = ORIENTED_EDGE('',*,*,#13165,.F.);
#13188 = ORIENTED_EDGE('',*,*,#13189,.T.);
#13189 = EDGE_CURVE('',#7378,#5105,#13190,.T.);
#13190 = LINE('',#13191,#13192);
#13191 = CARTESIAN_POINT('',(-60.78211975097,3.257885456085,
    48.737937927246));
#13192 = VECTOR('',#13193,1.);
#13193 = DIRECTION('',(0.707106781187,0.,-0.707106781187));
#13194 = PLANE('',#13195);
#13195 = AXIS2_PLACEMENT_3D('',#13196,#13197,#13198);
#13196 = CARTESIAN_POINT('',(-60.43253977754,3.257885456085,
    47.815033076804));
#13197 = DIRECTION('',(0.,1.,0.));
#13198 = DIRECTION('',(0.,-0.,1.));
#13199 = ADVANCED_FACE('',(#13200),#13210,.T.);
#13200 = FACE_BOUND('',#13201,.T.);
#13201 = EDGE_LOOP('',(#13202,#13208,#13209));
#13202 = ORIENTED_EDGE('',*,*,#13203,.T.);
#13203 = EDGE_CURVE('',#7317,#5105,#13204,.T.);
#13204 = LINE('',#13205,#13206);
#13205 = CARTESIAN_POINT('',(-60.46910476684,3.257885456085,
    48.628387451172));
#13206 = VECTOR('',#13207,1.);
#13207 = DIRECTION('',(0.432715637015,0.,-0.901530463979));
#13208 = ORIENTED_EDGE('',*,*,#13189,.F.);
#13209 = ORIENTED_EDGE('',*,*,#7377,.F.);
#13210 = PLANE('',#13211);
#13211 = AXIS2_PLACEMENT_3D('',#13212,#13213,#13214);
#13212 = CARTESIAN_POINT('',(-60.50675628554,3.257885456085,
    48.515420642282));
#13213 = DIRECTION('',(0.,1.,0.));
#13214 = DIRECTION('',(0.,-0.,1.));
#13215 = ADVANCED_FACE('',(#13216),#13221,.T.);
#13216 = FACE_BOUND('',#13217,.T.);
#13217 = EDGE_LOOP('',(#13218,#13219,#13220));
#13218 = ORIENTED_EDGE('',*,*,#5104,.F.);
#13219 = ORIENTED_EDGE('',*,*,#13203,.F.);
#13220 = ORIENTED_EDGE('',*,*,#7325,.F.);
#13221 = PLANE('',#13222);
#13222 = AXIS2_PLACEMENT_3D('',#13223,#13224,#13225);
#13223 = CARTESIAN_POINT('',(-60.36460705923,3.257885456085,
    48.438749196803));
#13224 = DIRECTION('',(0.,1.,0.));
#13225 = DIRECTION('',(0.,-0.,1.));
#13226 = ADVANCED_FACE('',(#13227),#13237,.T.);
#13227 = FACE_BOUND('',#13228,.T.);
#13228 = EDGE_LOOP('',(#13229,#13230,#13231));
#13229 = ORIENTED_EDGE('',*,*,#7431,.F.);
#13230 = ORIENTED_EDGE('',*,*,#13172,.F.);
#13231 = ORIENTED_EDGE('',*,*,#13232,.T.);
#13232 = EDGE_CURVE('',#7670,#7432,#13233,.T.);
#13233 = LINE('',#13234,#13235);
#13234 = CARTESIAN_POINT('',(-77.27762603759,3.257885456085,
    47.000747680664));
#13235 = VECTOR('',#13236,1.);
#13236 = DIRECTION('',(0.274723891655,0.,0.961523157991));
#13237 = PLANE('',#13238);
#13238 = AXIS2_PLACEMENT_3D('',#13239,#13240,#13241);
#13239 = CARTESIAN_POINT('',(-69.33721149902,3.257885456085,
    48.277206860463));
#13240 = DIRECTION('',(0.,1.,0.));
#13241 = DIRECTION('',(0.,-0.,1.));
#13242 = ADVANCED_FACE('',(#13243),#13253,.T.);
#13243 = FACE_BOUND('',#13244,.T.);
#13244 = EDGE_LOOP('',(#13245,#13251,#13252));
#13245 = ORIENTED_EDGE('',*,*,#13246,.T.);
#13246 = EDGE_CURVE('',#7624,#7432,#13247,.T.);
#13247 = LINE('',#13248,#13249);
#13248 = CARTESIAN_POINT('',(-77.27762603759,3.257885456085,
    48.252773284912));
#13249 = VECTOR('',#13250,1.);
#13250 = DIRECTION('',(0.707109474193,0.,0.70710408817));
#13251 = ORIENTED_EDGE('',*,*,#13232,.F.);
#13252 = ORIENTED_EDGE('',*,*,#7669,.F.);
#13253 = PLANE('',#13254);
#13254 = AXIS2_PLACEMENT_3D('',#13255,#13256,#13257);
#13255 = CARTESIAN_POINT('',(-77.11008741183,3.257885456085,
    47.911492623138));
#13256 = DIRECTION('',(0.,1.,0.));
#13257 = DIRECTION('',(0.,-0.,1.));
#13258 = ADVANCED_FACE('',(#13259),#13274,.T.);
#13259 = FACE_BOUND('',#13260,.T.);
#13260 = EDGE_LOOP('',(#13261,#13267,#13268));
#13261 = ORIENTED_EDGE('',*,*,#13262,.T.);
#13262 = EDGE_CURVE('',#7524,#7432,#13263,.T.);
#13263 = LINE('',#13264,#13265);
#13264 = CARTESIAN_POINT('',(-77.17589569091,3.257885456085,
    48.557956695557));
#13265 = VECTOR('',#13266,1.);
#13266 = DIRECTION('',(0.897921853448,0.,0.440154910344));
#13267 = ORIENTED_EDGE('',*,*,#13246,.F.);
#13268 = ORIENTED_EDGE('',*,*,#13269,.T.);
#13269 = EDGE_CURVE('',#7624,#7524,#13270,.T.);
#13270 = LINE('',#13271,#13272);
#13271 = CARTESIAN_POINT('',(-77.27762603759,3.257885456085,
    48.252773284912));
#13272 = VECTOR('',#13273,1.);
#13273 = DIRECTION('',(0.316234880937,0.,0.948680926381));
#13274 = PLANE('',#13275);
#13275 = AXIS2_PLACEMENT_3D('',#13276,#13277,#13278);
#13276 = CARTESIAN_POINT('',(-77.05542187941,3.257885456085,
    48.527836239716));
#13277 = DIRECTION('',(0.,1.,0.));
#13278 = DIRECTION('',(0.,-0.,1.));
#13279 = ADVANCED_FACE('',(#13280),#13285,.T.);
#13280 = FACE_BOUND('',#13281,.T.);
#13281 = EDGE_LOOP('',(#13282,#13283,#13284));
#13282 = ORIENTED_EDGE('',*,*,#7586,.F.);
#13283 = ORIENTED_EDGE('',*,*,#13269,.F.);
#13284 = ORIENTED_EDGE('',*,*,#7632,.F.);
#13285 = PLANE('',#13286);
#13286 = AXIS2_PLACEMENT_3D('',#13287,#13288,#13289);
#13287 = CARTESIAN_POINT('',(-77.23385459385,3.257885456085,
    48.407751310773));
#13288 = DIRECTION('',(0.,1.,0.));
#13289 = DIRECTION('',(0.,-0.,1.));
#13290 = ADVANCED_FACE('',(#13291),#13296,.T.);
#13291 = FACE_BOUND('',#13292,.T.);
#13292 = EDGE_LOOP('',(#13293,#13294,#13295));
#13293 = ORIENTED_EDGE('',*,*,#7477,.F.);
#13294 = ORIENTED_EDGE('',*,*,#13262,.F.);
#13295 = ORIENTED_EDGE('',*,*,#7532,.F.);
#13296 = PLANE('',#13297);
#13297 = AXIS2_PLACEMENT_3D('',#13298,#13299,#13300);
#13298 = CARTESIAN_POINT('',(-76.98149535826,3.257885456085,
    48.667673582641));
#13299 = DIRECTION('',(0.,1.,0.));
#13300 = DIRECTION('',(0.,-0.,1.));
#13301 = ADVANCED_FACE('',(#13302),#13317,.T.);
#13302 = FACE_BOUND('',#13303,.T.);
#13303 = EDGE_LOOP('',(#13304,#13310,#13316));
#13304 = ORIENTED_EDGE('',*,*,#13305,.T.);
#13305 = EDGE_CURVE('',#4528,#4303,#13306,.T.);
#13306 = LINE('',#13307,#13308);
#13307 = CARTESIAN_POINT('',(-132.5704345703,3.257885456085,
    41.530933380127));
#13308 = VECTOR('',#13309,1.);
#13309 = DIRECTION('',(0.89443067912,0.,0.447206619192));
#13310 = ORIENTED_EDGE('',*,*,#13311,.T.);
#13311 = EDGE_CURVE('',#4303,#1371,#13312,.T.);
#13312 = LINE('',#13313,#13314);
#13313 = CARTESIAN_POINT('',(-132.1791687011,3.257885456085,41.7265625)
  );
#13314 = VECTOR('',#13315,1.);
#13315 = DIRECTION('',(-0.707104088149,0.,-0.707109474214));
#13316 = ORIENTED_EDGE('',*,*,#4588,.F.);
#13317 = PLANE('',#13318);
#13318 = AXIS2_PLACEMENT_3D('',#13319,#13320,#13321);
#13319 = CARTESIAN_POINT('',(-132.4564270331,3.257885456085,
    41.499990154933));
#13320 = DIRECTION('',(0.,1.,0.));
#13321 = DIRECTION('',(0.,-0.,1.));
#13322 = ADVANCED_FACE('',(#13323),#13328,.T.);
#13323 = FACE_BOUND('',#13324,.T.);
#13324 = EDGE_LOOP('',(#13325,#13326,#13327));
#13325 = ORIENTED_EDGE('',*,*,#4462,.F.);
#13326 = ORIENTED_EDGE('',*,*,#13305,.F.);
#13327 = ORIENTED_EDGE('',*,*,#4536,.F.);
#13328 = PLANE('',#13329);
#13329 = AXIS2_PLACEMENT_3D('',#13330,#13331,#13332);
#13330 = CARTESIAN_POINT('',(-132.3806065945,3.257885456085,
    41.638707779029));
#13331 = DIRECTION('',(0.,1.,0.));
#13332 = DIRECTION('',(0.,-0.,1.));
#13333 = ADVANCED_FACE('',(#13334),#13349,.T.);
#13334 = FACE_BOUND('',#13335,.T.);
#13335 = EDGE_LOOP('',(#13336,#13342,#13343));
#13336 = ORIENTED_EDGE('',*,*,#13337,.T.);
#13337 = EDGE_CURVE('',#462,#1371,#13338,.T.);
#13338 = LINE('',#13339,#13340);
#13339 = CARTESIAN_POINT('',(-114.4707641601,3.257885456085,
    25.661445617676));
#13340 = VECTOR('',#13341,1.);
#13341 = DIRECTION('',(-0.760155075769,0.,0.649741687736));
#13342 = ORIENTED_EDGE('',*,*,#13311,.F.);
#13343 = ORIENTED_EDGE('',*,*,#13344,.T.);
#13344 = EDGE_CURVE('',#4303,#462,#13345,.T.);
#13345 = LINE('',#13346,#13347);
#13346 = CARTESIAN_POINT('',(-132.1791687011,3.257885456085,41.7265625)
  );
#13347 = VECTOR('',#13348,1.);
#13348 = DIRECTION('',(0.74063565781,0.,-0.671906855435));
#13349 = PLANE('',#13350);
#13350 = AXIS2_PLACEMENT_3D('',#13351,#13352,#13353);
#13351 = CARTESIAN_POINT('',(-123.5812159422,3.257885456085,
    33.683985060403));
#13352 = DIRECTION('',(0.,1.,0.));
#13353 = DIRECTION('',(0.,-0.,1.));
#13354 = ADVANCED_FACE('',(#13355),#13365,.T.);
#13355 = FACE_BOUND('',#13356,.T.);
#13356 = EDGE_LOOP('',(#13357,#13363,#13364));
#13357 = ORIENTED_EDGE('',*,*,#13358,.T.);
#13358 = EDGE_CURVE('',#531,#1371,#13359,.T.);
#13359 = LINE('',#13360,#13361);
#13360 = CARTESIAN_POINT('',(-114.7289962768,3.257885456085,
    25.348440170288));
#13361 = VECTOR('',#13362,1.);
#13362 = DIRECTION('',(-0.749046347933,0.,0.662517598746));
#13363 = ORIENTED_EDGE('',*,*,#13337,.F.);
#13364 = ORIENTED_EDGE('',*,*,#530,.F.);
#13365 = PLANE('',#13366);
#13366 = AXIS2_PLACEMENT_3D('',#13367,#13368,#13369);
#13367 = CARTESIAN_POINT('',(-123.56403556,3.257885456085,
    33.299327333116));
#13368 = DIRECTION('',(0.,1.,0.));
#13369 = DIRECTION('',(0.,-0.,1.));
#13370 = ADVANCED_FACE('',(#13371),#13378,.T.);
#13371 = FACE_BOUND('',#13372,.T.);
#13372 = EDGE_LOOP('',(#13373,#13374,#13375,#13376,#13377));
#13373 = ORIENTED_EDGE('',*,*,#1378,.F.);
#13374 = ORIENTED_EDGE('',*,*,#13358,.F.);
#13375 = ORIENTED_EDGE('',*,*,#576,.F.);
#13376 = ORIENTED_EDGE('',*,*,#645,.F.);
#13377 = ORIENTED_EDGE('',*,*,#691,.F.);
#13378 = PLANE('',#13379);
#13379 = AXIS2_PLACEMENT_3D('',#13380,#13381,#13382);
#13380 = CARTESIAN_POINT('',(-123.6337331272,3.257885456085,
    33.045722404899));
#13381 = DIRECTION('',(0.,1.,0.));
#13382 = DIRECTION('',(0.,-0.,1.));
#13383 = ADVANCED_FACE('',(#13384),#13395,.T.);
#13384 = FACE_BOUND('',#13385,.T.);
#13385 = EDGE_LOOP('',(#13386,#13387,#13388,#13389));
#13386 = ORIENTED_EDGE('',*,*,#407,.T.);
#13387 = ORIENTED_EDGE('',*,*,#461,.F.);
#13388 = ORIENTED_EDGE('',*,*,#13344,.F.);
#13389 = ORIENTED_EDGE('',*,*,#13390,.T.);
#13390 = EDGE_CURVE('',#4303,#408,#13391,.T.);
#13391 = LINE('',#13392,#13393);
#13392 = CARTESIAN_POINT('',(-132.1791687011,3.257885456085,41.7265625)
  );
#13393 = VECTOR('',#13394,1.);
#13394 = DIRECTION('',(0.751062255382,0.,-0.66023139015));
#13395 = PLANE('',#13396);
#13396 = AXIS2_PLACEMENT_3D('',#13397,#13398,#13399);
#13397 = CARTESIAN_POINT('',(-123.1654251263,3.257885456085,
    33.677638979837));
#13398 = DIRECTION('',(0.,1.,0.));
#13399 = DIRECTION('',(0.,-0.,1.));
#13400 = ADVANCED_FACE('',(#13401),#13411,.T.);
#13401 = FACE_BOUND('',#13402,.T.);
#13402 = EDGE_LOOP('',(#13403,#13404,#13405));
#13403 = ORIENTED_EDGE('',*,*,#417,.T.);
#13404 = ORIENTED_EDGE('',*,*,#13390,.F.);
#13405 = ORIENTED_EDGE('',*,*,#13406,.T.);
#13406 = EDGE_CURVE('',#4303,#331,#13407,.T.);
#13407 = LINE('',#13408,#13409);
#13408 = CARTESIAN_POINT('',(-132.1791687011,3.257885456085,41.7265625)
  );
#13409 = VECTOR('',#13410,1.);
#13410 = DIRECTION('',(0.755699765387,0.,-0.654918212141));
#13411 = PLANE('',#13412);
#13412 = AXIS2_PLACEMENT_3D('',#13413,#13414,#13415);
#13413 = CARTESIAN_POINT('',(-123.065688446,3.257885456085,
    33.772288976927));
#13414 = DIRECTION('',(0.,1.,0.));
#13415 = DIRECTION('',(0.,-0.,1.));
#13416 = ADVANCED_FACE('',(#13417),#13427,.T.);
#13417 = FACE_BOUND('',#13418,.T.);
#13418 = EDGE_LOOP('',(#13419,#13425,#13426));
#13419 = ORIENTED_EDGE('',*,*,#13420,.T.);
#13420 = EDGE_CURVE('',#4257,#331,#13421,.T.);
#13421 = LINE('',#13422,#13423);
#13422 = CARTESIAN_POINT('',(-95.77638244628,3.257885456085,
    41.734394073486));
#13423 = VECTOR('',#13424,1.);
#13424 = DIRECTION('',(-0.753863370651,0.,-0.65703121569));
#13425 = ORIENTED_EDGE('',*,*,#13406,.F.);
#13426 = ORIENTED_EDGE('',*,*,#4302,.F.);
#13427 = PLANE('',#13428);
#13428 = AXIS2_PLACEMENT_3D('',#13429,#13430,#13431);
#13429 = CARTESIAN_POINT('',(-113.9714665162,3.257885456085,
    37.223187866696));
#13430 = DIRECTION('',(0.,1.,0.));
#13431 = DIRECTION('',(0.,-0.,1.));
#13432 = ADVANCED_FACE('',(#13433),#13443,.T.);
#13433 = FACE_BOUND('',#13434,.T.);
#13434 = EDGE_LOOP('',(#13435,#13436,#13437));
#13435 = ORIENTED_EDGE('',*,*,#330,.F.);
#13436 = ORIENTED_EDGE('',*,*,#13420,.F.);
#13437 = ORIENTED_EDGE('',*,*,#13438,.T.);
#13438 = EDGE_CURVE('',#4257,#308,#13439,.T.);
#13439 = LINE('',#13440,#13441);
#13440 = CARTESIAN_POINT('',(-95.77638244628,3.257885456085,
    41.734394073486));
#13441 = VECTOR('',#13442,1.);
#13442 = DIRECTION('',(-0.746573495265,0.,-0.665302950669));
#13443 = PLANE('',#13444);
#13444 = AXIS2_PLACEMENT_3D('',#13445,#13446,#13447);
#13445 = CARTESIAN_POINT('',(-104.8286845563,3.257885456085,
    33.757705370736));
#13446 = DIRECTION('',(0.,1.,0.));
#13447 = DIRECTION('',(0.,-0.,1.));
#13448 = ADVANCED_FACE('',(#13449),#13460,.T.);
#13449 = FACE_BOUND('',#13450,.T.);
#13450 = EDGE_LOOP('',(#13451,#13452,#13453,#13454));
#13451 = ORIENTED_EDGE('',*,*,#261,.F.);
#13452 = ORIENTED_EDGE('',*,*,#307,.F.);
#13453 = ORIENTED_EDGE('',*,*,#13438,.F.);
#13454 = ORIENTED_EDGE('',*,*,#13455,.T.);
#13455 = EDGE_CURVE('',#4257,#208,#13456,.T.);
#13456 = LINE('',#13457,#13458);
#13457 = CARTESIAN_POINT('',(-95.77638244628,3.257885456085,
    41.734394073486));
#13458 = VECTOR('',#13459,1.);
#13459 = DIRECTION('',(-0.736479147229,0.,-0.676460246945));
#13460 = PLANE('',#13461);
#13461 = AXIS2_PLACEMENT_3D('',#13462,#13463,#13464);
#13462 = CARTESIAN_POINT('',(-104.6342631439,3.257885456085,
    33.721331357471));
#13463 = DIRECTION('',(0.,1.,0.));
#13464 = DIRECTION('',(0.,-0.,1.));
#13465 = ADVANCED_FACE('',(#13466),#13476,.T.);
#13466 = FACE_BOUND('',#13467,.T.);
#13467 = EDGE_LOOP('',(#13468,#13469,#13470));
#13468 = ORIENTED_EDGE('',*,*,#207,.F.);
#13469 = ORIENTED_EDGE('',*,*,#13455,.F.);
#13470 = ORIENTED_EDGE('',*,*,#13471,.T.);
#13471 = EDGE_CURVE('',#4257,#154,#13472,.T.);
#13472 = LINE('',#13473,#13474);
#13473 = CARTESIAN_POINT('',(-95.77638244628,3.257885456085,
    41.734394073486));
#13474 = VECTOR('',#13475,1.);
#13475 = DIRECTION('',(-0.724982748,0.,-0.688767025272));
#13476 = PLANE('',#13477);
#13477 = AXIS2_PLACEMENT_3D('',#13478,#13479,#13480);
#13478 = CARTESIAN_POINT('',(-104.4624540925,3.257885456085,
    33.62055377839));
#13479 = DIRECTION('',(0.,1.,0.));
#13480 = DIRECTION('',(0.,-0.,1.));
#13481 = ADVANCED_FACE('',(#13482),#13493,.T.);
#13482 = FACE_BOUND('',#13483,.T.);
#13483 = EDGE_LOOP('',(#13484,#13485,#13486,#13487));
#13484 = ORIENTED_EDGE('',*,*,#99,.T.);
#13485 = ORIENTED_EDGE('',*,*,#153,.F.);
#13486 = ORIENTED_EDGE('',*,*,#13471,.F.);
#13487 = ORIENTED_EDGE('',*,*,#13488,.T.);
#13488 = EDGE_CURVE('',#4257,#100,#13489,.T.);
#13489 = LINE('',#13490,#13491);
#13490 = CARTESIAN_POINT('',(-95.77638244628,3.257885456085,
    41.734394073486));
#13491 = VECTOR('',#13492,1.);
#13492 = DIRECTION('',(-0.713530699782,0.,-0.700623965098));
#13493 = PLANE('',#13494);
#13494 = AXIS2_PLACEMENT_3D('',#13495,#13496,#13497);
#13495 = CARTESIAN_POINT('',(-104.3340105005,3.257885456085,
    33.468460491079));
#13496 = DIRECTION('',(0.,1.,0.));
#13497 = DIRECTION('',(0.,-0.,1.));
#13498 = ADVANCED_FACE('',(#13499),#13509,.T.);
#13499 = FACE_BOUND('',#13500,.T.);
#13500 = EDGE_LOOP('',(#13501,#13502,#13503));
#13501 = ORIENTED_EDGE('',*,*,#109,.T.);
#13502 = ORIENTED_EDGE('',*,*,#13488,.F.);
#13503 = ORIENTED_EDGE('',*,*,#13504,.T.);
#13504 = EDGE_CURVE('',#4257,#54,#13505,.T.);
#13505 = LINE('',#13506,#13507);
#13506 = CARTESIAN_POINT('',(-95.77638244628,3.257885456085,
    41.734394073486));
#13507 = VECTOR('',#13508,1.);
#13508 = DIRECTION('',(-0.708588121791,0.,-0.705622330753));
#13509 = PLANE('',#13510);
#13510 = AXIS2_PLACEMENT_3D('',#13511,#13512,#13513);
#13511 = CARTESIAN_POINT('',(-104.2344471657,3.257885456085,
    33.370487498033));
#13512 = DIRECTION('',(0.,1.,0.));
#13513 = DIRECTION('',(0.,-0.,1.));
#13514 = ADVANCED_FACE('',(#13515),#13525,.T.);
#13515 = FACE_BOUND('',#13516,.T.);
#13516 = EDGE_LOOP('',(#13517,#13518,#13519));
#13517 = ORIENTED_EDGE('',*,*,#53,.F.);
#13518 = ORIENTED_EDGE('',*,*,#13504,.F.);
#13519 = ORIENTED_EDGE('',*,*,#13520,.T.);
#13520 = EDGE_CURVE('',#4257,#32,#13521,.T.);
#13521 = LINE('',#13522,#13523);
#13522 = CARTESIAN_POINT('',(-95.77638244628,3.257885456085,
    41.734394073486));
#13523 = VECTOR('',#13524,1.);
#13524 = DIRECTION('',(-0.703820864614,0.,-0.710377498612));
#13525 = PLANE('',#13526);
#13526 = AXIS2_PLACEMENT_3D('',#13527,#13528,#13529);
#13527 = CARTESIAN_POINT('',(-104.2185797539,3.257885456085,
    33.270429879417));
#13528 = DIRECTION('',(0.,1.,0.));
#13529 = DIRECTION('',(0.,-0.,1.));
#13530 = ADVANCED_FACE('',(#13531),#13537,.T.);
#13531 = FACE_BOUND('',#13532,.T.);
#13532 = EDGE_LOOP('',(#13533,#13534,#13535,#13536));
#13533 = ORIENTED_EDGE('',*,*,#12888,.F.);
#13534 = ORIENTED_EDGE('',*,*,#13520,.F.);
#13535 = ORIENTED_EDGE('',*,*,#4265,.F.);
#13536 = ORIENTED_EDGE('',*,*,#4219,.F.);
#13537 = PLANE('',#13538);
#13538 = AXIS2_PLACEMENT_3D('',#13539,#13540,#13541);
#13539 = CARTESIAN_POINT('',(-104.0431282627,3.257885456085,
    33.340385761106));
#13540 = DIRECTION('',(0.,1.,0.));
#13541 = DIRECTION('',(0.,-0.,1.));
#13542 = ADVANCED_FACE('',(#13543),#13560,.F.);
#13543 = FACE_BOUND('',#13544,.F.);
#13544 = EDGE_LOOP('',(#13545,#13546,#13554));
#13545 = ORIENTED_EDGE('',*,*,#5682,.T.);
#13546 = ORIENTED_EDGE('',*,*,#13547,.T.);
#13547 = EDGE_CURVE('',#5674,#13548,#13550,.T.);
#13548 = VERTEX_POINT('',#13549);
#13549 = CARTESIAN_POINT('',(-19.9033088684,3.257885456085,
    -34.74121475219));
#13550 = LINE('',#13551,#13552);
#13551 = CARTESIAN_POINT('',(-19.6920337677,3.257885456085,
    -34.78033828735));
#13552 = VECTOR('',#13553,1.);
#13553 = DIRECTION('',(-0.983283241132,0.,0.182082584858));
#13554 = ORIENTED_EDGE('',*,*,#13555,.T.);
#13555 = EDGE_CURVE('',#13548,#5620,#13556,.T.);
#13556 = LINE('',#13557,#13558);
#13557 = CARTESIAN_POINT('',(-19.9033088684,3.257885456085,
    -34.74121475219));
#13558 = VECTOR('',#13559,1.);
#13559 = DIRECTION('',(-0.933350567298,0.,0.358966180197));
#13560 = PLANE('',#13561);
#13561 = AXIS2_PLACEMENT_3D('',#13562,#13563,#13564);
#13562 = CARTESIAN_POINT('',(-19.90075531365,3.257885456085,
    -34.72644629989));
#13563 = DIRECTION('',(0.,1.,0.));
#13564 = DIRECTION('',(0.,-0.,1.));
#13565 = ADVANCED_FACE('',(#13566),#13576,.T.);
#13566 = FACE_BOUND('',#13567,.T.);
#13567 = EDGE_LOOP('',(#13568,#13569,#13570));
#13568 = ORIENTED_EDGE('',*,*,#5736,.T.);
#13569 = ORIENTED_EDGE('',*,*,#5682,.F.);
#13570 = ORIENTED_EDGE('',*,*,#13571,.T.);
#13571 = EDGE_CURVE('',#5620,#5737,#13572,.T.);
#13572 = LINE('',#13573,#13574);
#13573 = CARTESIAN_POINT('',(-20.10676956176,3.257885456085,
    -34.66296386718));
#13574 = VECTOR('',#13575,1.);
#13575 = DIRECTION('',(0.981044116362,0.,-0.193784524026));
#13576 = PLANE('',#13577);
#13577 = AXIS2_PLACEMENT_3D('',#13578,#13579,#13580);
#13578 = CARTESIAN_POINT('',(-19.79120254013,3.257885456085,
    -34.73418908384));
#13579 = DIRECTION('',(0.,1.,0.));
#13580 = DIRECTION('',(0.,-0.,1.));
#13581 = ADVANCED_FACE('',(#13582),#13592,.T.);
#13582 = FACE_BOUND('',#13583,.T.);
#13583 = EDGE_LOOP('',(#13584,#13585,#13586));
#13584 = ORIENTED_EDGE('',*,*,#5744,.T.);
#13585 = ORIENTED_EDGE('',*,*,#13571,.F.);
#13586 = ORIENTED_EDGE('',*,*,#13587,.T.);
#13587 = EDGE_CURVE('',#5620,#5728,#13588,.T.);
#13588 = LINE('',#13589,#13590);
#13589 = CARTESIAN_POINT('',(-20.10676956176,3.257885456085,
    -34.66296386718));
#13590 = VECTOR('',#13591,1.);
#13591 = DIRECTION('',(0.992834045733,0.,-0.119501287158));
#13592 = PLANE('',#13593);
#13593 = AXIS2_PLACEMENT_3D('',#13594,#13595,#13596);
#13594 = CARTESIAN_POINT('',(-19.68472161448,3.257885456085,
    -34.72604404767));
#13595 = DIRECTION('',(0.,1.,0.));
#13596 = DIRECTION('',(0.,-0.,1.));
#13597 = ADVANCED_FACE('',(#13598),#13608,.T.);
#13598 = FACE_BOUND('',#13599,.T.);
#13599 = EDGE_LOOP('',(#13600,#13606,#13607));
#13600 = ORIENTED_EDGE('',*,*,#13601,.T.);
#13601 = EDGE_CURVE('',#5928,#5728,#13602,.T.);
#13602 = LINE('',#13603,#13604);
#13603 = CARTESIAN_POINT('',(-18.37740135192,3.257885456085,
    -34.17779922485));
#13604 = VECTOR('',#13605,1.);
#13605 = DIRECTION('',(-0.83318218292,0.,-0.55299859861));
#13606 = ORIENTED_EDGE('',*,*,#13587,.F.);
#13607 = ORIENTED_EDGE('',*,*,#11678,.F.);
#13608 = PLANE('',#13609);
#13609 = AXIS2_PLACEMENT_3D('',#13610,#13611,#13612);
#13610 = CARTESIAN_POINT('',(-19.22264058759,3.257885456085,
    -34.50228896708));
#13611 = DIRECTION('',(0.,1.,0.));
#13612 = DIRECTION('',(0.,-0.,1.));
#13613 = ADVANCED_FACE('',(#13614),#13624,.T.);
#13614 = FACE_BOUND('',#13615,.T.);
#13615 = EDGE_LOOP('',(#13616,#13617,#13618));
#13616 = ORIENTED_EDGE('',*,*,#5798,.F.);
#13617 = ORIENTED_EDGE('',*,*,#13601,.F.);
#13618 = ORIENTED_EDGE('',*,*,#13619,.T.);
#13619 = EDGE_CURVE('',#5928,#5790,#13620,.T.);
#13620 = LINE('',#13621,#13622);
#13621 = CARTESIAN_POINT('',(-18.37740135192,3.257885456085,
    -34.17779922485));
#13622 = VECTOR('',#13623,1.);
#13623 = DIRECTION('',(-0.787885972838,0.,-0.615821154074));
#13624 = PLANE('',#13625);
#13625 = AXIS2_PLACEMENT_3D('',#13626,#13627,#13628);
#13626 = CARTESIAN_POINT('',(-18.811947841,3.257885456085,
    -34.48640762116));
#13627 = DIRECTION('',(0.,1.,0.));
#13628 = DIRECTION('',(0.,-0.,1.));
#13629 = ADVANCED_FACE('',(#13630),#13640,.T.);
#13630 = FACE_BOUND('',#13631,.T.);
#13631 = EDGE_LOOP('',(#13632,#13638,#13639));
#13632 = ORIENTED_EDGE('',*,*,#13633,.T.);
#13633 = EDGE_CURVE('',#5905,#5790,#13634,.T.);
#13634 = LINE('',#13635,#13636);
#13635 = CARTESIAN_POINT('',(-18.51825332641,3.257885456085,
    -34.34995651245));
#13636 = VECTOR('',#13637,1.);
#13637 = DIRECTION('',(-0.83205210311,0.,-0.554697483058));
#13638 = ORIENTED_EDGE('',*,*,#13619,.F.);
#13639 = ORIENTED_EDGE('',*,*,#5936,.F.);
#13640 = PLANE('',#13641);
#13641 = AXIS2_PLACEMENT_3D('',#13642,#13643,#13644);
#13642 = CARTESIAN_POINT('',(-18.70952680112,3.257885456085,
    -34.4529740459));
#13643 = DIRECTION('',(0.,1.,0.));
#13644 = DIRECTION('',(0.,-0.,1.));
#13645 = ADVANCED_FACE('',(#13646),#13652,.T.);
#13646 = FACE_BOUND('',#13647,.T.);
#13647 = EDGE_LOOP('',(#13648,#13649,#13650,#13651));
#13648 = ORIENTED_EDGE('',*,*,#5821,.F.);
#13649 = ORIENTED_EDGE('',*,*,#13633,.F.);
#13650 = ORIENTED_EDGE('',*,*,#5913,.F.);
#13651 = ORIENTED_EDGE('',*,*,#5867,.F.);
#13652 = PLANE('',#13653);
#13653 = AXIS2_PLACEMENT_3D('',#13654,#13655,#13656);
#13654 = CARTESIAN_POINT('',(-18.78422096284,3.257885456085,
    -34.53641940502));
#13655 = DIRECTION('',(0.,1.,0.));
#13656 = DIRECTION('',(0.,-0.,1.));
#13657 = ADVANCED_FACE('',(#13658),#13673,.T.);
#13658 = FACE_BOUND('',#13659,.T.);
#13659 = EDGE_LOOP('',(#13660,#13666,#13672));
#13660 = ORIENTED_EDGE('',*,*,#13661,.T.);
#13661 = EDGE_CURVE('',#6674,#6935,#13662,.T.);
#13662 = LINE('',#13663,#13664);
#13663 = CARTESIAN_POINT('',(-42.28336334228,3.257885456085,
    44.481037139893));
#13664 = VECTOR('',#13665,1.);
#13665 = DIRECTION('',(-0.239845127588,0.,0.970811163292));
#13666 = ORIENTED_EDGE('',*,*,#13667,.T.);
#13667 = EDGE_CURVE('',#6935,#6720,#13668,.T.);
#13668 = LINE('',#13669,#13670);
#13669 = CARTESIAN_POINT('',(-42.77634429931,3.257885456085,
    46.476455688477));
#13670 = VECTOR('',#13671,1.);
#13671 = DIRECTION('',(0.701512655307,0.,-0.712656996348));
#13672 = ORIENTED_EDGE('',*,*,#6719,.F.);
#13673 = PLANE('',#13674);
#13674 = AXIS2_PLACEMENT_3D('',#13675,#13676,#13677);
#13675 = CARTESIAN_POINT('',(-42.4432262697,3.257885456085,
    45.514229481444));
#13676 = DIRECTION('',(0.,1.,0.));
#13677 = DIRECTION('',(0.,-0.,1.));
#13678 = ADVANCED_FACE('',(#13679),#13684,.T.);
#13679 = FACE_BOUND('',#13680,.T.);
#13680 = EDGE_LOOP('',(#13681,#13682,#13683));
#13681 = ORIENTED_EDGE('',*,*,#6980,.F.);
#13682 = ORIENTED_EDGE('',*,*,#13661,.F.);
#13683 = ORIENTED_EDGE('',*,*,#12272,.F.);
#13684 = PLANE('',#13685);
#13685 = AXIS2_PLACEMENT_3D('',#13686,#13687,#13688);
#13686 = CARTESIAN_POINT('',(-50.66968309022,3.257885456085,
    45.945071736396));
#13687 = DIRECTION('',(0.,1.,0.));
#13688 = DIRECTION('',(0.,-0.,1.));
#13689 = ADVANCED_FACE('',(#13690),#13705,.T.);
#13690 = FACE_BOUND('',#13691,.T.);
#13691 = EDGE_LOOP('',(#13692,#13698,#13699));
#13692 = ORIENTED_EDGE('',*,*,#13693,.T.);
#13693 = EDGE_CURVE('',#6812,#6720,#13694,.T.);
#13694 = LINE('',#13695,#13696);
#13695 = CARTESIAN_POINT('',(-42.47116470336,3.257885456085,
    46.374725341797));
#13696 = VECTOR('',#13697,1.);
#13697 = DIRECTION('',(0.425793287659,0.,-0.904820466272));
#13698 = ORIENTED_EDGE('',*,*,#13667,.F.);
#13699 = ORIENTED_EDGE('',*,*,#13700,.T.);
#13700 = EDGE_CURVE('',#6935,#6812,#13701,.T.);
#13701 = LINE('',#13702,#13703);
#13702 = CARTESIAN_POINT('',(-42.77634429931,3.257885456085,
    46.476455688477));
#13703 = VECTOR('',#13704,1.);
#13704 = DIRECTION('',(0.948679740486,0.,-0.316238438511));
#13705 = PLANE('',#13706);
#13706 = AXIS2_PLACEMENT_3D('',#13707,#13708,#13709);
#13707 = CARTESIAN_POINT('',(-42.50454161219,3.257885456085,
    46.254541863569));
#13708 = DIRECTION('',(0.,1.,0.));
#13709 = DIRECTION('',(0.,-0.,1.));
#13710 = ADVANCED_FACE('',(#13711),#13717,.T.);
#13711 = FACE_BOUND('',#13712,.T.);
#13712 = EDGE_LOOP('',(#13713,#13714,#13715,#13716));
#13713 = ORIENTED_EDGE('',*,*,#6820,.T.);
#13714 = ORIENTED_EDGE('',*,*,#6765,.F.);
#13715 = ORIENTED_EDGE('',*,*,#13693,.F.);
#13716 = ORIENTED_EDGE('',*,*,#6828,.T.);
#13717 = PLANE('',#13718);
#13718 = AXIS2_PLACEMENT_3D('',#13719,#13720,#13721);
#13719 = CARTESIAN_POINT('',(-42.3663776187,3.257885456085,
    46.181287036582));
#13720 = DIRECTION('',(0.,1.,0.));
#13721 = DIRECTION('',(0.,-0.,1.));
#13722 = ADVANCED_FACE('',(#13723),#13728,.T.);
#13723 = FACE_BOUND('',#13724,.T.);
#13724 = EDGE_LOOP('',(#13725,#13726,#13727));
#13725 = ORIENTED_EDGE('',*,*,#6897,.F.);
#13726 = ORIENTED_EDGE('',*,*,#13700,.F.);
#13727 = ORIENTED_EDGE('',*,*,#6943,.F.);
#13728 = PLANE('',#13729);
#13729 = AXIS2_PLACEMENT_3D('',#13730,#13731,#13732);
#13730 = CARTESIAN_POINT('',(-42.62136751284,3.257885456085,
    46.432686143608));
#13731 = DIRECTION('',(0.,1.,0.));
#13732 = DIRECTION('',(0.,-0.,1.));
#13733 = ADVANCED_FACE('',(#13734),#13744,.T.);
#13734 = FACE_BOUND('',#13735,.T.);
#13735 = EDGE_LOOP('',(#13736,#13742,#13743));
#13736 = ORIENTED_EDGE('',*,*,#13737,.T.);
#13737 = EDGE_CURVE('',#4834,#4664,#13738,.T.);
#13738 = LINE('',#13739,#13740);
#13739 = CARTESIAN_POINT('',(-132.4843597412,2.060631275177,
    -9.168485641479));
#13740 = VECTOR('',#13741,1.);
#13741 = DIRECTION('',(-0.44719092187,0.,0.894438527456));
#13742 = ORIENTED_EDGE('',*,*,#4686,.F.);
#13743 = ORIENTED_EDGE('',*,*,#4833,.F.);
#13744 = PLANE('',#13745);
#13745 = AXIS2_PLACEMENT_3D('',#13746,#13747,#13748);
#13746 = CARTESIAN_POINT('',(-132.592127483,2.060631275177,
    -8.978659816795));
#13747 = DIRECTION('',(-0.,-1.,-0.));
#13748 = DIRECTION('',(0.,0.,-1.));
#13749 = ADVANCED_FACE('',(#13750),#13760,.T.);
#13750 = FACE_BOUND('',#13751,.T.);
#13751 = EDGE_LOOP('',(#13752,#13753,#13759));
#13752 = ORIENTED_EDGE('',*,*,#4925,.F.);
#13753 = ORIENTED_EDGE('',*,*,#13754,.T.);
#13754 = EDGE_CURVE('',#4926,#4834,#13755,.T.);
#13755 = LINE('',#13756,#13757);
#13756 = CARTESIAN_POINT('',(-132.1791687011,2.060631275177,
    -9.278038978577));
#13757 = VECTOR('',#13758,1.);
#13758 = DIRECTION('',(-0.941197044854,0.,0.337858139992));
#13759 = ORIENTED_EDGE('',*,*,#4879,.F.);
#13760 = PLANE('',#13761);
#13761 = AXIS2_PLACEMENT_3D('',#13762,#13763,#13764);
#13762 = CARTESIAN_POINT('',(-132.3339981,2.060631275177,-9.22942685139)
  );
#13763 = DIRECTION('',(-0.,-1.,-0.));
#13764 = DIRECTION('',(0.,0.,-1.));
#13765 = ADVANCED_FACE('',(#13766),#13776,.T.);
#13766 = FACE_BOUND('',#13767,.T.);
#13767 = EDGE_LOOP('',(#13768,#13769,#13770));
#13768 = ORIENTED_EDGE('',*,*,#13737,.F.);
#13769 = ORIENTED_EDGE('',*,*,#13754,.F.);
#13770 = ORIENTED_EDGE('',*,*,#13771,.T.);
#13771 = EDGE_CURVE('',#4926,#4664,#13772,.T.);
#13772 = LINE('',#13773,#13774);
#13773 = CARTESIAN_POINT('',(-132.1791687011,2.060631275177,
    -9.278038978577));
#13774 = VECTOR('',#13775,1.);
#13775 = DIRECTION('',(-0.707103414891,0.,0.707110147466));
#13776 = PLANE('',#13777);
#13777 = AXIS2_PLACEMENT_3D('',#13778,#13779,#13780);
#13778 = CARTESIAN_POINT('',(-132.4534075816,2.060631275177,
    -9.054485806053));
#13779 = DIRECTION('',(-0.,-1.,-0.));
#13780 = DIRECTION('',(0.,0.,-1.));
#13781 = ADVANCED_FACE('',(#13782),#13797,.T.);
#13782 = FACE_BOUND('',#13783,.T.);
#13783 = EDGE_LOOP('',(#13784,#13785,#13791));
#13784 = ORIENTED_EDGE('',*,*,#9028,.F.);
#13785 = ORIENTED_EDGE('',*,*,#13786,.T.);
#13786 = EDGE_CURVE('',#8997,#4664,#13787,.T.);
#13787 = LINE('',#13788,#13789);
#13788 = CARTESIAN_POINT('',(-114.877670288,2.060631275177,
    7.780879974365));
#13789 = VECTOR('',#13790,1.);
#13790 = DIRECTION('',(-0.732231457447,0.,-0.681055866082));
#13791 = ORIENTED_EDGE('',*,*,#13792,.T.);
#13792 = EDGE_CURVE('',#4664,#9020,#13793,.T.);
#13793 = LINE('',#13794,#13795);
#13794 = CARTESIAN_POINT('',(-132.6799774169,2.060631275177,
    -8.777225494385));
#13795 = VECTOR('',#13796,1.);
#13796 = DIRECTION('',(0.736710628086,0.,0.676208141378));
#13797 = PLANE('',#13798);
#13798 = AXIS2_PLACEMENT_3D('',#13799,#13800,#13801);
#13799 = CARTESIAN_POINT('',(-123.7376114033,2.060631275177,
    -0.514429177493));
#13800 = DIRECTION('',(-0.,-1.,-0.));
#13801 = DIRECTION('',(0.,0.,-1.));
#13802 = ADVANCED_FACE('',(#13803),#13814,.T.);
#13803 = FACE_BOUND('',#13804,.T.);
#13804 = EDGE_LOOP('',(#13805,#13811,#13812,#13813));
#13805 = ORIENTED_EDGE('',*,*,#13806,.T.);
#13806 = EDGE_CURVE('',#8920,#4664,#13807,.T.);
#13807 = LINE('',#13808,#13809);
#13808 = CARTESIAN_POINT('',(-114.8072509765,2.060631275177,
    8.172139167786));
#13809 = VECTOR('',#13810,1.);
#13810 = DIRECTION('',(-0.725601764235,0.,-0.688114873941));
#13811 = ORIENTED_EDGE('',*,*,#13786,.F.);
#13812 = ORIENTED_EDGE('',*,*,#9005,.F.);
#13813 = ORIENTED_EDGE('',*,*,#8951,.F.);
#13814 = PLANE('',#13815);
#13815 = AXIS2_PLACEMENT_3D('',#13816,#13817,#13818);
#13816 = CARTESIAN_POINT('',(-123.6892465293,2.060631275177,
    -0.332232617883));
#13817 = DIRECTION('',(-0.,-1.,-0.));
#13818 = DIRECTION('',(0.,0.,-1.));
#13819 = ADVANCED_FACE('',(#13820),#13835,.T.);
#13820 = FACE_BOUND('',#13821,.T.);
#13821 = EDGE_LOOP('',(#13822,#13823,#13829));
#13822 = ORIENTED_EDGE('',*,*,#823,.F.);
#13823 = ORIENTED_EDGE('',*,*,#13824,.T.);
#13824 = EDGE_CURVE('',#738,#8920,#13825,.T.);
#13825 = LINE('',#13826,#13827);
#13826 = CARTESIAN_POINT('',(-114.8072509765,2.060631275177,
    24.385940551758));
#13827 = VECTOR('',#13828,1.);
#13828 = DIRECTION('',(0.,0.,-1.));
#13829 = ORIENTED_EDGE('',*,*,#13830,.T.);
#13830 = EDGE_CURVE('',#8920,#815,#13831,.T.);
#13831 = LINE('',#13832,#13833);
#13832 = CARTESIAN_POINT('',(-114.8072509765,2.060631275177,
    8.172139167786));
#13833 = VECTOR('',#13834,1.);
#13834 = DIRECTION('',(4.880543603919E-03,0.,0.999988090076));
#13835 = PLANE('',#13836);
#13836 = AXIS2_PLACEMENT_3D('',#13837,#13838,#13839);
#13837 = CARTESIAN_POINT('',(-114.7876773717,2.060631275177,
    16.283061248025));
#13838 = DIRECTION('',(-0.,-1.,-0.));
#13839 = DIRECTION('',(0.,0.,-1.));
#13840 = ADVANCED_FACE('',(#13841),#13856,.T.);
#13841 = FACE_BOUND('',#13842,.T.);
#13842 = EDGE_LOOP('',(#13843,#13849,#13855));
#13843 = ORIENTED_EDGE('',*,*,#13844,.T.);
#13844 = EDGE_CURVE('',#815,#8851,#13845,.T.);
#13845 = LINE('',#13846,#13847);
#13846 = CARTESIAN_POINT('',(-114.7289962768,2.060631275177,
    24.205961227417));
#13847 = VECTOR('',#13848,1.);
#13848 = DIRECTION('',(0.,0.,-1.));
#13849 = ORIENTED_EDGE('',*,*,#13850,.T.);
#13850 = EDGE_CURVE('',#8851,#878,#13851,.T.);
#13851 = LINE('',#13852,#13853);
#13852 = CARTESIAN_POINT('',(-114.7289962768,2.060631275177,
    8.352119445801));
#13853 = VECTOR('',#13854,1.);
#13854 = DIRECTION('',(7.481596068498E-03,0.,0.999972012468));
#13855 = ORIENTED_EDGE('',*,*,#877,.T.);
#13856 = PLANE('',#13857);
#13857 = AXIS2_PLACEMENT_3D('',#13858,#13859,#13860);
#13858 = CARTESIAN_POINT('',(-114.6996146283,2.060631275177,
    16.288335481267));
#13859 = DIRECTION('',(-0.,-1.,-0.));
#13860 = DIRECTION('',(0.,0.,-1.));
#13861 = ADVANCED_FACE('',(#13862),#13878,.T.);
#13862 = FACE_BOUND('',#13863,.T.);
#13863 = EDGE_LOOP('',(#13864,#13870,#13871,#13872));
#13864 = ORIENTED_EDGE('',*,*,#13865,.T.);
#13865 = EDGE_CURVE('',#4926,#9235,#13866,.T.);
#13866 = LINE('',#13867,#13868);
#13867 = CARTESIAN_POINT('',(-132.1791687011,2.060631275177,
    -9.278038978577));
#13868 = VECTOR('',#13869,1.);
#13869 = DIRECTION('',(0.743876737477,0.,0.668316840608));
#13870 = ORIENTED_EDGE('',*,*,#9234,.T.);
#13871 = ORIENTED_EDGE('',*,*,#9195,.F.);
#13872 = ORIENTED_EDGE('',*,*,#13873,.T.);
#13873 = EDGE_CURVE('',#9188,#4926,#13874,.T.);
#13874 = LINE('',#13875,#13876);
#13875 = CARTESIAN_POINT('',(-114.6116104125,2.060631275177,
    7.037487030029));
#13876 = VECTOR('',#13877,1.);
#13877 = DIRECTION('',(-0.732735394625,0.,-0.680513660012));
#13878 = PLANE('',#13879);
#13879 = AXIS2_PLACEMENT_3D('',#13880,#13881,#13882);
#13880 = CARTESIAN_POINT('',(-123.2458359449,2.060631275177,
    -1.118056503885));
#13881 = DIRECTION('',(-0.,-1.,-0.));
#13882 = DIRECTION('',(0.,0.,-1.));
#13883 = ADVANCED_FACE('',(#13884),#13894,.T.);
#13884 = FACE_BOUND('',#13885,.T.);
#13885 = EDGE_LOOP('',(#13886,#13887,#13888));
#13886 = ORIENTED_EDGE('',*,*,#9242,.T.);
#13887 = ORIENTED_EDGE('',*,*,#13865,.F.);
#13888 = ORIENTED_EDGE('',*,*,#13889,.T.);
#13889 = EDGE_CURVE('',#4926,#9226,#13890,.T.);
#13890 = LINE('',#13891,#13892);
#13891 = CARTESIAN_POINT('',(-132.1791687011,2.060631275177,
    -9.278038978577));
#13892 = VECTOR('',#13893,1.);
#13893 = DIRECTION('',(0.748965544986,0.,0.662608943816));
#13894 = PLANE('',#13895);
#13895 = AXIS2_PLACEMENT_3D('',#13896,#13897,#13898);
#13896 = CARTESIAN_POINT('',(-123.1606577145,2.060631275177,
    -1.237890132179));
#13897 = DIRECTION('',(-0.,-1.,-0.));
#13898 = DIRECTION('',(0.,0.,-1.));
#13899 = ADVANCED_FACE('',(#13900),#13911,.T.);
#13900 = FACE_BOUND('',#13901,.T.);
#13901 = EDGE_LOOP('',(#13902,#13903,#13904,#13905));
#13902 = ORIENTED_EDGE('',*,*,#9334,.F.);
#13903 = ORIENTED_EDGE('',*,*,#9288,.F.);
#13904 = ORIENTED_EDGE('',*,*,#13889,.F.);
#13905 = ORIENTED_EDGE('',*,*,#13906,.T.);
#13906 = EDGE_CURVE('',#4926,#9326,#13907,.T.);
#13907 = LINE('',#13908,#13909);
#13908 = CARTESIAN_POINT('',(-132.1791687011,2.060631275177,
    -9.278038978577));
#13909 = VECTOR('',#13910,1.);
#13910 = DIRECTION('',(0.757371512064,0.,0.652984220876));
#13911 = PLANE('',#13912);
#13912 = AXIS2_PLACEMENT_3D('',#13913,#13914,#13915);
#13913 = CARTESIAN_POINT('',(-122.9770741763,2.060631275177,
    -1.242284156623));
#13914 = DIRECTION('',(-0.,-1.,-0.));
#13915 = DIRECTION('',(0.,0.,-1.));
#13916 = ADVANCED_FACE('',(#13917),#13927,.T.);
#13917 = FACE_BOUND('',#13918,.T.);
#13918 = EDGE_LOOP('',(#13919,#13920,#13921));
#13919 = ORIENTED_EDGE('',*,*,#9380,.F.);
#13920 = ORIENTED_EDGE('',*,*,#13906,.F.);
#13921 = ORIENTED_EDGE('',*,*,#13922,.T.);
#13922 = EDGE_CURVE('',#4926,#9372,#13923,.T.);
#13923 = LINE('',#13924,#13925);
#13924 = CARTESIAN_POINT('',(-132.1791687011,2.060631275177,
    -9.278038978577));
#13925 = VECTOR('',#13926,1.);
#13926 = DIRECTION('',(0.760449148169,0.,0.649397484635));
#13927 = PLANE('',#13928);
#13928 = AXIS2_PLACEMENT_3D('',#13929,#13930,#13931);
#13929 = CARTESIAN_POINT('',(-122.8671167355,2.060631275177,
    -1.287983556071));
#13930 = DIRECTION('',(-0.,-1.,-0.));
#13931 = DIRECTION('',(0.,0.,-1.));
#13932 = ADVANCED_FACE('',(#13933),#13943,.T.);
#13933 = FACE_BOUND('',#13934,.T.);
#13934 = EDGE_LOOP('',(#13935,#13936,#13937));
#13935 = ORIENTED_EDGE('',*,*,#9434,.T.);
#13936 = ORIENTED_EDGE('',*,*,#13922,.F.);
#13937 = ORIENTED_EDGE('',*,*,#13938,.T.);
#13938 = EDGE_CURVE('',#4926,#9435,#13939,.T.);
#13939 = LINE('',#13940,#13941);
#13940 = CARTESIAN_POINT('',(-132.1791687011,2.060631275177,
    -9.278038978577));
#13941 = VECTOR('',#13942,1.);
#13942 = DIRECTION('',(0.76284524349,0.,0.64658111207));
#13943 = PLANE('',#13944);
#13944 = AXIS2_PLACEMENT_3D('',#13945,#13946,#13947);
#13945 = CARTESIAN_POINT('',(-122.7682147215,2.060631275177,
    -1.271665910695));
#13946 = DIRECTION('',(-0.,-1.,-0.));
#13947 = DIRECTION('',(0.,0.,-1.));
#13948 = ADVANCED_FACE('',(#13949),#13959,.T.);
#13949 = FACE_BOUND('',#13950,.T.);
#13950 = EDGE_LOOP('',(#13951,#13957,#13958));
#13951 = ORIENTED_EDGE('',*,*,#13952,.T.);
#13952 = EDGE_CURVE('',#4972,#9435,#13953,.T.);
#13953 = LINE('',#13954,#13955);
#13954 = CARTESIAN_POINT('',(-77.5358505249,2.060631275177,
    -9.278038978577));
#13955 = VECTOR('',#13956,1.);
#13956 = DIRECTION('',(-0.9132426565,0.,0.407416065403));
#13957 = ORIENTED_EDGE('',*,*,#13938,.F.);
#13958 = ORIENTED_EDGE('',*,*,#4971,.F.);
#13959 = PLANE('',#13960);
#13960 = AXIS2_PLACEMENT_3D('',#13961,#13962,#13963);
#13961 = CARTESIAN_POINT('',(-105.4717522054,2.060631275177,
    -4.97337744385));
#13962 = DIRECTION('',(-0.,-1.,-0.));
#13963 = DIRECTION('',(0.,0.,-1.));
#13964 = ADVANCED_FACE('',(#13965),#13980,.T.);
#13965 = FACE_BOUND('',#13966,.T.);
#13966 = EDGE_LOOP('',(#13967,#13968,#13974));
#13967 = ORIENTED_EDGE('',*,*,#10447,.T.);
#13968 = ORIENTED_EDGE('',*,*,#13969,.T.);
#13969 = EDGE_CURVE('',#10440,#4972,#13970,.T.);
#13970 = LINE('',#13971,#13972);
#13971 = CARTESIAN_POINT('',(-73.91278076171,2.060631275177,
    -6.531394958496));
#13972 = VECTOR('',#13973,1.);
#13973 = DIRECTION('',(-0.796891568647,0.,-0.604122361628));
#13974 = ORIENTED_EDGE('',*,*,#13975,.T.);
#13975 = EDGE_CURVE('',#4972,#10431,#13976,.T.);
#13976 = LINE('',#13977,#13978);
#13977 = CARTESIAN_POINT('',(-77.5358505249,2.060631275177,
    -9.278038978577));
#13978 = VECTOR('',#13979,1.);
#13979 = DIRECTION('',(0.81325197367,0.,0.581911700623));
#13980 = PLANE('',#13981);
#13981 = AXIS2_PLACEMENT_3D('',#13982,#13983,#13984);
#13982 = CARTESIAN_POINT('',(-75.69773276019,2.060631275177,
    -7.922800764865));
#13983 = DIRECTION('',(-0.,-1.,-0.));
#13984 = DIRECTION('',(0.,0.,-1.));
#13985 = ADVANCED_FACE('',(#13986),#13996,.T.);
#13986 = FACE_BOUND('',#13987,.T.);
#13987 = EDGE_LOOP('',(#13988,#13994,#13995));
#13988 = ORIENTED_EDGE('',*,*,#13989,.T.);
#13989 = EDGE_CURVE('',#10387,#4972,#13990,.T.);
#13990 = LINE('',#13991,#13992);
#13991 = CARTESIAN_POINT('',(-73.82671356201,2.060631275177,
    -6.351417064667));
#13992 = VECTOR('',#13993,1.);
#13993 = DIRECTION('',(-0.785051976448,0.,-0.61942989456));
#13994 = ORIENTED_EDGE('',*,*,#13969,.F.);
#13995 = ORIENTED_EDGE('',*,*,#10439,.T.);
#13996 = PLANE('',#13997);
#13997 = AXIS2_PLACEMENT_3D('',#13998,#13999,#14000);
#13998 = CARTESIAN_POINT('',(-75.66378113699,2.060631275177,
    -7.828999345587));
#13999 = DIRECTION('',(-0.,-1.,-0.));
#14000 = DIRECTION('',(0.,0.,-1.));
#14001 = ADVANCED_FACE('',(#14002),#14017,.T.);
#14002 = FACE_BOUND('',#14003,.T.);
#14003 = EDGE_LOOP('',(#14004,#14010,#14011));
#14004 = ORIENTED_EDGE('',*,*,#14005,.T.);
#14005 = EDGE_CURVE('',#8321,#4972,#14006,.T.);
#14006 = LINE('',#14007,#14008);
#14007 = CARTESIAN_POINT('',(-112.6005401611,2.060631275177,
    7.976509571075));
#14008 = VECTOR('',#14009,1.);
#14009 = DIRECTION('',(0.897252467792,0.,-0.441517846798));
#14010 = ORIENTED_EDGE('',*,*,#13989,.F.);
#14011 = ORIENTED_EDGE('',*,*,#14012,.T.);
#14012 = EDGE_CURVE('',#10387,#8321,#14013,.T.);
#14013 = LINE('',#14014,#14015);
#14014 = CARTESIAN_POINT('',(-73.82671356201,2.060631275177,
    -6.351417064667));
#14015 = VECTOR('',#14016,1.);
#14016 = DIRECTION('',(-0.938006541407,0.,0.346617553332));
#14017 = PLANE('',#14018);
#14018 = AXIS2_PLACEMENT_3D('',#14019,#14020,#14021);
#14019 = CARTESIAN_POINT('',(-93.091964887,2.060631275177,
    -0.337867578132));
#14020 = DIRECTION('',(-0.,-1.,-0.));
#14021 = DIRECTION('',(0.,0.,-1.));
#14022 = ADVANCED_FACE('',(#14023),#14034,.T.);
#14023 = FACE_BOUND('',#14024,.T.);
#14024 = EDGE_LOOP('',(#14025,#14031,#14032,#14033));
#14025 = ORIENTED_EDGE('',*,*,#14026,.T.);
#14026 = EDGE_CURVE('',#10334,#8321,#14027,.T.);
#14027 = LINE('',#14028,#14029);
#14028 = CARTESIAN_POINT('',(-73.56848144531,2.060631275177,
    -6.038408756256));
#14029 = VECTOR('',#14030,1.);
#14030 = DIRECTION('',(-0.941168520356,0.,0.337937592303));
#14031 = ORIENTED_EDGE('',*,*,#14012,.F.);
#14032 = ORIENTED_EDGE('',*,*,#10395,.F.);
#14033 = ORIENTED_EDGE('',*,*,#10341,.T.);
#14034 = PLANE('',#14035);
#14035 = AXIS2_PLACEMENT_3D('',#14036,#14037,#14038);
#14036 = CARTESIAN_POINT('',(-93.05411161108,2.060631275177,
    0.856373371171));
#14037 = DIRECTION('',(-0.,-1.,-0.));
#14038 = DIRECTION('',(0.,0.,-1.));
#14039 = ADVANCED_FACE('',(#14040),#14055,.T.);
#14040 = FACE_BOUND('',#14041,.T.);
#14041 = EDGE_LOOP('',(#14042,#14048,#14054));
#14042 = ORIENTED_EDGE('',*,*,#14043,.T.);
#14043 = EDGE_CURVE('',#10431,#5174,#14044,.T.);
#14044 = LINE('',#14045,#14046);
#14045 = CARTESIAN_POINT('',(-73.95973968505,2.060631275177,
    -6.719200134277));
#14046 = VECTOR('',#14047,1.);
#14047 = DIRECTION('',(-0.792897105206,0.,-0.609355545274));
#14048 = ORIENTED_EDGE('',*,*,#14049,.T.);
#14049 = EDGE_CURVE('',#5174,#10486,#14050,.T.);
#14050 = LINE('',#14051,#14052);
#14051 = CARTESIAN_POINT('',(-77.34022521972,2.060631275177,
    -9.317163467407));
#14052 = VECTOR('',#14053,1.);
#14053 = DIRECTION('',(0.814118160245,0.,0.580699251902));
#14054 = ORIENTED_EDGE('',*,*,#10494,.F.);
#14055 = PLANE('',#14056);
#14056 = AXIS2_PLACEMENT_3D('',#14057,#14058,#14059);
#14057 = CARTESIAN_POINT('',(-75.61560481009,2.060631275177,
    -8.038465026891));
#14058 = DIRECTION('',(-0.,-1.,-0.));
#14059 = DIRECTION('',(0.,0.,-1.));
#14060 = ADVANCED_FACE('',(#14061),#14071,.T.);
#14061 = FACE_BOUND('',#14062,.T.);
#14062 = EDGE_LOOP('',(#14063,#14064,#14065));
#14063 = ORIENTED_EDGE('',*,*,#10517,.T.);
#14064 = ORIENTED_EDGE('',*,*,#14049,.F.);
#14065 = ORIENTED_EDGE('',*,*,#14066,.T.);
#14066 = EDGE_CURVE('',#5174,#10518,#14067,.T.);
#14067 = LINE('',#14068,#14069);
#14068 = CARTESIAN_POINT('',(-77.34022521972,2.060631275177,
    -9.317163467407));
#14069 = VECTOR('',#14070,1.);
#14070 = DIRECTION('',(0.839153164636,0.,0.543895179498));
#14071 = PLANE('',#14072);
#14072 = AXIS2_PLACEMENT_3D('',#14073,#14074,#14075);
#14073 = CARTESIAN_POINT('',(-75.61463793493,2.060631275177,
    -8.142098872456));
#14074 = DIRECTION('',(-0.,-1.,-0.));
#14075 = DIRECTION('',(0.,0.,-1.));
#14076 = ADVANCED_FACE('',(#14077),#14087,.T.);
#14077 = FACE_BOUND('',#14078,.T.);
#14078 = EDGE_LOOP('',(#14079,#14080,#14086));
#14079 = ORIENTED_EDGE('',*,*,#13873,.F.);
#14080 = ORIENTED_EDGE('',*,*,#14081,.T.);
#14081 = EDGE_CURVE('',#9188,#4664,#14082,.T.);
#14082 = LINE('',#14083,#14084);
#14083 = CARTESIAN_POINT('',(-114.6116104125,2.060631275177,
    7.037487030029));
#14084 = VECTOR('',#14085,1.);
#14085 = DIRECTION('',(-0.752475733622,0.,-0.65861997412));
#14086 = ORIENTED_EDGE('',*,*,#13771,.F.);
#14087 = PLANE('',#14088);
#14088 = AXIS2_PLACEMENT_3D('',#14089,#14090,#14091);
#14089 = CARTESIAN_POINT('',(-123.6502629819,2.060631275177,
    -1.111808563255));
#14090 = DIRECTION('',(-0.,-1.,-0.));
#14091 = DIRECTION('',(0.,0.,-1.));
#14092 = ADVANCED_FACE('',(#14093),#14103,.T.);
#14093 = FACE_BOUND('',#14094,.T.);
#14094 = EDGE_LOOP('',(#14095,#14096,#14102));
#14095 = ORIENTED_EDGE('',*,*,#9187,.T.);
#14096 = ORIENTED_EDGE('',*,*,#14097,.T.);
#14097 = EDGE_CURVE('',#9135,#4664,#14098,.T.);
#14098 = LINE('',#14099,#14100);
#14099 = CARTESIAN_POINT('',(-114.7289962768,2.060631275177,
    7.201817035675));
#14100 = VECTOR('',#14101,1.);
#14101 = DIRECTION('',(-0.746941875747,0.,-0.664889339857));
#14102 = ORIENTED_EDGE('',*,*,#14081,.F.);
#14103 = PLANE('',#14104);
#14104 = AXIS2_PLACEMENT_3D('',#14105,#14106,#14107);
#14105 = CARTESIAN_POINT('',(-123.6374605749,2.060631275177,
    -0.795498516236));
#14106 = DIRECTION('',(-0.,-1.,-0.));
#14107 = DIRECTION('',(0.,0.,-1.));
#14108 = ADVANCED_FACE('',(#14109),#14119,.T.);
#14109 = FACE_BOUND('',#14110,.T.);
#14110 = EDGE_LOOP('',(#14111,#14112,#14118));
#14111 = ORIENTED_EDGE('',*,*,#9143,.F.);
#14112 = ORIENTED_EDGE('',*,*,#14113,.T.);
#14113 = EDGE_CURVE('',#9066,#4664,#14114,.T.);
#14114 = LINE('',#14115,#14116);
#14115 = CARTESIAN_POINT('',(-114.8072509765,2.060631275177,
    7.381796836853));
#14116 = VECTOR('',#14117,1.);
#14117 = DIRECTION('',(-0.741774004536,0.,-0.6706499282));
#14118 = ORIENTED_EDGE('',*,*,#14097,.F.);
#14119 = PLANE('',#14120);
#14120 = AXIS2_PLACEMENT_3D('',#14121,#14122,#14123);
#14121 = CARTESIAN_POINT('',(-123.6877028532,2.060631275177,
    -0.71002099434));
#14122 = DIRECTION('',(-0.,-1.,-0.));
#14123 = DIRECTION('',(0.,0.,-1.));
#14124 = ADVANCED_FACE('',(#14125),#14130,.T.);
#14125 = FACE_BOUND('',#14126,.T.);
#14126 = EDGE_LOOP('',(#14127,#14128,#14129));
#14127 = ORIENTED_EDGE('',*,*,#9074,.F.);
#14128 = ORIENTED_EDGE('',*,*,#13792,.F.);
#14129 = ORIENTED_EDGE('',*,*,#14113,.F.);
#14130 = PLANE('',#14131);
#14131 = AXIS2_PLACEMENT_3D('',#14132,#14133,#14134);
#14132 = CARTESIAN_POINT('',(-123.7199456099,2.060631275177,
    -0.614655566027));
#14133 = DIRECTION('',(-0.,-1.,-0.));
#14134 = DIRECTION('',(0.,0.,-1.));
#14135 = ADVANCED_FACE('',(#14136),#14146,.T.);
#14136 = FACE_BOUND('',#14137,.T.);
#14137 = EDGE_LOOP('',(#14138,#14144,#14145));
#14138 = ORIENTED_EDGE('',*,*,#14139,.T.);
#14139 = EDGE_CURVE('',#8920,#4349,#14140,.T.);
#14140 = LINE('',#14141,#14142);
#14141 = CARTESIAN_POINT('',(-114.8072509765,2.060631275177,
    8.172139167786));
#14142 = VECTOR('',#14143,1.);
#14143 = DIRECTION('',(-0.475638742022,0.,0.879640714774));
#14144 = ORIENTED_EDGE('',*,*,#4663,.F.);
#14145 = ORIENTED_EDGE('',*,*,#13806,.F.);
#14146 = PLANE('',#14147);
#14147 = AXIS2_PLACEMENT_3D('',#14148,#14149,#14150);
#14148 = CARTESIAN_POINT('',(-127.7258033501,2.060631275177,
    15.4343684995));
#14149 = DIRECTION('',(-0.,-1.,-0.));
#14150 = DIRECTION('',(0.,0.,-1.));
#14151 = ADVANCED_FACE('',(#14152),#14167,.T.);
#14152 = FACE_BOUND('',#14153,.T.);
#14153 = EDGE_LOOP('',(#14154,#14155,#14161));
#14154 = ORIENTED_EDGE('',*,*,#885,.T.);
#14155 = ORIENTED_EDGE('',*,*,#14156,.T.);
#14156 = EDGE_CURVE('',#878,#8782,#14157,.T.);
#14157 = LINE('',#14158,#14159);
#14158 = CARTESIAN_POINT('',(-114.6116104125,2.060631275177,
    24.04162979126));
#14159 = VECTOR('',#14160,1.);
#14160 = DIRECTION('',(9.154794404327E-03,0.,-0.999958093992));
#14161 = ORIENTED_EDGE('',*,*,#14162,.T.);
#14162 = EDGE_CURVE('',#8782,#886,#14163,.T.);
#14163 = LINE('',#14164,#14165);
#14164 = CARTESIAN_POINT('',(-114.4707641601,2.060631275177,
    8.657302856445));
#14165 = VECTOR('',#14166,1.);
#14166 = DIRECTION('',(0.,0.,1.));
#14167 = PLANE('',#14168);
#14168 = AXIS2_PLACEMENT_3D('',#14169,#14170,#14171);
#14169 = CARTESIAN_POINT('',(-114.5063802293,2.060631275177,
    16.363335648132));
#14170 = DIRECTION('',(-0.,-1.,-0.));
#14171 = DIRECTION('',(0.,0.,-1.));
#14172 = ADVANCED_FACE('',(#14173),#14183,.T.);
#14173 = FACE_BOUND('',#14174,.T.);
#14174 = EDGE_LOOP('',(#14175,#14176,#14182));
#14175 = ORIENTED_EDGE('',*,*,#14156,.F.);
#14176 = ORIENTED_EDGE('',*,*,#14177,.T.);
#14177 = EDGE_CURVE('',#878,#8805,#14178,.T.);
#14178 = LINE('',#14179,#14180);
#14179 = CARTESIAN_POINT('',(-114.6116104125,2.060631275177,
    24.04162979126));
#14180 = VECTOR('',#14181,1.);
#14181 = DIRECTION('',(0.,0.,-1.));
#14182 = ORIENTED_EDGE('',*,*,#8813,.F.);
#14183 = PLANE('',#14184);
#14184 = AXIS2_PLACEMENT_3D('',#14185,#14186,#14187);
#14185 = CARTESIAN_POINT('',(-114.5763320884,2.060631275177,
    16.264616422271));
#14186 = DIRECTION('',(-0.,-1.,-0.));
#14187 = DIRECTION('',(0.,0.,-1.));
#14188 = ADVANCED_FACE('',(#14189),#14194,.T.);
#14189 = FACE_BOUND('',#14190,.T.);
#14190 = EDGE_LOOP('',(#14191,#14192,#14193));
#14191 = ORIENTED_EDGE('',*,*,#14177,.F.);
#14192 = ORIENTED_EDGE('',*,*,#13850,.F.);
#14193 = ORIENTED_EDGE('',*,*,#8859,.F.);
#14194 = PLANE('',#14195);
#14195 = AXIS2_PLACEMENT_3D('',#14196,#14197,#14198);
#14196 = CARTESIAN_POINT('',(-114.6412994291,2.060631275177,
    16.187579429459));
#14197 = DIRECTION('',(-0.,-1.,-0.));
#14198 = DIRECTION('',(0.,0.,-1.));
#14199 = ADVANCED_FACE('',(#14200),#14210,.T.);
#14200 = FACE_BOUND('',#14201,.T.);
#14201 = EDGE_LOOP('',(#14202,#14208,#14209));
#14202 = ORIENTED_EDGE('',*,*,#14203,.T.);
#14203 = EDGE_CURVE('',#8782,#869,#14204,.T.);
#14204 = LINE('',#14205,#14206);
#14205 = CARTESIAN_POINT('',(-114.4707641601,2.060631275177,
    8.657302856445));
#14206 = VECTOR('',#14207,1.);
#14207 = DIRECTION('',(1.086333205175E-02,0.,0.999940992267));
#14208 = ORIENTED_EDGE('',*,*,#893,.T.);
#14209 = ORIENTED_EDGE('',*,*,#14162,.F.);
#14210 = PLANE('',#14211);
#14211 = AXIS2_PLACEMENT_3D('',#14212,#14213,#14214);
#14212 = CARTESIAN_POINT('',(-114.42956235,2.060631275177,
    16.296891906693));
#14213 = DIRECTION('',(-0.,-1.,-0.));
#14214 = DIRECTION('',(0.,0.,-1.));
#14215 = ADVANCED_FACE('',(#14216),#14226,.T.);
#14216 = FACE_BOUND('',#14217,.T.);
#14217 = EDGE_LOOP('',(#14218,#14224,#14225));
#14218 = ORIENTED_EDGE('',*,*,#14219,.T.);
#14219 = EDGE_CURVE('',#8728,#869,#14220,.T.);
#14220 = LINE('',#14221,#14222);
#14221 = CARTESIAN_POINT('',(-114.3064346313,2.060631275177,
    8.77467918396));
#14222 = VECTOR('',#14223,1.);
#14223 = DIRECTION('',(0.,0.,1.));
#14224 = ORIENTED_EDGE('',*,*,#14203,.F.);
#14225 = ORIENTED_EDGE('',*,*,#8790,.F.);
#14226 = PLANE('',#14227);
#14227 = AXIS2_PLACEMENT_3D('',#14228,#14229,#14230);
#14228 = CARTESIAN_POINT('',(-114.3479506367,2.060631275177,
    16.19943339647));
#14229 = DIRECTION('',(-0.,-1.,-0.));
#14230 = DIRECTION('',(0.,0.,-1.));
#14231 = ADVANCED_FACE('',(#14232),#14237,.T.);
#14232 = FACE_BOUND('',#14233,.T.);
#14233 = EDGE_LOOP('',(#14234,#14235,#14236));
#14234 = ORIENTED_EDGE('',*,*,#13844,.F.);
#14235 = ORIENTED_EDGE('',*,*,#13830,.F.);
#14236 = ORIENTED_EDGE('',*,*,#8928,.F.);
#14237 = PLANE('',#14238);
#14238 = AXIS2_PLACEMENT_3D('',#14239,#14240,#14241);
#14239 = CARTESIAN_POINT('',(-114.7487894832,2.060631275177,
    16.185028829121));
#14240 = DIRECTION('',(-0.,-1.,-0.));
#14241 = DIRECTION('',(0.,0.,-1.));
#14242 = ADVANCED_FACE('',(#14243),#14258,.T.);
#14243 = FACE_BOUND('',#14244,.T.);
#14244 = EDGE_LOOP('',(#14245,#14251,#14257));
#14245 = ORIENTED_EDGE('',*,*,#14246,.T.);
#14246 = EDGE_CURVE('',#4349,#4326,#14247,.T.);
#14247 = LINE('',#14248,#14249);
#14248 = CARTESIAN_POINT('',(-132.6799774169,2.060631275177,
    41.225749969482));
#14249 = VECTOR('',#14250,1.);
#14250 = DIRECTION('',(0.707104088149,0.,0.707109474214));
#14251 = ORIENTED_EDGE('',*,*,#14252,.T.);
#14252 = EDGE_CURVE('',#4326,#4351,#14253,.T.);
#14253 = LINE('',#14254,#14255);
#14254 = CARTESIAN_POINT('',(-132.1791687011,2.060631275177,41.7265625)
  );
#14255 = VECTOR('',#14256,1.);
#14256 = DIRECTION('',(-0.89443067912,0.,-0.447206619192));
#14257 = ORIENTED_EDGE('',*,*,#4348,.F.);
#14258 = PLANE('',#14259);
#14259 = AXIS2_PLACEMENT_3D('',#14260,#14261,#14262);
#14260 = CARTESIAN_POINT('',(-132.4564270331,2.060631275177,
    41.499990154933));
#14261 = DIRECTION('',(-0.,-1.,-0.));
#14262 = DIRECTION('',(0.,0.,-1.));
#14263 = ADVANCED_FACE('',(#14264),#14269,.T.);
#14264 = FACE_BOUND('',#14265,.T.);
#14265 = EDGE_LOOP('',(#14266,#14267,#14268));
#14266 = ORIENTED_EDGE('',*,*,#14252,.F.);
#14267 = ORIENTED_EDGE('',*,*,#4403,.F.);
#14268 = ORIENTED_EDGE('',*,*,#4550,.F.);
#14269 = PLANE('',#14270);
#14270 = AXIS2_PLACEMENT_3D('',#14271,#14272,#14273);
#14271 = CARTESIAN_POINT('',(-132.3806065945,2.060631275177,
    41.638707779029));
#14272 = DIRECTION('',(-0.,-1.,-0.));
#14273 = DIRECTION('',(0.,0.,-1.));
#14274 = ADVANCED_FACE('',(#14275),#14291,.T.);
#14275 = FACE_BOUND('',#14276,.T.);
#14276 = EDGE_LOOP('',(#14277,#14278,#14279,#14285));
#14277 = ORIENTED_EDGE('',*,*,#493,.F.);
#14278 = ORIENTED_EDGE('',*,*,#447,.F.);
#14279 = ORIENTED_EDGE('',*,*,#14280,.T.);
#14280 = EDGE_CURVE('',#385,#4326,#14281,.T.);
#14281 = LINE('',#14282,#14283);
#14282 = CARTESIAN_POINT('',(-114.1264495849,2.060631275177,
    25.857076644897));
#14283 = VECTOR('',#14284,1.);
#14284 = DIRECTION('',(-0.751062255382,0.,0.66023139015));
#14285 = ORIENTED_EDGE('',*,*,#14286,.T.);
#14286 = EDGE_CURVE('',#4326,#485,#14287,.T.);
#14287 = LINE('',#14288,#14289);
#14288 = CARTESIAN_POINT('',(-132.1791687011,2.060631275177,41.7265625)
  );
#14289 = VECTOR('',#14290,1.);
#14290 = DIRECTION('',(0.74063565781,0.,-0.671906855435));
#14291 = PLANE('',#14292);
#14292 = AXIS2_PLACEMENT_3D('',#14293,#14294,#14295);
#14293 = CARTESIAN_POINT('',(-123.1654251263,2.060631275177,
    33.677638979837));
#14294 = DIRECTION('',(-0.,-1.,-0.));
#14295 = DIRECTION('',(0.,0.,-1.));
#14296 = ADVANCED_FACE('',(#14297),#14307,.T.);
#14297 = FACE_BOUND('',#14298,.T.);
#14298 = EDGE_LOOP('',(#14299,#14305,#14306));
#14299 = ORIENTED_EDGE('',*,*,#14300,.T.);
#14300 = EDGE_CURVE('',#354,#4326,#14301,.T.);
#14301 = LINE('',#14302,#14303);
#14302 = CARTESIAN_POINT('',(-113.9308242797,2.060631275177,
    25.911851882935));
#14303 = VECTOR('',#14304,1.);
#14304 = DIRECTION('',(-0.755699765387,0.,0.654918212141));
#14305 = ORIENTED_EDGE('',*,*,#14280,.F.);
#14306 = ORIENTED_EDGE('',*,*,#393,.F.);
#14307 = PLANE('',#14308);
#14308 = AXIS2_PLACEMENT_3D('',#14309,#14310,#14311);
#14309 = CARTESIAN_POINT('',(-123.065688446,2.060631275177,
    33.772288976927));
#14310 = DIRECTION('',(-0.,-1.,-0.));
#14311 = DIRECTION('',(0.,0.,-1.));
#14312 = ADVANCED_FACE('',(#14313),#14323,.T.);
#14313 = FACE_BOUND('',#14314,.T.);
#14314 = EDGE_LOOP('',(#14315,#14321,#14322));
#14315 = ORIENTED_EDGE('',*,*,#14316,.T.);
#14316 = EDGE_CURVE('',#363,#4326,#14317,.T.);
#14317 = LINE('',#14318,#14319);
#14318 = CARTESIAN_POINT('',(-113.7273712158,2.060631275177,
    25.927503585815));
#14319 = VECTOR('',#14320,1.);
#14320 = DIRECTION('',(-0.759597568167,0.,0.650393368997));
#14321 = ORIENTED_EDGE('',*,*,#14300,.F.);
#14322 = ORIENTED_EDGE('',*,*,#370,.T.);
#14323 = PLANE('',#14324);
#14324 = AXIS2_PLACEMENT_3D('',#14325,#14326,#14327);
#14325 = CARTESIAN_POINT('',(-122.9654942121,2.060631275177,
    33.789977411364));
#14326 = DIRECTION('',(-0.,-1.,-0.));
#14327 = DIRECTION('',(0.,0.,-1.));
#14328 = ADVANCED_FACE('',(#14329),#14339,.T.);
#14329 = FACE_BOUND('',#14330,.T.);
#14330 = EDGE_LOOP('',(#14331,#14332,#14338));
#14331 = ORIENTED_EDGE('',*,*,#13824,.F.);
#14332 = ORIENTED_EDGE('',*,*,#14333,.T.);
#14333 = EDGE_CURVE('',#738,#4349,#14334,.T.);
#14334 = LINE('',#14335,#14336);
#14335 = CARTESIAN_POINT('',(-114.8072509765,2.060631275177,
    24.385940551758));
#14336 = VECTOR('',#14337,1.);
#14337 = DIRECTION('',(-0.72782551977,0.,0.685762358818));
#14338 = ORIENTED_EDGE('',*,*,#14139,.F.);
#14339 = PLANE('',#14340);
#14340 = AXIS2_PLACEMENT_3D('',#14341,#14342,#14343);
#14341 = CARTESIAN_POINT('',(-121.8942321993,2.060631275177,
    25.497412636494));
#14342 = DIRECTION('',(-0.,-1.,-0.));
#14343 = DIRECTION('',(0.,0.,-1.));
#14344 = ADVANCED_FACE('',(#14345),#14355,.T.);
#14345 = FACE_BOUND('',#14346,.T.);
#14346 = EDGE_LOOP('',(#14347,#14353,#14354));
#14347 = ORIENTED_EDGE('',*,*,#14348,.T.);
#14348 = EDGE_CURVE('',#8728,#931,#14349,.T.);
#14349 = LINE('',#14350,#14351);
#14350 = CARTESIAN_POINT('',(-114.3064346313,2.060631275177,
    8.77467918396));
#14351 = VECTOR('',#14352,1.);
#14352 = DIRECTION('',(1.206032506356E-02,0.,0.999927271635));
#14353 = ORIENTED_EDGE('',*,*,#939,.F.);
#14354 = ORIENTED_EDGE('',*,*,#14219,.F.);
#14355 = PLANE('',#14356);
#14356 = AXIS2_PLACEMENT_3D('',#14357,#14358,#14359);
#14357 = CARTESIAN_POINT('',(-114.2612673598,2.060631275177,
    16.307127045578));
#14358 = DIRECTION('',(-0.,-1.,-0.));
#14359 = DIRECTION('',(0.,0.,-1.));
#14360 = ADVANCED_FACE('',(#14361),#14376,.T.);
#14361 = FACE_BOUND('',#14362,.T.);
#14362 = EDGE_LOOP('',(#14363,#14369,#14370));
#14363 = ORIENTED_EDGE('',*,*,#14364,.T.);
#14364 = EDGE_CURVE('',#8674,#986,#14365,.T.);
#14365 = LINE('',#14366,#14367);
#14366 = CARTESIAN_POINT('',(-114.1264495849,2.060631275177,
    8.860759735107));
#14367 = VECTOR('',#14368,1.);
#14368 = DIRECTION('',(1.323305257672E-02,0.,0.999912439326));
#14369 = ORIENTED_EDGE('',*,*,#985,.T.);
#14370 = ORIENTED_EDGE('',*,*,#14371,.T.);
#14371 = EDGE_CURVE('',#931,#8674,#14372,.T.);
#14372 = LINE('',#14373,#14374);
#14373 = CARTESIAN_POINT('',(-114.1264495849,2.060631275177,
    23.697324752808));
#14374 = VECTOR('',#14375,1.);
#14375 = DIRECTION('',(0.,0.,-1.));
#14376 = PLANE('',#14377);
#14377 = AXIS2_PLACEMENT_3D('',#14378,#14379,#14380);
#14378 = CARTESIAN_POINT('',(-114.0772978202,2.060631275177,
    16.315811775418));
#14379 = DIRECTION('',(-0.,-1.,-0.));
#14380 = DIRECTION('',(0.,0.,-1.));
#14381 = ADVANCED_FACE('',(#14382),#14397,.T.);
#14382 = FACE_BOUND('',#14383,.T.);
#14383 = EDGE_LOOP('',(#14384,#14390,#14391));
#14384 = ORIENTED_EDGE('',*,*,#14385,.T.);
#14385 = EDGE_CURVE('',#8683,#977,#14386,.T.);
#14386 = LINE('',#14387,#14388);
#14387 = CARTESIAN_POINT('',(-113.9308242797,2.060631275177,
    8.907709121704));
#14388 = VECTOR('',#14389,1.);
#14389 = DIRECTION('',(1.382098127588E-02,0.,0.999904485677));
#14390 = ORIENTED_EDGE('',*,*,#993,.T.);
#14391 = ORIENTED_EDGE('',*,*,#14392,.T.);
#14392 = EDGE_CURVE('',#986,#8683,#14393,.T.);
#14393 = LINE('',#14394,#14395);
#14394 = CARTESIAN_POINT('',(-113.9308242797,2.060631275177,
    23.642547607422));
#14395 = VECTOR('',#14396,1.);
#14396 = DIRECTION('',(0.,0.,-1.));
#14397 = PLANE('',#14398);
#14398 = AXIS2_PLACEMENT_3D('',#14399,#14400,#14401);
#14399 = CARTESIAN_POINT('',(-113.8796355067,2.060631275177,
    16.321877927405));
#14400 = DIRECTION('',(-0.,-1.,-0.));
#14401 = DIRECTION('',(0.,0.,-1.));
#14402 = ADVANCED_FACE('',(#14403),#14418,.T.);
#14403 = FACE_BOUND('',#14404,.T.);
#14404 = EDGE_LOOP('',(#14405,#14411,#14412));
#14405 = ORIENTED_EDGE('',*,*,#14406,.T.);
#14406 = EDGE_CURVE('',#8620,#1054,#14407,.T.);
#14407 = LINE('',#14408,#14409);
#14408 = CARTESIAN_POINT('',(-113.7273712158,2.060631275177,
    8.931185722351));
#14409 = VECTOR('',#14410,1.);
#14410 = DIRECTION('',(1.329690892121E-02,0.,0.999911592199));
#14411 = ORIENTED_EDGE('',*,*,#1062,.F.);
#14412 = ORIENTED_EDGE('',*,*,#14413,.T.);
#14413 = EDGE_CURVE('',#977,#8620,#14414,.T.);
#14414 = LINE('',#14415,#14416);
#14415 = CARTESIAN_POINT('',(-113.7273712158,2.060631275177,
    23.62689781189));
#14416 = VECTOR('',#14417,1.);
#14417 = DIRECTION('',(0.,0.,-1.));
#14418 = PLANE('',#14419);
#14419 = AXIS2_PLACEMENT_3D('',#14420,#14421,#14422);
#14420 = CARTESIAN_POINT('',(-113.6781107519,2.060631275177,
    16.331693511113));
#14421 = DIRECTION('',(-0.,-1.,-0.));
#14422 = DIRECTION('',(0.,0.,-1.));
#14423 = ADVANCED_FACE('',(#14424),#14439,.T.);
#14424 = FACE_BOUND('',#14425,.T.);
#14425 = EDGE_LOOP('',(#14426,#14432,#14433));
#14426 = ORIENTED_EDGE('',*,*,#14427,.T.);
#14427 = EDGE_CURVE('',#8598,#1086,#14428,.T.);
#14428 = LINE('',#14429,#14430);
#14429 = CARTESIAN_POINT('',(-113.3361053466,2.060631275177,
    8.860759735107));
#14430 = VECTOR('',#14431,1.);
#14431 = DIRECTION('',(0.,0.,1.));
#14432 = ORIENTED_EDGE('',*,*,#1085,.T.);
#14433 = ORIENTED_EDGE('',*,*,#14434,.T.);
#14434 = EDGE_CURVE('',#1054,#8598,#14435,.T.);
#14435 = LINE('',#14436,#14437);
#14436 = CARTESIAN_POINT('',(-113.5317382812,2.060631275177,
    23.642547607422));
#14437 = VECTOR('',#14438,1.);
#14438 = DIRECTION('',(1.323356857591E-02,0.,-0.999912432497));
#14439 = PLANE('',#14440);
#14440 = AXIS2_PLACEMENT_3D('',#14441,#14442,#14443);
#14441 = CARTESIAN_POINT('',(-113.3852590404,2.060631275177,
    16.315813586883));
#14442 = DIRECTION('',(-0.,-1.,-0.));
#14443 = DIRECTION('',(0.,0.,-1.));
#14444 = ADVANCED_FACE('',(#14445),#14455,.T.);
#14445 = FACE_BOUND('',#14446,.T.);
#14446 = EDGE_LOOP('',(#14447,#14448,#14449));
#14447 = ORIENTED_EDGE('',*,*,#1093,.T.);
#14448 = ORIENTED_EDGE('',*,*,#14427,.F.);
#14449 = ORIENTED_EDGE('',*,*,#14450,.T.);
#14450 = EDGE_CURVE('',#8598,#1077,#14451,.T.);
#14451 = LINE('',#14452,#14453);
#14452 = CARTESIAN_POINT('',(-113.3361053466,2.060631275177,
    8.860759735107));
#14453 = VECTOR('',#14454,1.);
#14454 = DIRECTION('',(1.205981699465E-02,0.,0.999927277763));
#14455 = PLANE('',#14456);
#14456 = AXIS2_PLACEMENT_3D('',#14457,#14458,#14459);
#14457 = CARTESIAN_POINT('',(-113.2906804732,2.060631275177,
    16.350165623396));
#14458 = DIRECTION('',(-0.,-1.,-0.));
#14459 = DIRECTION('',(0.,0.,-1.));
#14460 = ADVANCED_FACE('',(#14461),#14466,.T.);
#14461 = FACE_BOUND('',#14462,.T.);
#14462 = EDGE_LOOP('',(#14463,#14464,#14465));
#14463 = ORIENTED_EDGE('',*,*,#14371,.F.);
#14464 = ORIENTED_EDGE('',*,*,#14348,.F.);
#14465 = ORIENTED_EDGE('',*,*,#8736,.F.);
#14466 = PLANE('',#14467);
#14467 = AXIS2_PLACEMENT_3D('',#14468,#14469,#14470);
#14468 = CARTESIAN_POINT('',(-114.1718764024,2.060631275177,
    16.207915801625));
#14469 = DIRECTION('',(-0.,-1.,-0.));
#14470 = DIRECTION('',(0.,0.,-1.));
#14471 = ADVANCED_FACE('',(#14472),#14477,.T.);
#14472 = FACE_BOUND('',#14473,.T.);
#14473 = EDGE_LOOP('',(#14474,#14475,#14476));
#14474 = ORIENTED_EDGE('',*,*,#14392,.F.);
#14475 = ORIENTED_EDGE('',*,*,#14364,.F.);
#14476 = ORIENTED_EDGE('',*,*,#8690,.T.);
#14477 = PLANE('',#14478);
#14478 = AXIS2_PLACEMENT_3D('',#14479,#14480,#14481);
#14479 = CARTESIAN_POINT('',(-113.9801410631,2.060631275177,
    16.213419552158));
#14480 = DIRECTION('',(-0.,-1.,-0.));
#14481 = DIRECTION('',(0.,0.,-1.));
#14482 = ADVANCED_FACE('',(#14483),#14493,.T.);
#14483 = FACE_BOUND('',#14484,.T.);
#14484 = EDGE_LOOP('',(#14485,#14486,#14492));
#14485 = ORIENTED_EDGE('',*,*,#754,.T.);
#14486 = ORIENTED_EDGE('',*,*,#14487,.T.);
#14487 = EDGE_CURVE('',#747,#4349,#14488,.T.);
#14488 = LINE('',#14489,#14490);
#14489 = CARTESIAN_POINT('',(-114.8620223999,2.060631275177,
    24.57374382019));
#14490 = VECTOR('',#14491,1.);
#14491 = DIRECTION('',(-0.730606880821,0.,0.68279834922));
#14492 = ORIENTED_EDGE('',*,*,#14333,.F.);
#14493 = PLANE('',#14494);
#14494 = AXIS2_PLACEMENT_3D('',#14495,#14496,#14497);
#14495 = CARTESIAN_POINT('',(-123.7217387054,2.060631275177,
    32.819302159643));
#14496 = DIRECTION('',(-0.,-1.,-0.));
#14497 = DIRECTION('',(0.,0.,-1.));
#14498 = ADVANCED_FACE('',(#14499),#14509,.T.);
#14499 = FACE_BOUND('',#14500,.T.);
#14500 = EDGE_LOOP('',(#14501,#14507,#14508));
#14501 = ORIENTED_EDGE('',*,*,#14502,.T.);
#14502 = EDGE_CURVE('',#669,#4349,#14503,.T.);
#14503 = LINE('',#14504,#14505);
#14504 = CARTESIAN_POINT('',(-114.877670288,2.060631275177,
    24.777200698853));
#14505 = VECTOR('',#14506,1.);
#14506 = DIRECTION('',(-0.734481544305,0.,0.678628662138));
#14507 = ORIENTED_EDGE('',*,*,#14487,.F.);
#14508 = ORIENTED_EDGE('',*,*,#746,.T.);
#14509 = PLANE('',#14510);
#14510 = AXIS2_PLACEMENT_3D('',#14511,#14512,#14513);
#14511 = CARTESIAN_POINT('',(-123.7376860113,2.060631275177,
    32.915873486148));
#14512 = DIRECTION('',(-0.,-1.,-0.));
#14513 = DIRECTION('',(0.,0.,-1.));
#14514 = ADVANCED_FACE('',(#14515),#14526,.T.);
#14515 = FACE_BOUND('',#14516,.T.);
#14516 = EDGE_LOOP('',(#14517,#14523,#14524,#14525));
#14517 = ORIENTED_EDGE('',*,*,#14518,.T.);
#14518 = EDGE_CURVE('',#600,#4349,#14519,.T.);
#14519 = LINE('',#14520,#14521);
#14520 = CARTESIAN_POINT('',(-114.8072509765,2.060631275177,
    25.168458938599));
#14521 = VECTOR('',#14522,1.);
#14522 = DIRECTION('',(-0.74387670418,0.,0.66831687767));
#14523 = ORIENTED_EDGE('',*,*,#14502,.F.);
#14524 = ORIENTED_EDGE('',*,*,#677,.F.);
#14525 = ORIENTED_EDGE('',*,*,#631,.F.);
#14526 = PLANE('',#14527);
#14527 = AXIS2_PLACEMENT_3D('',#14528,#14529,#14530);
#14528 = CARTESIAN_POINT('',(-123.6884335132,2.060631275177,
    33.032475530082));
#14529 = DIRECTION('',(-0.,-1.,-0.));
#14530 = DIRECTION('',(0.,0.,-1.));
#14531 = ADVANCED_FACE('',(#14532),#14547,.T.);
#14532 = FACE_BOUND('',#14533,.T.);
#14533 = EDGE_LOOP('',(#14534,#14535,#14541));
#14534 = ORIENTED_EDGE('',*,*,#562,.F.);
#14535 = ORIENTED_EDGE('',*,*,#14536,.T.);
#14536 = EDGE_CURVE('',#508,#4349,#14537,.T.);
#14537 = LINE('',#14538,#14539);
#14538 = CARTESIAN_POINT('',(-114.6116104125,2.060631275177,
    25.512765884399));
#14539 = VECTOR('',#14540,1.);
#14540 = DIRECTION('',(-0.754577385724,0.,0.656211070429));
#14541 = ORIENTED_EDGE('',*,*,#14542,.T.);
#14542 = EDGE_CURVE('',#4349,#554,#14543,.T.);
#14543 = LINE('',#14544,#14545);
#14544 = CARTESIAN_POINT('',(-132.6799774169,2.060631275177,
    41.225749969482));
#14545 = VECTOR('',#14546,1.);
#14546 = DIRECTION('',(0.749046347933,0.,-0.662517598746));
#14547 = PLANE('',#14548);
#14548 = AXIS2_PLACEMENT_3D('',#14549,#14550,#14551);
#14549 = CARTESIAN_POINT('',(-123.6373555773,2.060631275177,
    33.295009921464));
#14550 = DIRECTION('',(-0.,-1.,-0.));
#14551 = DIRECTION('',(0.,0.,-1.));
#14552 = ADVANCED_FACE('',(#14553),#14558,.T.);
#14553 = FACE_BOUND('',#14554,.T.);
#14554 = EDGE_LOOP('',(#14555,#14556,#14557));
#14555 = ORIENTED_EDGE('',*,*,#14413,.F.);
#14556 = ORIENTED_EDGE('',*,*,#14385,.F.);
#14557 = ORIENTED_EDGE('',*,*,#8682,.T.);
#14558 = PLANE('',#14559);
#14559 = AXIS2_PLACEMENT_3D('',#14560,#14561,#14562);
#14560 = CARTESIAN_POINT('',(-113.7786288817,2.060631275177,
    16.222323354823));
#14561 = DIRECTION('',(-0.,-1.,-0.));
#14562 = DIRECTION('',(0.,0.,-1.));
#14563 = ADVANCED_FACE('',(#14564),#14574,.T.);
#14564 = FACE_BOUND('',#14565,.T.);
#14565 = EDGE_LOOP('',(#14566,#14567,#14573));
#14566 = ORIENTED_EDGE('',*,*,#14434,.F.);
#14567 = ORIENTED_EDGE('',*,*,#14568,.T.);
#14568 = EDGE_CURVE('',#1054,#8589,#14569,.T.);
#14569 = LINE('',#14570,#14571);
#14570 = CARTESIAN_POINT('',(-113.5317382812,2.060631275177,
    23.642547607422));
#14571 = VECTOR('',#14572,1.);
#14572 = DIRECTION('',(0.,0.,-1.));
#14573 = ORIENTED_EDGE('',*,*,#8605,.T.);
#14574 = PLANE('',#14575);
#14575 = AXIS2_PLACEMENT_3D('',#14576,#14577,#14578);
#14576 = CARTESIAN_POINT('',(-113.4824195622,2.060631275177,
    16.213417722714));
#14577 = DIRECTION('',(-0.,-1.,-0.));
#14578 = DIRECTION('',(0.,0.,-1.));
#14579 = ADVANCED_FACE('',(#14580),#14585,.T.);
#14580 = FACE_BOUND('',#14581,.T.);
#14581 = EDGE_LOOP('',(#14582,#14583,#14584));
#14582 = ORIENTED_EDGE('',*,*,#14568,.F.);
#14583 = ORIENTED_EDGE('',*,*,#14406,.F.);
#14584 = ORIENTED_EDGE('',*,*,#8628,.F.);
#14585 = PLANE('',#14586);
#14586 = AXIS2_PLACEMENT_3D('',#14587,#14588,#14589);
#14587 = CARTESIAN_POINT('',(-113.5809350039,2.060631275177,
    16.232063559677));
#14588 = DIRECTION('',(-0.,-1.,-0.));
#14589 = DIRECTION('',(0.,0.,-1.));
#14590 = ADVANCED_FACE('',(#14591),#14601,.T.);
#14591 = FACE_BOUND('',#14592,.T.);
#14592 = EDGE_LOOP('',(#14593,#14594,#14600));
#14593 = ORIENTED_EDGE('',*,*,#5412,.F.);
#14594 = ORIENTED_EDGE('',*,*,#14595,.T.);
#14595 = EDGE_CURVE('',#5413,#5266,#14596,.T.);
#14596 = LINE('',#14597,#14598);
#14597 = CARTESIAN_POINT('',(-68.08301544189,2.060631275177,
    -21.5792388916));
#14598 = VECTOR('',#14599,1.);
#14599 = DIRECTION('',(-0.921255561313,0.,0.388957826441));
#14600 = ORIENTED_EDGE('',*,*,#5366,.F.);
#14601 = PLANE('',#14602);
#14602 = AXIS2_PLACEMENT_3D('',#14603,#14604,#14605);
#14603 = CARTESIAN_POINT('',(-68.26269422009,2.060631275177,
    -21.51351317016));
#14604 = DIRECTION('',(-0.,-1.,-0.));
#14605 = DIRECTION('',(0.,0.,-1.));
#14606 = ADVANCED_FACE('',(#14607),#14622,.T.);
#14607 = FACE_BOUND('',#14608,.T.);
#14608 = EDGE_LOOP('',(#14609,#14615,#14616));
#14609 = ORIENTED_EDGE('',*,*,#14610,.T.);
#14610 = EDGE_CURVE('',#5266,#10879,#14611,.T.);
#14611 = LINE('',#14612,#14613);
#14612 = CARTESIAN_POINT('',(-68.43515777587,2.060631275177,
    -21.43056297302));
#14613 = VECTOR('',#14614,1.);
#14614 = DIRECTION('',(-0.285400130368,0.,0.958408454463));
#14615 = ORIENTED_EDGE('',*,*,#10887,.F.);
#14616 = ORIENTED_EDGE('',*,*,#14617,.T.);
#14617 = EDGE_CURVE('',#10833,#5266,#14618,.T.);
#14618 = LINE('',#14619,#14620);
#14619 = CARTESIAN_POINT('',(-72.6294555664,2.060631275177,
    -8.057307243347));
#14620 = VECTOR('',#14621,1.);
#14621 = DIRECTION('',(0.299259955498,0.,-0.954171619278));
#14622 = PLANE('',#14623);
#14623 = AXIS2_PLACEMENT_3D('',#14624,#14625,#14626);
#14624 = CARTESIAN_POINT('',(-70.49814852466,2.060631275177,
    -14.68202607313));
#14625 = DIRECTION('',(-0.,-1.,-0.));
#14626 = DIRECTION('',(0.,0.,-1.));
#14627 = ADVANCED_FACE('',(#14628),#14639,.T.);
#14628 = FACE_BOUND('',#14629,.T.);
#14629 = EDGE_LOOP('',(#14630,#14636,#14637,#14638));
#14630 = ORIENTED_EDGE('',*,*,#14631,.T.);
#14631 = EDGE_CURVE('',#10733,#5266,#14632,.T.);
#14632 = LINE('',#14633,#14634);
#14633 = CARTESIAN_POINT('',(-73.02854156494,2.060631275177,
    -8.057307243347));
#14634 = VECTOR('',#14635,1.);
#14635 = DIRECTION('',(0.324847460135,0.,-0.945766423407));
#14636 = ORIENTED_EDGE('',*,*,#14617,.F.);
#14637 = ORIENTED_EDGE('',*,*,#10841,.F.);
#14638 = ORIENTED_EDGE('',*,*,#10772,.F.);
#14639 = PLANE('',#14640);
#14640 = AXIS2_PLACEMENT_3D('',#14641,#14642,#14643);
#14641 = CARTESIAN_POINT('',(-70.6632178841,2.060631275177,
    -14.65048176099));
#14642 = DIRECTION('',(-0.,-1.,-0.));
#14643 = DIRECTION('',(0.,0.,-1.));
#14644 = ADVANCED_FACE('',(#14645),#14655,.T.);
#14645 = FACE_BOUND('',#14646,.T.);
#14646 = EDGE_LOOP('',(#14647,#14648,#14649));
#14647 = ORIENTED_EDGE('',*,*,#5265,.F.);
#14648 = ORIENTED_EDGE('',*,*,#14631,.F.);
#14649 = ORIENTED_EDGE('',*,*,#14650,.T.);
#14650 = EDGE_CURVE('',#10733,#5220,#14651,.T.);
#14651 = LINE('',#14652,#14653);
#14652 = CARTESIAN_POINT('',(-73.02854156494,2.060631275177,
    -8.057307243347));
#14653 = VECTOR('',#14654,1.);
#14654 = DIRECTION('',(-0.949751045248,0.,-0.313006313117));
#14655 = PLANE('',#14656);
#14656 = AXIS2_PLACEMENT_3D('',#14657,#14658,#14659);
#14657 = CARTESIAN_POINT('',(-72.23017665901,2.060631275177,
    -14.26180121215));
#14658 = DIRECTION('',(-0.,-1.,-0.));
#14659 = DIRECTION('',(0.,0.,-1.));
#14660 = ADVANCED_FACE('',(#14661),#14671,.T.);
#14661 = FACE_BOUND('',#14662,.T.);
#14662 = EDGE_LOOP('',(#14663,#14669,#14670));
#14663 = ORIENTED_EDGE('',*,*,#14664,.T.);
#14664 = EDGE_CURVE('',#10742,#5220,#14665,.T.);
#14665 = LINE('',#14666,#14667);
#14666 = CARTESIAN_POINT('',(-73.22417449951,2.060631275177,
    -8.002532958984));
#14667 = VECTOR('',#14668,1.);
#14668 = DIRECTION('',(-0.940982333366,0.,-0.338455681431));
#14669 = ORIENTED_EDGE('',*,*,#14650,.F.);
#14670 = ORIENTED_EDGE('',*,*,#10749,.T.);
#14671 = PLANE('',#14672);
#14672 = AXIS2_PLACEMENT_3D('',#14673,#14674,#14675);
#14673 = CARTESIAN_POINT('',(-75.10720206723,2.060631275177,
    -8.71243018986));
#14674 = DIRECTION('',(-0.,-1.,-0.));
#14675 = DIRECTION('',(0.,0.,-1.));
#14676 = ADVANCED_FACE('',(#14677),#14687,.T.);
#14677 = FACE_BOUND('',#14678,.T.);
#14678 = EDGE_LOOP('',(#14679,#14685,#14686));
#14679 = ORIENTED_EDGE('',*,*,#14680,.T.);
#14680 = EDGE_CURVE('',#10648,#5220,#14681,.T.);
#14681 = LINE('',#14682,#14683);
#14682 = CARTESIAN_POINT('',(-73.4041519165,2.060631275177,
    -7.916454315186));
#14683 = VECTOR('',#14684,1.);
#14684 = DIRECTION('',(-0.928609315646,0.,-0.371058942616));
#14685 = ORIENTED_EDGE('',*,*,#14664,.F.);
#14686 = ORIENTED_EDGE('',*,*,#10741,.T.);
#14687 = PLANE('',#14688);
#14688 = AXIS2_PLACEMENT_3D('',#14689,#14690,#14691);
#14689 = CARTESIAN_POINT('',(-75.20268080789,2.060631275177,
    -8.676190705988));
#14690 = DIRECTION('',(-0.,-1.,-0.));
#14691 = DIRECTION('',(0.,0.,-1.));
#14692 = ADVANCED_FACE('',(#14693),#14703,.T.);
#14693 = FACE_BOUND('',#14694,.T.);
#14694 = EDGE_LOOP('',(#14695,#14701,#14702));
#14695 = ORIENTED_EDGE('',*,*,#14696,.T.);
#14696 = EDGE_CURVE('',#10657,#5220,#14697,.T.);
#14697 = LINE('',#14698,#14699);
#14698 = CARTESIAN_POINT('',(-73.56848144531,2.060631275177,
    -7.806902885437));
#14699 = VECTOR('',#14700,1.);
#14700 = DIRECTION('',(-0.912585799347,0.,-0.40888526365));
#14701 = ORIENTED_EDGE('',*,*,#14680,.F.);
#14702 = ORIENTED_EDGE('',*,*,#10664,.T.);
#14703 = PLANE('',#14704);
#14704 = AXIS2_PLACEMENT_3D('',#14705,#14706,#14707);
#14705 = CARTESIAN_POINT('',(-75.2901093588,2.060631275177,
    -8.625778850725));
#14706 = DIRECTION('',(-0.,-1.,-0.));
#14707 = DIRECTION('',(0.,0.,-1.));
#14708 = ADVANCED_FACE('',(#14709),#14720,.T.);
#14709 = FACE_BOUND('',#14710,.T.);
#14710 = EDGE_LOOP('',(#14711,#14717,#14718,#14719));
#14711 = ORIENTED_EDGE('',*,*,#14712,.T.);
#14712 = EDGE_CURVE('',#10509,#5220,#14713,.T.);
#14713 = LINE('',#14714,#14715);
#14714 = CARTESIAN_POINT('',(-73.82671356201,2.060631275177,
    -7.493894577026));
#14715 = VECTOR('',#14716,1.);
#14716 = DIRECTION('',(-0.866622640756,0.,-0.498964125494));
#14717 = ORIENTED_EDGE('',*,*,#14696,.F.);
#14718 = ORIENTED_EDGE('',*,*,#10656,.T.);
#14719 = ORIENTED_EDGE('',*,*,#10587,.F.);
#14720 = PLANE('',#14721);
#14721 = AXIS2_PLACEMENT_3D('',#14722,#14723,#14724);
#14722 = CARTESIAN_POINT('',(-75.35414487754,2.060631275177,
    -8.495659740326));
#14723 = DIRECTION('',(-0.,-1.,-0.));
#14724 = DIRECTION('',(0.,0.,-1.));
#14725 = ADVANCED_FACE('',(#14726),#14736,.T.);
#14726 = FACE_BOUND('',#14727,.T.);
#14727 = EDGE_LOOP('',(#14728,#14734,#14735));
#14728 = ORIENTED_EDGE('',*,*,#14729,.T.);
#14729 = EDGE_CURVE('',#10526,#5220,#14730,.T.);
#14730 = LINE('',#14731,#14732);
#14731 = CARTESIAN_POINT('',(-73.91278076171,2.060631275177,
    -7.313914775848));
#14732 = VECTOR('',#14733,1.);
#14733 = DIRECTION('',(-0.840002133179,0.,-0.542583096174));
#14734 = ORIENTED_EDGE('',*,*,#14712,.F.);
#14735 = ORIENTED_EDGE('',*,*,#10533,.T.);
#14736 = PLANE('',#14737);
#14737 = AXIS2_PLACEMENT_3D('',#14738,#14739,#14740);
#14738 = CARTESIAN_POINT('',(-75.48529853558,2.060631275177,
    -8.389870115625));
#14739 = DIRECTION('',(-0.,-1.,-0.));
#14740 = DIRECTION('',(0.,0.,-1.));
#14741 = ADVANCED_FACE('',(#14742),#14757,.T.);
#14742 = FACE_BOUND('',#14743,.T.);
#14743 = EDGE_LOOP('',(#14744,#14750,#14751));
#14744 = ORIENTED_EDGE('',*,*,#14745,.T.);
#14745 = EDGE_CURVE('',#5266,#10980,#14746,.T.);
#14746 = LINE('',#14747,#14748);
#14747 = CARTESIAN_POINT('',(-68.43515777587,2.060631275177,
    -21.43056297302));
#14748 = VECTOR('',#14749,1.);
#14749 = DIRECTION('',(-0.259078119464,0.,0.965856370282));
#14750 = ORIENTED_EDGE('',*,*,#10979,.T.);
#14751 = ORIENTED_EDGE('',*,*,#14752,.T.);
#14752 = EDGE_CURVE('',#10902,#5266,#14753,.T.);
#14753 = LINE('',#14754,#14755);
#14754 = CARTESIAN_POINT('',(-72.25385284423,2.060631275177,
    -7.916454315186));
#14755 = VECTOR('',#14756,1.);
#14756 = DIRECTION('',(0.271923404241,0.,-0.962318898404));
#14757 = PLANE('',#14758);
#14758 = AXIS2_PLACEMENT_3D('',#14759,#14760,#14761);
#14759 = CARTESIAN_POINT('',(-70.31635006418,2.060631275177,
    -14.59879086292));
#14760 = DIRECTION('',(-0.,-1.,-0.));
#14761 = DIRECTION('',(0.,0.,-1.));
#14762 = ADVANCED_FACE('',(#14763),#14773,.T.);
#14763 = FACE_BOUND('',#14764,.T.);
#14764 = EDGE_LOOP('',(#14765,#14766,#14767));
#14765 = ORIENTED_EDGE('',*,*,#10987,.T.);
#14766 = ORIENTED_EDGE('',*,*,#14745,.F.);
#14767 = ORIENTED_EDGE('',*,*,#14768,.T.);
#14768 = EDGE_CURVE('',#5266,#10971,#14769,.T.);
#14769 = LINE('',#14770,#14771);
#14770 = CARTESIAN_POINT('',(-68.43515777587,2.060631275177,
    -21.43056297302));
#14771 = VECTOR('',#14772,1.);
#14772 = DIRECTION('',(-0.24719577848,0.,0.968965555168));
#14773 = PLANE('',#14774);
#14774 = AXIS2_PLACEMENT_3D('',#14775,#14776,#14777);
#14775 = CARTESIAN_POINT('',(-70.23985872648,2.060631275177,
    -14.5322430428));
#14776 = DIRECTION('',(-0.,-1.,-0.));
#14777 = DIRECTION('',(0.,0.,-1.));
#14778 = ADVANCED_FACE('',(#14779),#14795,.T.);
#14779 = FACE_BOUND('',#14780,.T.);
#14780 = EDGE_LOOP('',(#14781,#14787,#14788,#14789));
#14781 = ORIENTED_EDGE('',*,*,#14782,.T.);
#14782 = EDGE_CURVE('',#5413,#11111,#14783,.T.);
#14783 = LINE('',#14784,#14785);
#14784 = CARTESIAN_POINT('',(-68.08301544189,2.060631275177,
    -21.5792388916));
#14785 = VECTOR('',#14786,1.);
#14786 = DIRECTION('',(-0.249155332262,0.,0.968463535919));
#14787 = ORIENTED_EDGE('',*,*,#11110,.F.);
#14788 = ORIENTED_EDGE('',*,*,#11033,.F.);
#14789 = ORIENTED_EDGE('',*,*,#14790,.T.);
#14790 = EDGE_CURVE('',#10971,#5413,#14791,.T.);
#14791 = LINE('',#14792,#14793);
#14792 = CARTESIAN_POINT('',(-71.94866180419,2.060631275177,
    -7.658222675323));
#14793 = VECTOR('',#14794,1.);
#14794 = DIRECTION('',(0.26756016276,0.,-0.963541155999));
#14795 = PLANE('',#14796);
#14796 = AXIS2_PLACEMENT_3D('',#14797,#14798,#14799);
#14797 = CARTESIAN_POINT('',(-69.991692138,2.060631275177,
    -14.43747643041));
#14798 = DIRECTION('',(-0.,-1.,-0.));
#14799 = DIRECTION('',(0.,0.,-1.));
#14800 = ADVANCED_FACE('',(#14801),#14811,.T.);
#14801 = FACE_BOUND('',#14802,.T.);
#14802 = EDGE_LOOP('',(#14803,#14804,#14805));
#14803 = ORIENTED_EDGE('',*,*,#11118,.T.);
#14804 = ORIENTED_EDGE('',*,*,#14782,.F.);
#14805 = ORIENTED_EDGE('',*,*,#14806,.T.);
#14806 = EDGE_CURVE('',#5413,#11102,#14807,.T.);
#14807 = LINE('',#14808,#14809);
#14808 = CARTESIAN_POINT('',(-68.08301544189,2.060631275177,
    -21.5792388916));
#14809 = VECTOR('',#14810,1.);
#14810 = DIRECTION('',(-0.242659903775,0.,0.970111422003));
#14811 = PLANE('',#14812);
#14812 = AXIS2_PLACEMENT_3D('',#14813,#14814,#14815);
#14813 = CARTESIAN_POINT('',(-69.91620259703,2.060631275177,
    -14.35226570999));
#14814 = DIRECTION('',(-0.,-1.,-0.));
#14815 = DIRECTION('',(0.,0.,-1.));
#14816 = ADVANCED_FACE('',(#14817),#14832,.T.);
#14817 = FACE_BOUND('',#14818,.T.);
#14818 = EDGE_LOOP('',(#14819,#14825,#14826));
#14819 = ORIENTED_EDGE('',*,*,#14820,.T.);
#14820 = EDGE_CURVE('',#3325,#11102,#14821,.T.);
#14821 = LINE('',#14822,#14823);
#14822 = CARTESIAN_POINT('',(-29.46569824218,2.060631275177,
    -13.32366275787));
#14823 = VECTOR('',#14824,1.);
#14824 = DIRECTION('',(-0.989403328798,0.,0.145193157425));
#14825 = ORIENTED_EDGE('',*,*,#14806,.F.);
#14826 = ORIENTED_EDGE('',*,*,#14827,.T.);
#14827 = EDGE_CURVE('',#5413,#3325,#14828,.T.);
#14828 = LINE('',#14829,#14830);
#14829 = CARTESIAN_POINT('',(-68.08301544189,2.060631275177,
    -21.5792388916));
#14830 = VECTOR('',#14831,1.);
#14831 = DIRECTION('',(0.977903795803,0.,0.209055414077));
#14832 = PLANE('',#14833);
#14833 = AXIS2_PLACEMENT_3D('',#14834,#14835,#14836);
#14834 = CARTESIAN_POINT('',(-52.81004903077,2.060631275177,
    -13.79820814996));
#14835 = DIRECTION('',(-0.,-1.,-0.));
#14836 = DIRECTION('',(0.,0.,-1.));
#14837 = ADVANCED_FACE('',(#14838),#14848,.T.);
#14838 = FACE_BOUND('',#14839,.T.);
#14839 = EDGE_LOOP('',(#14840,#14846,#14847));
#14840 = ORIENTED_EDGE('',*,*,#14841,.T.);
#14841 = EDGE_CURVE('',#5459,#3325,#14842,.T.);
#14842 = LINE('',#14843,#14844);
#14843 = CARTESIAN_POINT('',(-35.63194656372,2.060631275177,
    -25.94569778442));
#14844 = VECTOR('',#14845,1.);
#14845 = DIRECTION('',(0.43895017216,0.,0.898511405804));
#14846 = ORIENTED_EDGE('',*,*,#14827,.F.);
#14847 = ORIENTED_EDGE('',*,*,#5458,.F.);
#14848 = PLANE('',#14849);
#14849 = AXIS2_PLACEMENT_3D('',#14850,#14851,#14852);
#14850 = CARTESIAN_POINT('',(-47.30266293614,2.060631275177,
    -20.20192824333));
#14851 = DIRECTION('',(-0.,-1.,-0.));
#14852 = DIRECTION('',(0.,0.,-1.));
#14853 = ADVANCED_FACE('',(#14854),#14864,.T.);
#14854 = FACE_BOUND('',#14855,.T.);
#14855 = EDGE_LOOP('',(#14856,#14857,#14858));
#14856 = ORIENTED_EDGE('',*,*,#3379,.T.);
#14857 = ORIENTED_EDGE('',*,*,#14841,.F.);
#14858 = ORIENTED_EDGE('',*,*,#14859,.T.);
#14859 = EDGE_CURVE('',#5459,#3380,#14860,.T.);
#14860 = LINE('',#14861,#14862);
#14861 = CARTESIAN_POINT('',(-35.63194656372,2.060631275177,
    -25.94569778442));
#14862 = VECTOR('',#14863,1.);
#14863 = DIRECTION('',(0.443598036479,0.,0.896225854365));
#14864 = PLANE('',#14865);
#14865 = AXIS2_PLACEMENT_3D('',#14866,#14867,#14868);
#14866 = CARTESIAN_POINT('',(-32.53120987617,2.060631275177,
    -19.63954915311));
#14867 = DIRECTION('',(-0.,-1.,-0.));
#14868 = DIRECTION('',(0.,0.,-1.));
#14869 = ADVANCED_FACE('',(#14870),#14880,.T.);
#14870 = FACE_BOUND('',#14871,.T.);
#14871 = EDGE_LOOP('',(#14872,#14873,#14874));
#14872 = ORIENTED_EDGE('',*,*,#3387,.T.);
#14873 = ORIENTED_EDGE('',*,*,#14859,.F.);
#14874 = ORIENTED_EDGE('',*,*,#14875,.T.);
#14875 = EDGE_CURVE('',#5459,#3371,#14876,.T.);
#14876 = LINE('',#14877,#14878);
#14877 = CARTESIAN_POINT('',(-35.63194656372,2.060631275177,
    -25.94569778442));
#14878 = VECTOR('',#14879,1.);
#14879 = DIRECTION('',(0.450411451057,0.,0.892821104565));
#14880 = PLANE('',#14881);
#14881 = AXIS2_PLACEMENT_3D('',#14882,#14883,#14884);
#14882 = CARTESIAN_POINT('',(-32.53012381247,2.060631275177,
    -19.73774013538));
#14883 = DIRECTION('',(-0.,-1.,-0.));
#14884 = DIRECTION('',(0.,0.,-1.));
#14885 = ADVANCED_FACE('',(#14886),#14901,.T.);
#14886 = FACE_BOUND('',#14887,.T.);
#14887 = EDGE_LOOP('',(#14888,#14889,#14895));
#14888 = ORIENTED_EDGE('',*,*,#3495,.T.);
#14889 = ORIENTED_EDGE('',*,*,#14890,.T.);
#14890 = EDGE_CURVE('',#3441,#5459,#14891,.T.);
#14891 = LINE('',#14892,#14893);
#14892 = CARTESIAN_POINT('',(-29.4109210968,2.060631275177,
    -13.91837787628));
#14893 = VECTOR('',#14894,1.);
#14894 = DIRECTION('',(-0.459422798167,0.,-0.888217705591));
#14895 = ORIENTED_EDGE('',*,*,#14896,.T.);
#14896 = EDGE_CURVE('',#5459,#3496,#14897,.T.);
#14897 = LINE('',#14898,#14899);
#14898 = CARTESIAN_POINT('',(-35.63194656372,2.060631275177,
    -25.94569778442));
#14899 = VECTOR('',#14900,1.);
#14900 = DIRECTION('',(0.469922212757,0.,0.882707830461));
#14901 = PLANE('',#14902);
#14902 = AXIS2_PLACEMENT_3D('',#14903,#14904,#14905);
#14903 = CARTESIAN_POINT('',(-32.47700461427,2.060631275177,
    -19.93299539716));
#14904 = DIRECTION('',(-0.,-1.,-0.));
#14905 = DIRECTION('',(0.,0.,-1.));
#14906 = ADVANCED_FACE('',(#14907),#14917,.T.);
#14907 = FACE_BOUND('',#14908,.T.);
#14908 = EDGE_LOOP('',(#14909,#14910,#14911));
#14909 = ORIENTED_EDGE('',*,*,#3503,.T.);
#14910 = ORIENTED_EDGE('',*,*,#14896,.F.);
#14911 = ORIENTED_EDGE('',*,*,#14912,.T.);
#14912 = EDGE_CURVE('',#5459,#3487,#14913,.T.);
#14913 = LINE('',#14914,#14915);
#14914 = CARTESIAN_POINT('',(-35.63194656372,2.060631275177,
    -25.94569778442));
#14915 = VECTOR('',#14916,1.);
#14916 = DIRECTION('',(0.481850910865,0.,0.876253216655));
#14917 = PLANE('',#14918);
#14918 = AXIS2_PLACEMENT_3D('',#14919,#14920,#14921);
#14919 = CARTESIAN_POINT('',(-32.42530335916,2.060631275177,
    -20.01890530377));
#14920 = DIRECTION('',(-0.,-1.,-0.));
#14921 = DIRECTION('',(0.,0.,-1.));
#14922 = ADVANCED_FACE('',(#14923),#14938,.T.);
#14923 = FACE_BOUND('',#14924,.T.);
#14924 = EDGE_LOOP('',(#14925,#14931,#14932));
#14925 = ORIENTED_EDGE('',*,*,#14926,.T.);
#14926 = EDGE_CURVE('',#5505,#3573,#14927,.T.);
#14927 = LINE('',#14928,#14929);
#14928 = CARTESIAN_POINT('',(-35.3032875061,2.060631275177,
    -26.00047302246));
#14929 = VECTOR('',#14930,1.);
#14930 = DIRECTION('',(0.473638788988,0.,0.880719193368));
#14931 = ORIENTED_EDGE('',*,*,#3572,.T.);
#14932 = ORIENTED_EDGE('',*,*,#14933,.T.);
#14933 = EDGE_CURVE('',#3487,#5505,#14934,.T.);
#14934 = LINE('',#14935,#14936);
#14935 = CARTESIAN_POINT('',(-29.20746803283,2.060631275177,
    -14.26268577575));
#14936 = VECTOR('',#14937,1.);
#14937 = DIRECTION('',(-0.460886682021,0.,-0.887458994172));
#14938 = PLANE('',#14939);
#14939 = AXIS2_PLACEMENT_3D('',#14940,#14941,#14942);
#14940 = CARTESIAN_POINT('',(-32.19714773674,2.060631275177,
    -20.1230173722));
#14941 = DIRECTION('',(-0.,-1.,-0.));
#14942 = DIRECTION('',(0.,0.,-1.));
#14943 = ADVANCED_FACE('',(#14944),#14959,.T.);
#14944 = FACE_BOUND('',#14945,.T.);
#14945 = EDGE_LOOP('',(#14946,#14947,#14953));
#14946 = ORIENTED_EDGE('',*,*,#3333,.F.);
#14947 = ORIENTED_EDGE('',*,*,#14948,.T.);
#14948 = EDGE_CURVE('',#3248,#9887,#14949,.T.);
#14949 = LINE('',#14950,#14951);
#14950 = CARTESIAN_POINT('',(-29.4109210968,2.060631275177,
    -13.12803268432));
#14951 = VECTOR('',#14952,1.);
#14952 = DIRECTION('',(-0.989396320992,0.,0.145240903357));
#14953 = ORIENTED_EDGE('',*,*,#14954,.T.);
#14954 = EDGE_CURVE('',#9887,#3325,#14955,.T.);
#14955 = LINE('',#14956,#14957);
#14956 = CARTESIAN_POINT('',(-71.6826095581,2.060631275177,
    -6.922654628754));
#14957 = VECTOR('',#14958,1.);
#14958 = DIRECTION('',(0.988699867081,0.,-0.149908548238));
#14959 = PLANE('',#14960);
#14960 = AXIS2_PLACEMENT_3D('',#14961,#14962,#14963);
#14961 = CARTESIAN_POINT('',(-50.51034240121,2.060631275177,
    -10.081714012));
#14962 = DIRECTION('',(-0.,-1.,-0.));
#14963 = DIRECTION('',(0.,0.,-1.));
#14964 = ADVANCED_FACE('',(#14965),#14980,.T.);
#14965 = FACE_BOUND('',#14966,.T.);
#14966 = EDGE_LOOP('',(#14967,#14968,#14974));
#14967 = ORIENTED_EDGE('',*,*,#3264,.T.);
#14968 = ORIENTED_EDGE('',*,*,#14969,.T.);
#14969 = EDGE_CURVE('',#3257,#9889,#14970,.T.);
#14970 = LINE('',#14971,#14972);
#14971 = CARTESIAN_POINT('',(-29.32484436035,2.060631275177,
    -12.94805335998));
#14972 = VECTOR('',#14973,1.);
#14973 = DIRECTION('',(-0.989367644204,0.,0.145436118632));
#14974 = ORIENTED_EDGE('',*,*,#14975,.T.);
#14975 = EDGE_CURVE('',#9889,#3248,#14976,.T.);
#14976 = LINE('',#14977,#14978);
#14977 = CARTESIAN_POINT('',(-71.69826507568,2.060631275177,
    -6.719200134277));
#14978 = VECTOR('',#14979,1.);
#14979 = DIRECTION('',(0.988709757557,0.,-0.149843302524));
#14980 = PLANE('',#14981);
#14981 = AXIS2_PLACEMENT_3D('',#14982,#14983,#14984);
#14982 = CARTESIAN_POINT('',(-50.48384466434,2.060631275177,
    -9.885937340139));
#14983 = DIRECTION('',(-0.,-1.,-0.));
#14984 = DIRECTION('',(0.,0.,-1.));
#14985 = ADVANCED_FACE('',(#14986),#15001,.T.);
#14986 = FACE_BOUND('',#14987,.T.);
#14987 = EDGE_LOOP('',(#14988,#14989,#14995));
#14988 = ORIENTED_EDGE('',*,*,#3256,.T.);
#14989 = ORIENTED_EDGE('',*,*,#14990,.T.);
#14990 = EDGE_CURVE('',#3217,#9972,#14991,.T.);
#14991 = LINE('',#14992,#14993);
#14992 = CARTESIAN_POINT('',(-29.20746803283,2.060631275177,
    -12.78372478485));
#14993 = VECTOR('',#14994,1.);
#14994 = DIRECTION('',(-0.989373763163,0.,0.145394486708));
#14995 = ORIENTED_EDGE('',*,*,#14996,.T.);
#14996 = EDGE_CURVE('',#9972,#3257,#14997,.T.);
#14997 = LINE('',#14998,#14999);
#14998 = CARTESIAN_POINT('',(-71.75303649902,2.060631275177,
    -6.531394958496));
#14999 = VECTOR('',#15000,1.);
#15000 = DIRECTION('',(0.988756389214,0.,-0.14953528944));
#15001 = PLANE('',#15002);
#15002 = AXIS2_PLACEMENT_3D('',#15003,#15004,#15005);
#15003 = CARTESIAN_POINT('',(-50.45974836784,2.060631275177,
    -9.706025507663));
#15004 = DIRECTION('',(-0.,-1.,-0.));
#15005 = DIRECTION('',(0.,0.,-1.));
#15006 = ADVANCED_FACE('',(#15007),#15022,.T.);
#15007 = FACE_BOUND('',#15008,.T.);
#15008 = EDGE_LOOP('',(#15009,#15015,#15021));
#15009 = ORIENTED_EDGE('',*,*,#15010,.T.);
#15010 = EDGE_CURVE('',#8544,#1077,#15011,.T.);
#15011 = LINE('',#15012,#15013);
#15012 = CARTESIAN_POINT('',(-112.9918060302,2.060631275177,
    8.657302856445));
#15013 = VECTOR('',#15014,1.);
#15014 = DIRECTION('',(-1.086282775488E-02,0.,0.999940997746));
#15015 = ORIENTED_EDGE('',*,*,#15016,.T.);
#15016 = EDGE_CURVE('',#1077,#8535,#15017,.T.);
#15017 = LINE('',#15018,#15019);
#15018 = CARTESIAN_POINT('',(-113.1561279296,2.060631275177,
    23.783401489258));
#15019 = VECTOR('',#15020,1.);
#15020 = DIRECTION('',(0.,0.,-1.));
#15021 = ORIENTED_EDGE('',*,*,#8551,.T.);
#15022 = PLANE('',#15023);
#15023 = AXIS2_PLACEMENT_3D('',#15024,#15025,#15026);
#15024 = CARTESIAN_POINT('',(-113.1146138602,2.060631275177,
    16.19943492782));
#15025 = DIRECTION('',(-0.,-1.,-0.));
#15026 = DIRECTION('',(0.,0.,-1.));
#15027 = ADVANCED_FACE('',(#15028),#15033,.T.);
#15028 = FACE_BOUND('',#15029,.T.);
#15029 = EDGE_LOOP('',(#15030,#15031,#15032));
#15030 = ORIENTED_EDGE('',*,*,#15016,.F.);
#15031 = ORIENTED_EDGE('',*,*,#14450,.F.);
#15032 = ORIENTED_EDGE('',*,*,#8597,.T.);
#15033 = PLANE('',#15034);
#15034 = AXIS2_PLACEMENT_3D('',#15035,#15036,#15037);
#15035 = CARTESIAN_POINT('',(-113.2012932729,2.060631275177,
    16.250955867592));
#15036 = DIRECTION('',(-0.,-1.,-0.));
#15037 = DIRECTION('',(0.,0.,-1.));
#15038 = ADVANCED_FACE('',(#15039),#15044,.T.);
#15039 = FACE_BOUND('',#15040,.T.);
#15040 = EDGE_LOOP('',(#15041,#15042,#15043));
#15041 = ORIENTED_EDGE('',*,*,#608,.F.);
#15042 = ORIENTED_EDGE('',*,*,#14542,.F.);
#15043 = ORIENTED_EDGE('',*,*,#14518,.F.);
#15044 = PLANE('',#15045);
#15045 = AXIS2_PLACEMENT_3D('',#15046,#15047,#15048);
#15046 = CARTESIAN_POINT('',(-123.6876000689,2.060631275177,
    33.209526968723));
#15047 = DIRECTION('',(-0.,-1.,-0.));
#15048 = DIRECTION('',(0.,0.,-1.));
#15049 = ADVANCED_FACE('',(#15050),#15060,.T.);
#15050 = FACE_BOUND('',#15051,.T.);
#15051 = EDGE_LOOP('',(#15052,#15053,#15059));
#15052 = ORIENTED_EDGE('',*,*,#14536,.F.);
#15053 = ORIENTED_EDGE('',*,*,#15054,.T.);
#15054 = EDGE_CURVE('',#508,#4326,#15055,.T.);
#15055 = LINE('',#15056,#15057);
#15056 = CARTESIAN_POINT('',(-114.6116104125,2.060631275177,
    25.512765884399));
#15057 = VECTOR('',#15058,1.);
#15058 = DIRECTION('',(-0.734853708495,0.,0.678225646162));
#15059 = ORIENTED_EDGE('',*,*,#14246,.F.);
#15060 = PLANE('',#15061);
#15061 = AXIS2_PLACEMENT_3D('',#15062,#15063,#15064);
#15062 = CARTESIAN_POINT('',(-123.6506317624,2.060631275177,
    33.610776195004));
#15063 = DIRECTION('',(-0.,-1.,-0.));
#15064 = DIRECTION('',(0.,0.,-1.));
#15065 = ADVANCED_FACE('',(#15066),#15076,.T.);
#15066 = FACE_BOUND('',#15067,.T.);
#15067 = EDGE_LOOP('',(#15068,#15074,#15075));
#15068 = ORIENTED_EDGE('',*,*,#15069,.T.);
#15069 = EDGE_CURVE('',#8544,#1171,#15070,.T.);
#15070 = LINE('',#15071,#15072);
#15071 = CARTESIAN_POINT('',(-112.9918060302,2.060631275177,
    8.657302856445));
#15072 = VECTOR('',#15073,1.);
#15073 = DIRECTION('',(0.,0.,1.));
#15074 = ORIENTED_EDGE('',*,*,#1170,.T.);
#15075 = ORIENTED_EDGE('',*,*,#15010,.F.);
#15076 = PLANE('',#15077);
#15077 = AXIS2_PLACEMENT_3D('',#15078,#15079,#15080);
#15078 = CARTESIAN_POINT('',(-113.0330059188,2.060631275177,
    16.296890340411));
#15079 = DIRECTION('',(-0.,-1.,-0.));
#15080 = DIRECTION('',(0.,0.,-1.));
#15081 = ADVANCED_FACE('',(#15082),#15092,.T.);
#15082 = FACE_BOUND('',#15083,.T.);
#15083 = EDGE_LOOP('',(#15084,#15090,#15091));
#15084 = ORIENTED_EDGE('',*,*,#15085,.T.);
#15085 = EDGE_CURVE('',#8489,#1171,#15086,.T.);
#15086 = LINE('',#15087,#15088);
#15087 = CARTESIAN_POINT('',(-112.8509521484,2.060631275177,
    8.516449928284));
#15088 = VECTOR('',#15089,1.);
#15089 = DIRECTION('',(-9.159947740656E-03,0.,0.999958046799));
#15090 = ORIENTED_EDGE('',*,*,#15069,.F.);
#15091 = ORIENTED_EDGE('',*,*,#8543,.T.);
#15092 = PLANE('',#15093);
#15093 = AXIS2_PLACEMENT_3D('',#15094,#15095,#15096);
#15094 = CARTESIAN_POINT('',(-112.9562031969,2.060631275177,
    16.190277213766));
#15095 = DIRECTION('',(-0.,-1.,-0.));
#15096 = DIRECTION('',(0.,0.,-1.));
#15097 = ADVANCED_FACE('',(#15098),#15108,.T.);
#15098 = FACE_BOUND('',#15099,.T.);
#15099 = EDGE_LOOP('',(#15100,#15106,#15107));
#15100 = ORIENTED_EDGE('',*,*,#15101,.T.);
#15101 = EDGE_CURVE('',#8489,#1162,#15102,.T.);
#15102 = LINE('',#15103,#15104);
#15103 = CARTESIAN_POINT('',(-112.8509521484,2.060631275177,
    8.516449928284));
#15104 = VECTOR('',#15105,1.);
#15105 = DIRECTION('',(0.,0.,1.));
#15106 = ORIENTED_EDGE('',*,*,#1178,.T.);
#15107 = ORIENTED_EDGE('',*,*,#15085,.F.);
#15108 = PLANE('',#15109);
#15109 = AXIS2_PLACEMENT_3D('',#15110,#15111,#15112);
#15110 = CARTESIAN_POINT('',(-112.8862298855,2.060631275177,
    16.292910396346));
#15111 = DIRECTION('',(-0.,-1.,-0.));
#15112 = DIRECTION('',(0.,0.,-1.));
#15113 = ADVANCED_FACE('',(#15114),#15119,.T.);
#15114 = FACE_BOUND('',#15115,.T.);
#15115 = EDGE_LOOP('',(#15116,#15117,#15118));
#15116 = ORIENTED_EDGE('',*,*,#516,.F.);
#15117 = ORIENTED_EDGE('',*,*,#14286,.F.);
#15118 = ORIENTED_EDGE('',*,*,#15054,.F.);
#15119 = PLANE('',#15120);
#15120 = AXIS2_PLACEMENT_3D('',#15121,#15122,#15123);
#15121 = CARTESIAN_POINT('',(-123.3225638231,2.060631275177,
    33.622420773834));
#15122 = DIRECTION('',(-0.,-1.,-0.));
#15123 = DIRECTION('',(0.,0.,-1.));
#15124 = ADVANCED_FACE('',(#15125),#15135,.T.);
#15125 = FACE_BOUND('',#15126,.T.);
#15126 = EDGE_LOOP('',(#15127,#15133,#15134));
#15127 = ORIENTED_EDGE('',*,*,#15128,.T.);
#15128 = EDGE_CURVE('',#8489,#1193,#15129,.T.);
#15129 = LINE('',#15130,#15131);
#15130 = CARTESIAN_POINT('',(-112.8509521484,2.060631275177,
    8.516449928284));
#15131 = VECTOR('',#15132,1.);
#15132 = DIRECTION('',(7.481109381024E-03,0.,0.99997201611));
#15133 = ORIENTED_EDGE('',*,*,#1201,.F.);
#15134 = ORIENTED_EDGE('',*,*,#15101,.F.);
#15135 = PLANE('',#15136);
#15136 = AXIS2_PLACEMENT_3D('',#15137,#15138,#15139);
#15137 = CARTESIAN_POINT('',(-112.821265064,2.060631275177,
    16.370499628146));
#15138 = DIRECTION('',(-0.,-1.,-0.));
#15139 = DIRECTION('',(0.,0.,-1.));
#15140 = ADVANCED_FACE('',(#15141),#15156,.T.);
#15141 = FACE_BOUND('',#15142,.T.);
#15142 = EDGE_LOOP('',(#15143,#15149,#15155));
#15143 = ORIENTED_EDGE('',*,*,#15144,.T.);
#15144 = EDGE_CURVE('',#8374,#1193,#15145,.T.);
#15145 = LINE('',#15146,#15147);
#15146 = CARTESIAN_POINT('',(-112.647491455,2.060631275177,
    8.172139167786));
#15147 = VECTOR('',#15148,1.);
#15148 = DIRECTION('',(-5.368727280348E-03,0.,0.99998558828));
#15149 = ORIENTED_EDGE('',*,*,#15150,.T.);
#15150 = EDGE_CURVE('',#1193,#8420,#15151,.T.);
#15151 = LINE('',#15152,#15153);
#15152 = CARTESIAN_POINT('',(-112.7335739135,2.060631275177,
    24.205961227417));
#15153 = VECTOR('',#15154,1.);
#15154 = DIRECTION('',(0.,0.,-1.));
#15155 = ORIENTED_EDGE('',*,*,#8428,.F.);
#15156 = PLANE('',#15157);
#15157 = AXIS2_PLACEMENT_3D('',#15158,#15159,#15160);
#15158 = CARTESIAN_POINT('',(-112.7117986265,2.060631275177,
    16.184226257175));
#15159 = DIRECTION('',(-0.,-1.,-0.));
#15160 = DIRECTION('',(0.,0.,-1.));
#15161 = ADVANCED_FACE('',(#15162),#15167,.T.);
#15162 = FACE_BOUND('',#15163,.T.);
#15163 = EDGE_LOOP('',(#15164,#15165,#15166));
#15164 = ORIENTED_EDGE('',*,*,#15150,.F.);
#15165 = ORIENTED_EDGE('',*,*,#15128,.F.);
#15166 = ORIENTED_EDGE('',*,*,#8497,.F.);
#15167 = PLANE('',#15168);
#15168 = AXIS2_PLACEMENT_3D('',#15169,#15170,#15171);
#15169 = CARTESIAN_POINT('',(-112.7629536484,2.060631275177,
    16.269746241905));
#15170 = DIRECTION('',(-0.,-1.,-0.));
#15171 = DIRECTION('',(0.,0.,-1.));
#15172 = ADVANCED_FACE('',(#15173),#15183,.T.);
#15173 = FACE_BOUND('',#15174,.T.);
#15174 = EDGE_LOOP('',(#15175,#15181,#15182));
#15175 = ORIENTED_EDGE('',*,*,#15176,.T.);
#15176 = EDGE_CURVE('',#8374,#1239,#15177,.T.);
#15177 = LINE('',#15178,#15179);
#15178 = CARTESIAN_POINT('',(-112.647491455,2.060631275177,
    8.172139167786));
#15179 = VECTOR('',#15180,1.);
#15180 = DIRECTION('',(0.,0.,1.));
#15181 = ORIENTED_EDGE('',*,*,#1247,.F.);
#15182 = ORIENTED_EDGE('',*,*,#15144,.F.);
#15183 = PLANE('',#15184);
#15184 = AXIS2_PLACEMENT_3D('',#15185,#15186,#15187);
#15185 = CARTESIAN_POINT('',(-112.6690251741,2.060631275177,
    16.283863823533));
#15186 = DIRECTION('',(-0.,-1.,-0.));
#15187 = DIRECTION('',(0.,0.,-1.));
#15188 = ADVANCED_FACE('',(#15189),#15204,.T.);
#15189 = FACE_BOUND('',#15190,.T.);
#15190 = EDGE_LOOP('',(#15191,#15197,#15198));
#15191 = ORIENTED_EDGE('',*,*,#15192,.T.);
#15192 = EDGE_CURVE('',#10279,#1239,#15193,.T.);
#15193 = LINE('',#15194,#15195);
#15194 = CARTESIAN_POINT('',(-73.4041519165,2.060631275177,
    -5.928855419159));
#15195 = VECTOR('',#15196,1.);
#15196 = DIRECTION('',(-0.791378685013,0.,0.611326244249));
#15197 = ORIENTED_EDGE('',*,*,#15176,.F.);
#15198 = ORIENTED_EDGE('',*,*,#15199,.T.);
#15199 = EDGE_CURVE('',#8374,#10279,#15200,.T.);
#15200 = LINE('',#15201,#15202);
#15201 = CARTESIAN_POINT('',(-112.647491455,2.060631275177,
    8.172139167786));
#15202 = VECTOR('',#15203,1.);
#15203 = DIRECTION('',(0.941090594922,0.,-0.338154538856));
#15204 = PLANE('',#15205);
#15205 = AXIS2_PLACEMENT_3D('',#15206,#15207,#15208);
#15206 = CARTESIAN_POINT('',(-95.98521950066,2.060631275177,
    7.147272152948));
#15207 = DIRECTION('',(-0.,-1.,-0.));
#15208 = DIRECTION('',(0.,0.,-1.));
#15209 = ADVANCED_FACE('',(#15210),#15225,.T.);
#15210 = FACE_BOUND('',#15211,.T.);
#15211 = EDGE_LOOP('',(#15212,#15218,#15219));
#15212 = ORIENTED_EDGE('',*,*,#15213,.T.);
#15213 = EDGE_CURVE('',#4234,#1239,#15214,.T.);
#15214 = LINE('',#15215,#15216);
#15215 = CARTESIAN_POINT('',(-95.61204528808,2.060631275177,
    41.765693664551));
#15216 = VECTOR('',#15217,1.);
#15217 = DIRECTION('',(-0.699997499133,0.,-0.714145294185));
#15218 = ORIENTED_EDGE('',*,*,#15192,.F.);
#15219 = ORIENTED_EDGE('',*,*,#15220,.T.);
#15220 = EDGE_CURVE('',#10279,#4234,#15221,.T.);
#15221 = LINE('',#15222,#15223);
#15222 = CARTESIAN_POINT('',(-73.4041519165,2.060631275177,
    -5.928855419159));
#15223 = VECTOR('',#15224,1.);
#15224 = DIRECTION('',(-0.422111725541,0.,0.90654381646));
#15225 = PLANE('',#15226);
#15226 = AXIS2_PLACEMENT_3D('',#15227,#15228,#15229);
#15227 = CARTESIAN_POINT('',(-91.6199109779,2.060631275177,
    17.428113725867));
#15228 = DIRECTION('',(-0.,-1.,-0.));
#15229 = DIRECTION('',(0.,0.,-1.));
#15230 = ADVANCED_FACE('',(#15231),#15246,.T.);
#15231 = FACE_BOUND('',#15232,.T.);
#15232 = EDGE_LOOP('',(#15233,#15234,#15240));
#15233 = ORIENTED_EDGE('',*,*,#4279,.F.);
#15234 = ORIENTED_EDGE('',*,*,#15235,.T.);
#15235 = EDGE_CURVE('',#4280,#1285,#15236,.T.);
#15236 = LINE('',#15237,#15238);
#15237 = CARTESIAN_POINT('',(-95.77638244628,2.060631275177,
    41.734394073486));
#15238 = VECTOR('',#15239,1.);
#15239 = DIRECTION('',(-0.700071215722,0.,-0.714073030521));
#15240 = ORIENTED_EDGE('',*,*,#15241,.T.);
#15241 = EDGE_CURVE('',#1285,#4234,#15242,.T.);
#15242 = LINE('',#15243,#15244);
#15243 = CARTESIAN_POINT('',(-112.6005401611,2.060631275177,
    24.57374382019));
#15244 = VECTOR('',#15245,1.);
#15245 = DIRECTION('',(0.702885361633,0.,0.711303148033));
#15246 = PLANE('',#15247);
#15247 = AXIS2_PLACEMENT_3D('',#15248,#15249,#15250);
#15248 = CARTESIAN_POINT('',(-104.1180236541,2.060631275177,
    33.191619469602));
#15249 = DIRECTION('',(-0.,-1.,-0.));
#15250 = DIRECTION('',(0.,0.,-1.));
#15251 = ADVANCED_FACE('',(#15252),#15262,.T.);
#15252 = FACE_BOUND('',#15253,.T.);
#15253 = EDGE_LOOP('',(#15254,#15260,#15261));
#15254 = ORIENTED_EDGE('',*,*,#15255,.T.);
#15255 = EDGE_CURVE('',#8319,#4972,#15256,.T.);
#15256 = LINE('',#15257,#15258);
#15257 = CARTESIAN_POINT('',(-112.5770645141,2.060631275177,
    7.780879974365));
#15258 = VECTOR('',#15259,1.);
#15259 = DIRECTION('',(0.899115525935,0.,-0.437711401522));
#15260 = ORIENTED_EDGE('',*,*,#14005,.F.);
#15261 = ORIENTED_EDGE('',*,*,#8318,.F.);
#15262 = PLANE('',#15263);
#15263 = AXIS2_PLACEMENT_3D('',#15264,#15265,#15266);
#15264 = CARTESIAN_POINT('',(-95.10646599254,2.060631275177,
    -0.678004910885));
#15265 = DIRECTION('',(-0.,-1.,-0.));
#15266 = DIRECTION('',(0.,0.,-1.));
#15267 = ADVANCED_FACE('',(#15268),#15278,.T.);
#15268 = FACE_BOUND('',#15269,.T.);
#15269 = EDGE_LOOP('',(#15270,#15271,#15277));
#15270 = ORIENTED_EDGE('',*,*,#13952,.F.);
#15271 = ORIENTED_EDGE('',*,*,#15272,.T.);
#15272 = EDGE_CURVE('',#4972,#9426,#15273,.T.);
#15273 = LINE('',#15274,#15275);
#15274 = CARTESIAN_POINT('',(-77.5358505249,2.060631275177,
    -9.278038978577));
#15275 = VECTOR('',#15276,1.);
#15276 = DIRECTION('',(-0.911651491818,0.,0.410964180271));
#15277 = ORIENTED_EDGE('',*,*,#9442,.T.);
#15278 = PLANE('',#15279);
#15279 = AXIS2_PLACEMENT_3D('',#15280,#15281,#15282);
#15280 = CARTESIAN_POINT('',(-95.43645068373,2.060631275177,
    -1.250588860415));
#15281 = DIRECTION('',(-0.,-1.,-0.));
#15282 = DIRECTION('',(0.,0.,-1.));
#15283 = ADVANCED_FACE('',(#15284),#15294,.T.);
#15284 = FACE_BOUND('',#15285,.T.);
#15285 = EDGE_LOOP('',(#15286,#15287,#15293));
#15286 = ORIENTED_EDGE('',*,*,#15272,.F.);
#15287 = ORIENTED_EDGE('',*,*,#15288,.T.);
#15288 = EDGE_CURVE('',#4972,#9488,#15289,.T.);
#15289 = LINE('',#15290,#15291);
#15290 = CARTESIAN_POINT('',(-77.5358505249,2.060631275177,
    -9.278038978577));
#15291 = VECTOR('',#15292,1.);
#15292 = DIRECTION('',(-0.909801795602,0.,0.41504300105));
#15293 = ORIENTED_EDGE('',*,*,#9496,.F.);
#15294 = PLANE('',#15295);
#15295 = AXIS2_PLACEMENT_3D('',#15296,#15297,#15298);
#15296 = CARTESIAN_POINT('',(-95.35082081364,2.060631275177,
    -1.199288383861));
#15297 = DIRECTION('',(-0.,-1.,-0.));
#15298 = DIRECTION('',(0.,0.,-1.));
#15299 = ADVANCED_FACE('',(#15300),#15310,.T.);
#15300 = FACE_BOUND('',#15301,.T.);
#15301 = EDGE_LOOP('',(#15302,#15303,#15309));
#15302 = ORIENTED_EDGE('',*,*,#15288,.F.);
#15303 = ORIENTED_EDGE('',*,*,#15304,.T.);
#15304 = EDGE_CURVE('',#4972,#9511,#15305,.T.);
#15305 = LINE('',#15306,#15307);
#15306 = CARTESIAN_POINT('',(-77.5358505249,2.060631275177,
    -9.278038978577));
#15307 = VECTOR('',#15308,1.);
#15308 = DIRECTION('',(-0.907800398848,0.,0.41940247478));
#15309 = ORIENTED_EDGE('',*,*,#9519,.F.);
#15310 = PLANE('',#15311);
#15311 = AXIS2_PLACEMENT_3D('',#15312,#15313,#15314);
#15312 = CARTESIAN_POINT('',(-95.27378825235,2.060631275177,
    -1.134796271346));
#15313 = DIRECTION('',(-0.,-1.,-0.));
#15314 = DIRECTION('',(0.,0.,-1.));
#15315 = ADVANCED_FACE('',(#15316),#15326,.T.);
#15316 = FACE_BOUND('',#15317,.T.);
#15317 = EDGE_LOOP('',(#15318,#15319,#15325));
#15318 = ORIENTED_EDGE('',*,*,#15304,.F.);
#15319 = ORIENTED_EDGE('',*,*,#15320,.T.);
#15320 = EDGE_CURVE('',#4972,#9557,#15321,.T.);
#15321 = LINE('',#15322,#15323);
#15322 = CARTESIAN_POINT('',(-77.5358505249,2.060631275177,
    -9.278038978577));
#15323 = VECTOR('',#15324,1.);
#15324 = DIRECTION('',(-0.905647484662,0.,0.424031406296));
#15325 = ORIENTED_EDGE('',*,*,#9565,.F.);
#15326 = PLANE('',#15327);
#15327 = AXIS2_PLACEMENT_3D('',#15328,#15329,#15330);
#15328 = CARTESIAN_POINT('',(-95.20972942455,2.060631275177,
    -1.057977274108));
#15329 = DIRECTION('',(-0.,-1.,-0.));
#15330 = DIRECTION('',(0.,0.,-1.));
#15331 = ADVANCED_FACE('',(#15332),#15342,.T.);
#15332 = FACE_BOUND('',#15333,.T.);
#15333 = EDGE_LOOP('',(#15334,#15335,#15341));
#15334 = ORIENTED_EDGE('',*,*,#15320,.F.);
#15335 = ORIENTED_EDGE('',*,*,#15336,.T.);
#15336 = EDGE_CURVE('',#4972,#9580,#15337,.T.);
#15337 = LINE('',#15338,#15339);
#15338 = CARTESIAN_POINT('',(-77.5358505249,2.060631275177,
    -9.278038978577));
#15339 = VECTOR('',#15340,1.);
#15340 = DIRECTION('',(-0.903458855026,0.,0.428674815303));
#15341 = ORIENTED_EDGE('',*,*,#9588,.F.);
#15342 = PLANE('',#15343);
#15343 = AXIS2_PLACEMENT_3D('',#15344,#15345,#15346);
#15344 = CARTESIAN_POINT('',(-95.15819251562,2.060631275177,
    -0.971906043491));
#15345 = DIRECTION('',(-0.,-1.,-0.));
#15346 = DIRECTION('',(0.,0.,-1.));
#15347 = ADVANCED_FACE('',(#15348),#15358,.T.);
#15348 = FACE_BOUND('',#15349,.T.);
#15349 = EDGE_LOOP('',(#15350,#15351,#15357));
#15350 = ORIENTED_EDGE('',*,*,#15336,.F.);
#15351 = ORIENTED_EDGE('',*,*,#15352,.T.);
#15352 = EDGE_CURVE('',#4972,#9626,#15353,.T.);
#15353 = LINE('',#15354,#15355);
#15354 = CARTESIAN_POINT('',(-77.5358505249,2.060631275177,
    -9.278038978577));
#15355 = VECTOR('',#15356,1.);
#15356 = DIRECTION('',(-0.901278098188,0.,0.433241029597));
#15357 = ORIENTED_EDGE('',*,*,#9634,.F.);
#15358 = PLANE('',#15359);
#15359 = AXIS2_PLACEMENT_3D('',#15360,#15361,#15362);
#15360 = CARTESIAN_POINT('',(-95.12519554683,2.060631275177,
    -0.877567505552));
#15361 = DIRECTION('',(-0.,-1.,-0.));
#15362 = DIRECTION('',(0.,0.,-1.));
#15363 = ADVANCED_FACE('',(#15364),#15369,.T.);
#15364 = FACE_BOUND('',#15365,.T.);
#15365 = EDGE_LOOP('',(#15366,#15367,#15368));
#15366 = ORIENTED_EDGE('',*,*,#15352,.F.);
#15367 = ORIENTED_EDGE('',*,*,#15255,.F.);
#15368 = ORIENTED_EDGE('',*,*,#9694,.F.);
#15369 = PLANE('',#15370);
#15370 = AXIS2_PLACEMENT_3D('',#15371,#15372,#15373);
#15371 = CARTESIAN_POINT('',(-95.10829116656,2.060631275177,
    -0.777160497885));
#15372 = DIRECTION('',(-0.,-1.,-0.));
#15373 = DIRECTION('',(0.,0.,-1.));
#15374 = ADVANCED_FACE('',(#15375),#15385,.T.);
#15375 = FACE_BOUND('',#15376,.T.);
#15376 = EDGE_LOOP('',(#15377,#15378,#15384));
#15377 = ORIENTED_EDGE('',*,*,#10525,.T.);
#15378 = ORIENTED_EDGE('',*,*,#15379,.T.);
#15379 = EDGE_CURVE('',#10518,#5220,#15380,.T.);
#15380 = LINE('',#15381,#15382);
#15381 = CARTESIAN_POINT('',(-73.95973968505,2.060631275177,
    -7.126109600067));
#15382 = VECTOR('',#15383,1.);
#15383 = DIRECTION('',(-0.814000682503,0.,-0.580863915978));
#15384 = ORIENTED_EDGE('',*,*,#14729,.F.);
#15385 = PLANE('',#15386);
#15386 = AXIS2_PLACEMENT_3D('',#15387,#15388,#15389);
#15387 = CARTESIAN_POINT('',(-75.52103287503,2.060631275177,
    -8.296436051056));
#15388 = DIRECTION('',(-0.,-1.,-0.));
#15389 = DIRECTION('',(0.,0.,-1.));
#15390 = ADVANCED_FACE('',(#15391),#15396,.T.);
#15391 = FACE_BOUND('',#15392,.T.);
#15392 = EDGE_LOOP('',(#15393,#15394,#15395));
#15393 = ORIENTED_EDGE('',*,*,#15379,.F.);
#15394 = ORIENTED_EDGE('',*,*,#14066,.F.);
#15395 = ORIENTED_EDGE('',*,*,#5219,.F.);
#15396 = PLANE('',#15397);
#15397 = AXIS2_PLACEMENT_3D('',#15398,#15399,#15400);
#15398 = CARTESIAN_POINT('',(-75.64974075727,2.060631275177,
    -8.275022033989));
#15399 = DIRECTION('',(-0.,-1.,-0.));
#15400 = DIRECTION('',(0.,0.,-1.));
#15401 = ADVANCED_FACE('',(#15402),#15407,.T.);
#15402 = FACE_BOUND('',#15403,.T.);
#15403 = EDGE_LOOP('',(#15404,#15405,#15406));
#15404 = ORIENTED_EDGE('',*,*,#14043,.F.);
#15405 = ORIENTED_EDGE('',*,*,#13975,.F.);
#15406 = ORIENTED_EDGE('',*,*,#5173,.F.);
#15407 = PLANE('',#15408);
#15408 = AXIS2_PLACEMENT_3D('',#15409,#15410,#15411);
#15409 = CARTESIAN_POINT('',(-75.73878655467,2.060631275177,
    -8.037280830647));
#15410 = DIRECTION('',(-0.,-1.,-0.));
#15411 = DIRECTION('',(0.,0.,-1.));
#15412 = ADVANCED_FACE('',(#15413),#15418,.T.);
#15413 = FACE_BOUND('',#15414,.T.);
#15414 = EDGE_LOOP('',(#15415,#15416,#15417));
#15415 = ORIENTED_EDGE('',*,*,#14752,.F.);
#15416 = ORIENTED_EDGE('',*,*,#10910,.F.);
#15417 = ORIENTED_EDGE('',*,*,#14610,.F.);
#15418 = PLANE('',#15419);
#15419 = AXIS2_PLACEMENT_3D('',#15420,#15421,#15422);
#15420 = CARTESIAN_POINT('',(-70.40324781353,2.060631275177,
    -14.64744281601));
#15421 = DIRECTION('',(-0.,-1.,-0.));
#15422 = DIRECTION('',(0.,0.,-1.));
#15423 = ADVANCED_FACE('',(#15424),#15429,.T.);
#15424 = FACE_BOUND('',#15425,.T.);
#15425 = EDGE_LOOP('',(#15426,#15427,#15428));
#15426 = ORIENTED_EDGE('',*,*,#14790,.F.);
#15427 = ORIENTED_EDGE('',*,*,#14768,.F.);
#15428 = ORIENTED_EDGE('',*,*,#14595,.F.);
#15429 = PLANE('',#15430);
#15430 = AXIS2_PLACEMENT_3D('',#15431,#15432,#15433);
#15431 = CARTESIAN_POINT('',(-70.0788846446,2.060631275177,
    -14.67297994755));
#15432 = DIRECTION('',(-0.,-1.,-0.));
#15433 = DIRECTION('',(0.,0.,-1.));
#15434 = ADVANCED_FACE('',(#15435),#15445,.T.);
#15435 = FACE_BOUND('',#15436,.T.);
#15436 = EDGE_LOOP('',(#15437,#15438,#15444));
#15437 = ORIENTED_EDGE('',*,*,#14026,.F.);
#15438 = ORIENTED_EDGE('',*,*,#15439,.T.);
#15439 = EDGE_CURVE('',#10334,#8374,#15440,.T.);
#15440 = LINE('',#15441,#15442);
#15441 = CARTESIAN_POINT('',(-73.56848144531,2.060631275177,
    -6.038408756256));
#15442 = VECTOR('',#15443,1.);
#15443 = DIRECTION('',(-0.939793432528,0.,0.341743038227));
#15444 = ORIENTED_EDGE('',*,*,#8382,.F.);
#15445 = PLANE('',#15446);
#15446 = AXIS2_PLACEMENT_3D('',#15447,#15448,#15449);
#15447 = CARTESIAN_POINT('',(-93.14345251618,2.060631275177,
    1.035074308564));
#15448 = DIRECTION('',(-0.,-1.,-0.));
#15449 = DIRECTION('',(0.,0.,-1.));
#15450 = ADVANCED_FACE('',(#15451),#15456,.T.);
#15451 = FACE_BOUND('',#15452,.T.);
#15452 = EDGE_LOOP('',(#15453,#15454,#15455));
#15453 = ORIENTED_EDGE('',*,*,#10333,.T.);
#15454 = ORIENTED_EDGE('',*,*,#15199,.F.);
#15455 = ORIENTED_EDGE('',*,*,#15439,.F.);
#15456 = PLANE('',#15457);
#15457 = AXIS2_PLACEMENT_3D('',#15458,#15459,#15460);
#15458 = CARTESIAN_POINT('',(-93.02052190096,2.060631275177,
    1.077546914039));
#15459 = DIRECTION('',(-0.,-1.,-0.));
#15460 = DIRECTION('',(0.,0.,-1.));
#15461 = ADVANCED_FACE('',(#15462),#15472,.T.);
#15462 = FACE_BOUND('',#15463,.T.);
#15463 = EDGE_LOOP('',(#15464,#15465,#15471));
#15464 = ORIENTED_EDGE('',*,*,#5706,.T.);
#15465 = ORIENTED_EDGE('',*,*,#15466,.T.);
#15466 = EDGE_CURVE('',#5697,#5643,#15467,.T.);
#15467 = LINE('',#15468,#15469);
#15468 = CARTESIAN_POINT('',(-19.6920337677,2.060631275177,
    -34.78033828735));
#15469 = VECTOR('',#15470,1.);
#15470 = DIRECTION('',(-0.962208255449,0.,0.272314658339));
#15471 = ORIENTED_EDGE('',*,*,#5642,.T.);
#15472 = PLANE('',#15473);
#15473 = AXIS2_PLACEMENT_3D('',#15474,#15475,#15476);
#15474 = CARTESIAN_POINT('',(-19.90075531365,2.060631275177,
    -34.72644629989));
#15475 = DIRECTION('',(-0.,-1.,-0.));
#15476 = DIRECTION('',(0.,0.,-1.));
#15477 = ADVANCED_FACE('',(#15478),#15488,.T.);
#15478 = FACE_BOUND('',#15479,.T.);
#15479 = EDGE_LOOP('',(#15480,#15481,#15487));
#15480 = ORIENTED_EDGE('',*,*,#5696,.T.);
#15481 = ORIENTED_EDGE('',*,*,#15482,.T.);
#15482 = EDGE_CURVE('',#5699,#5643,#15483,.T.);
#15483 = LINE('',#15484,#15485);
#15484 = CARTESIAN_POINT('',(-19.4729270935,2.060631275177,
    -34.78816604614));
#15485 = VECTOR('',#15486,1.);
#15486 = DIRECTION('',(-0.981044116362,0.,0.193784524026));
#15487 = ORIENTED_EDGE('',*,*,#15466,.F.);
#15488 = PLANE('',#15489);
#15489 = AXIS2_PLACEMENT_3D('',#15490,#15491,#15492);
#15490 = CARTESIAN_POINT('',(-19.79120254013,2.060631275177,
    -34.73418908384));
#15491 = DIRECTION('',(-0.,-1.,-0.));
#15492 = DIRECTION('',(0.,0.,-1.));
#15493 = ADVANCED_FACE('',(#15494),#15509,.T.);
#15494 = FACE_BOUND('',#15495,.T.);
#15495 = EDGE_LOOP('',(#15496,#15497,#15503));
#15496 = ORIENTED_EDGE('',*,*,#5768,.T.);
#15497 = ORIENTED_EDGE('',*,*,#15498,.T.);
#15498 = EDGE_CURVE('',#5759,#5598,#15499,.T.);
#15499 = LINE('',#15500,#15501);
#15500 = CARTESIAN_POINT('',(-19.26164245605,2.060631275177,
    -34.76468658447));
#15501 = VECTOR('',#15502,1.);
#15502 = DIRECTION('',(-0.98001063921,0.,0.198945085476));
#15503 = ORIENTED_EDGE('',*,*,#15504,.T.);
#15504 = EDGE_CURVE('',#5598,#5699,#15505,.T.);
#15505 = LINE('',#15506,#15507);
#15506 = CARTESIAN_POINT('',(-20.30240058898,2.060631275177,
    -34.55340957641));
#15507 = VECTOR('',#15508,1.);
#15508 = DIRECTION('',(0.962206100519,0.,-0.272322272546));
#15509 = PLANE('',#15510);
#15510 = AXIS2_PLACEMENT_3D('',#15511,#15512,#15513);
#15511 = CARTESIAN_POINT('',(-19.78337995421,2.060631275177,
    -34.675463291));
#15512 = DIRECTION('',(-0.,-1.,-0.));
#15513 = DIRECTION('',(0.,0.,-1.));
#15514 = ADVANCED_FACE('',(#15515),#15530,.T.);
#15515 = FACE_BOUND('',#15516,.T.);
#15516 = EDGE_LOOP('',(#15517,#15523,#15524));
#15517 = ORIENTED_EDGE('',*,*,#15518,.T.);
#15518 = EDGE_CURVE('',#5951,#5598,#15519,.T.);
#15519 = LINE('',#15520,#15521);
#15520 = CARTESIAN_POINT('',(-18.37740135192,2.060631275177,
    -34.17779922485));
#15521 = VECTOR('',#15522,1.);
#15522 = DIRECTION('',(-0.981490520691,0.,-0.191510725009));
#15523 = ORIENTED_EDGE('',*,*,#15498,.F.);
#15524 = ORIENTED_EDGE('',*,*,#15525,.T.);
#15525 = EDGE_CURVE('',#5759,#5951,#15526,.T.);
#15526 = LINE('',#15527,#15528);
#15527 = CARTESIAN_POINT('',(-19.26164245605,2.060631275177,
    -34.76468658447));
#15528 = VECTOR('',#15529,1.);
#15529 = DIRECTION('',(0.83318218292,0.,0.55299859861));
#15530 = PLANE('',#15531);
#15531 = AXIS2_PLACEMENT_3D('',#15532,#15533,#15534);
#15532 = CARTESIAN_POINT('',(-19.31964357484,2.060631275177,
    -34.46934737441));
#15533 = DIRECTION('',(-0.,-1.,-0.));
#15534 = DIRECTION('',(0.,0.,-1.));
#15535 = ADVANCED_FACE('',(#15536),#15551,.T.);
#15536 = FACE_BOUND('',#15537,.T.);
#15537 = EDGE_LOOP('',(#15538,#15544,#15550));
#15538 = ORIENTED_EDGE('',*,*,#15539,.T.);
#15539 = EDGE_CURVE('',#5951,#5761,#15540,.T.);
#15540 = LINE('',#15541,#15542);
#15541 = CARTESIAN_POINT('',(-18.37740135192,2.060631275177,
    -34.17779922485));
#15542 = VECTOR('',#15543,1.);
#15543 = DIRECTION('',(-0.787885972838,0.,-0.615821154074));
#15544 = ORIENTED_EDGE('',*,*,#15545,.T.);
#15545 = EDGE_CURVE('',#5761,#5882,#15546,.T.);
#15546 = LINE('',#15547,#15548);
#15547 = CARTESIAN_POINT('',(-19.05818939209,2.060631275177,
    -34.70991134643));
#15548 = VECTOR('',#15549,1.);
#15549 = DIRECTION('',(0.83205210311,0.,0.554697483058));
#15550 = ORIENTED_EDGE('',*,*,#5950,.F.);
#15551 = PLANE('',#15552);
#15552 = AXIS2_PLACEMENT_3D('',#15553,#15554,#15555);
#15553 = CARTESIAN_POINT('',(-18.70952680112,2.060631275177,
    -34.4529740459));
#15554 = DIRECTION('',(-0.,-1.,-0.));
#15555 = DIRECTION('',(0.,0.,-1.));
#15556 = ADVANCED_FACE('',(#15557),#15572,.T.);
#15557 = FACE_BOUND('',#15558,.T.);
#15558 = EDGE_LOOP('',(#15559,#15565,#15566));
#15559 = ORIENTED_EDGE('',*,*,#15560,.T.);
#15560 = EDGE_CURVE('',#5951,#3865,#15561,.T.);
#15561 = LINE('',#15562,#15563);
#15562 = CARTESIAN_POINT('',(-18.37740135192,2.060631275177,
    -34.17779922485));
#15563 = VECTOR('',#15564,1.);
#15564 = DIRECTION('',(-0.414449427402,0.,0.910072344446));
#15565 = ORIENTED_EDGE('',*,*,#3873,.F.);
#15566 = ORIENTED_EDGE('',*,*,#15567,.T.);
#15567 = EDGE_CURVE('',#3834,#5951,#15568,.T.);
#15568 = LINE('',#15569,#15570);
#15569 = CARTESIAN_POINT('',(-27.58765220642,2.060631275177,
    -14.40353870391));
#15570 = VECTOR('',#15571,1.);
#15571 = DIRECTION('',(0.422217642573,0.,-0.906494491048));
#15572 = PLANE('',#15573);
#15573 = AXIS2_PLACEMENT_3D('',#15574,#15575,#15576);
#15574 = CARTESIAN_POINT('',(-22.96799578166,2.060631275177,
    -24.21037370255));
#15575 = DIRECTION('',(-0.,-1.,-0.));
#15576 = DIRECTION('',(0.,0.,-1.));
#15577 = ADVANCED_FACE('',(#15578),#15588,.T.);
#15578 = FACE_BOUND('',#15579,.T.);
#15579 = EDGE_LOOP('',(#15580,#15586,#15587));
#15580 = ORIENTED_EDGE('',*,*,#15581,.T.);
#15581 = EDGE_CURVE('',#3843,#5951,#15582,.T.);
#15582 = LINE('',#15583,#15584);
#15583 = CARTESIAN_POINT('',(-27.75198173522,2.060631275177,
    -14.52091693878));
#15584 = VECTOR('',#15585,1.);
#15585 = DIRECTION('',(0.430463531709,0.,-0.9026079702));
#15586 = ORIENTED_EDGE('',*,*,#15567,.F.);
#15587 = ORIENTED_EDGE('',*,*,#3850,.T.);
#15588 = PLANE('',#15589);
#15589 = AXIS2_PLACEMENT_3D('',#15590,#15591,#15592);
#15590 = CARTESIAN_POINT('',(-23.04500020962,2.060631275177,
    -24.2745323941));
#15591 = DIRECTION('',(-0.,-1.,-0.));
#15592 = DIRECTION('',(0.,0.,-1.));
#15593 = ADVANCED_FACE('',(#15594),#15610,.T.);
#15594 = FACE_BOUND('',#15595,.T.);
#15595 = EDGE_LOOP('',(#15596,#15597,#15598,#15604));
#15596 = ORIENTED_EDGE('',*,*,#3842,.T.);
#15597 = ORIENTED_EDGE('',*,*,#3788,.F.);
#15598 = ORIENTED_EDGE('',*,*,#15599,.T.);
#15599 = EDGE_CURVE('',#3734,#5598,#15600,.T.);
#15600 = LINE('',#15601,#15602);
#15601 = CARTESIAN_POINT('',(-28.12758827209,2.060631275177,
    -14.65394496917));
#15602 = VECTOR('',#15603,1.);
#15603 = DIRECTION('',(0.36595786273,0.,-0.930631421512));
#15604 = ORIENTED_EDGE('',*,*,#15605,.T.);
#15605 = EDGE_CURVE('',#5598,#3843,#15606,.T.);
#15606 = LINE('',#15607,#15608);
#15607 = CARTESIAN_POINT('',(-20.30240058898,2.060631275177,
    -34.55340957641));
#15608 = VECTOR('',#15609,1.);
#15609 = DIRECTION('',(-0.34855412266,0.,0.937288655419));
#15610 = PLANE('',#15611);
#15611 = AXIS2_PLACEMENT_3D('',#15612,#15613,#15614);
#15612 = CARTESIAN_POINT('',(-24.15637479241,2.060631275177,
    -24.47824879521));
#15613 = DIRECTION('',(-0.,-1.,-0.));
#15614 = DIRECTION('',(0.,0.,-1.));
#15615 = ADVANCED_FACE('',(#15616),#15626,.T.);
#15616 = FACE_BOUND('',#15617,.T.);
#15617 = EDGE_LOOP('',(#15618,#15619,#15620));
#15618 = ORIENTED_EDGE('',*,*,#5605,.F.);
#15619 = ORIENTED_EDGE('',*,*,#15599,.F.);
#15620 = ORIENTED_EDGE('',*,*,#15621,.T.);
#15621 = EDGE_CURVE('',#3734,#5551,#15622,.T.);
#15622 = LINE('',#15623,#15624);
#15623 = CARTESIAN_POINT('',(-28.12758827209,2.060631275177,
    -14.65394496917));
#15624 = VECTOR('',#15625,1.);
#15625 = DIRECTION('',(-0.514495660691,0.,-0.857492982554));
#15626 = PLANE('',#15627);
#15627 = AXIS2_PLACEMENT_3D('',#15628,#15629,#15630);
#15628 = CARTESIAN_POINT('',(-27.23282838365,2.060631275177,
    -25.38523089723));
#15629 = DIRECTION('',(-0.,-1.,-0.));
#15630 = DIRECTION('',(0.,0.,-1.));
#15631 = ADVANCED_FACE('',(#15632),#15642,.T.);
#15632 = FACE_BOUND('',#15633,.T.);
#15633 = EDGE_LOOP('',(#15634,#15640,#15641));
#15634 = ORIENTED_EDGE('',*,*,#15635,.T.);
#15635 = EDGE_CURVE('',#3657,#5551,#15636,.T.);
#15636 = LINE('',#15637,#15638);
#15637 = CARTESIAN_POINT('',(-28.33104133606,2.060631275177,
    -14.66959571838));
#15638 = VECTOR('',#15639,1.);
#15639 = DIRECTION('',(-0.503649988119,0.,-0.863907801485));
#15640 = ORIENTED_EDGE('',*,*,#15621,.F.);
#15641 = ORIENTED_EDGE('',*,*,#3742,.F.);
#15642 = PLANE('',#15643);
#15643 = AXIS2_PLACEMENT_3D('',#15644,#15645,#15646);
#15644 = CARTESIAN_POINT('',(-31.5798902176,2.060631275177,
    -20.32666038241));
#15645 = DIRECTION('',(-0.,-1.,-0.));
#15646 = DIRECTION('',(0.,0.,-1.));
#15647 = ADVANCED_FACE('',(#15648),#15658,.T.);
#15648 = FACE_BOUND('',#15649,.T.);
#15649 = EDGE_LOOP('',(#15650,#15656,#15657));
#15650 = ORIENTED_EDGE('',*,*,#15651,.T.);
#15651 = EDGE_CURVE('',#3666,#5551,#15652,.T.);
#15652 = LINE('',#15653,#15654);
#15653 = CARTESIAN_POINT('',(-28.52667045593,2.060631275177,
    -14.65394496917));
#15654 = VECTOR('',#15655,1.);
#15655 = DIRECTION('',(-0.491959063373,0.,-0.870618331972));
#15656 = ORIENTED_EDGE('',*,*,#15635,.F.);
#15657 = ORIENTED_EDGE('',*,*,#3673,.T.);
#15658 = PLANE('',#15659);
#15659 = AXIS2_PLACEMENT_3D('',#15660,#15661,#15662);
#15660 = CARTESIAN_POINT('',(-31.6812572608,2.060631275177,
    -20.32802574322));
#15661 = DIRECTION('',(-0.,-1.,-0.));
#15662 = DIRECTION('',(0.,0.,-1.));
#15663 = ADVANCED_FACE('',(#15664),#15675,.T.);
#15664 = FACE_BOUND('',#15665,.T.);
#15665 = EDGE_LOOP('',(#15666,#15672,#15673,#15674));
#15666 = ORIENTED_EDGE('',*,*,#15667,.T.);
#15667 = EDGE_CURVE('',#3581,#5551,#15668,.T.);
#15668 = LINE('',#15669,#15670);
#15669 = CARTESIAN_POINT('',(-28.90228462219,2.060631275177,
    -14.52091693878));
#15670 = VECTOR('',#15671,1.);
#15671 = DIRECTION('',(-0.465573329334,0.,-0.885009307868));
#15672 = ORIENTED_EDGE('',*,*,#15651,.F.);
#15673 = ORIENTED_EDGE('',*,*,#3665,.F.);
#15674 = ORIENTED_EDGE('',*,*,#3588,.T.);
#15675 = PLANE('',#15676);
#15676 = AXIS2_PLACEMENT_3D('',#15677,#15678,#15679);
#15677 = CARTESIAN_POINT('',(-31.80126181737,2.060631275177,
    -20.24702413171));
#15678 = DIRECTION('',(-0.,-1.,-0.));
#15679 = DIRECTION('',(0.,0.,-1.));
#15680 = ADVANCED_FACE('',(#15681),#15696,.T.);
#15681 = FACE_BOUND('',#15682,.T.);
#15682 = EDGE_LOOP('',(#15683,#15684,#15690));
#15683 = ORIENTED_EDGE('',*,*,#6005,.F.);
#15684 = ORIENTED_EDGE('',*,*,#15685,.T.);
#15685 = EDGE_CURVE('',#5998,#3928,#15686,.T.);
#15686 = LINE('',#15687,#15688);
#15687 = CARTESIAN_POINT('',(-4.706785202026,2.060631275177,
    -10.45181751251));
#15688 = VECTOR('',#15689,1.);
#15689 = DIRECTION('',(-0.987265349606,0.,-0.159082146914));
#15690 = ORIENTED_EDGE('',*,*,#15691,.T.);
#15691 = EDGE_CURVE('',#3928,#5951,#15692,.T.);
#15692 = LINE('',#15693,#15694);
#15693 = CARTESIAN_POINT('',(-27.33724594116,2.060631275177,
    -14.09835720062));
#15694 = VECTOR('',#15695,1.);
#15695 = DIRECTION('',(0.407491864101,0.,-0.913208837393));
#15696 = PLANE('',#15697);
#15697 = AXIS2_PLACEMENT_3D('',#15698,#15699,#15700);
#15698 = CARTESIAN_POINT('',(-16.40409089552,2.060631275177,
    -19.68599086757));
#15699 = DIRECTION('',(-0.,-1.,-0.));
#15700 = DIRECTION('',(0.,0.,-1.));
#15701 = ADVANCED_FACE('',(#15702),#15717,.T.);
#15702 = FACE_BOUND('',#15703,.T.);
#15703 = EDGE_LOOP('',(#15704,#15705,#15711));
#15704 = ORIENTED_EDGE('',*,*,#6111,.F.);
#15705 = ORIENTED_EDGE('',*,*,#15706,.T.);
#15706 = EDGE_CURVE('',#6112,#5998,#15707,.T.);
#15707 = LINE('',#15708,#15709);
#15708 = CARTESIAN_POINT('',(-4.487678527832,2.060631275177,
    -9.763199806213));
#15709 = VECTOR('',#15710,1.);
#15710 = DIRECTION('',(-0.303204964614,0.,-0.952925364042));
#15711 = ORIENTED_EDGE('',*,*,#15712,.T.);
#15712 = EDGE_CURVE('',#5998,#6089,#15713,.T.);
#15713 = LINE('',#15714,#15715);
#15714 = CARTESIAN_POINT('',(-4.706785202026,2.060631275177,
    -10.45181751251));
#15715 = VECTOR('',#15716,1.);
#15716 = DIRECTION('',(0.358967352522,0.,0.933350116421));
#15717 = PLANE('',#15718);
#15718 = AXIS2_PLACEMENT_3D('',#15719,#15720,#15721);
#15719 = CARTESIAN_POINT('',(-4.58939641789,2.060631275177,
    -10.10949648944));
#15720 = DIRECTION('',(-0.,-1.,-0.));
#15721 = DIRECTION('',(0.,0.,-1.));
#15722 = ADVANCED_FACE('',(#15723),#15728,.T.);
#15723 = FACE_BOUND('',#15724,.T.);
#15724 = EDGE_LOOP('',(#15725,#15726,#15727));
#15725 = ORIENTED_EDGE('',*,*,#6088,.F.);
#15726 = ORIENTED_EDGE('',*,*,#15712,.F.);
#15727 = ORIENTED_EDGE('',*,*,#6042,.F.);
#15728 = PLANE('',#15729);
#15729 = AXIS2_PLACEMENT_3D('',#15730,#15731,#15732);
#15730 = CARTESIAN_POINT('',(-4.60437774159,2.060631275177,
    -10.19926182963));
#15731 = DIRECTION('',(-0.,-1.,-0.));
#15732 = DIRECTION('',(0.,0.,-1.));
#15733 = ADVANCED_FACE('',(#15734),#15739,.T.);
#15734 = FACE_BOUND('',#15735,.T.);
#15735 = EDGE_LOOP('',(#15736,#15737,#15738));
#15736 = ORIENTED_EDGE('',*,*,#15482,.F.);
#15737 = ORIENTED_EDGE('',*,*,#15504,.F.);
#15738 = ORIENTED_EDGE('',*,*,#5652,.T.);
#15739 = PLANE('',#15740);
#15740 = AXIS2_PLACEMENT_3D('',#15741,#15742,#15743);
#15741 = CARTESIAN_POINT('',(-19.89220204154,2.060631275177,
    -34.68311472332));
#15742 = DIRECTION('',(-0.,-1.,-0.));
#15743 = DIRECTION('',(0.,0.,-1.));
#15744 = ADVANCED_FACE('',(#15745),#15760,.T.);
#15745 = FACE_BOUND('',#15746,.T.);
#15746 = EDGE_LOOP('',(#15747,#15753,#15759));
#15747 = ORIENTED_EDGE('',*,*,#15748,.T.);
#15748 = EDGE_CURVE('',#77,#4280,#15749,.T.);
#15749 = LINE('',#15750,#15751);
#15750 = CARTESIAN_POINT('',(-112.647491455,2.060631275177,
    25.168458938599));
#15751 = VECTOR('',#15752,1.);
#15752 = DIRECTION('',(0.713530699782,0.,0.700623965098));
#15753 = ORIENTED_EDGE('',*,*,#15754,.T.);
#15754 = EDGE_CURVE('',#4280,#131,#15755,.T.);
#15755 = LINE('',#15756,#15757);
#15756 = CARTESIAN_POINT('',(-95.77638244628,2.060631275177,
    41.734394073486));
#15757 = VECTOR('',#15758,1.);
#15758 = DIRECTION('',(-0.719115468454,0.,-0.694890597886));
#15759 = ORIENTED_EDGE('',*,*,#139,.F.);
#15760 = PLANE('',#15761);
#15761 = AXIS2_PLACEMENT_3D('',#15762,#15763,#15764);
#15762 = CARTESIAN_POINT('',(-104.2690061114,2.060631275177,
    33.461705344697));
#15763 = DIRECTION('',(-0.,-1.,-0.));
#15764 = DIRECTION('',(0.,0.,-1.));
#15765 = ADVANCED_FACE('',(#15766),#15776,.T.);
#15766 = FACE_BOUND('',#15767,.T.);
#15767 = EDGE_LOOP('',(#15768,#15769,#15775));
#15768 = ORIENTED_EDGE('',*,*,#15754,.F.);
#15769 = ORIENTED_EDGE('',*,*,#15770,.T.);
#15770 = EDGE_CURVE('',#4280,#186,#15771,.T.);
#15771 = LINE('',#15772,#15773);
#15772 = CARTESIAN_POINT('',(-95.77638244628,2.060631275177,
    41.734394073486));
#15773 = VECTOR('',#15774,1.);
#15774 = DIRECTION('',(-0.724982748,0.,-0.688767025272));
#15775 = ORIENTED_EDGE('',*,*,#185,.T.);
#15776 = PLANE('',#15777);
#15777 = AXIS2_PLACEMENT_3D('',#15778,#15779,#15780);
#15778 = CARTESIAN_POINT('',(-104.3206022106,2.060631275177,
    33.547695023834));
#15779 = DIRECTION('',(-0.,-1.,-0.));
#15780 = DIRECTION('',(0.,0.,-1.));
#15781 = ADVANCED_FACE('',(#15782),#15792,.T.);
#15782 = FACE_BOUND('',#15783,.T.);
#15783 = EDGE_LOOP('',(#15784,#15785,#15791));
#15784 = ORIENTED_EDGE('',*,*,#15770,.F.);
#15785 = ORIENTED_EDGE('',*,*,#15786,.T.);
#15786 = EDGE_CURVE('',#4280,#177,#15787,.T.);
#15787 = LINE('',#15788,#15789);
#15788 = CARTESIAN_POINT('',(-95.77638244628,2.060631275177,
    41.734394073486));
#15789 = VECTOR('',#15790,1.);
#15790 = DIRECTION('',(-0.730944709347,0.,-0.682436687083));
#15791 = ORIENTED_EDGE('',*,*,#193,.T.);
#15792 = PLANE('',#15793);
#15793 = AXIS2_PLACEMENT_3D('',#15794,#15795,#15796);
#15794 = CARTESIAN_POINT('',(-104.385992685,2.060631275177,
    33.625798520276));
#15795 = DIRECTION('',(-0.,-1.,-0.));
#15796 = DIRECTION('',(0.,0.,-1.));
#15797 = ADVANCED_FACE('',(#15798),#15808,.T.);
#15798 = FACE_BOUND('',#15799,.T.);
#15799 = EDGE_LOOP('',(#15800,#15801,#15807));
#15800 = ORIENTED_EDGE('',*,*,#15786,.F.);
#15801 = ORIENTED_EDGE('',*,*,#15802,.T.);
#15802 = EDGE_CURVE('',#4280,#240,#15803,.T.);
#15803 = LINE('',#15804,#15805);
#15804 = CARTESIAN_POINT('',(-95.77638244628,2.060631275177,
    41.734394073486));
#15805 = VECTOR('',#15806,1.);
#15806 = DIRECTION('',(-0.736479147229,0.,-0.676460246945));
#15807 = ORIENTED_EDGE('',*,*,#239,.T.);
#15808 = PLANE('',#15809);
#15809 = AXIS2_PLACEMENT_3D('',#15810,#15811,#15812);
#15810 = CARTESIAN_POINT('',(-104.4612896697,2.060631275177,
    33.691928444993));
#15811 = DIRECTION('',(-0.,-1.,-0.));
#15812 = DIRECTION('',(0.,0.,-1.));
#15813 = ADVANCED_FACE('',(#15814),#15824,.T.);
#15814 = FACE_BOUND('',#15815,.T.);
#15815 = EDGE_LOOP('',(#15816,#15817,#15823));
#15816 = ORIENTED_EDGE('',*,*,#15802,.F.);
#15817 = ORIENTED_EDGE('',*,*,#15818,.T.);
#15818 = EDGE_CURVE('',#4280,#231,#15819,.T.);
#15819 = LINE('',#15820,#15821);
#15820 = CARTESIAN_POINT('',(-95.77638244628,2.060631275177,
    41.734394073486));
#15821 = VECTOR('',#15822,1.);
#15822 = DIRECTION('',(-0.741746965772,0.,-0.670679833279));
#15823 = ORIENTED_EDGE('',*,*,#247,.T.);
#15824 = PLANE('',#15825);
#15825 = AXIS2_PLACEMENT_3D('',#15826,#15827,#15828);
#15826 = CARTESIAN_POINT('',(-104.5480296037,2.060631275177,
    33.740796952029));
#15827 = DIRECTION('',(-0.,-1.,-0.));
#15828 = DIRECTION('',(0.,0.,-1.));
#15829 = ADVANCED_FACE('',(#15830),#15840,.T.);
#15830 = FACE_BOUND('',#15831,.T.);
#15831 = EDGE_LOOP('',(#15832,#15833,#15839));
#15832 = ORIENTED_EDGE('',*,*,#15818,.F.);
#15833 = ORIENTED_EDGE('',*,*,#15834,.T.);
#15834 = EDGE_CURVE('',#4280,#285,#15835,.T.);
#15835 = LINE('',#15836,#15837);
#15836 = CARTESIAN_POINT('',(-95.77638244628,2.060631275177,
    41.734394073486));
#15837 = VECTOR('',#15838,1.);
#15838 = DIRECTION('',(-0.746573495265,0.,-0.665302950669));
#15839 = ORIENTED_EDGE('',*,*,#293,.F.);
#15840 = PLANE('',#15841);
#15841 = AXIS2_PLACEMENT_3D('',#15842,#15843,#15844);
#15842 = CARTESIAN_POINT('',(-104.6428984023,2.060631275177,
    33.775678715854));
#15843 = DIRECTION('',(-0.,-1.,-0.));
#15844 = DIRECTION('',(0.,0.,-1.));
#15845 = ADVANCED_FACE('',(#15846),#15856,.T.);
#15846 = FACE_BOUND('',#15847,.T.);
#15847 = EDGE_LOOP('',(#15848,#15849,#15855));
#15848 = ORIENTED_EDGE('',*,*,#15834,.F.);
#15849 = ORIENTED_EDGE('',*,*,#15850,.T.);
#15850 = EDGE_CURVE('',#4280,#363,#15851,.T.);
#15851 = LINE('',#15852,#15853);
#15852 = CARTESIAN_POINT('',(-95.77638244628,2.060631275177,
    41.734394073486));
#15853 = VECTOR('',#15854,1.);
#15854 = DIRECTION('',(-0.750505710892,0.,-0.660863963247));
#15855 = ORIENTED_EDGE('',*,*,#362,.T.);
#15856 = PLANE('',#15857);
#15857 = AXIS2_PLACEMENT_3D('',#15858,#15859,#15860);
#15858 = CARTESIAN_POINT('',(-104.7396840481,2.060631275177,
    33.794646769619));
#15859 = DIRECTION('',(-0.,-1.,-0.));
#15860 = DIRECTION('',(0.,0.,-1.));
#15861 = ADVANCED_FACE('',(#15862),#15867,.T.);
#15862 = FACE_BOUND('',#15863,.T.);
#15863 = EDGE_LOOP('',(#15864,#15865,#15866));
#15864 = ORIENTED_EDGE('',*,*,#15850,.F.);
#15865 = ORIENTED_EDGE('',*,*,#4325,.F.);
#15866 = ORIENTED_EDGE('',*,*,#14316,.F.);
#15867 = PLANE('',#15868);
#15868 = AXIS2_PLACEMENT_3D('',#15869,#15870,#15871);
#15869 = CARTESIAN_POINT('',(-113.9465596813,2.060631275177,
    37.228420404654));
#15870 = DIRECTION('',(-0.,-1.,-0.));
#15871 = DIRECTION('',(0.,0.,-1.));
#15872 = ADVANCED_FACE('',(#15873),#15883,.T.);
#15873 = FACE_BOUND('',#15874,.T.);
#15874 = EDGE_LOOP('',(#15875,#15876,#15882));
#15875 = ORIENTED_EDGE('',*,*,#15235,.F.);
#15876 = ORIENTED_EDGE('',*,*,#15877,.T.);
#15877 = EDGE_CURVE('',#4280,#22,#15878,.T.);
#15878 = LINE('',#15879,#15880);
#15879 = CARTESIAN_POINT('',(-95.77638244628,2.060631275177,
    41.734394073486));
#15880 = VECTOR('',#15881,1.);
#15881 = DIRECTION('',(-0.703820864614,0.,-0.710377498612));
#15882 = ORIENTED_EDGE('',*,*,#1353,.F.);
#15883 = PLANE('',#15884);
#15884 = AXIS2_PLACEMENT_3D('',#15885,#15886,#15887);
#15885 = CARTESIAN_POINT('',(-104.2183995716,2.060631275177,
    33.168450328229));
#15886 = DIRECTION('',(-0.,-1.,-0.));
#15887 = DIRECTION('',(0.,0.,-1.));
#15888 = ADVANCED_FACE('',(#15889),#15899,.T.);
#15889 = FACE_BOUND('',#15890,.T.);
#15890 = EDGE_LOOP('',(#15891,#15892,#15898));
#15891 = ORIENTED_EDGE('',*,*,#15877,.F.);
#15892 = ORIENTED_EDGE('',*,*,#15893,.T.);
#15893 = EDGE_CURVE('',#4280,#24,#15894,.T.);
#15894 = LINE('',#15895,#15896);
#15895 = CARTESIAN_POINT('',(-95.77638244628,2.060631275177,
    41.734394073486));
#15896 = VECTOR('',#15897,1.);
#15897 = DIRECTION('',(-0.708588121791,0.,-0.705622330753));
#15898 = ORIENTED_EDGE('',*,*,#21,.F.);
#15899 = PLANE('',#15900);
#15900 = AXIS2_PLACEMENT_3D('',#15901,#15902,#15903);
#15901 = CARTESIAN_POINT('',(-104.2185797539,2.060631275177,
    33.270429879417));
#15902 = DIRECTION('',(-0.,-1.,-0.));
#15903 = DIRECTION('',(0.,0.,-1.));
#15904 = ADVANCED_FACE('',(#15905),#15910,.T.);
#15905 = FACE_BOUND('',#15906,.T.);
#15906 = EDGE_LOOP('',(#15907,#15908,#15909));
#15907 = ORIENTED_EDGE('',*,*,#15893,.F.);
#15908 = ORIENTED_EDGE('',*,*,#15748,.F.);
#15909 = ORIENTED_EDGE('',*,*,#85,.F.);
#15910 = PLANE('',#15911);
#15911 = AXIS2_PLACEMENT_3D('',#15912,#15913,#15914);
#15912 = CARTESIAN_POINT('',(-104.2344471657,2.060631275177,
    33.370487498033));
#15913 = DIRECTION('',(-0.,-1.,-0.));
#15914 = DIRECTION('',(0.,0.,-1.));
#15915 = ADVANCED_FACE('',(#15916),#15926,.T.);
#15916 = FACE_BOUND('',#15917,.T.);
#15917 = EDGE_LOOP('',(#15918,#15924,#15925));
#15918 = ORIENTED_EDGE('',*,*,#15919,.T.);
#15919 = EDGE_CURVE('',#10248,#4234,#15920,.T.);
#15920 = LINE('',#15921,#15922);
#15921 = CARTESIAN_POINT('',(-73.22417449951,2.060631275177,
    -5.842778682709));
#15922 = VECTOR('',#15923,1.);
#15923 = DIRECTION('',(-0.425546224501,0.,0.904936688842));
#15924 = ORIENTED_EDGE('',*,*,#15220,.F.);
#15925 = ORIENTED_EDGE('',*,*,#10287,.F.);
#15926 = PLANE('',#15927);
#15927 = AXIS2_PLACEMENT_3D('',#15928,#15929,#15930);
#15928 = CARTESIAN_POINT('',(-84.44200628236,2.060631275177,
    17.89484918863));
#15929 = DIRECTION('',(-0.,-1.,-0.));
#15930 = DIRECTION('',(0.,0.,-1.));
#15931 = ADVANCED_FACE('',(#15932),#15937,.T.);
#15932 = FACE_BOUND('',#15933,.T.);
#15933 = EDGE_LOOP('',(#15934,#15935,#15936));
#15934 = ORIENTED_EDGE('',*,*,#15213,.F.);
#15935 = ORIENTED_EDGE('',*,*,#15241,.F.);
#15936 = ORIENTED_EDGE('',*,*,#1293,.F.);
#15937 = PLANE('',#15938);
#15938 = AXIS2_PLACEMENT_3D('',#15939,#15940,#15941);
#15939 = CARTESIAN_POINT('',(-104.1518824038,2.060631275177,
    33.088251128078));
#15940 = DIRECTION('',(-0.,-1.,-0.));
#15941 = DIRECTION('',(0.,0.,-1.));
#15942 = ADVANCED_FACE('',(#15943),#15953,.T.);
#15943 = FACE_BOUND('',#15944,.T.);
#15944 = EDGE_LOOP('',(#15945,#15951,#15952));
#15945 = ORIENTED_EDGE('',*,*,#15946,.T.);
#15946 = EDGE_CURVE('',#10248,#4188,#15947,.T.);
#15947 = LINE('',#15948,#15949);
#15948 = CARTESIAN_POINT('',(-73.22417449951,2.060631275177,
    -5.842778682709));
#15949 = VECTOR('',#15950,1.);
#15950 = DIRECTION('',(-0.42277963589,0.,0.906232519543));
#15951 = ORIENTED_EDGE('',*,*,#4233,.F.);
#15952 = ORIENTED_EDGE('',*,*,#15919,.F.);
#15953 = PLANE('',#15954);
#15954 = AXIS2_PLACEMENT_3D('',#15955,#15956,#15957);
#15955 = CARTESIAN_POINT('',(-84.39995436533,2.060631275177,
    18.017445684567));
#15956 = DIRECTION('',(-0.,-1.,-0.));
#15957 = DIRECTION('',(0.,0.,-1.));
#15958 = ADVANCED_FACE('',(#15959),#15964,.T.);
#15959 = FACE_BOUND('',#15960,.T.);
#15960 = EDGE_LOOP('',(#15961,#15962,#15963));
#15961 = ORIENTED_EDGE('',*,*,#5881,.F.);
#15962 = ORIENTED_EDGE('',*,*,#15545,.F.);
#15963 = ORIENTED_EDGE('',*,*,#5835,.F.);
#15964 = PLANE('',#15965);
#15965 = AXIS2_PLACEMENT_3D('',#15966,#15967,#15968);
#15966 = CARTESIAN_POINT('',(-18.78422096284,2.060631275177,
    -34.53641940502));
#15967 = DIRECTION('',(-0.,-1.,-0.));
#15968 = DIRECTION('',(0.,0.,-1.));
#15969 = ADVANCED_FACE('',(#15970),#15975,.T.);
#15970 = FACE_BOUND('',#15971,.T.);
#15971 = EDGE_LOOP('',(#15972,#15973,#15974));
#15972 = ORIENTED_EDGE('',*,*,#15539,.F.);
#15973 = ORIENTED_EDGE('',*,*,#15525,.F.);
#15974 = ORIENTED_EDGE('',*,*,#5758,.T.);
#15975 = PLANE('',#15976);
#15976 = AXIS2_PLACEMENT_3D('',#15977,#15978,#15979);
#15977 = CARTESIAN_POINT('',(-18.811947841,2.060631275177,
    -34.48640762116));
#15978 = DIRECTION('',(-0.,-1.,-0.));
#15979 = DIRECTION('',(0.,0.,-1.));
#15980 = ADVANCED_FACE('',(#15981),#15991,.T.);
#15981 = FACE_BOUND('',#15982,.T.);
#15982 = EDGE_LOOP('',(#15983,#15989,#15990));
#15983 = ORIENTED_EDGE('',*,*,#15984,.T.);
#15984 = EDGE_CURVE('',#8165,#8073,#15985,.T.);
#15985 = LINE('',#15986,#15987);
#15986 = CARTESIAN_POINT('',(-95.28338623046,2.060631275177,
    45.983467102051));
#15987 = VECTOR('',#15988,1.);
#15988 = DIRECTION('',(0.330337615336,0.,0.943862839556));
#15989 = ORIENTED_EDGE('',*,*,#8118,.F.);
#15990 = ORIENTED_EDGE('',*,*,#8164,.F.);
#15991 = PLANE('',#15992);
#15992 = AXIS2_PLACEMENT_3D('',#15993,#15994,#15995);
#15993 = CARTESIAN_POINT('',(-95.23508833096,2.060631275177,
    46.142291153673));
#15994 = DIRECTION('',(-0.,-1.,-0.));
#15995 = DIRECTION('',(0.,0.,-1.));
#15996 = ADVANCED_FACE('',(#15997),#16012,.T.);
#15997 = FACE_BOUND('',#15998,.T.);
#15998 = EDGE_LOOP('',(#15999,#16005,#16006));
#15999 = ORIENTED_EDGE('',*,*,#16000,.T.);
#16000 = EDGE_CURVE('',#7950,#8073,#16001,.T.);
#16001 = LINE('',#16002,#16003);
#16002 = CARTESIAN_POINT('',(-94.78257751464,2.060631275177,
    46.484279632568));
#16003 = VECTOR('',#16004,1.);
#16004 = DIRECTION('',(-0.901528818156,0.,-0.432719065946));
#16005 = ORIENTED_EDGE('',*,*,#15984,.F.);
#16006 = ORIENTED_EDGE('',*,*,#16007,.T.);
#16007 = EDGE_CURVE('',#8165,#7950,#16008,.T.);
#16008 = LINE('',#16009,#16010);
#16009 = CARTESIAN_POINT('',(-95.28338623046,2.060631275177,
    45.983467102051));
#16010 = VECTOR('',#16011,1.);
#16011 = DIRECTION('',(0.707104088149,0.,0.707109474214));
#16012 = PLANE('',#16013);
#16013 = AXIS2_PLACEMENT_3D('',#16014,#16015,#16016);
#16014 = CARTESIAN_POINT('',(-95.06087066761,2.060631275177,
    46.258830306203));
#16015 = DIRECTION('',(-0.,-1.,-0.));
#16016 = DIRECTION('',(0.,0.,-1.));
#16017 = ADVANCED_FACE('',(#16018),#16028,.T.);
#16018 = FACE_BOUND('',#16019,.T.);
#16019 = EDGE_LOOP('',(#16020,#16021,#16022));
#16020 = ORIENTED_EDGE('',*,*,#8072,.F.);
#16021 = ORIENTED_EDGE('',*,*,#16000,.F.);
#16022 = ORIENTED_EDGE('',*,*,#16023,.T.);
#16023 = EDGE_CURVE('',#7950,#8019,#16024,.T.);
#16024 = LINE('',#16025,#16026);
#16025 = CARTESIAN_POINT('',(-94.78257751464,2.060631275177,
    46.484279632568));
#16026 = VECTOR('',#16027,1.);
#16027 = DIRECTION('',(-0.961527990556,0.,-0.274706977301));
#16028 = PLANE('',#16029);
#16029 = AXIS2_PLACEMENT_3D('',#16030,#16031,#16032);
#16030 = CARTESIAN_POINT('',(-94.98419935235,2.060631275177,
    46.400979650983));
#16031 = DIRECTION('',(-0.,-1.,-0.));
#16032 = DIRECTION('',(0.,0.,-1.));
#16033 = ADVANCED_FACE('',(#16034),#16039,.T.);
#16034 = FACE_BOUND('',#16035,.T.);
#16035 = EDGE_LOOP('',(#16036,#16037,#16038));
#16036 = ORIENTED_EDGE('',*,*,#16023,.F.);
#16037 = ORIENTED_EDGE('',*,*,#7995,.F.);
#16038 = ORIENTED_EDGE('',*,*,#8018,.F.);
#16039 = PLANE('',#16040);
#16040 = AXIS2_PLACEMENT_3D('',#16041,#16042,#16043);
#16041 = CARTESIAN_POINT('',(-94.92081840101,2.060631275177,
    46.449272257736));
#16042 = DIRECTION('',(-0.,-1.,-0.));
#16043 = DIRECTION('',(0.,0.,-1.));
#16044 = ADVANCED_FACE('',(#16045),#16055,.T.);
#16045 = FACE_BOUND('',#16046,.T.);
#16046 = EDGE_LOOP('',(#16047,#16053,#16054));
#16047 = ORIENTED_EDGE('',*,*,#16048,.T.);
#16048 = EDGE_CURVE('',#4074,#7950,#16049,.T.);
#16049 = LINE('',#16050,#16051);
#16050 = CARTESIAN_POINT('',(-95.28338623046,2.060631275177,
    42.235206604004));
#16051 = VECTOR('',#16052,1.);
#16052 = DIRECTION('',(0.117052824962,0.,0.993125690015));
#16053 = ORIENTED_EDGE('',*,*,#16007,.F.);
#16054 = ORIENTED_EDGE('',*,*,#8208,.F.);
#16055 = PLANE('',#16056);
#16056 = AXIS2_PLACEMENT_3D('',#16057,#16058,#16059);
#16057 = CARTESIAN_POINT('',(-95.14043246701,2.060631275177,
    44.404250372073));
#16058 = DIRECTION('',(-0.,-1.,-0.));
#16059 = DIRECTION('',(0.,0.,-1.));
#16060 = ADVANCED_FACE('',(#16061),#16066,.T.);
#16061 = FACE_BOUND('',#16062,.T.);
#16062 = EDGE_LOOP('',(#16063,#16064,#16065));
#16063 = ORIENTED_EDGE('',*,*,#14933,.F.);
#16064 = ORIENTED_EDGE('',*,*,#14912,.F.);
#16065 = ORIENTED_EDGE('',*,*,#5504,.F.);
#16066 = PLANE('',#16067);
#16067 = AXIS2_PLACEMENT_3D('',#16068,#16069,#16070);
#16068 = CARTESIAN_POINT('',(-32.37664942328,2.060631275177,
    -20.19037623703));
#16069 = DIRECTION('',(-0.,-1.,-0.));
#16070 = DIRECTION('',(0.,0.,-1.));
#16071 = ADVANCED_FACE('',(#16072),#16082,.T.);
#16072 = FACE_BOUND('',#16073,.T.);
#16073 = EDGE_LOOP('',(#16074,#16080,#16081));
#16074 = ORIENTED_EDGE('',*,*,#16075,.T.);
#16075 = EDGE_CURVE('',#5551,#3573,#16076,.T.);
#16076 = LINE('',#16077,#16078);
#16077 = CARTESIAN_POINT('',(-34.98245620727,2.060631275177,
    -26.07872772216));
#16078 = VECTOR('',#16079,1.);
#16079 = DIRECTION('',(0.451989899041,0.,0.892023055288));
#16080 = ORIENTED_EDGE('',*,*,#14926,.F.);
#16081 = ORIENTED_EDGE('',*,*,#5550,.F.);
#16082 = PLANE('',#16083);
#16083 = AXIS2_PLACEMENT_3D('',#16084,#16085,#16086);
#16084 = CARTESIAN_POINT('',(-32.14271940172,2.060631275177,
    -20.29377909634));
#16085 = DIRECTION('',(-0.,-1.,-0.));
#16086 = DIRECTION('',(0.,0.,-1.));
#16087 = ADVANCED_FACE('',(#16088),#16093,.T.);
#16088 = FACE_BOUND('',#16089,.T.);
#16089 = EDGE_LOOP('',(#16090,#16091,#16092));
#16090 = ORIENTED_EDGE('',*,*,#15667,.F.);
#16091 = ORIENTED_EDGE('',*,*,#3580,.T.);
#16092 = ORIENTED_EDGE('',*,*,#16075,.F.);
#16093 = PLANE('',#16094);
#16094 = AXIS2_PLACEMENT_3D('',#16095,#16096,#16097);
#16095 = CARTESIAN_POINT('',(-31.96051356941,2.060631275177,
    -20.2259312961));
#16096 = DIRECTION('',(-0.,-1.,-0.));
#16097 = DIRECTION('',(0.,0.,-1.));
#16098 = ADVANCED_FACE('',(#16099),#16104,.T.);
#16099 = FACE_BOUND('',#16100,.T.);
#16100 = EDGE_LOOP('',(#16101,#16102,#16103));
#16101 = ORIENTED_EDGE('',*,*,#3449,.F.);
#16102 = ORIENTED_EDGE('',*,*,#14875,.F.);
#16103 = ORIENTED_EDGE('',*,*,#14890,.F.);
#16104 = PLANE('',#16105);
#16105 = AXIS2_PLACEMENT_3D('',#16106,#16107,#16108);
#16106 = CARTESIAN_POINT('',(-32.51227038752,2.060631275177,
    -19.83797023471));
#16107 = DIRECTION('',(-0.,-1.,-0.));
#16108 = DIRECTION('',(0.,0.,-1.));
#16109 = ADVANCED_FACE('',(#16110),#16115,.T.);
#16110 = FACE_BOUND('',#16111,.T.);
#16111 = EDGE_LOOP('',(#16112,#16113,#16114));
#16112 = ORIENTED_EDGE('',*,*,#14820,.F.);
#16113 = ORIENTED_EDGE('',*,*,#14954,.F.);
#16114 = ORIENTED_EDGE('',*,*,#11155,.F.);
#16115 = PLANE('',#16116);
#16116 = AXIS2_PLACEMENT_3D('',#16117,#16118,#16119);
#16117 = CARTESIAN_POINT('',(-50.62840239844,2.060631275177,
    -10.16650454873));
#16118 = DIRECTION('',(-0.,-1.,-0.));
#16119 = DIRECTION('',(0.,0.,-1.));
#16120 = ADVANCED_FACE('',(#16121),#16126,.T.);
#16121 = FACE_BOUND('',#16122,.T.);
#16122 = EDGE_LOOP('',(#16123,#16124,#16125));
#16123 = ORIENTED_EDGE('',*,*,#14948,.F.);
#16124 = ORIENTED_EDGE('',*,*,#14975,.F.);
#16125 = ORIENTED_EDGE('',*,*,#9886,.F.);
#16126 = PLANE('',#16127);
#16127 = AXIS2_PLACEMENT_3D('',#16128,#16129,#16130);
#16128 = CARTESIAN_POINT('',(-50.60101667399,2.060631275177,
    -9.966944175254));
#16129 = DIRECTION('',(-0.,-1.,-0.));
#16130 = DIRECTION('',(0.,0.,-1.));
#16131 = ADVANCED_FACE('',(#16132),#16137,.T.);
#16132 = FACE_BOUND('',#16133,.T.);
#16133 = EDGE_LOOP('',(#16134,#16135,#16136));
#16134 = ORIENTED_EDGE('',*,*,#15581,.F.);
#16135 = ORIENTED_EDGE('',*,*,#15605,.F.);
#16136 = ORIENTED_EDGE('',*,*,#15518,.F.);
#16137 = PLANE('',#16138);
#16138 = AXIS2_PLACEMENT_3D('',#16139,#16140,#16141);
#16139 = CARTESIAN_POINT('',(-23.35875713714,2.060631275177,
    -24.87380423605));
#16140 = DIRECTION('',(-0.,-1.,-0.));
#16141 = DIRECTION('',(0.,0.,-1.));
#16142 = ADVANCED_FACE('',(#16143),#16148,.T.);
#16143 = FACE_BOUND('',#16144,.T.);
#16144 = EDGE_LOOP('',(#16145,#16146,#16147));
#16145 = ORIENTED_EDGE('',*,*,#14969,.F.);
#16146 = ORIENTED_EDGE('',*,*,#14996,.F.);
#16147 = ORIENTED_EDGE('',*,*,#9971,.T.);
#16148 = PLANE('',#16149);
#16149 = AXIS2_PLACEMENT_3D('',#16150,#16151,#16152);
#16150 = CARTESIAN_POINT('',(-50.57352278192,2.060631275177,
    -9.779433928173));
#16151 = DIRECTION('',(-0.,-1.,-0.));
#16152 = DIRECTION('',(0.,0.,-1.));
#16153 = ADVANCED_FACE('',(#16154),#16159,.T.);
#16154 = FACE_BOUND('',#16155,.T.);
#16155 = EDGE_LOOP('',(#16156,#16157,#16158));
#16156 = ORIENTED_EDGE('',*,*,#15691,.F.);
#16157 = ORIENTED_EDGE('',*,*,#3927,.T.);
#16158 = ORIENTED_EDGE('',*,*,#15560,.F.);
#16159 = PLANE('',#16160);
#16160 = AXIS2_PLACEMENT_3D('',#16161,#16162,#16163);
#16161 = CARTESIAN_POINT('',(-22.90484677811,2.060631275177,
    -24.13425233068));
#16162 = DIRECTION('',(-0.,-1.,-0.));
#16163 = DIRECTION('',(0.,0.,-1.));
#16164 = ADVANCED_FACE('',(#16165),#16180,.T.);
#16165 = FACE_BOUND('',#16166,.T.);
#16166 = EDGE_LOOP('',(#16167,#16173,#16179));
#16167 = ORIENTED_EDGE('',*,*,#16168,.T.);
#16168 = EDGE_CURVE('',#10179,#7904,#16169,.T.);
#16169 = LINE('',#16170,#16171);
#16170 = CARTESIAN_POINT('',(-72.83290863037,2.060631275177,
    -5.772352218628));
#16171 = VECTOR('',#16172,1.);
#16172 = DIRECTION('',(-9.419009776034E-02,0.,0.995554230308));
#16173 = ORIENTED_EDGE('',*,*,#16174,.T.);
#16174 = EDGE_CURVE('',#7904,#10257,#16175,.T.);
#16175 = LINE('',#16176,#16177);
#16176 = CARTESIAN_POINT('',(-77.77842712402,2.060631275177,
    46.499935150146));
#16177 = VECTOR('',#16178,1.);
#16178 = DIRECTION('',(9.046843442514E-02,0.,-0.995899323412));
#16179 = ORIENTED_EDGE('',*,*,#10256,.T.);
#16180 = PLANE('',#16181);
#16181 = AXIS2_PLACEMENT_3D('',#16182,#16183,#16184);
#16182 = CARTESIAN_POINT('',(-75.35005331982,2.060631275177,
    20.311115436614));
#16183 = DIRECTION('',(-0.,-1.,-0.));
#16184 = DIRECTION('',(0.,0.,-1.));
#16185 = ADVANCED_FACE('',(#16186),#16196,.T.);
#16186 = FACE_BOUND('',#16187,.T.);
#16187 = EDGE_LOOP('',(#16188,#16189,#16195));
#16188 = ORIENTED_EDGE('',*,*,#16174,.F.);
#16189 = ORIENTED_EDGE('',*,*,#16190,.T.);
#16190 = EDGE_CURVE('',#7904,#10248,#16191,.T.);
#16191 = LINE('',#16192,#16193);
#16192 = CARTESIAN_POINT('',(-77.77842712402,2.060631275177,
    46.499935150146));
#16193 = VECTOR('',#16194,1.);
#16194 = DIRECTION('',(8.668085173319E-02,0.,-0.996236131619));
#16195 = ORIENTED_EDGE('',*,*,#10264,.T.);
#16196 = PLANE('',#16197);
#16197 = AXIS2_PLACEMENT_3D('',#16198,#16199,#16200);
#16198 = CARTESIAN_POINT('',(-75.44791996052,2.060631275177,
    20.291775696173));
#16199 = DIRECTION('',(-0.,-1.,-0.));
#16200 = DIRECTION('',(0.,0.,-1.));
#16201 = ADVANCED_FACE('',(#16202),#16212,.T.);
#16202 = FACE_BOUND('',#16203,.T.);
#16203 = EDGE_LOOP('',(#16204,#16205,#16211));
#16204 = ORIENTED_EDGE('',*,*,#16190,.F.);
#16205 = ORIENTED_EDGE('',*,*,#16206,.T.);
#16206 = EDGE_CURVE('',#7904,#4188,#16207,.T.);
#16207 = LINE('',#16208,#16209);
#16208 = CARTESIAN_POINT('',(-77.77842712402,2.060631275177,
    46.499935150146));
#16209 = VECTOR('',#16210,1.);
#16210 = DIRECTION('',(-0.967074615588,0.,-0.254493001642));
#16211 = ORIENTED_EDGE('',*,*,#15946,.F.);
#16212 = PLANE('',#16213);
#16213 = AXIS2_PLACEMENT_3D('',#16214,#16215,#16216);
#16214 = CARTESIAN_POINT('',(-80.9203012482,2.060631275177,
    22.869691252003));
#16215 = DIRECTION('',(-0.,-1.,-0.));
#16216 = DIRECTION('',(0.,0.,-1.));
#16217 = ADVANCED_FACE('',(#16218),#16233,.T.);
#16218 = FACE_BOUND('',#16219,.T.);
#16219 = EDGE_LOOP('',(#16220,#16226,#16232));
#16220 = ORIENTED_EDGE('',*,*,#16221,.T.);
#16221 = EDGE_CURVE('',#4096,#7904,#16222,.T.);
#16222 = LINE('',#16223,#16224);
#16223 = CARTESIAN_POINT('',(-95.31468963623,2.060631275177,
    42.063045501709));
#16224 = VECTOR('',#16225,1.);
#16225 = DIRECTION('',(0.969451488461,0.,0.245283125228));
#16226 = ORIENTED_EDGE('',*,*,#16227,.T.);
#16227 = EDGE_CURVE('',#7904,#4074,#16228,.T.);
#16228 = LINE('',#16229,#16230);
#16229 = CARTESIAN_POINT('',(-77.77842712402,2.060631275177,
    46.499935150146));
#16230 = VECTOR('',#16231,1.);
#16231 = DIRECTION('',(-0.971581301118,0.,-0.236706094803));
#16232 = ORIENTED_EDGE('',*,*,#4095,.F.);
#16233 = PLANE('',#16234);
#16234 = AXIS2_PLACEMENT_3D('',#16235,#16236,#16237);
#16235 = CARTESIAN_POINT('',(-86.58099934564,2.060631275177,
    44.313953273524));
#16236 = DIRECTION('',(-0.,-1.,-0.));
#16237 = DIRECTION('',(0.,0.,-1.));
#16238 = ADVANCED_FACE('',(#16239),#16249,.T.);
#16239 = FACE_BOUND('',#16240,.T.);
#16240 = EDGE_LOOP('',(#16241,#16247,#16248));
#16241 = ORIENTED_EDGE('',*,*,#16242,.T.);
#16242 = EDGE_CURVE('',#4142,#7904,#16243,.T.);
#16243 = LINE('',#16244,#16245);
#16244 = CARTESIAN_POINT('',(-95.36164093017,2.060631275177,
    41.961322784424));
#16245 = VECTOR('',#16246,1.);
#16246 = DIRECTION('',(0.96826388137,0.,0.249930102296));
#16247 = ORIENTED_EDGE('',*,*,#16221,.F.);
#16248 = ORIENTED_EDGE('',*,*,#4141,.F.);
#16249 = PLANE('',#16250);
#16250 = AXIS2_PLACEMENT_3D('',#16251,#16252,#16253);
#16251 = CARTESIAN_POINT('',(-86.58537196679,2.060631275177,
    44.249096279678));
#16252 = DIRECTION('',(-0.,-1.,-0.));
#16253 = DIRECTION('',(0.,0.,-1.));
#16254 = ADVANCED_FACE('',(#16255),#16260,.T.);
#16255 = FACE_BOUND('',#16256,.T.);
#16256 = EDGE_LOOP('',(#16257,#16258,#16259));
#16257 = ORIENTED_EDGE('',*,*,#16206,.F.);
#16258 = ORIENTED_EDGE('',*,*,#16242,.F.);
#16259 = ORIENTED_EDGE('',*,*,#4187,.F.);
#16260 = PLANE('',#16261);
#16261 = AXIS2_PLACEMENT_3D('',#16262,#16263,#16264);
#16262 = CARTESIAN_POINT('',(-86.63619699559,2.060631275177,
    44.191096915593));
#16263 = DIRECTION('',(-0.,-1.,-0.));
#16264 = DIRECTION('',(0.,0.,-1.));
#16265 = ADVANCED_FACE('',(#16266),#16271,.T.);
#16266 = FACE_BOUND('',#16267,.T.);
#16267 = EDGE_LOOP('',(#16268,#16269,#16270));
#16268 = ORIENTED_EDGE('',*,*,#16227,.F.);
#16269 = ORIENTED_EDGE('',*,*,#7949,.F.);
#16270 = ORIENTED_EDGE('',*,*,#16048,.F.);
#16271 = PLANE('',#16272);
#16272 = AXIS2_PLACEMENT_3D('',#16273,#16274,#16275);
#16273 = CARTESIAN_POINT('',(-87.34816859384,2.060631275177,
    45.285963023373));
#16274 = DIRECTION('',(-0.,-1.,-0.));
#16275 = DIRECTION('',(0.,0.,-1.));
#16276 = ADVANCED_FACE('',(#16277),#16287,.T.);
#16277 = FACE_BOUND('',#16278,.T.);
#16278 = EDGE_LOOP('',(#16279,#16285,#16286));
#16279 = ORIENTED_EDGE('',*,*,#16280,.T.);
#16280 = EDGE_CURVE('',#10179,#5289,#16281,.T.);
#16281 = LINE('',#16282,#16283);
#16282 = CARTESIAN_POINT('',(-72.83290863037,2.060631275177,
    -5.772352218628));
#16283 = VECTOR('',#16284,1.);
#16284 = DIRECTION('',(-9.103284913461E-02,0.,0.995847890181));
#16285 = ORIENTED_EDGE('',*,*,#7903,.F.);
#16286 = ORIENTED_EDGE('',*,*,#16168,.F.);
#16287 = PLANE('',#16288);
#16288 = AXIS2_PLACEMENT_3D('',#16289,#16290,#16291);
#16289 = CARTESIAN_POINT('',(-75.26844793166,2.060631275177,
    20.413190627799));
#16290 = DIRECTION('',(-0.,-1.,-0.));
#16291 = DIRECTION('',(0.,0.,-1.));
#16292 = ADVANCED_FACE('',(#16293),#16303,.T.);
#16293 = FACE_BOUND('',#16294,.T.);
#16294 = EDGE_LOOP('',(#16295,#16301,#16302));
#16295 = ORIENTED_EDGE('',*,*,#16296,.T.);
#16296 = EDGE_CURVE('',#10133,#5289,#16297,.T.);
#16297 = LINE('',#16298,#16299);
#16298 = CARTESIAN_POINT('',(-72.6294555664,2.060631275177,
    -5.78800201416));
#16299 = VECTOR('',#16300,1.);
#16300 = DIRECTION('',(-9.484426332046E-02,0.,0.995492122377));
#16301 = ORIENTED_EDGE('',*,*,#16280,.F.);
#16302 = ORIENTED_EDGE('',*,*,#10187,.F.);
#16303 = PLANE('',#16304);
#16304 = AXIS2_PLACEMENT_3D('',#16305,#16306,#16307);
#16305 = CARTESIAN_POINT('',(-75.16789503295,2.060631275177,
    20.324833347936));
#16306 = DIRECTION('',(-0.,-1.,-0.));
#16307 = DIRECTION('',(0.,0.,-1.));
#16308 = ADVANCED_FACE('',(#16309),#16319,.T.);
#16309 = FACE_BOUND('',#16310,.T.);
#16310 = EDGE_LOOP('',(#16311,#16317,#16318));
#16311 = ORIENTED_EDGE('',*,*,#16312,.T.);
#16312 = EDGE_CURVE('',#7647,#7549,#16313,.T.);
#16313 = LINE('',#16314,#16315);
#16314 = CARTESIAN_POINT('',(-77.27762603759,2.060631275177,
    48.252773284912));
#16315 = VECTOR('',#16316,1.);
#16316 = DIRECTION('',(0.316234880937,0.,0.948680926381));
#16317 = ORIENTED_EDGE('',*,*,#7600,.F.);
#16318 = ORIENTED_EDGE('',*,*,#7646,.F.);
#16319 = PLANE('',#16320);
#16320 = AXIS2_PLACEMENT_3D('',#16321,#16322,#16323);
#16321 = CARTESIAN_POINT('',(-77.23385459385,2.060631275177,
    48.407751310773));
#16322 = DIRECTION('',(-0.,-1.,-0.));
#16323 = DIRECTION('',(0.,0.,-1.));
#16324 = ADVANCED_FACE('',(#16325),#16335,.T.);
#16325 = FACE_BOUND('',#16326,.T.);
#16326 = EDGE_LOOP('',(#16327,#16333,#16334));
#16327 = ORIENTED_EDGE('',*,*,#16328,.T.);
#16328 = EDGE_CURVE('',#7547,#7456,#16329,.T.);
#16329 = LINE('',#16330,#16331);
#16330 = CARTESIAN_POINT('',(-77.05851745605,2.060631275177,
    48.667510986328));
#16331 = VECTOR('',#16332,1.);
#16332 = DIRECTION('',(0.956353983778,0.,0.292210639286));
#16333 = ORIENTED_EDGE('',*,*,#7500,.F.);
#16334 = ORIENTED_EDGE('',*,*,#7556,.T.);
#16335 = PLANE('',#16336);
#16336 = AXIS2_PLACEMENT_3D('',#16337,#16338,#16339);
#16337 = CARTESIAN_POINT('',(-76.91952836827,2.060631275177,48.715938695
    ));
#16338 = DIRECTION('',(-0.,-1.,-0.));
#16339 = DIRECTION('',(0.,0.,-1.));
#16340 = ADVANCED_FACE('',(#16341),#16351,.T.);
#16341 = FACE_BOUND('',#16342,.T.);
#16342 = EDGE_LOOP('',(#16343,#16349,#16350));
#16343 = ORIENTED_EDGE('',*,*,#16344,.T.);
#16344 = EDGE_CURVE('',#7549,#7456,#16345,.T.);
#16345 = LINE('',#16346,#16347);
#16346 = CARTESIAN_POINT('',(-77.17589569091,2.060631275177,
    48.557956695557));
#16347 = VECTOR('',#16348,1.);
#16348 = DIRECTION('',(0.897921853448,0.,0.440154910344));
#16349 = ORIENTED_EDGE('',*,*,#16328,.F.);
#16350 = ORIENTED_EDGE('',*,*,#7546,.T.);
#16351 = PLANE('',#16352);
#16352 = AXIS2_PLACEMENT_3D('',#16353,#16354,#16355);
#16353 = CARTESIAN_POINT('',(-76.98227534384,2.060631275177,
    48.666026335066));
#16354 = DIRECTION('',(-0.,-1.,-0.));
#16355 = DIRECTION('',(0.,0.,-1.));
#16356 = ADVANCED_FACE('',(#16357),#16367,.T.);
#16357 = FACE_BOUND('',#16358,.T.);
#16358 = EDGE_LOOP('',(#16359,#16365,#16366));
#16359 = ORIENTED_EDGE('',*,*,#16360,.T.);
#16360 = EDGE_CURVE('',#7647,#7456,#16361,.T.);
#16361 = LINE('',#16362,#16363);
#16362 = CARTESIAN_POINT('',(-77.27762603759,2.060631275177,
    48.252773284912));
#16363 = VECTOR('',#16364,1.);
#16364 = DIRECTION('',(0.707109474193,0.,0.70710408817));
#16365 = ORIENTED_EDGE('',*,*,#16344,.F.);
#16366 = ORIENTED_EDGE('',*,*,#16312,.F.);
#16367 = PLANE('',#16368);
#16368 = AXIS2_PLACEMENT_3D('',#16369,#16370,#16371);
#16369 = CARTESIAN_POINT('',(-77.05542187941,2.060631275177,
    48.527836239716));
#16370 = DIRECTION('',(-0.,-1.,-0.));
#16371 = DIRECTION('',(0.,0.,-1.));
#16372 = ADVANCED_FACE('',(#16373),#16383,.T.);
#16373 = FACE_BOUND('',#16374,.T.);
#16374 = EDGE_LOOP('',(#16375,#16381,#16382));
#16375 = ORIENTED_EDGE('',*,*,#16376,.T.);
#16376 = EDGE_CURVE('',#7693,#7456,#16377,.T.);
#16377 = LINE('',#16378,#16379);
#16378 = CARTESIAN_POINT('',(-77.27762603759,2.060631275177,
    47.000747680664));
#16379 = VECTOR('',#16380,1.);
#16380 = DIRECTION('',(0.274723891655,0.,0.961523157991));
#16381 = ORIENTED_EDGE('',*,*,#16360,.F.);
#16382 = ORIENTED_EDGE('',*,*,#7692,.F.);
#16383 = PLANE('',#16384);
#16384 = AXIS2_PLACEMENT_3D('',#16385,#16386,#16387);
#16385 = CARTESIAN_POINT('',(-77.11008741183,2.060631275177,
    47.911492623138));
#16386 = DIRECTION('',(-0.,-1.,-0.));
#16387 = DIRECTION('',(0.,0.,-1.));
#16388 = ADVANCED_FACE('',(#16389),#16399,.T.);
#16389 = FACE_BOUND('',#16390,.T.);
#16390 = EDGE_LOOP('',(#16391,#16392,#16393));
#16391 = ORIENTED_EDGE('',*,*,#7463,.F.);
#16392 = ORIENTED_EDGE('',*,*,#16376,.F.);
#16393 = ORIENTED_EDGE('',*,*,#16394,.T.);
#16394 = EDGE_CURVE('',#7693,#4995,#16395,.T.);
#16395 = LINE('',#16396,#16397);
#16396 = CARTESIAN_POINT('',(-77.27762603759,2.060631275177,
    47.000747680664));
#16397 = VECTOR('',#16398,1.);
#16398 = DIRECTION('',(0.994500297534,0.,0.104733749124));
#16399 = PLANE('',#16400);
#16400 = AXIS2_PLACEMENT_3D('',#16401,#16402,#16403);
#16401 = CARTESIAN_POINT('',(-69.33721149902,2.060631275177,
    48.277206860463));
#16402 = DIRECTION('',(-0.,-1.,-0.));
#16403 = DIRECTION('',(0.,0.,-1.));
#16404 = ADVANCED_FACE('',(#16405),#16420,.T.);
#16405 = FACE_BOUND('',#16406,.T.);
#16406 = EDGE_LOOP('',(#16407,#16413,#16414));
#16407 = ORIENTED_EDGE('',*,*,#16408,.T.);
#16408 = EDGE_CURVE('',#5060,#4997,#16409,.T.);
#16409 = LINE('',#16410,#16411);
#16410 = CARTESIAN_POINT('',(-60.28130722045,2.060631275177,
    48.237125396729));
#16411 = VECTOR('',#16412,1.);
#16412 = DIRECTION('',(-0.432715637015,0.,0.901530463979));
#16413 = ORIENTED_EDGE('',*,*,#4994,.F.);
#16414 = ORIENTED_EDGE('',*,*,#16415,.T.);
#16415 = EDGE_CURVE('',#4995,#5060,#16416,.T.);
#16416 = LINE('',#16417,#16418);
#16417 = CARTESIAN_POINT('',(-60.78211975097,2.060631275177,
    48.737937927246));
#16418 = VECTOR('',#16419,1.);
#16419 = DIRECTION('',(0.707106781187,0.,-0.707106781187));
#16420 = PLANE('',#16421);
#16421 = AXIS2_PLACEMENT_3D('',#16422,#16423,#16424);
#16422 = CARTESIAN_POINT('',(-60.50675628554,2.060631275177,
    48.515420642282));
#16423 = DIRECTION('',(-0.,-1.,-0.));
#16424 = DIRECTION('',(0.,0.,-1.));
#16425 = ADVANCED_FACE('',(#16426),#16431,.T.);
#16426 = FACE_BOUND('',#16427,.T.);
#16427 = EDGE_LOOP('',(#16428,#16429,#16430));
#16428 = ORIENTED_EDGE('',*,*,#7339,.F.);
#16429 = ORIENTED_EDGE('',*,*,#16408,.F.);
#16430 = ORIENTED_EDGE('',*,*,#5059,.F.);
#16431 = PLANE('',#16432);
#16432 = AXIS2_PLACEMENT_3D('',#16433,#16434,#16435);
#16433 = CARTESIAN_POINT('',(-60.36460705923,2.060631275177,
    48.438749196803));
#16434 = DIRECTION('',(-0.,-1.,-0.));
#16435 = DIRECTION('',(0.,0.,-1.));
#16436 = ADVANCED_FACE('',(#16437),#16452,.T.);
#16437 = FACE_BOUND('',#16438,.T.);
#16438 = EDGE_LOOP('',(#16439,#16440,#16446));
#16439 = ORIENTED_EDGE('',*,*,#7224,.F.);
#16440 = ORIENTED_EDGE('',*,*,#16441,.T.);
#16441 = EDGE_CURVE('',#7225,#7693,#16442,.T.);
#16442 = LINE('',#16443,#16444);
#16443 = CARTESIAN_POINT('',(-60.28130722045,2.060631275177,
    46.985092163086));
#16444 = VECTOR('',#16445,1.);
#16445 = DIRECTION('',(-0.999999575776,0.,9.211118657587E-04));
#16446 = ORIENTED_EDGE('',*,*,#16447,.T.);
#16447 = EDGE_CURVE('',#7693,#7179,#16448,.T.);
#16448 = LINE('',#16449,#16450);
#16449 = CARTESIAN_POINT('',(-77.27762603759,2.060631275177,
    47.000747680664));
#16450 = VECTOR('',#16451,1.);
#16451 = DIRECTION('',(0.999944140294,0.,-1.056959277337E-02));
#16452 = PLANE('',#16453);
#16453 = AXIS2_PLACEMENT_3D('',#16454,#16455,#16456);
#16454 = CARTESIAN_POINT('',(-68.73001919016,2.060631275177,
    46.951559507786));
#16455 = DIRECTION('',(-0.,-1.,-0.));
#16456 = DIRECTION('',(0.,0.,-1.));
#16457 = ADVANCED_FACE('',(#16458),#16468,.T.);
#16458 = FACE_BOUND('',#16459,.T.);
#16459 = EDGE_LOOP('',(#16460,#16466,#16467));
#16460 = ORIENTED_EDGE('',*,*,#16461,.T.);
#16461 = EDGE_CURVE('',#7739,#7179,#16462,.T.);
#16462 = LINE('',#16463,#16464);
#16463 = CARTESIAN_POINT('',(-77.30892181396,2.060631275177,
    46.828594207764));
#16464 = VECTOR('',#16465,1.);
#16465 = DIRECTION('',(0.999999894618,0.,-4.590897507479E-04));
#16466 = ORIENTED_EDGE('',*,*,#16447,.F.);
#16467 = ORIENTED_EDGE('',*,*,#7738,.F.);
#16468 = PLANE('',#16469);
#16469 = AXIS2_PLACEMENT_3D('',#16470,#16471,#16472);
#16470 = CARTESIAN_POINT('',(-68.81516684075,2.060631275177,
    46.867918460237));
#16471 = DIRECTION('',(-0.,-1.,-0.));
#16472 = DIRECTION('',(0.,0.,-1.));
#16473 = ADVANCED_FACE('',(#16474),#16484,.T.);
#16474 = FACE_BOUND('',#16475,.T.);
#16475 = EDGE_LOOP('',(#16476,#16482,#16483));
#16476 = ORIENTED_EDGE('',*,*,#16477,.T.);
#16477 = EDGE_CURVE('',#7785,#7179,#16478,.T.);
#16478 = LINE('',#16479,#16480);
#16479 = CARTESIAN_POINT('',(-77.36370086669,2.060631275177,
    46.726863861084));
#16480 = VECTOR('',#16481,1.);
#16481 = DIRECTION('',(0.999984948058,0.,5.48668008316E-03));
#16482 = ORIENTED_EDGE('',*,*,#16461,.F.);
#16483 = ORIENTED_EDGE('',*,*,#7794,.T.);
#16484 = PLANE('',#16485);
#16485 = AXIS2_PLACEMENT_3D('',#16486,#16487,#16488);
#16486 = CARTESIAN_POINT('',(-68.82196925487,2.060631275177,
    46.799132508611));
#16487 = DIRECTION('',(-0.,-1.,-0.));
#16488 = DIRECTION('',(0.,0.,-1.));
#16489 = ADVANCED_FACE('',(#16490),#16505,.T.);
#16490 = FACE_BOUND('',#16491,.T.);
#16491 = EDGE_LOOP('',(#16492,#16498,#16504));
#16492 = ORIENTED_EDGE('',*,*,#16493,.T.);
#16493 = EDGE_CURVE('',#7787,#7133,#16494,.T.);
#16494 = LINE('',#16495,#16496);
#16495 = CARTESIAN_POINT('',(-77.47325134277,2.060631275177,
    46.609485626221));
#16496 = VECTOR('',#16497,1.);
#16497 = DIRECTION('',(0.999991716235,0.,4.070314672792E-03));
#16498 = ORIENTED_EDGE('',*,*,#16499,.T.);
#16499 = EDGE_CURVE('',#7133,#7785,#16500,.T.);
#16500 = LINE('',#16501,#16502);
#16501 = CARTESIAN_POINT('',(-60.17175292968,2.060631275177,
    46.679908752441));
#16502 = VECTOR('',#16503,1.);
#16503 = DIRECTION('',(-0.999996270221,0.,2.731216595259E-03));
#16504 = ORIENTED_EDGE('',*,*,#7784,.T.);
#16505 = PLANE('',#16506);
#16506 = AXIS2_PLACEMENT_3D('',#16507,#16508,#16509);
#16507 = CARTESIAN_POINT('',(-68.83515451229,2.060631275177,
    46.673921732895));
#16508 = DIRECTION('',(-0.,-1.,-0.));
#16509 = DIRECTION('',(0.,0.,-1.));
#16510 = ADVANCED_FACE('',(#16511),#16521,.T.);
#16511 = FACE_BOUND('',#16512,.T.);
#16512 = EDGE_LOOP('',(#16513,#16514,#16515));
#16513 = ORIENTED_EDGE('',*,*,#7132,.F.);
#16514 = ORIENTED_EDGE('',*,*,#16493,.F.);
#16515 = ORIENTED_EDGE('',*,*,#16516,.T.);
#16516 = EDGE_CURVE('',#7787,#5299,#16517,.T.);
#16517 = LINE('',#16518,#16519);
#16518 = CARTESIAN_POINT('',(-77.47325134277,2.060631275177,
    46.609485626221));
#16519 = VECTOR('',#16520,1.);
#16520 = DIRECTION('',(0.999997477163,0.,-2.246256202463E-03));
#16521 = PLANE('',#16522);
#16522 = AXIS2_PLACEMENT_3D('',#16523,#16524,#16525);
#16523 = CARTESIAN_POINT('',(-68.75310597673,2.060631275177,
    46.617253502519));
#16524 = DIRECTION('',(-0.,-1.,-0.));
#16525 = DIRECTION('',(0.,0.,-1.));
#16526 = ADVANCED_FACE('',(#16527),#16532,.T.);
#16527 = FACE_BOUND('',#16528,.T.);
#16528 = EDGE_LOOP('',(#16529,#16530,#16531));
#16529 = ORIENTED_EDGE('',*,*,#5306,.F.);
#16530 = ORIENTED_EDGE('',*,*,#16516,.F.);
#16531 = ORIENTED_EDGE('',*,*,#7859,.F.);
#16532 = PLANE('',#16533);
#16533 = AXIS2_PLACEMENT_3D('',#16534,#16535,#16536);
#16534 = CARTESIAN_POINT('',(-68.83926734149,2.060631275177,
    46.570280819717));
#16535 = DIRECTION('',(-0.,-1.,-0.));
#16536 = DIRECTION('',(0.,0.,-1.));
#16537 = ADVANCED_FACE('',(#16538),#16553,.T.);
#16538 = FACE_BOUND('',#16539,.T.);
#16539 = EDGE_LOOP('',(#16540,#16546,#16552));
#16540 = ORIENTED_EDGE('',*,*,#16541,.T.);
#16541 = EDGE_CURVE('',#10133,#2071,#16542,.T.);
#16542 = LINE('',#16543,#16544);
#16543 = CARTESIAN_POINT('',(-72.6294555664,2.060631275177,
    -5.78800201416));
#16544 = VECTOR('',#16545,1.);
#16545 = DIRECTION('',(0.66129387634,0.,0.75012692867));
#16546 = ORIENTED_EDGE('',*,*,#16547,.T.);
#16547 = EDGE_CURVE('',#2071,#5289,#16548,.T.);
#16548 = LINE('',#16549,#16550);
#16549 = CARTESIAN_POINT('',(-42.86242294311,2.060631275177,
    27.977701187134));
#16550 = VECTOR('',#16551,1.);
#16551 = DIRECTION('',(-0.882149400784,0.,0.470969674923));
#16552 = ORIENTED_EDGE('',*,*,#16296,.F.);
#16553 = PLANE('',#16554);
#16554 = AXIS2_PLACEMENT_3D('',#16555,#16556,#16557);
#16555 = CARTESIAN_POINT('',(-65.13030527256,2.060631275177,
    22.178739953708));
#16556 = DIRECTION('',(-0.,-1.,-0.));
#16557 = DIRECTION('',(0.,0.,-1.));
#16558 = ADVANCED_FACE('',(#16559),#16569,.T.);
#16559 = FACE_BOUND('',#16560,.T.);
#16560 = EDGE_LOOP('',(#16561,#16562,#16563));
#16561 = ORIENTED_EDGE('',*,*,#5288,.F.);
#16562 = ORIENTED_EDGE('',*,*,#16547,.F.);
#16563 = ORIENTED_EDGE('',*,*,#16564,.T.);
#16564 = EDGE_CURVE('',#2071,#5291,#16565,.T.);
#16565 = LINE('',#16566,#16567);
#16566 = CARTESIAN_POINT('',(-42.86242294311,2.060631275177,
    27.977701187134));
#16567 = VECTOR('',#16568,1.);
#16568 = DIRECTION('',(-0.677816084008,0.,0.735231498414));
#16569 = PLANE('',#16570);
#16570 = AXIS2_PLACEMENT_3D('',#16571,#16572,#16573);
#16571 = CARTESIAN_POINT('',(-59.36630252611,2.060631275177,
    39.241908756272));
#16572 = DIRECTION('',(-0.,-1.,-0.));
#16573 = DIRECTION('',(0.,0.,-1.));
#16574 = ADVANCED_FACE('',(#16575),#16590,.T.);
#16575 = FACE_BOUND('',#16576,.T.);
#16576 = EDGE_LOOP('',(#16577,#16583,#16589));
#16577 = ORIENTED_EDGE('',*,*,#16578,.T.);
#16578 = EDGE_CURVE('',#10057,#2195,#16579,.T.);
#16579 = LINE('',#16580,#16581);
#16580 = CARTESIAN_POINT('',(-71.94866180419,2.060631275177,
    -6.187087059021));
#16581 = VECTOR('',#16582,1.);
#16582 = DIRECTION('',(0.660774156269,0.,0.750584781625));
#16583 = ORIENTED_EDGE('',*,*,#16584,.T.);
#16584 = EDGE_CURVE('',#2195,#10048,#16585,.T.);
#16585 = LINE('',#16586,#16587);
#16586 = CARTESIAN_POINT('',(-42.47116470336,2.060631275177,
    27.296911239624));
#16587 = VECTOR('',#16588,1.);
#16588 = DIRECTION('',(-0.664200506158,0.,-0.74755447134));
#16589 = ORIENTED_EDGE('',*,*,#10064,.T.);
#16590 = PLANE('',#16591);
#16591 = AXIS2_PLACEMENT_3D('',#16592,#16593,#16594);
#16592 = CARTESIAN_POINT('',(-57.27896483423,2.060631275177,
    10.553807737258));
#16593 = DIRECTION('',(-0.,-1.,-0.));
#16594 = DIRECTION('',(0.,0.,-1.));
#16595 = ADVANCED_FACE('',(#16596),#16606,.T.);
#16596 = FACE_BOUND('',#16597,.T.);
#16597 = EDGE_LOOP('',(#16598,#16599,#16605));
#16598 = ORIENTED_EDGE('',*,*,#2203,.F.);
#16599 = ORIENTED_EDGE('',*,*,#16600,.T.);
#16600 = EDGE_CURVE('',#2172,#10048,#16601,.T.);
#16601 = LINE('',#16602,#16603);
#16602 = CARTESIAN_POINT('',(-42.6120147705,2.060631275177,
    27.43776512146));
#16603 = VECTOR('',#16604,1.);
#16604 = DIRECTION('',(-0.660861297421,0.,-0.750508058298));
#16605 = ORIENTED_EDGE('',*,*,#16584,.F.);
#16606 = PLANE('',#16607);
#16607 = AXIS2_PLACEMENT_3D('',#16608,#16609,#16610);
#16608 = CARTESIAN_POINT('',(-57.28264168064,2.060631275177,
    10.701687186251));
#16609 = DIRECTION('',(-0.,-1.,-0.));
#16610 = DIRECTION('',(0.,0.,-1.));
#16611 = ADVANCED_FACE('',(#16612),#16622,.T.);
#16612 = FACE_BOUND('',#16613,.T.);
#16613 = EDGE_LOOP('',(#16614,#16615,#16621));
#16614 = ORIENTED_EDGE('',*,*,#16600,.F.);
#16615 = ORIENTED_EDGE('',*,*,#16616,.T.);
#16616 = EDGE_CURVE('',#2172,#10111,#16617,.T.);
#16617 = LINE('',#16618,#16619);
#16618 = CARTESIAN_POINT('',(-42.6120147705,2.060631275177,
    27.43776512146));
#16619 = VECTOR('',#16620,1.);
#16620 = DIRECTION('',(-0.664146275254,0.,-0.747602651858));
#16621 = ORIENTED_EDGE('',*,*,#10110,.T.);
#16622 = PLANE('',#16623);
#16623 = AXIS2_PLACEMENT_3D('',#16624,#16625,#16626);
#16624 = CARTESIAN_POINT('',(-57.42450259993,2.060631275177,
    10.690171872142));
#16625 = DIRECTION('',(-0.,-1.,-0.));
#16626 = DIRECTION('',(0.,0.,-1.));
#16627 = ADVANCED_FACE('',(#16628),#16643,.T.);
#16628 = FACE_BOUND('',#16629,.T.);
#16629 = EDGE_LOOP('',(#16630,#16636,#16642));
#16630 = ORIENTED_EDGE('',*,*,#16631,.T.);
#16631 = EDGE_CURVE('',#2718,#5998,#16632,.T.);
#16632 = LINE('',#16633,#16634);
#16633 = CARTESIAN_POINT('',(-27.18073844909,2.060631275177,
    -13.51929283142));
#16634 = VECTOR('',#16635,1.);
#16635 = DIRECTION('',(0.990813366855,0.,0.135236356286));
#16636 = ORIENTED_EDGE('',*,*,#16637,.T.);
#16637 = EDGE_CURVE('',#5998,#2720,#16638,.T.);
#16638 = LINE('',#16639,#16640);
#16639 = CARTESIAN_POINT('',(-4.706785202026,2.060631275177,
    -10.45181751251));
#16640 = VECTOR('',#16641,1.);
#16641 = DIRECTION('',(-0.991945171556,0.,-0.126667977909));
#16642 = ORIENTED_EDGE('',*,*,#2717,.F.);
#16643 = PLANE('',#16644);
#16644 = AXIS2_PLACEMENT_3D('',#16645,#16646,#16647);
#16645 = CARTESIAN_POINT('',(-15.99610565601,2.060631275177,
    -11.94305587776));
#16646 = DIRECTION('',(-0.,-1.,-0.));
#16647 = DIRECTION('',(0.,0.,-1.));
#16648 = ADVANCED_FACE('',(#16649),#16659,.T.);
#16649 = FACE_BOUND('',#16650,.T.);
#16650 = EDGE_LOOP('',(#16651,#16652,#16658));
#16651 = ORIENTED_EDGE('',*,*,#16637,.F.);
#16652 = ORIENTED_EDGE('',*,*,#16653,.T.);
#16653 = EDGE_CURVE('',#5998,#2773,#16654,.T.);
#16654 = LINE('',#16655,#16656);
#16655 = CARTESIAN_POINT('',(-4.706785202026,2.060631275177,
    -10.45181751251));
#16656 = VECTOR('',#16657,1.);
#16657 = DIRECTION('',(-0.993027721663,0.,-0.117881058734));
#16658 = ORIENTED_EDGE('',*,*,#2781,.F.);
#16659 = PLANE('',#16660);
#16660 = AXIS2_PLACEMENT_3D('',#16661,#16662,#16663);
#16661 = CARTESIAN_POINT('',(-16.01547437217,2.060631275177,
    -11.84498226565));
#16662 = DIRECTION('',(-0.,-1.,-0.));
#16663 = DIRECTION('',(0.,0.,-1.));
#16664 = ADVANCED_FACE('',(#16665),#16675,.T.);
#16665 = FACE_BOUND('',#16666,.T.);
#16666 = EDGE_LOOP('',(#16667,#16668,#16674));
#16667 = ORIENTED_EDGE('',*,*,#16653,.F.);
#16668 = ORIENTED_EDGE('',*,*,#16669,.T.);
#16669 = EDGE_CURVE('',#5998,#2819,#16670,.T.);
#16670 = LINE('',#16671,#16672);
#16671 = CARTESIAN_POINT('',(-4.706785202026,2.060631275177,
    -10.45181751251));
#16672 = VECTOR('',#16673,1.);
#16673 = DIRECTION('',(-0.993971443715,0.,-0.109639267966));
#16674 = ORIENTED_EDGE('',*,*,#2827,.F.);
#16675 = PLANE('',#16676);
#16676 = AXIS2_PLACEMENT_3D('',#16677,#16678,#16679);
#16677 = CARTESIAN_POINT('',(-16.04986234055,2.060631275177,
    -11.75051500232));
#16678 = DIRECTION('',(-0.,-1.,-0.));
#16679 = DIRECTION('',(0.,0.,-1.));
#16680 = ADVANCED_FACE('',(#16681),#16691,.T.);
#16681 = FACE_BOUND('',#16682,.T.);
#16682 = EDGE_LOOP('',(#16683,#16684,#16690));
#16683 = ORIENTED_EDGE('',*,*,#15685,.F.);
#16684 = ORIENTED_EDGE('',*,*,#16685,.T.);
#16685 = EDGE_CURVE('',#5998,#3919,#16686,.T.);
#16686 = LINE('',#16687,#16688);
#16687 = CARTESIAN_POINT('',(-4.706785202026,2.060631275177,
    -10.45181751251));
#16688 = VECTOR('',#16689,1.);
#16689 = DIRECTION('',(-0.988383596891,0.,-0.151979819044));
#16690 = ORIENTED_EDGE('',*,*,#3935,.T.);
#16691 = PLANE('',#16692);
#16692 = AXIS2_PLACEMENT_3D('',#16693,#16694,#16695);
#16693 = CARTESIAN_POINT('',(-16.04960395202,2.060631275177,
    -12.23792724087));
#16694 = DIRECTION('',(-0.,-1.,-0.));
#16695 = DIRECTION('',(0.,0.,-1.));
#16696 = ADVANCED_FACE('',(#16697),#16707,.T.);
#16697 = FACE_BOUND('',#16698,.T.);
#16698 = EDGE_LOOP('',(#16699,#16700,#16706));
#16699 = ORIENTED_EDGE('',*,*,#16685,.F.);
#16700 = ORIENTED_EDGE('',*,*,#16701,.T.);
#16701 = EDGE_CURVE('',#5998,#3981,#16702,.T.);
#16702 = LINE('',#16703,#16704);
#16703 = CARTESIAN_POINT('',(-4.706785202026,2.060631275177,
    -10.45181751251));
#16704 = VECTOR('',#16705,1.);
#16705 = DIRECTION('',(-0.989588227083,0.,-0.143927554063));
#16706 = ORIENTED_EDGE('',*,*,#3989,.F.);
#16707 = PLANE('',#16708);
#16708 = AXIS2_PLACEMENT_3D('',#16709,#16710,#16711);
#16709 = CARTESIAN_POINT('',(-16.01531382852,2.060631275177,
    -12.14376040573));
#16710 = DIRECTION('',(-0.,-1.,-0.));
#16711 = DIRECTION('',(0.,0.,-1.));
#16712 = ADVANCED_FACE('',(#16713),#16718,.T.);
#16713 = FACE_BOUND('',#16714,.T.);
#16714 = EDGE_LOOP('',(#16715,#16716,#16717));
#16715 = ORIENTED_EDGE('',*,*,#16701,.F.);
#16716 = ORIENTED_EDGE('',*,*,#16631,.F.);
#16717 = ORIENTED_EDGE('',*,*,#4026,.F.);
#16718 = PLANE('',#16719);
#16719 = AXIS2_PLACEMENT_3D('',#16720,#16721,#16722);
#16720 = CARTESIAN_POINT('',(-15.99796715021,2.060631275177,
    -12.04355686955));
#16721 = DIRECTION('',(-0.,-1.,-0.));
#16722 = DIRECTION('',(0.,0.,-1.));
#16723 = ADVANCED_FACE('',(#16724),#16734,.T.);
#16724 = FACE_BOUND('',#16725,.T.);
#16725 = EDGE_LOOP('',(#16726,#16727,#16733));
#16726 = ORIENTED_EDGE('',*,*,#2180,.F.);
#16727 = ORIENTED_EDGE('',*,*,#16728,.T.);
#16728 = EDGE_CURVE('',#2102,#10111,#16729,.T.);
#16729 = LINE('',#16730,#16731);
#16730 = CARTESIAN_POINT('',(-42.72940063476,2.060631275177,
    27.602094650269));
#16731 = VECTOR('',#16732,1.);
#16732 = DIRECTION('',(-0.66084503846,0.,-0.750522374845));
#16733 = ORIENTED_EDGE('',*,*,#16616,.F.);
#16734 = PLANE('',#16735);
#16735 = AXIS2_PLACEMENT_3D('',#16736,#16737,#16738);
#16736 = CARTESIAN_POINT('',(-57.42892295843,2.060631275177,
    10.833290965793));
#16737 = DIRECTION('',(-0.,-1.,-0.));
#16738 = DIRECTION('',(0.,0.,-1.));
#16739 = ADVANCED_FACE('',(#16740),#16750,.T.);
#16740 = FACE_BOUND('',#16741,.T.);
#16741 = EDGE_LOOP('',(#16742,#16743,#16749));
#16742 = ORIENTED_EDGE('',*,*,#16728,.F.);
#16743 = ORIENTED_EDGE('',*,*,#16744,.T.);
#16744 = EDGE_CURVE('',#2102,#10102,#16745,.T.);
#16745 = LINE('',#16746,#16747);
#16746 = CARTESIAN_POINT('',(-42.72940063476,2.060631275177,
    27.602094650269));
#16747 = VECTOR('',#16748,1.);
#16748 = DIRECTION('',(-0.664059735608,0.,-0.747679521951));
#16749 = ORIENTED_EDGE('',*,*,#10118,.T.);
#16750 = PLANE('',#16751);
#16751 = AXIS2_PLACEMENT_3D('',#16752,#16753,#16754);
#16752 = CARTESIAN_POINT('',(-57.56961522739,2.060631275177,
    10.820873375089));
#16753 = DIRECTION('',(-0.,-1.,-0.));
#16754 = DIRECTION('',(0.,0.,-1.));
#16755 = ADVANCED_FACE('',(#16756),#16766,.T.);
#16756 = FACE_BOUND('',#16757,.T.);
#16757 = EDGE_LOOP('',(#16758,#16764,#16765));
#16758 = ORIENTED_EDGE('',*,*,#16759,.T.);
#16759 = EDGE_CURVE('',#10057,#2250,#16760,.T.);
#16760 = LINE('',#16761,#16762);
#16761 = CARTESIAN_POINT('',(-71.94866180419,2.060631275177,
    -6.187087059021));
#16762 = VECTOR('',#16763,1.);
#16763 = DIRECTION('',(0.664146110696,0.,0.747602798047));
#16764 = ORIENTED_EDGE('',*,*,#2249,.T.);
#16765 = ORIENTED_EDGE('',*,*,#16578,.F.);
#16766 = PLANE('',#16767);
#16767 = AXIS2_PLACEMENT_3D('',#16768,#16769,#16770);
#16768 = CARTESIAN_POINT('',(-57.13545287993,2.060631275177,
    10.563293375745));
#16769 = DIRECTION('',(-0.,-1.,-0.));
#16770 = DIRECTION('',(0.,0.,-1.));
#16771 = ADVANCED_FACE('',(#16772),#16787,.T.);
#16772 = FACE_BOUND('',#16773,.T.);
#16773 = EDGE_LOOP('',(#16774,#16780,#16781));
#16774 = ORIENTED_EDGE('',*,*,#16775,.T.);
#16775 = EDGE_CURVE('',#9963,#2241,#16776,.T.);
#16776 = LINE('',#16777,#16778);
#16777 = CARTESIAN_POINT('',(-71.83128356933,2.060631275177,
    -6.351417064667));
#16778 = VECTOR('',#16779,1.);
#16779 = DIRECTION('',(0.664059709105,0.,0.747679545489));
#16780 = ORIENTED_EDGE('',*,*,#2257,.T.);
#16781 = ORIENTED_EDGE('',*,*,#16782,.T.);
#16782 = EDGE_CURVE('',#2250,#9963,#16783,.T.);
#16783 = LINE('',#16784,#16785);
#16784 = CARTESIAN_POINT('',(-42.30683898925,2.060631275177,
    27.179531097412));
#16785 = VECTOR('',#16786,1.);
#16786 = DIRECTION('',(-0.660844963444,0.,-0.750522440898));
#16787 = PLANE('',#16788);
#16788 = AXIS2_PLACEMENT_3D('',#16789,#16790,#16791);
#16789 = CARTESIAN_POINT('',(-56.99107127101,2.060631275177,
    10.429803900067));
#16790 = DIRECTION('',(-0.,-1.,-0.));
#16791 = DIRECTION('',(0.,0.,-1.));
#16792 = ADVANCED_FACE('',(#16793),#16798,.T.);
#16793 = FACE_BOUND('',#16794,.T.);
#16794 = EDGE_LOOP('',(#16795,#16796,#16797));
#16795 = ORIENTED_EDGE('',*,*,#16782,.F.);
#16796 = ORIENTED_EDGE('',*,*,#16759,.F.);
#16797 = ORIENTED_EDGE('',*,*,#10056,.T.);
#16798 = PLANE('',#16799);
#16799 = AXIS2_PLACEMENT_3D('',#16800,#16801,#16802);
#16800 = CARTESIAN_POINT('',(-57.13176247894,2.060631275177,
    10.417386531818));
#16801 = DIRECTION('',(-0.,-1.,-0.));
#16802 = DIRECTION('',(0.,0.,-1.));
#16803 = ADVANCED_FACE('',(#16804),#16814,.T.);
#16804 = FACE_BOUND('',#16805,.T.);
#16805 = EDGE_LOOP('',(#16806,#16807,#16813));
#16806 = ORIENTED_EDGE('',*,*,#2118,.T.);
#16807 = ORIENTED_EDGE('',*,*,#16808,.T.);
#16808 = EDGE_CURVE('',#2111,#10102,#16809,.T.);
#16809 = LINE('',#16810,#16811);
#16810 = CARTESIAN_POINT('',(-42.80764770507,2.060631275177,
    27.782072067261));
#16811 = VECTOR('',#16812,1.);
#16812 = DIRECTION('',(-0.661084442743,0.,-0.75031150835));
#16813 = ORIENTED_EDGE('',*,*,#16744,.F.);
#16814 = PLANE('',#16815);
#16815 = AXIS2_PLACEMENT_3D('',#16816,#16817,#16818);
#16816 = CARTESIAN_POINT('',(-57.56875883755,2.060631275177,
    10.961361418714));
#16817 = DIRECTION('',(-0.,-1.,-0.));
#16818 = DIRECTION('',(0.,0.,-1.));
#16819 = ADVANCED_FACE('',(#16820),#16830,.T.);
#16820 = FACE_BOUND('',#16821,.T.);
#16821 = EDGE_LOOP('',(#16822,#16823,#16829));
#16822 = ORIENTED_EDGE('',*,*,#16808,.F.);
#16823 = ORIENTED_EDGE('',*,*,#16824,.T.);
#16824 = EDGE_CURVE('',#2111,#10133,#16825,.T.);
#16825 = LINE('',#16826,#16827);
#16826 = CARTESIAN_POINT('',(-42.80764770507,2.060631275177,
    27.782072067261));
#16827 = VECTOR('',#16828,1.);
#16828 = DIRECTION('',(-0.664136668243,0.,-0.74761118631));
#16829 = ORIENTED_EDGE('',*,*,#10141,.F.);
#16830 = PLANE('',#16831);
#16831 = AXIS2_PLACEMENT_3D('',#16832,#16833,#16834);
#16832 = CARTESIAN_POINT('',(-57.70326980598,2.060631275177,
    10.945402563002));
#16833 = DIRECTION('',(-0.,-1.,-0.));
#16834 = DIRECTION('',(0.,0.,-1.));
#16835 = ADVANCED_FACE('',(#16836),#16846,.T.);
#16836 = FACE_BOUND('',#16837,.T.);
#16837 = EDGE_LOOP('',(#16838,#16844,#16845));
#16838 = ORIENTED_EDGE('',*,*,#16839,.T.);
#16839 = EDGE_CURVE('',#9972,#2241,#16840,.T.);
#16840 = LINE('',#16841,#16842);
#16841 = CARTESIAN_POINT('',(-71.75303649902,2.060631275177,
    -6.531394958496));
#16842 = VECTOR('',#16843,1.);
#16843 = DIRECTION('',(0.661084410656,0.,0.750311536622));
#16844 = ORIENTED_EDGE('',*,*,#16775,.F.);
#16845 = ORIENTED_EDGE('',*,*,#9979,.T.);
#16846 = PLANE('',#16847);
#16847 = AXIS2_PLACEMENT_3D('',#16848,#16849,#16850);
#16848 = CARTESIAN_POINT('',(-56.99192734449,2.060631275177,
    10.289315010921));
#16849 = DIRECTION('',(-0.,-1.,-0.));
#16850 = DIRECTION('',(0.,0.,-1.));
#16851 = ADVANCED_FACE('',(#16852),#16862,.T.);
#16852 = FACE_BOUND('',#16853,.T.);
#16853 = EDGE_LOOP('',(#16854,#16860,#16861));
#16854 = ORIENTED_EDGE('',*,*,#16855,.T.);
#16855 = EDGE_CURVE('',#3217,#2241,#16856,.T.);
#16856 = LINE('',#16857,#16858);
#16857 = CARTESIAN_POINT('',(-29.20746803283,2.060631275177,
    -12.78372478485));
#16858 = VECTOR('',#16859,1.);
#16859 = DIRECTION('',(-0.308207891258,0.,0.951319029436));
#16860 = ORIENTED_EDGE('',*,*,#16839,.F.);
#16861 = ORIENTED_EDGE('',*,*,#14990,.F.);
#16862 = PLANE('',#16863);
#16863 = AXIS2_PLACEMENT_3D('',#16864,#16865,#16866);
#16864 = CARTESIAN_POINT('',(-47.92547415427,2.060631275177,
    2.662014498727));
#16865 = DIRECTION('',(-0.,-1.,-0.));
#16866 = DIRECTION('',(0.,0.,-1.));
#16867 = ADVANCED_FACE('',(#16868),#16883,.T.);
#16868 = FACE_BOUND('',#16869,.T.);
#16869 = EDGE_LOOP('',(#16870,#16876,#16882));
#16870 = ORIENTED_EDGE('',*,*,#16871,.T.);
#16871 = EDGE_CURVE('',#3226,#2295,#16872,.T.);
#16872 = LINE('',#16873,#16874);
#16873 = CARTESIAN_POINT('',(-29.066614151,2.060631275177,
    -12.64287185668));
#16874 = VECTOR('',#16875,1.);
#16875 = DIRECTION('',(-0.308339529694,0.,0.951276371213));
#16876 = ORIENTED_EDGE('',*,*,#16877,.T.);
#16877 = EDGE_CURVE('',#2295,#3217,#16878,.T.);
#16878 = LINE('',#16879,#16880);
#16879 = CARTESIAN_POINT('',(-41.93122863769,2.060631275177,
    27.046504974365));
#16880 = VECTOR('',#16881,1.);
#16881 = DIRECTION('',(0.304300301479,0.,-0.952576152609));
#16882 = ORIENTED_EDGE('',*,*,#3233,.T.);
#16883 = PLANE('',#16884);
#16884 = AXIS2_PLACEMENT_3D('',#16885,#16886,#16887);
#16885 = CARTESIAN_POINT('',(-35.5189550184,2.060631275177,
    7.119272657319));
#16886 = DIRECTION('',(-0.,-1.,-0.));
#16887 = DIRECTION('',(0.,0.,-1.));
#16888 = ADVANCED_FACE('',(#16889),#16894,.T.);
#16889 = FACE_BOUND('',#16890,.T.);
#16890 = EDGE_LOOP('',(#16891,#16892,#16893));
#16891 = ORIENTED_EDGE('',*,*,#16877,.F.);
#16892 = ORIENTED_EDGE('',*,*,#2303,.F.);
#16893 = ORIENTED_EDGE('',*,*,#16855,.F.);
#16894 = PLANE('',#16895);
#16895 = AXIS2_PLACEMENT_3D('',#16896,#16897,#16898);
#16896 = CARTESIAN_POINT('',(-35.63368312525,2.060631275177,
    7.190906418314));
#16897 = DIRECTION('',(-0.,-1.,-0.));
#16898 = DIRECTION('',(0.,0.,-1.));
#16899 = ADVANCED_FACE('',(#16900),#16905,.T.);
#16900 = FACE_BOUND('',#16901,.T.);
#16901 = EDGE_LOOP('',(#16902,#16903,#16904));
#16902 = ORIENTED_EDGE('',*,*,#2110,.T.);
#16903 = ORIENTED_EDGE('',*,*,#16541,.F.);
#16904 = ORIENTED_EDGE('',*,*,#16824,.F.);
#16905 = PLANE('',#16906);
#16906 = AXIS2_PLACEMENT_3D('',#16907,#16908,#16909);
#16907 = CARTESIAN_POINT('',(-57.6986800292,2.060631275177,
    11.083950172177));
#16908 = DIRECTION('',(-0.,-1.,-0.));
#16909 = DIRECTION('',(0.,0.,-1.));
#16910 = ADVANCED_FACE('',(#16911),#16926,.T.);
#16911 = FACE_BOUND('',#16912,.T.);
#16912 = EDGE_LOOP('',(#16913,#16919,#16925));
#16913 = ORIENTED_EDGE('',*,*,#16914,.T.);
#16914 = EDGE_CURVE('',#3163,#2318,#16915,.T.);
#16915 = LINE('',#16916,#16917);
#16916 = CARTESIAN_POINT('',(-28.90228462219,2.060631275177,
    -12.52549362182));
#16917 = VECTOR('',#16918,1.);
#16918 = DIRECTION('',(-0.308426469631,0.,0.951248186769));
#16919 = ORIENTED_EDGE('',*,*,#16920,.T.);
#16920 = EDGE_CURVE('',#2318,#3226,#16921,.T.);
#16921 = LINE('',#16922,#16923);
#16922 = CARTESIAN_POINT('',(-41.72777557373,2.060631275177,
    27.030855178833));
#16923 = VECTOR('',#16924,1.);
#16924 = DIRECTION('',(0.304025652067,0.,-0.95266384569));
#16925 = ORIENTED_EDGE('',*,*,#3225,.T.);
#16926 = PLANE('',#16927);
#16927 = AXIS2_PLACEMENT_3D('',#16928,#16929,#16930);
#16928 = CARTESIAN_POINT('',(-35.34072000931,2.060631275177,
    7.175370197925));
#16929 = DIRECTION('',(-0.,-1.,-0.));
#16930 = DIRECTION('',(0.,0.,-1.));
#16931 = ADVANCED_FACE('',(#16932),#16937,.T.);
#16932 = FACE_BOUND('',#16933,.T.);
#16933 = EDGE_LOOP('',(#16934,#16935,#16936));
#16934 = ORIENTED_EDGE('',*,*,#16920,.F.);
#16935 = ORIENTED_EDGE('',*,*,#2326,.F.);
#16936 = ORIENTED_EDGE('',*,*,#16871,.F.);
#16937 = PLANE('',#16938);
#16938 = AXIS2_PLACEMENT_3D('',#16939,#16940,#16941);
#16939 = CARTESIAN_POINT('',(-35.46368652453,2.060631275177,
    7.246352460016));
#16940 = DIRECTION('',(-0.,-1.,-0.));
#16941 = DIRECTION('',(0.,0.,-1.));
#16942 = ADVANCED_FACE('',(#16943),#16953,.T.);
#16943 = FACE_BOUND('',#16944,.T.);
#16944 = EDGE_LOOP('',(#16945,#16951,#16952));
#16945 = ORIENTED_EDGE('',*,*,#16946,.T.);
#16946 = EDGE_CURVE('',#3163,#2381,#16947,.T.);
#16947 = LINE('',#16948,#16949);
#16948 = CARTESIAN_POINT('',(-28.90228462219,2.060631275177,
    -12.52549362182));
#16949 = VECTOR('',#16950,1.);
#16950 = DIRECTION('',(-0.304051027335,0.,0.952655747254));
#16951 = ORIENTED_EDGE('',*,*,#2380,.T.);
#16952 = ORIENTED_EDGE('',*,*,#16914,.F.);
#16953 = PLANE('',#16954);
#16954 = AXIS2_PLACEMENT_3D('',#16955,#16956,#16957);
#16955 = CARTESIAN_POINT('',(-35.28113839531,2.060631275177,
    7.303188098183));
#16956 = DIRECTION('',(-0.,-1.,-0.));
#16957 = DIRECTION('',(0.,0.,-1.));
#16958 = ADVANCED_FACE('',(#16959),#16969,.T.);
#16959 = FACE_BOUND('',#16960,.T.);
#16960 = EDGE_LOOP('',(#16961,#16967,#16968));
#16961 = ORIENTED_EDGE('',*,*,#16962,.T.);
#16962 = EDGE_CURVE('',#3117,#2381,#16963,.T.);
#16963 = LINE('',#16964,#16965);
#16964 = CARTESIAN_POINT('',(-28.72230148315,2.060631275177,
    -12.43941688537));
#16965 = VECTOR('',#16966,1.);
#16966 = DIRECTION('',(-0.308583083291,0.,0.951197393135));
#16967 = ORIENTED_EDGE('',*,*,#16946,.F.);
#16968 = ORIENTED_EDGE('',*,*,#3171,.F.);
#16969 = PLANE('',#16970);
#16970 = AXIS2_PLACEMENT_3D('',#16971,#16972,#16973);
#16971 = CARTESIAN_POINT('',(-35.15699086819,2.060631275177,
    7.234652643892));
#16972 = DIRECTION('',(-0.,-1.,-0.));
#16973 = DIRECTION('',(0.,0.,-1.));
#16974 = ADVANCED_FACE('',(#16975),#16990,.T.);
#16975 = FACE_BOUND('',#16976,.T.);
#16976 = EDGE_LOOP('',(#16977,#16983,#16989));
#16977 = ORIENTED_EDGE('',*,*,#16978,.T.);
#16978 = EDGE_CURVE('',#3065,#2372,#16979,.T.);
#16979 = LINE('',#16980,#16981);
#16980 = CARTESIAN_POINT('',(-28.52667045593,2.060631275177,
    -12.39246463775));
#16981 = VECTOR('',#16982,1.);
#16982 = DIRECTION('',(-0.308583145093,0.,0.951197373085));
#16983 = ORIENTED_EDGE('',*,*,#16984,.T.);
#16984 = EDGE_CURVE('',#2372,#3117,#16985,.T.);
#16985 = LINE('',#16986,#16987);
#16986 = CARTESIAN_POINT('',(-41.33651351928,2.060631275177,
    27.093454360962));
#16987 = VECTOR('',#16988,1.);
#16988 = DIRECTION('',(0.303981958523,0.,-0.9526777886));
#16989 = ORIENTED_EDGE('',*,*,#3125,.F.);
#16990 = PLANE('',#16991);
#16991 = AXIS2_PLACEMENT_3D('',#16992,#16993,#16994);
#16992 = CARTESIAN_POINT('',(-34.96512304285,2.060631275177,
    7.290995467537));
#16993 = DIRECTION('',(-0.,-1.,-0.));
#16994 = DIRECTION('',(0.,0.,-1.));
#16995 = ADVANCED_FACE('',(#16996),#17001,.T.);
#16996 = FACE_BOUND('',#16997,.T.);
#16997 = EDGE_LOOP('',(#16998,#16999,#17000));
#16998 = ORIENTED_EDGE('',*,*,#16984,.F.);
#16999 = ORIENTED_EDGE('',*,*,#2388,.T.);
#17000 = ORIENTED_EDGE('',*,*,#16962,.F.);
#17001 = PLANE('',#17002);
#17002 = AXIS2_PLACEMENT_3D('',#17003,#17004,#17005);
#17003 = CARTESIAN_POINT('',(-35.09369129016,2.060631275177,
    7.363042126256));
#17004 = DIRECTION('',(-0.,-1.,-0.));
#17005 = DIRECTION('',(0.,0.,-1.));
#17006 = ADVANCED_FACE('',(#17007),#17022,.T.);
#17007 = FACE_BOUND('',#17008,.T.);
#17008 = EDGE_LOOP('',(#17009,#17015,#17021));
#17009 = ORIENTED_EDGE('',*,*,#17010,.T.);
#17010 = EDGE_CURVE('',#2819,#6166,#17011,.T.);
#17011 = LINE('',#17012,#17013);
#17012 = CARTESIAN_POINT('',(-27.33724594116,2.060631275177,
    -12.94805335998));
#17013 = VECTOR('',#17014,1.);
#17014 = DIRECTION('',(0.989288758184,0.,0.145971753879));
#17015 = ORIENTED_EDGE('',*,*,#17016,.T.);
#17016 = EDGE_CURVE('',#6166,#2897,#17017,.T.);
#17017 = LINE('',#17018,#17019);
#17018 = CARTESIAN_POINT('',(-4.479855537415,2.060631275177,
    -9.575394630432));
#17019 = VECTOR('',#17020,1.);
#17020 = DIRECTION('',(-0.99038339692,0.,-0.13835001664));
#17021 = ORIENTED_EDGE('',*,*,#2896,.T.);
#17022 = PLANE('',#17023);
#17023 = AXIS2_PLACEMENT_3D('',#17024,#17025,#17026);
#17024 = CARTESIAN_POINT('',(-15.98465414576,2.060631275177,
    -11.227555647));
#17025 = DIRECTION('',(-0.,-1.,-0.));
#17026 = DIRECTION('',(0.,0.,-1.));
#17027 = ADVANCED_FACE('',(#17028),#17038,.T.);
#17028 = FACE_BOUND('',#17029,.T.);
#17029 = EDGE_LOOP('',(#17030,#17031,#17037));
#17030 = ORIENTED_EDGE('',*,*,#17016,.F.);
#17031 = ORIENTED_EDGE('',*,*,#17032,.T.);
#17032 = EDGE_CURVE('',#6166,#2888,#17033,.T.);
#17033 = LINE('',#17034,#17035);
#17034 = CARTESIAN_POINT('',(-4.479855537415,2.060631275177,
    -9.575394630432));
#17035 = VECTOR('',#17036,1.);
#17036 = DIRECTION('',(-0.991303955744,0.,-0.13159204887));
#17037 = ORIENTED_EDGE('',*,*,#2904,.T.);
#17038 = PLANE('',#17039);
#17039 = AXIS2_PLACEMENT_3D('',#17040,#17041,#17042);
#17040 = CARTESIAN_POINT('',(-16.04776411215,2.060631275177,
    -11.15094791778));
#17041 = DIRECTION('',(-0.,-1.,-0.));
#17042 = DIRECTION('',(0.,0.,-1.));
#17043 = ADVANCED_FACE('',(#17044),#17054,.T.);
#17044 = FACE_BOUND('',#17045,.T.);
#17045 = EDGE_LOOP('',(#17046,#17047,#17053));
#17046 = ORIENTED_EDGE('',*,*,#17032,.F.);
#17047 = ORIENTED_EDGE('',*,*,#17048,.T.);
#17048 = EDGE_CURVE('',#6166,#2951,#17049,.T.);
#17049 = LINE('',#17050,#17051);
#17050 = CARTESIAN_POINT('',(-4.479855537415,2.060631275177,
    -9.575394630432));
#17051 = VECTOR('',#17052,1.);
#17052 = DIRECTION('',(-0.992060830738,0.,-0.125758928569));
#17053 = ORIENTED_EDGE('',*,*,#2950,.T.);
#17054 = PLANE('',#17055);
#17055 = AXIS2_PLACEMENT_3D('',#17056,#17057,#17058);
#17056 = CARTESIAN_POINT('',(-16.12481674685,2.060631275177,
    -11.08616426458));
#17057 = DIRECTION('',(-0.,-1.,-0.));
#17058 = DIRECTION('',(0.,0.,-1.));
#17059 = ADVANCED_FACE('',(#17060),#17070,.T.);
#17060 = FACE_BOUND('',#17061,.T.);
#17061 = EDGE_LOOP('',(#17062,#17068,#17069));
#17062 = ORIENTED_EDGE('',*,*,#17063,.T.);
#17063 = EDGE_CURVE('',#5998,#6166,#17064,.T.);
#17064 = LINE('',#17065,#17066);
#17065 = CARTESIAN_POINT('',(-4.706785202026,2.060631275177,
    -10.45181751251));
#17066 = VECTOR('',#17067,1.);
#17067 = DIRECTION('',(0.25066087416,0.,0.96807495896));
#17068 = ORIENTED_EDGE('',*,*,#17010,.F.);
#17069 = ORIENTED_EDGE('',*,*,#16669,.F.);
#17070 = PLANE('',#17071);
#17071 = AXIS2_PLACEMENT_3D('',#17072,#17073,#17074);
#17072 = CARTESIAN_POINT('',(-15.74478476893,2.060631275177,
    -11.45085429912));
#17073 = DIRECTION('',(-0.,-1.,-0.));
#17074 = DIRECTION('',(0.,0.,-1.));
#17075 = ADVANCED_FACE('',(#17076),#17086,.T.);
#17076 = FACE_BOUND('',#17077,.T.);
#17077 = EDGE_LOOP('',(#17078,#17079,#17085));
#17078 = ORIENTED_EDGE('',*,*,#17048,.F.);
#17079 = ORIENTED_EDGE('',*,*,#17080,.T.);
#17080 = EDGE_CURVE('',#6166,#2942,#17081,.T.);
#17081 = LINE('',#17082,#17083);
#17082 = CARTESIAN_POINT('',(-4.479855537415,2.060631275177,
    -9.575394630432));
#17083 = VECTOR('',#17084,1.);
#17084 = DIRECTION('',(-0.992630333055,0.,-0.121181772143));
#17085 = ORIENTED_EDGE('',*,*,#2958,.T.);
#17086 = PLANE('',#17087);
#17087 = AXIS2_PLACEMENT_3D('',#17088,#17089,#17090);
#17088 = CARTESIAN_POINT('',(-16.21407035865,2.060631275177,
    -11.03519351492));
#17089 = DIRECTION('',(-0.,-1.,-0.));
#17090 = DIRECTION('',(0.,0.,-1.));
#17091 = ADVANCED_FACE('',(#17092),#17097,.T.);
#17092 = FACE_BOUND('',#17093,.T.);
#17093 = EDGE_LOOP('',(#17094,#17095,#17096));
#17094 = ORIENTED_EDGE('',*,*,#6165,.F.);
#17095 = ORIENTED_EDGE('',*,*,#17063,.F.);
#17096 = ORIENTED_EDGE('',*,*,#15706,.F.);
#17097 = PLANE('',#17098);
#17098 = AXIS2_PLACEMENT_3D('',#17099,#17100,#17101);
#17099 = CARTESIAN_POINT('',(-4.583536980251,2.060631275177,
    -10.01533426954));
#17100 = DIRECTION('',(-0.,-1.,-0.));
#17101 = DIRECTION('',(0.,0.,-1.));
#17102 = ADVANCED_FACE('',(#17103),#17118,.T.);
#17103 = FACE_BOUND('',#17104,.T.);
#17104 = EDGE_LOOP('',(#17105,#17111,#17117));
#17105 = ORIENTED_EDGE('',*,*,#17106,.T.);
#17106 = EDGE_CURVE('',#3074,#2426,#17107,.T.);
#17107 = LINE('',#17108,#17109);
#17108 = CARTESIAN_POINT('',(-28.33104133606,2.060631275177,
    -12.3689880371));
#17109 = VECTOR('',#17110,1.);
#17110 = DIRECTION('',(-0.308481720622,0.,0.951230270777));
#17111 = ORIENTED_EDGE('',*,*,#17112,.T.);
#17112 = EDGE_CURVE('',#2426,#3065,#17113,.T.);
#17113 = LINE('',#17114,#17115);
#17114 = CARTESIAN_POINT('',(-41.15653228759,2.060631275177,
    27.179531097412));
#17115 = VECTOR('',#17116,1.);
#17116 = DIRECTION('',(0.30405113063,0.,-0.952655714286));
#17117 = ORIENTED_EDGE('',*,*,#3081,.T.);
#17118 = PLANE('',#17119);
#17119 = AXIS2_PLACEMENT_3D('',#17120,#17121,#17122);
#17120 = CARTESIAN_POINT('',(-34.77762153959,2.060631275177,
    7.352624953984));
#17121 = DIRECTION('',(-0.,-1.,-0.));
#17122 = DIRECTION('',(0.,0.,-1.));
#17123 = ADVANCED_FACE('',(#17124),#17129,.T.);
#17124 = FACE_BOUND('',#17125,.T.);
#17125 = EDGE_LOOP('',(#17126,#17127,#17128));
#17126 = ORIENTED_EDGE('',*,*,#17112,.F.);
#17127 = ORIENTED_EDGE('',*,*,#2434,.F.);
#17128 = ORIENTED_EDGE('',*,*,#16978,.F.);
#17129 = PLANE('',#17130);
#17130 = AXIS2_PLACEMENT_3D('',#17131,#17132,#17133);
#17131 = CARTESIAN_POINT('',(-34.90182353022,2.060631275177,
    7.419385853496));
#17132 = DIRECTION('',(-0.,-1.,-0.));
#17133 = DIRECTION('',(0.,0.,-1.));
#17134 = ADVANCED_FACE('',(#17135),#17145,.T.);
#17135 = FACE_BOUND('',#17136,.T.);
#17136 = EDGE_LOOP('',(#17137,#17143,#17144));
#17137 = ORIENTED_EDGE('',*,*,#17138,.T.);
#17138 = EDGE_CURVE('',#3074,#2481,#17139,.T.);
#17139 = LINE('',#17140,#17141);
#17140 = CARTESIAN_POINT('',(-28.33104133606,2.060631275177,
    -12.3689880371));
#17141 = VECTOR('',#17142,1.);
#17142 = DIRECTION('',(-0.304080185207,0.,0.952646440693));
#17143 = ORIENTED_EDGE('',*,*,#2480,.T.);
#17144 = ORIENTED_EDGE('',*,*,#17106,.F.);
#17145 = PLANE('',#17146);
#17146 = AXIS2_PLACEMENT_3D('',#17147,#17148,#17149);
#17147 = CARTESIAN_POINT('',(-34.71810045926,2.060631275177,
    7.482581206098));
#17148 = DIRECTION('',(-0.,-1.,-0.));
#17149 = DIRECTION('',(0.,0.,-1.));
#17150 = ADVANCED_FACE('',(#17151),#17161,.T.);
#17151 = FACE_BOUND('',#17152,.T.);
#17152 = EDGE_LOOP('',(#17153,#17159,#17160));
#17153 = ORIENTED_EDGE('',*,*,#17154,.T.);
#17154 = EDGE_CURVE('',#2996,#2481,#17155,.T.);
#17155 = LINE('',#17156,#17157);
#17156 = CARTESIAN_POINT('',(-28.12758827209,2.060631275177,
    -12.39246463775));
#17157 = VECTOR('',#17158,1.);
#17158 = DIRECTION('',(-0.308339619137,0.,0.951276342222));
#17159 = ORIENTED_EDGE('',*,*,#17138,.F.);
#17160 = ORIENTED_EDGE('',*,*,#3073,.T.);
#17161 = PLANE('',#17162);
#17162 = AXIS2_PLACEMENT_3D('',#17163,#17164,#17165);
#17163 = CARTESIAN_POINT('',(-34.59506929743,2.060631275177,
    7.409464842508));
#17164 = DIRECTION('',(-0.,-1.,-0.));
#17165 = DIRECTION('',(0.,0.,-1.));
#17166 = ADVANCED_FACE('',(#17167),#17172,.T.);
#17167 = FACE_BOUND('',#17168,.T.);
#17168 = EDGE_LOOP('',(#17169,#17170,#17171));
#17169 = ORIENTED_EDGE('',*,*,#7178,.F.);
#17170 = ORIENTED_EDGE('',*,*,#16477,.F.);
#17171 = ORIENTED_EDGE('',*,*,#16499,.F.);
#17172 = PLANE('',#17173);
#17173 = AXIS2_PLACEMENT_3D('',#17174,#17175,#17176);
#17174 = CARTESIAN_POINT('',(-68.74715189112,2.060631275177,
    46.738574890541));
#17175 = DIRECTION('',(-0.,-1.,-0.));
#17176 = DIRECTION('',(0.,0.,-1.));
#17177 = ADVANCED_FACE('',(#17178),#17193,.T.);
#17178 = FACE_BOUND('',#17179,.T.);
#17179 = EDGE_LOOP('',(#17180,#17186,#17192));
#17180 = ORIENTED_EDGE('',*,*,#17181,.T.);
#17181 = EDGE_CURVE('',#2942,#2472,#17182,.T.);
#17182 = LINE('',#17183,#17184);
#17183 = CARTESIAN_POINT('',(-27.93978118896,2.060631275177,
    -12.43941688537));
#17184 = VECTOR('',#17185,1.);
#17185 = DIRECTION('',(-0.308039143085,0.,0.951373683853));
#17186 = ORIENTED_EDGE('',*,*,#17187,.T.);
#17187 = EDGE_CURVE('',#2472,#2996,#17188,.T.);
#17188 = LINE('',#17189,#17190);
#17189 = CARTESIAN_POINT('',(-40.85135650634,2.060631275177,
    27.43776512146));
#17190 = VECTOR('',#17191,1.);
#17191 = DIRECTION('',(0.304300467047,0.,-0.952576099719));
#17192 = ORIENTED_EDGE('',*,*,#3004,.F.);
#17193 = PLANE('',#17194);
#17194 = AXIS2_PLACEMENT_3D('',#17195,#17196,#17197);
#17195 = CARTESIAN_POINT('',(-34.42767987114,2.060631275177,
    7.464931654166));
#17196 = DIRECTION('',(-0.,-1.,-0.));
#17197 = DIRECTION('',(0.,0.,-1.));
#17198 = ADVANCED_FACE('',(#17199),#17204,.T.);
#17199 = FACE_BOUND('',#17200,.T.);
#17200 = EDGE_LOOP('',(#17201,#17202,#17203));
#17201 = ORIENTED_EDGE('',*,*,#17187,.F.);
#17202 = ORIENTED_EDGE('',*,*,#2488,.T.);
#17203 = ORIENTED_EDGE('',*,*,#17154,.F.);
#17204 = PLANE('',#17205);
#17205 = AXIS2_PLACEMENT_3D('',#17206,#17207,#17208);
#17206 = CARTESIAN_POINT('',(-34.53986460473,2.060631275177,
    7.534766960806));
#17207 = DIRECTION('',(-0.,-1.,-0.));
#17208 = DIRECTION('',(0.,0.,-1.));
#17209 = ADVANCED_FACE('',(#17210),#17220,.T.);
#17210 = FACE_BOUND('',#17211,.T.);
#17211 = EDGE_LOOP('',(#17212,#17218,#17219));
#17212 = ORIENTED_EDGE('',*,*,#17213,.T.);
#17213 = EDGE_CURVE('',#2071,#7004,#17214,.T.);
#17214 = LINE('',#17215,#17216);
#17215 = CARTESIAN_POINT('',(-42.86242294311,2.060631275177,
    27.977701187134));
#17216 = VECTOR('',#17217,1.);
#17217 = DIRECTION('',(-0.674720787379,0.,0.738073071639));
#17218 = ORIENTED_EDGE('',*,*,#7049,.F.);
#17219 = ORIENTED_EDGE('',*,*,#16564,.F.);
#17220 = PLANE('',#17221);
#17221 = AXIS2_PLACEMENT_3D('',#17222,#17223,#17224);
#17222 = CARTESIAN_POINT('',(-51.39409638429,2.060631275177,
    37.270949085123));
#17223 = DIRECTION('',(-0.,-1.,-0.));
#17224 = DIRECTION('',(0.,0.,-1.));
#17225 = ADVANCED_FACE('',(#17226),#17241,.T.);
#17226 = FACE_BOUND('',#17227,.T.);
#17227 = EDGE_LOOP('',(#17228,#17234,#17240));
#17228 = ORIENTED_EDGE('',*,*,#17229,.T.);
#17229 = EDGE_CURVE('',#1926,#7004,#17230,.T.);
#17230 = LINE('',#17231,#17232);
#17231 = CARTESIAN_POINT('',(-42.6120147705,2.060631275177,
    28.91672706604));
#17232 = VECTOR('',#17233,1.);
#17233 = DIRECTION('',(-0.698936902333,0.,0.715183337723));
#17234 = ORIENTED_EDGE('',*,*,#17235,.T.);
#17235 = EDGE_CURVE('',#7004,#1917,#17236,.T.);
#17236 = LINE('',#17237,#17238);
#17237 = CARTESIAN_POINT('',(-59.78049468994,2.060631275177,
    46.484279632568));
#17238 = VECTOR('',#17239,1.);
#17239 = DIRECTION('',(0.693134219018,0.,-0.720808542143));
#17240 = ORIENTED_EDGE('',*,*,#1933,.T.);
#17241 = PLANE('',#17242);
#17242 = AXIS2_PLACEMENT_3D('',#17243,#17244,#17245);
#17243 = CARTESIAN_POINT('',(-51.19062560853,2.060631275177,
    37.623289215338));
#17244 = DIRECTION('',(-0.,-1.,-0.));
#17245 = DIRECTION('',(0.,0.,-1.));
#17246 = ADVANCED_FACE('',(#17247),#17257,.T.);
#17247 = FACE_BOUND('',#17248,.T.);
#17248 = EDGE_LOOP('',(#17249,#17250,#17256));
#17249 = ORIENTED_EDGE('',*,*,#17235,.F.);
#17250 = ORIENTED_EDGE('',*,*,#17251,.T.);
#17251 = EDGE_CURVE('',#7004,#1971,#17252,.T.);
#17252 = LINE('',#17253,#17254);
#17253 = CARTESIAN_POINT('',(-59.78049468994,2.060631275177,
    46.484279632568));
#17254 = VECTOR('',#17255,1.);
#17255 = DIRECTION('',(0.687823910119,0.,-0.725877585182));
#17256 = ORIENTED_EDGE('',*,*,#1979,.F.);
#17257 = PLANE('',#17258);
#17258 = AXIS2_PLACEMENT_3D('',#17259,#17260,#17261);
#17259 = CARTESIAN_POINT('',(-51.24079642199,2.060631275177,
    37.537923968873));
#17260 = DIRECTION('',(-0.,-1.,-0.));
#17261 = DIRECTION('',(0.,0.,-1.));
#17262 = ADVANCED_FACE('',(#17263),#17273,.T.);
#17263 = FACE_BOUND('',#17264,.T.);
#17264 = EDGE_LOOP('',(#17265,#17266,#17272));
#17265 = ORIENTED_EDGE('',*,*,#17251,.F.);
#17266 = ORIENTED_EDGE('',*,*,#17267,.T.);
#17267 = EDGE_CURVE('',#7004,#1994,#17268,.T.);
#17268 = LINE('',#17269,#17270);
#17269 = CARTESIAN_POINT('',(-59.78049468994,2.060631275177,
    46.484279632568));
#17270 = VECTOR('',#17271,1.);
#17271 = DIRECTION('',(0.682700787905,0.,-0.73069804584));
#17272 = ORIENTED_EDGE('',*,*,#2002,.F.);
#17273 = PLANE('',#17274);
#17274 = AXIS2_PLACEMENT_3D('',#17275,#17276,#17277);
#17275 = CARTESIAN_POINT('',(-51.27313303271,2.060631275177,
    37.442498195164));
#17276 = DIRECTION('',(-0.,-1.,-0.));
#17277 = DIRECTION('',(0.,0.,-1.));
#17278 = ADVANCED_FACE('',(#17279),#17289,.T.);
#17279 = FACE_BOUND('',#17280,.T.);
#17280 = EDGE_LOOP('',(#17281,#17282,#17288));
#17281 = ORIENTED_EDGE('',*,*,#17267,.F.);
#17282 = ORIENTED_EDGE('',*,*,#17283,.T.);
#17283 = EDGE_CURVE('',#7004,#2080,#17284,.T.);
#17284 = LINE('',#17285,#17286);
#17285 = CARTESIAN_POINT('',(-59.78049468994,2.060631275177,
    46.484279632568));
#17286 = VECTOR('',#17287,1.);
#17287 = DIRECTION('',(0.678436720573,0.,-0.734658843394));
#17288 = ORIENTED_EDGE('',*,*,#2079,.T.);
#17289 = PLANE('',#17290);
#17290 = AXIS2_PLACEMENT_3D('',#17291,#17292,#17293);
#17291 = CARTESIAN_POINT('',(-51.29212264903,2.060631275177,
    37.345687490112));
#17292 = DIRECTION('',(-0.,-1.,-0.));
#17293 = DIRECTION('',(0.,0.,-1.));
#17294 = ADVANCED_FACE('',(#17295),#17300,.T.);
#17295 = FACE_BOUND('',#17296,.T.);
#17296 = EDGE_LOOP('',(#17297,#17298,#17299));
#17297 = ORIENTED_EDGE('',*,*,#17283,.F.);
#17298 = ORIENTED_EDGE('',*,*,#17213,.F.);
#17299 = ORIENTED_EDGE('',*,*,#2087,.T.);
#17300 = PLANE('',#17301);
#17301 = AXIS2_PLACEMENT_3D('',#17302,#17303,#17304);
#17302 = CARTESIAN_POINT('',(-51.29098517088,2.060631275177,
    37.244278918342));
#17303 = DIRECTION('',(-0.,-1.,-0.));
#17304 = DIRECTION('',(0.,0.,-1.));
#17305 = ADVANCED_FACE('',(#17306),#17316,.T.);
#17306 = FACE_BOUND('',#17307,.T.);
#17307 = EDGE_LOOP('',(#17308,#17314,#17315));
#17308 = ORIENTED_EDGE('',*,*,#17309,.T.);
#17309 = EDGE_CURVE('',#2942,#2543,#17310,.T.);
#17310 = LINE('',#17311,#17312);
#17311 = CARTESIAN_POINT('',(-27.93978118896,2.060631275177,
    -12.43941688537));
#17312 = VECTOR('',#17313,1.);
#17313 = DIRECTION('',(-0.304363655007,0.,0.952555912013));
#17314 = ORIENTED_EDGE('',*,*,#2542,.T.);
#17315 = ORIENTED_EDGE('',*,*,#17181,.F.);
#17316 = PLANE('',#17317);
#17317 = AXIS2_PLACEMENT_3D('',#17318,#17319,#17320);
#17318 = CARTESIAN_POINT('',(-34.38160244212,2.060631275177,
    7.588262250883));
#17319 = DIRECTION('',(-0.,-1.,-0.));
#17320 = DIRECTION('',(0.,0.,-1.));
#17321 = ADVANCED_FACE('',(#17322),#17332,.T.);
#17322 = FACE_BOUND('',#17323,.T.);
#17323 = EDGE_LOOP('',(#17324,#17330,#17331));
#17324 = ORIENTED_EDGE('',*,*,#17325,.T.);
#17325 = EDGE_CURVE('',#6166,#2543,#17326,.T.);
#17326 = LINE('',#17327,#17328);
#17327 = CARTESIAN_POINT('',(-4.479855537415,2.060631275177,
    -9.575394630432));
#17328 = VECTOR('',#17329,1.);
#17329 = DIRECTION('',(-0.698159990758,0.,0.715941776477));
#17330 = ORIENTED_EDGE('',*,*,#17309,.F.);
#17331 = ORIENTED_EDGE('',*,*,#17080,.F.);
#17332 = PLANE('',#17333);
#17333 = AXIS2_PLACEMENT_3D('',#17334,#17335,#17336);
#17334 = CARTESIAN_POINT('',(-25.51418518863,2.060631275177,
    4.477829534743));
#17335 = DIRECTION('',(-0.,-1.,-0.));
#17336 = DIRECTION('',(0.,0.,-1.));
#17337 = ADVANCED_FACE('',(#17338),#17348,.T.);
#17338 = FACE_BOUND('',#17339,.T.);
#17339 = EDGE_LOOP('',(#17340,#17346,#17347));
#17340 = ORIENTED_EDGE('',*,*,#17341,.T.);
#17341 = EDGE_CURVE('',#6166,#2534,#17342,.T.);
#17342 = LINE('',#17343,#17344);
#17343 = CARTESIAN_POINT('',(-4.479855537415,2.060631275177,
    -9.575394630432));
#17344 = VECTOR('',#17345,1.);
#17345 = DIRECTION('',(-0.695576864162,0.,0.718451686645));
#17346 = ORIENTED_EDGE('',*,*,#2550,.T.);
#17347 = ORIENTED_EDGE('',*,*,#17325,.F.);
#17348 = PLANE('',#17349);
#17349 = AXIS2_PLACEMENT_3D('',#17350,#17351,#17352);
#17350 = CARTESIAN_POINT('',(-22.62006999689,2.060631275177,
    9.094076138469));
#17351 = DIRECTION('',(-0.,-1.,-0.));
#17352 = DIRECTION('',(0.,0.,-1.));
#17353 = ADVANCED_FACE('',(#17354),#17364,.T.);
#17354 = FACE_BOUND('',#17355,.T.);
#17355 = EDGE_LOOP('',(#17356,#17357,#17363));
#17356 = ORIENTED_EDGE('',*,*,#16415,.F.);
#17357 = ORIENTED_EDGE('',*,*,#17358,.T.);
#17358 = EDGE_CURVE('',#4995,#7225,#17359,.T.);
#17359 = LINE('',#17360,#17361);
#17360 = CARTESIAN_POINT('',(-60.78211975097,2.060631275177,
    48.737937927246));
#17361 = VECTOR('',#17362,1.);
#17362 = DIRECTION('',(0.274720851522,0.,-0.961524026605));
#17363 = ORIENTED_EDGE('',*,*,#7268,.F.);
#17364 = PLANE('',#17365);
#17365 = AXIS2_PLACEMENT_3D('',#17366,#17367,#17368);
#17366 = CARTESIAN_POINT('',(-60.44884431087,2.060631275177,
    47.89584058129));
#17367 = DIRECTION('',(-0.,-1.,-0.));
#17368 = DIRECTION('',(0.,0.,-1.));
#17369 = ADVANCED_FACE('',(#17370),#17375,.T.);
#17370 = FACE_BOUND('',#17371,.T.);
#17371 = EDGE_LOOP('',(#17372,#17373,#17374));
#17372 = ORIENTED_EDGE('',*,*,#17358,.F.);
#17373 = ORIENTED_EDGE('',*,*,#16394,.F.);
#17374 = ORIENTED_EDGE('',*,*,#16441,.F.);
#17375 = PLANE('',#17376);
#17376 = AXIS2_PLACEMENT_3D('',#17377,#17378,#17379);
#17377 = CARTESIAN_POINT('',(-68.47211439954,2.060631275177,
    47.44822148181));
#17378 = DIRECTION('',(-0.,-1.,-0.));
#17379 = DIRECTION('',(0.,0.,-1.));
#17380 = ADVANCED_FACE('',(#17381),#17396,.T.);
#17381 = FACE_BOUND('',#17382,.T.);
#17382 = EDGE_LOOP('',(#17383,#17389,#17395));
#17383 = ORIENTED_EDGE('',*,*,#17384,.T.);
#17384 = EDGE_CURVE('',#1926,#6599,#17385,.T.);
#17385 = LINE('',#17386,#17387);
#17386 = CARTESIAN_POINT('',(-42.6120147705,2.060631275177,
    28.91672706604));
#17387 = VECTOR('',#17388,1.);
#17388 = DIRECTION('',(2.872049418365E-02,0.,0.999587481521));
#17389 = ORIENTED_EDGE('',*,*,#17390,.T.);
#17390 = EDGE_CURVE('',#6599,#7004,#17391,.T.);
#17391 = LINE('',#17392,#17393);
#17392 = CARTESIAN_POINT('',(-42.17380905151,2.060631275177,
    44.168029785156));
#17393 = VECTOR('',#17394,1.);
#17394 = DIRECTION('',(-0.991457349272,0.,0.130431302127));
#17395 = ORIENTED_EDGE('',*,*,#17229,.F.);
#17396 = PLANE('',#17397);
#17397 = AXIS2_PLACEMENT_3D('',#17398,#17399,#17400);
#17398 = CARTESIAN_POINT('',(-48.7959506307,2.060631275177,
    39.745479285512));
#17399 = DIRECTION('',(-0.,-1.,-0.));
#17400 = DIRECTION('',(0.,0.,-1.));
#17401 = ADVANCED_FACE('',(#17402),#17417,.T.);
#17402 = FACE_BOUND('',#17403,.T.);
#17403 = EDGE_LOOP('',(#17404,#17405,#17411));
#17404 = ORIENTED_EDGE('',*,*,#6696,.F.);
#17405 = ORIENTED_EDGE('',*,*,#17406,.T.);
#17406 = EDGE_CURVE('',#6697,#7004,#17407,.T.);
#17407 = LINE('',#17408,#17409);
#17408 = CARTESIAN_POINT('',(-42.28336334228,2.060631275177,
    44.481037139893));
#17409 = VECTOR('',#17410,1.);
#17410 = DIRECTION('',(-0.99350978225,0.,0.113746703568));
#17411 = ORIENTED_EDGE('',*,*,#17412,.T.);
#17412 = EDGE_CURVE('',#7004,#6651,#17413,.T.);
#17413 = LINE('',#17414,#17415);
#17414 = CARTESIAN_POINT('',(-59.78049468994,2.060631275177,
    46.484279632568));
#17415 = VECTOR('',#17416,1.);
#17416 = DIRECTION('',(0.99238659867,0.,-0.12316183979));
#17417 = PLANE('',#17418);
#17418 = AXIS2_PLACEMENT_3D('',#17419,#17420,#17421);
#17419 = CARTESIAN_POINT('',(-50.980871745,2.060631275177,
    45.434401150011));
#17420 = DIRECTION('',(-0.,-1.,-0.));
#17421 = DIRECTION('',(0.,0.,-1.));
#17422 = ADVANCED_FACE('',(#17423),#17433,.T.);
#17423 = FACE_BOUND('',#17424,.T.);
#17424 = EDGE_LOOP('',(#17425,#17426,#17427));
#17425 = ORIENTED_EDGE('',*,*,#7003,.F.);
#17426 = ORIENTED_EDGE('',*,*,#17406,.F.);
#17427 = ORIENTED_EDGE('',*,*,#17428,.T.);
#17428 = EDGE_CURVE('',#6697,#6958,#17429,.T.);
#17429 = LINE('',#17430,#17431);
#17430 = CARTESIAN_POINT('',(-42.28336334228,2.060631275177,
    44.481037139893));
#17431 = VECTOR('',#17432,1.);
#17432 = DIRECTION('',(-0.239845127588,0.,0.970811163292));
#17433 = PLANE('',#17434);
#17434 = AXIS2_PLACEMENT_3D('',#17435,#17436,#17437);
#17435 = CARTESIAN_POINT('',(-50.66968309022,2.060631275177,
    45.945071736396));
#17436 = DIRECTION('',(-0.,-1.,-0.));
#17437 = DIRECTION('',(0.,0.,-1.));
#17438 = ADVANCED_FACE('',(#17439),#17449,.T.);
#17439 = FACE_BOUND('',#17440,.T.);
#17440 = EDGE_LOOP('',(#17441,#17447,#17448));
#17441 = ORIENTED_EDGE('',*,*,#17442,.T.);
#17442 = EDGE_CURVE('',#6743,#6958,#17443,.T.);
#17443 = LINE('',#17444,#17445);
#17444 = CARTESIAN_POINT('',(-42.28336334228,2.060631275177,
    45.975643157959));
#17445 = VECTOR('',#17446,1.);
#17446 = DIRECTION('',(-0.701512655307,0.,0.712656996348));
#17447 = ORIENTED_EDGE('',*,*,#17428,.F.);
#17448 = ORIENTED_EDGE('',*,*,#6742,.F.);
#17449 = PLANE('',#17450);
#17450 = AXIS2_PLACEMENT_3D('',#17451,#17452,#17453);
#17451 = CARTESIAN_POINT('',(-42.4432262697,2.060631275177,
    45.514229481444));
#17452 = DIRECTION('',(-0.,-1.,-0.));
#17453 = DIRECTION('',(0.,0.,-1.));
#17454 = ADVANCED_FACE('',(#17455),#17465,.T.);
#17455 = FACE_BOUND('',#17456,.T.);
#17456 = EDGE_LOOP('',(#17457,#17463,#17464));
#17457 = ORIENTED_EDGE('',*,*,#17458,.T.);
#17458 = EDGE_CURVE('',#6958,#6866,#17459,.T.);
#17459 = LINE('',#17460,#17461);
#17460 = CARTESIAN_POINT('',(-42.77634429931,2.060631275177,
    46.476455688477));
#17461 = VECTOR('',#17462,1.);
#17462 = DIRECTION('',(0.948679740486,0.,-0.316238438511));
#17463 = ORIENTED_EDGE('',*,*,#6911,.F.);
#17464 = ORIENTED_EDGE('',*,*,#6957,.F.);
#17465 = PLANE('',#17466);
#17466 = AXIS2_PLACEMENT_3D('',#17467,#17468,#17469);
#17467 = CARTESIAN_POINT('',(-42.62136751284,2.060631275177,
    46.432686143608));
#17468 = DIRECTION('',(-0.,-1.,-0.));
#17469 = DIRECTION('',(0.,0.,-1.));
#17470 = ADVANCED_FACE('',(#17471),#17486,.T.);
#17471 = FACE_BOUND('',#17472,.T.);
#17472 = EDGE_LOOP('',(#17473,#17479,#17480));
#17473 = ORIENTED_EDGE('',*,*,#17474,.T.);
#17474 = EDGE_CURVE('',#6743,#6843,#17475,.T.);
#17475 = LINE('',#17476,#17477);
#17476 = CARTESIAN_POINT('',(-42.28336334228,2.060631275177,
    45.975643157959));
#17477 = VECTOR('',#17478,1.);
#17478 = DIRECTION('',(-0.267651938885,0.,0.96351566651));
#17479 = ORIENTED_EDGE('',*,*,#6865,.F.);
#17480 = ORIENTED_EDGE('',*,*,#17481,.T.);
#17481 = EDGE_CURVE('',#6866,#6743,#17482,.T.);
#17482 = LINE('',#17483,#17484);
#17483 = CARTESIAN_POINT('',(-42.47116470336,2.060631275177,
    46.374725341797));
#17484 = VECTOR('',#17485,1.);
#17485 = DIRECTION('',(0.425793287659,0.,-0.904820466272));
#17486 = PLANE('',#17487);
#17487 = AXIS2_PLACEMENT_3D('',#17488,#17489,#17490);
#17488 = CARTESIAN_POINT('',(-42.3663776187,2.060631275177,
    46.181287036582));
#17489 = DIRECTION('',(-0.,-1.,-0.));
#17490 = DIRECTION('',(0.,0.,-1.));
#17491 = ADVANCED_FACE('',(#17492),#17502,.T.);
#17492 = FACE_BOUND('',#17493,.T.);
#17493 = EDGE_LOOP('',(#17494,#17500,#17501));
#17494 = ORIENTED_EDGE('',*,*,#17495,.T.);
#17495 = EDGE_CURVE('',#1871,#6599,#17496,.T.);
#17496 = LINE('',#17497,#17498);
#17497 = CARTESIAN_POINT('',(-42.47116470336,2.060631275177,
    29.057580947876));
#17498 = VECTOR('',#17499,1.);
#17499 = DIRECTION('',(1.967500075338E-02,0.,0.999806428438));
#17500 = ORIENTED_EDGE('',*,*,#17384,.F.);
#17501 = ORIENTED_EDGE('',*,*,#1925,.T.);
#17502 = PLANE('',#17503);
#17503 = AXIS2_PLACEMENT_3D('',#17504,#17505,#17506);
#17504 = CARTESIAN_POINT('',(-42.35906374497,2.060631275177,
    36.527966580765));
#17505 = DIRECTION('',(-0.,-1.,-0.));
#17506 = DIRECTION('',(0.,0.,-1.));
#17507 = ADVANCED_FACE('',(#17508),#17523,.T.);
#17508 = FACE_BOUND('',#17509,.T.);
#17509 = EDGE_LOOP('',(#17510,#17516,#17522));
#17510 = ORIENTED_EDGE('',*,*,#17511,.T.);
#17511 = EDGE_CURVE('',#1802,#6597,#17512,.T.);
#17512 = LINE('',#17513,#17514);
#17513 = CARTESIAN_POINT('',(-42.30683898925,2.060631275177,
    29.174957275391));
#17514 = VECTOR('',#17515,1.);
#17515 = DIRECTION('',(1.682189133672E-02,0.,0.999858501975));
#17516 = ORIENTED_EDGE('',*,*,#17517,.T.);
#17517 = EDGE_CURVE('',#6597,#1871,#17518,.T.);
#17518 = LINE('',#17519,#17520);
#17519 = CARTESIAN_POINT('',(-42.05643463134,2.060631275177,
    44.058475494385));
#17520 = VECTOR('',#17521,1.);
#17521 = DIRECTION('',(-2.763646264201E-02,0.,-0.99961804002));
#17522 = ORIENTED_EDGE('',*,*,#1879,.F.);
#17523 = PLANE('',#17524);
#17524 = AXIS2_PLACEMENT_3D('',#17525,#17526,#17527);
#17525 = CARTESIAN_POINT('',(-42.22399923024,2.060631275177,
    36.537121002537));
#17526 = DIRECTION('',(-0.,-1.,-0.));
#17527 = DIRECTION('',(0.,0.,-1.));
#17528 = ADVANCED_FACE('',(#17529),#17534,.T.);
#17529 = FACE_BOUND('',#17530,.T.);
#17530 = EDGE_LOOP('',(#17531,#17532,#17533));
#17531 = ORIENTED_EDGE('',*,*,#17517,.F.);
#17532 = ORIENTED_EDGE('',*,*,#6596,.T.);
#17533 = ORIENTED_EDGE('',*,*,#17495,.F.);
#17534 = PLANE('',#17535);
#17535 = AXIS2_PLACEMENT_3D('',#17536,#17537,#17538);
#17536 = CARTESIAN_POINT('',(-42.29230278555,2.060631275177,
    36.62542855673));
#17537 = DIRECTION('',(-0.,-1.,-0.));
#17538 = DIRECTION('',(0.,0.,-1.));
#17539 = ADVANCED_FACE('',(#17540),#17555,.T.);
#17540 = FACE_BOUND('',#17541,.T.);
#17541 = EDGE_LOOP('',(#17542,#17548,#17554));
#17542 = ORIENTED_EDGE('',*,*,#17543,.T.);
#17543 = EDGE_CURVE('',#1757,#6574,#17544,.T.);
#17544 = LINE('',#17545,#17546);
#17545 = CARTESIAN_POINT('',(-41.93122863769,2.060631275177,
    29.307987213135));
#17546 = VECTOR('',#17547,1.);
#17547 = DIRECTION('',(-1.596597006713E-03,0.,0.999998725438));
#17548 = ORIENTED_EDGE('',*,*,#17549,.T.);
#17549 = EDGE_CURVE('',#6574,#1748,#17550,.T.);
#17550 = LINE('',#17551,#17552);
#17551 = CARTESIAN_POINT('',(-41.95470428466,2.060631275177,
    44.011520385742));
#17552 = VECTOR('',#17553,1.);
#17553 = DIRECTION('',(-1.167024225201E-02,0.,-0.999931900404));
#17554 = ORIENTED_EDGE('',*,*,#1764,.T.);
#17555 = PLANE('',#17556);
#17556 = AXIS2_PLACEMENT_3D('',#17557,#17558,#17559);
#17557 = CARTESIAN_POINT('',(-41.9922049532,2.060631275177,
    36.598043244463));
#17558 = DIRECTION('',(-0.,-1.,-0.));
#17559 = DIRECTION('',(0.,0.,-1.));
#17560 = ADVANCED_FACE('',(#17561),#17571,.T.);
#17561 = FACE_BOUND('',#17562,.T.);
#17562 = EDGE_LOOP('',(#17563,#17564,#17570));
#17563 = ORIENTED_EDGE('',*,*,#17549,.F.);
#17564 = ORIENTED_EDGE('',*,*,#17565,.T.);
#17565 = EDGE_CURVE('',#6574,#1802,#17566,.T.);
#17566 = LINE('',#17567,#17568);
#17567 = CARTESIAN_POINT('',(-41.95470428466,2.060631275177,
    44.011520385742));
#17568 = VECTOR('',#17569,1.);
#17569 = DIRECTION('',(-2.372756834158E-02,0.,-0.999718461618));
#17570 = ORIENTED_EDGE('',*,*,#1810,.F.);
#17571 = PLANE('',#17572);
#17572 = AXIS2_PLACEMENT_3D('',#17573,#17574,#17575);
#17573 = CARTESIAN_POINT('',(-42.086788873,2.060631275177,
    36.565159852561));
#17574 = DIRECTION('',(-0.,-1.,-0.));
#17575 = DIRECTION('',(0.,0.,-1.));
#17576 = ADVANCED_FACE('',(#17577),#17582,.T.);
#17577 = FACE_BOUND('',#17578,.T.);
#17578 = EDGE_LOOP('',(#17579,#17580,#17581));
#17579 = ORIENTED_EDGE('',*,*,#17565,.F.);
#17580 = ORIENTED_EDGE('',*,*,#6606,.T.);
#17581 = ORIENTED_EDGE('',*,*,#17511,.F.);
#17582 = PLANE('',#17583);
#17583 = AXIS2_PLACEMENT_3D('',#17584,#17585,#17586);
#17584 = CARTESIAN_POINT('',(-42.15567684235,2.060631275177,
    36.632895170029));
#17585 = DIRECTION('',(-0.,-1.,-0.));
#17586 = DIRECTION('',(0.,0.,-1.));
#17587 = ADVANCED_FACE('',(#17588),#17598,.T.);
#17588 = FACE_BOUND('',#17589,.T.);
#17589 = EDGE_LOOP('',(#17590,#17596,#17597));
#17590 = ORIENTED_EDGE('',*,*,#17591,.T.);
#17591 = EDGE_CURVE('',#1757,#6520,#17592,.T.);
#17592 = LINE('',#17593,#17594);
#17593 = CARTESIAN_POINT('',(-41.93122863769,2.060631275177,
    29.307987213135));
#17594 = VECTOR('',#17595,1.);
#17595 = DIRECTION('',(1.013275806456E-02,0.,0.999948662289));
#17596 = ORIENTED_EDGE('',*,*,#6573,.F.);
#17597 = ORIENTED_EDGE('',*,*,#17543,.F.);
#17598 = PLANE('',#17599);
#17599 = AXIS2_PLACEMENT_3D('',#17600,#17601,#17602);
#17600 = CARTESIAN_POINT('',(-41.89978727568,2.060631275177,
    36.695420758478));
#17601 = DIRECTION('',(-0.,-1.,-0.));
#17602 = DIRECTION('',(0.,0.,-1.));
#17603 = ADVANCED_FACE('',(#17604),#17619,.T.);
#17604 = FACE_BOUND('',#17605,.T.);
#17605 = EDGE_LOOP('',(#17606,#17612,#17613));
#17606 = ORIENTED_EDGE('',*,*,#17607,.T.);
#17607 = EDGE_CURVE('',#1526,#6442,#17608,.T.);
#17608 = LINE('',#17609,#17610);
#17609 = CARTESIAN_POINT('',(-40.73397064209,2.060631275177,
    28.752397537231));
#17610 = VECTOR('',#17611,1.);
#17611 = DIRECTION('',(0.919769441305,0.,0.392459137797));
#17612 = ORIENTED_EDGE('',*,*,#6519,.F.);
#17613 = ORIENTED_EDGE('',*,*,#17614,.T.);
#17614 = EDGE_CURVE('',#6520,#1526,#17615,.T.);
#17615 = LINE('',#17616,#17617);
#17616 = CARTESIAN_POINT('',(-41.78255081176,2.060631275177,
    43.980220794678));
#17617 = VECTOR('',#17618,1.);
#17618 = DIRECTION('',(6.869681690863E-02,0.,-0.997637583167));
#17619 = PLANE('',#17620);
#17620 = AXIS2_PLACEMENT_3D('',#17621,#17622,#17623);
#17621 = CARTESIAN_POINT('',(-26.18091095423,2.060631275177,
    39.450248892313));
#17622 = DIRECTION('',(-0.,-1.,-0.));
#17623 = DIRECTION('',(0.,0.,-1.));
#17624 = ADVANCED_FACE('',(#17625),#17635,.T.);
#17625 = FACE_BOUND('',#17626,.T.);
#17626 = EDGE_LOOP('',(#17627,#17628,#17634));
#17627 = ORIENTED_EDGE('',*,*,#6349,.F.);
#17628 = ORIENTED_EDGE('',*,*,#17629,.F.);
#17629 = EDGE_CURVE('',#6213,#6350,#17630,.T.);
#17630 = LINE('',#17631,#17632);
#17631 = CARTESIAN_POINT('',(-4.526808738708,2.060631275177,
    43.487232208252));
#17632 = VECTOR('',#17633,1.);
#17633 = DIRECTION('',(-0.44720138667,0.,0.894433295311));
#17634 = ORIENTED_EDGE('',*,*,#6481,.F.);
#17635 = PLANE('',#17636);
#17636 = AXIS2_PLACEMENT_3D('',#17637,#17638,#17639);
#17637 = CARTESIAN_POINT('',(-4.614662013411,2.060631275177,
    43.688665201246));
#17638 = DIRECTION('',(-0.,-1.,-0.));
#17639 = DIRECTION('',(0.,0.,-1.));
#17640 = ADVANCED_FACE('',(#17641),#17661,.T.);
#17641 = FACE_BOUND('',#17642,.T.);
#17642 = EDGE_LOOP('',(#17643,#17649,#17655));
#17643 = ORIENTED_EDGE('',*,*,#17644,.T.);
#17644 = EDGE_CURVE('',#1393,#6213,#17645,.T.);
#17645 = LINE('',#17646,#17647);
#17646 = CARTESIAN_POINT('',(-40.57747268676,2.060631275177,
    28.181154251099));
#17647 = VECTOR('',#17648,1.);
#17648 = DIRECTION('',(0.920472901417,0.,0.390806394213));
#17649 = ORIENTED_EDGE('',*,*,#17650,.T.);
#17650 = EDGE_CURVE('',#6213,#6442,#17651,.T.);
#17651 = LINE('',#17652,#17653);
#17652 = CARTESIAN_POINT('',(-4.526808738708,2.060631275177,
    43.487232208252));
#17653 = VECTOR('',#17654,1.);
#17654 = DIRECTION('',(-0.707107454441,0.,0.707106107931));
#17655 = ORIENTED_EDGE('',*,*,#17656,.T.);
#17656 = EDGE_CURVE('',#6442,#1393,#17657,.T.);
#17657 = LINE('',#17658,#17659);
#17658 = CARTESIAN_POINT('',(-5.0276222229,2.060631275177,43.98804473877
    ));
#17659 = VECTOR('',#17660,1.);
#17660 = DIRECTION('',(-0.913745171764,0.,-0.406287781109));
#17661 = PLANE('',#17662);
#17662 = AXIS2_PLACEMENT_3D('',#17663,#17664,#17665);
#17663 = CARTESIAN_POINT('',(-22.51600215003,2.060631275177,
    36.028913029102));
#17664 = DIRECTION('',(-0.,-1.,-0.));
#17665 = DIRECTION('',(0.,0.,-1.));
#17666 = ADVANCED_FACE('',(#17667),#17677,.T.);
#17667 = FACE_BOUND('',#17668,.T.);
#17668 = EDGE_LOOP('',(#17669,#17675,#17676));
#17669 = ORIENTED_EDGE('',*,*,#17670,.T.);
#17670 = EDGE_CURVE('',#6350,#6442,#17671,.T.);
#17671 = LINE('',#17672,#17673);
#17672 = CARTESIAN_POINT('',(-4.722431182861,2.060631275177,
    43.878490447998));
#17673 = VECTOR('',#17674,1.);
#17674 = DIRECTION('',(-0.941196109609,0.,0.337860745361));
#17675 = ORIENTED_EDGE('',*,*,#17650,.F.);
#17676 = ORIENTED_EDGE('',*,*,#17629,.T.);
#17677 = PLANE('',#17678);
#17678 = AXIS2_PLACEMENT_3D('',#17679,#17680,#17681);
#17679 = CARTESIAN_POINT('',(-4.753381517241,2.060631275177,
    43.76449165485));
#17680 = DIRECTION('',(-0.,-1.,-0.));
#17681 = DIRECTION('',(0.,0.,-1.));
#17682 = ADVANCED_FACE('',(#17683),#17693,.T.);
#17683 = FACE_BOUND('',#17684,.T.);
#17684 = EDGE_LOOP('',(#17685,#17691,#17692));
#17685 = ORIENTED_EDGE('',*,*,#17686,.T.);
#17686 = EDGE_CURVE('',#6213,#2534,#17687,.T.);
#17687 = LINE('',#17688,#17689);
#17688 = CARTESIAN_POINT('',(-4.526808738708,2.060631275177,
    43.487232208252));
#17689 = VECTOR('',#17690,1.);
#17690 = DIRECTION('',(-0.917066902821,0.,-0.398733364231));
#17691 = ORIENTED_EDGE('',*,*,#17341,.F.);
#17692 = ORIENTED_EDGE('',*,*,#6220,.F.);
#17693 = PLANE('',#17694);
#17694 = AXIS2_PLACEMENT_3D('',#17695,#17696,#17697);
#17695 = CARTESIAN_POINT('',(-15.93575238482,2.060631275177,
    19.222479015825));
#17696 = DIRECTION('',(-0.,-1.,-0.));
#17697 = DIRECTION('',(0.,0.,-1.));
#17698 = ADVANCED_FACE('',(#17699),#17704,.T.);
#17699 = FACE_BOUND('',#17700,.T.);
#17700 = EDGE_LOOP('',(#17701,#17702,#17703));
#17701 = ORIENTED_EDGE('',*,*,#6650,.F.);
#17702 = ORIENTED_EDGE('',*,*,#17412,.F.);
#17703 = ORIENTED_EDGE('',*,*,#17390,.F.);
#17704 = PLANE('',#17705);
#17705 = AXIS2_PLACEMENT_3D('',#17706,#17707,#17708);
#17706 = CARTESIAN_POINT('',(-50.95688637881,2.060631275177,
    45.356188667563));
#17707 = DIRECTION('',(-0.,-1.,-0.));
#17708 = DIRECTION('',(0.,0.,-1.));
#17709 = ADVANCED_FACE('',(#17710),#17720,.T.);
#17710 = FACE_BOUND('',#17711,.T.);
#17711 = EDGE_LOOP('',(#17712,#17713,#17719));
#17712 = ORIENTED_EDGE('',*,*,#17614,.F.);
#17713 = ORIENTED_EDGE('',*,*,#17714,.T.);
#17714 = EDGE_CURVE('',#6520,#1517,#17715,.T.);
#17715 = LINE('',#17716,#17717);
#17716 = CARTESIAN_POINT('',(-41.78255081176,2.060631275177,
    43.980220794678));
#17717 = VECTOR('',#17718,1.);
#17718 = DIRECTION('',(6.170017029849E-02,0.,-0.998094729465));
#17719 = ORIENTED_EDGE('',*,*,#1533,.T.);
#17720 = PLANE('',#17721);
#17721 = AXIS2_PLACEMENT_3D('',#17722,#17723,#17724);
#17722 = CARTESIAN_POINT('',(-41.28417142355,2.060631275177,
    36.357114147706));
#17723 = DIRECTION('',(-0.,-1.,-0.));
#17724 = DIRECTION('',(0.,0.,-1.));
#17725 = ADVANCED_FACE('',(#17726),#17736,.T.);
#17726 = FACE_BOUND('',#17727,.T.);
#17727 = EDGE_LOOP('',(#17728,#17729,#17735));
#17728 = ORIENTED_EDGE('',*,*,#17714,.F.);
#17729 = ORIENTED_EDGE('',*,*,#17730,.T.);
#17730 = EDGE_CURVE('',#6520,#1580,#17731,.T.);
#17731 = LINE('',#17732,#17733);
#17732 = CARTESIAN_POINT('',(-41.78255081176,2.060631275177,
    43.980220794678));
#17733 = VECTOR('',#17734,1.);
#17734 = DIRECTION('',(5.288863724609E-02,0.,-0.998600416608));
#17735 = ORIENTED_EDGE('',*,*,#1579,.T.);
#17736 = PLANE('',#17737);
#17737 = AXIS2_PLACEMENT_3D('',#17738,#17739,#17740);
#17738 = CARTESIAN_POINT('',(-41.34915753472,2.060631275177,
    36.43412542304));
#17739 = DIRECTION('',(-0.,-1.,-0.));
#17740 = DIRECTION('',(0.,0.,-1.));
#17741 = ADVANCED_FACE('',(#17742),#17752,.T.);
#17742 = FACE_BOUND('',#17743,.T.);
#17743 = EDGE_LOOP('',(#17744,#17745,#17751));
#17744 = ORIENTED_EDGE('',*,*,#17730,.F.);
#17745 = ORIENTED_EDGE('',*,*,#17746,.T.);
#17746 = EDGE_CURVE('',#6520,#1571,#17747,.T.);
#17747 = LINE('',#17748,#17749);
#17748 = CARTESIAN_POINT('',(-41.78255081176,2.060631275177,
    43.980220794678));
#17749 = VECTOR('',#17750,1.);
#17750 = DIRECTION('',(4.224576245226E-02,0.,-0.999107249275));
#17751 = ORIENTED_EDGE('',*,*,#1587,.T.);
#17752 = PLANE('',#17753);
#17753 = AXIS2_PLACEMENT_3D('',#17754,#17755,#17756);
#17754 = CARTESIAN_POINT('',(-41.42590227987,2.060631275177,
    36.49803501492));
#17755 = DIRECTION('',(-0.,-1.,-0.));
#17756 = DIRECTION('',(0.,0.,-1.));
#17757 = ADVANCED_FACE('',(#17758),#17768,.T.);
#17758 = FACE_BOUND('',#17759,.T.);
#17759 = EDGE_LOOP('',(#17760,#17761,#17767));
#17760 = ORIENTED_EDGE('',*,*,#17746,.F.);
#17761 = ORIENTED_EDGE('',*,*,#17762,.T.);
#17762 = EDGE_CURVE('',#6520,#1625,#17763,.T.);
#17763 = LINE('',#17764,#17765);
#17764 = CARTESIAN_POINT('',(-41.78255081176,2.060631275177,
    43.980220794678));
#17765 = VECTOR('',#17766,1.);
#17766 = DIRECTION('',(3.028921683157E-02,0.,-0.999541176412));
#17767 = ORIENTED_EDGE('',*,*,#1633,.F.);
#17768 = PLANE('',#17769);
#17769 = AXIS2_PLACEMENT_3D('',#17770,#17771,#17772);
#17770 = CARTESIAN_POINT('',(-41.51259916731,2.060631275177,
    36.549532939946));
#17771 = DIRECTION('',(-0.,-1.,-0.));
#17772 = DIRECTION('',(0.,0.,-1.));
#17773 = ADVANCED_FACE('',(#17774),#17784,.T.);
#17774 = FACE_BOUND('',#17775,.T.);
#17775 = EDGE_LOOP('',(#17776,#17777,#17783));
#17776 = ORIENTED_EDGE('',*,*,#17762,.F.);
#17777 = ORIENTED_EDGE('',*,*,#17778,.T.);
#17778 = EDGE_CURVE('',#6520,#1679,#17779,.T.);
#17779 = LINE('',#17780,#17781);
#17780 = CARTESIAN_POINT('',(-41.78255081176,2.060631275177,
    43.980220794678));
#17781 = VECTOR('',#17782,1.);
#17782 = DIRECTION('',(1.706432154652E-02,0.,-0.999854393865));
#17783 = ORIENTED_EDGE('',*,*,#1687,.F.);
#17784 = PLANE('',#17785);
#17785 = AXIS2_PLACEMENT_3D('',#17786,#17787,#17788);
#17786 = CARTESIAN_POINT('',(-41.60717089904,2.060631275177,
    36.582405978779));
#17787 = DIRECTION('',(-0.,-1.,-0.));
#17788 = DIRECTION('',(0.,0.,-1.));
#17789 = ADVANCED_FACE('',(#17790),#17800,.T.);
#17790 = FACE_BOUND('',#17791,.T.);
#17791 = EDGE_LOOP('',(#17792,#17793,#17799));
#17792 = ORIENTED_EDGE('',*,*,#17778,.F.);
#17793 = ORIENTED_EDGE('',*,*,#17794,.T.);
#17794 = EDGE_CURVE('',#6520,#1702,#17795,.T.);
#17795 = LINE('',#17796,#17797);
#17796 = CARTESIAN_POINT('',(-41.78255081176,2.060631275177,
    43.980220794678));
#17797 = VECTOR('',#17798,1.);
#17798 = DIRECTION('',(3.737217489553E-03,0.,-0.999993016578));
#17799 = ORIENTED_EDGE('',*,*,#1710,.F.);
#17800 = PLANE('',#17801);
#17801 = AXIS2_PLACEMENT_3D('',#17802,#17803,#17804);
#17802 = CARTESIAN_POINT('',(-41.70571856251,2.060631275177,
    36.59927859352));
#17803 = DIRECTION('',(-0.,-1.,-0.));
#17804 = DIRECTION('',(0.,0.,-1.));
#17805 = ADVANCED_FACE('',(#17806),#17811,.T.);
#17806 = FACE_BOUND('',#17807,.T.);
#17807 = EDGE_LOOP('',(#17808,#17809,#17810));
#17808 = ORIENTED_EDGE('',*,*,#17794,.F.);
#17809 = ORIENTED_EDGE('',*,*,#17591,.F.);
#17810 = ORIENTED_EDGE('',*,*,#1756,.T.);
#17811 = PLANE('',#17812);
#17812 = AXIS2_PLACEMENT_3D('',#17813,#17814,#17815);
#17813 = CARTESIAN_POINT('',(-41.80621672282,2.060631275177,
    36.597353834092));
#17814 = DIRECTION('',(-0.,-1.,-0.));
#17815 = DIRECTION('',(0.,0.,-1.));
#17816 = ADVANCED_FACE('',(#17817),#17822,.T.);
#17817 = FACE_BOUND('',#17818,.T.);
#17818 = EDGE_LOOP('',(#17819,#17820,#17821));
#17819 = ORIENTED_EDGE('',*,*,#6842,.F.);
#17820 = ORIENTED_EDGE('',*,*,#17474,.F.);
#17821 = ORIENTED_EDGE('',*,*,#6788,.F.);
#17822 = PLANE('',#17823);
#17823 = AXIS2_PLACEMENT_3D('',#17824,#17825,#17826);
#17824 = CARTESIAN_POINT('',(-42.31817170253,2.060631275177,
    46.117844039268));
#17825 = DIRECTION('',(-0.,-1.,-0.));
#17826 = DIRECTION('',(0.,0.,-1.));
#17827 = ADVANCED_FACE('',(#17828),#17833,.T.);
#17828 = FACE_BOUND('',#17829,.T.);
#17829 = EDGE_LOOP('',(#17830,#17831,#17832));
#17830 = ORIENTED_EDGE('',*,*,#17481,.F.);
#17831 = ORIENTED_EDGE('',*,*,#17458,.F.);
#17832 = ORIENTED_EDGE('',*,*,#17442,.F.);
#17833 = PLANE('',#17834);
#17834 = AXIS2_PLACEMENT_3D('',#17835,#17836,#17837);
#17835 = CARTESIAN_POINT('',(-42.50454161219,2.060631275177,
    46.254541863569));
#17836 = DIRECTION('',(-0.,-1.,-0.));
#17837 = DIRECTION('',(0.,0.,-1.));
#17838 = ADVANCED_FACE('',(#17839),#17849,.T.);
#17839 = FACE_BOUND('',#17840,.T.);
#17840 = EDGE_LOOP('',(#17841,#17842,#17848));
#17841 = ORIENTED_EDGE('',*,*,#17656,.F.);
#17842 = ORIENTED_EDGE('',*,*,#17843,.T.);
#17843 = EDGE_CURVE('',#6442,#1395,#17844,.T.);
#17844 = LINE('',#17845,#17846);
#17845 = CARTESIAN_POINT('',(-5.0276222229,2.060631275177,43.98804473877
    ));
#17846 = VECTOR('',#17847,1.);
#17847 = DIRECTION('',(-0.915703677921,0.,-0.401854170367));
#17848 = ORIENTED_EDGE('',*,*,#1392,.F.);
#17849 = PLANE('',#17850);
#17850 = AXIS2_PLACEMENT_3D('',#17851,#17852,#17853);
#17851 = CARTESIAN_POINT('',(-22.8533557465,2.060631275177,
    36.113617089037));
#17852 = DIRECTION('',(-0.,-1.,-0.));
#17853 = DIRECTION('',(0.,0.,-1.));
#17854 = ADVANCED_FACE('',(#17855),#17865,.T.);
#17855 = FACE_BOUND('',#17856,.T.);
#17856 = EDGE_LOOP('',(#17857,#17858,#17864));
#17857 = ORIENTED_EDGE('',*,*,#17843,.F.);
#17858 = ORIENTED_EDGE('',*,*,#17859,.T.);
#17859 = EDGE_CURVE('',#6442,#1448,#17860,.T.);
#17860 = LINE('',#17861,#17862);
#17861 = CARTESIAN_POINT('',(-5.0276222229,2.060631275177,43.98804473877
    ));
#17862 = VECTOR('',#17863,1.);
#17863 = DIRECTION('',(-0.917741839547,0.,-0.397177436348));
#17864 = ORIENTED_EDGE('',*,*,#1456,.F.);
#17865 = PLANE('',#17866);
#17866 = AXIS2_PLACEMENT_3D('',#17867,#17868,#17869);
#17867 = CARTESIAN_POINT('',(-22.87200550314,2.060631275177,
    36.211257432681));
#17868 = DIRECTION('',(-0.,-1.,-0.));
#17869 = DIRECTION('',(0.,0.,-1.));
#17870 = ADVANCED_FACE('',(#17871),#17876,.T.);
#17871 = FACE_BOUND('',#17872,.T.);
#17872 = EDGE_LOOP('',(#17873,#17874,#17875));
#17873 = ORIENTED_EDGE('',*,*,#17859,.F.);
#17874 = ORIENTED_EDGE('',*,*,#17607,.F.);
#17875 = ORIENTED_EDGE('',*,*,#1525,.T.);
#17876 = PLANE('',#17877);
#17877 = AXIS2_PLACEMENT_3D('',#17878,#17879,#17880);
#17878 = CARTESIAN_POINT('',(-22.90498689797,2.060631275177,
    36.305588283907));
#17879 = DIRECTION('',(-0.,-1.,-0.));
#17880 = DIRECTION('',(0.,0.,-1.));
#17881 = ADVANCED_FACE('',(#17882),#17892,.T.);
#17882 = FACE_BOUND('',#17883,.T.);
#17883 = EDGE_LOOP('',(#17884,#17885,#17891));
#17884 = ORIENTED_EDGE('',*,*,#17686,.F.);
#17885 = ORIENTED_EDGE('',*,*,#17886,.T.);
#17886 = EDGE_CURVE('',#6213,#2611,#17887,.T.);
#17887 = LINE('',#17888,#17889);
#17888 = CARTESIAN_POINT('',(-4.526808738708,2.060631275177,
    43.487232208252));
#17889 = VECTOR('',#17890,1.);
#17890 = DIRECTION('',(-0.918690895406,0.,-0.394977263521));
#17891 = ORIENTED_EDGE('',*,*,#2619,.F.);
#17892 = PLANE('',#17893);
#17893 = AXIS2_PLACEMENT_3D('',#17894,#17895,#17896);
#17894 = CARTESIAN_POINT('',(-22.62168106373,2.060631275177,
    35.663575130012));
#17895 = DIRECTION('',(-0.,-1.,-0.));
#17896 = DIRECTION('',(0.,0.,-1.));
#17897 = ADVANCED_FACE('',(#17898),#17903,.T.);
#17898 = FACE_BOUND('',#17899,.T.);
#17899 = EDGE_LOOP('',(#17900,#17901,#17902));
#17900 = ORIENTED_EDGE('',*,*,#17886,.F.);
#17901 = ORIENTED_EDGE('',*,*,#17644,.F.);
#17902 = ORIENTED_EDGE('',*,*,#2679,.F.);
#17903 = PLANE('',#17904);
#17904 = AXIS2_PLACEMENT_3D('',#17905,#17906,#17907);
#17905 = CARTESIAN_POINT('',(-22.6049777938,2.060631275177,
    35.763200197613));
#17906 = DIRECTION('',(-0.,-1.,-0.));
#17907 = DIRECTION('',(0.,0.,-1.));
#17908 = ADVANCED_FACE('',(#17909),#17914,.T.);
#17909 = FACE_BOUND('',#17910,.T.);
#17910 = EDGE_LOOP('',(#17911,#17912,#17913));
#17911 = ORIENTED_EDGE('',*,*,#17670,.F.);
#17912 = ORIENTED_EDGE('',*,*,#6395,.F.);
#17913 = ORIENTED_EDGE('',*,*,#6441,.F.);
#17914 = PLANE('',#17915);
#17915 = AXIS2_PLACEMENT_3D('',#17916,#17917,#17918);
#17916 = CARTESIAN_POINT('',(-4.872792773478,2.060631275177,
    43.939432358551));
#17917 = DIRECTION('',(-0.,-1.,-0.));
#17918 = DIRECTION('',(0.,0.,-1.));
#17919 = ( GEOMETRIC_REPRESENTATION_CONTEXT(3) 
GLOBAL_UNCERTAINTY_ASSIGNED_CONTEXT((#17923)) 
GLOBAL_UNIT_ASSIGNED_CONTEXT((#17920,#17921,#17922)) 
REPRESENTATION_CONTEXT('Context #1',
  '3D Context with UNIT and UNCERTAINTY') );
#17920 = ( LENGTH_UNIT() NAMED_UNIT(*) SI_UNIT(.MILLI.,.METRE.) );
#17921 = ( NAMED_UNIT(*) PLANE_ANGLE_UNIT() SI_UNIT($,.RADIAN.) );
#17922 = ( NAMED_UNIT(*) SI_UNIT($,.STERADIAN.) SOLID_ANGLE_UNIT() );
#17923 = UNCERTAINTY_MEASURE_WITH_UNIT(LENGTH_MEASURE(1.E-02),#17920,
  'distance_accuracy_value','confusion accuracy');
#17924 = PRODUCT_RELATED_PRODUCT_CATEGORY('part',$,(#7));
ENDSEC;
END-ISO-10303-21;
