ISO-10303-21;
HEADER;
FILE_DESCRIPTION(('FreeCAD Model'),'2;1');
FILE_NAME('Open CASCADE Shape Model','2026-08-05T15:31:39',('FreeCAD'),(
    'FreeCAD'),'Open CASCADE STEP processor 7.8','FreeCAD','Unknown');
FILE_SCHEMA(('AUTOMOTIVE_DESIGN { 1 0 10303 214 1 1 1 1 }'));
ENDSEC;
DATA;
#1 = APPLICATION_PROTOCOL_DEFINITION('international standard',
  'automotive_design',2000,#2);
#2 = APPLICATION_CONTEXT(
  'core data for automotive mechanical design processes');
#3 = SHAPE_DEFINITION_REPRESENTATION(#4,#10);
#4 = PRODUCT_DEFINITION_SHAPE('','',#5);
#5 = PRODUCT_DEFINITION('design','',#6,#9);
#6 = PRODUCT_DEFINITION_FORMATION('','',#7);
#7 = PRODUCT('Open CASCADE STEP translator 7.8 1',
  'Open CASCADE STEP translator 7.8 1','',(#8));
#8 = PRODUCT_CONTEXT('',#2,'mechanical');
#9 = PRODUCT_DEFINITION_CONTEXT('part definition',#2,'design');
#10 = ADVANCED_BREP_SHAPE_REPRESENTATION('',(#11,#15),#6200);
#11 = AXIS2_PLACEMENT_3D('',#12,#13,#14);
#12 = CARTESIAN_POINT('',(0.,0.,0.));
#13 = DIRECTION('',(0.,0.,1.));
#14 = DIRECTION('',(1.,0.,-0.));
#15 = MANIFOLD_SOLID_BREP('',#16);
#16 = CLOSED_SHELL('',(#17,#73,#104,#135,#328,#1486,#1509,#1526,#1543,
    #1560,#1577,#1594,#1611,#1628,#1645,#1662,#1687,#1711,#1735,#1759,
    #1783,#1807,#1831,#1855,#1879,#1903,#1927,#1967,#1991,#2009,#2040,
    #2064,#2088,#2112,#2136,#2160,#2184,#2208,#2232,#2256,#2280,#2304,
    #2328,#2352,#2376,#2400,#2424,#2448,#2472,#2496,#2520,#2544,#2568,
    #2592,#2616,#2640,#2664,#2688,#2712,#2736,#2760,#2784,#2808,#2832,
    #2856,#2880,#2904,#2928,#2952,#2990,#3022,#3046,#3070,#3094,#3118,
    #3142,#3166,#3190,#3214,#3239,#3263,#3287,#3311,#3335,#3359,#3384,
    #3408,#3432,#3456,#3480,#3504,#3528,#3552,#3576,#3600,#3624,#3648,
    #3672,#3696,#3720,#3744,#3769,#3793,#3817,#3841,#3865,#3889,#3913,
    #3937,#3961,#3986,#4010,#4034,#4058,#4082,#4106,#4130,#4154,#4178,
    #4202,#4226,#4250,#4274,#4298,#4323,#4347,#4371,#4395,#4419,#4443,
    #4467,#4491,#4516,#4574,#4598,#4622,#4646,#4670,#4694,#4718,#4776,
    #4800,#4824,#4842,#4915,#4939,#4963,#4987,#5011,#5035,#5059,#5083,
    #5107,#5131,#5155,#5179,#5203,#5227,#5251,#5275,#5299,#5316,#5415,
    #5431,#5443,#5642,#5660,#5797,#5819,#5836,#5853,#5865,#5896,#5920,
    #5944,#5961,#5978,#5995,#6012,#6029,#6046,#6063,#6086,#6103,#6115,
    #6132,#6149,#6166,#6183));
#17 = ADVANCED_FACE('',(#18),#68,.F.);
#18 = FACE_BOUND('',#19,.F.);
#19 = EDGE_LOOP('',(#20,#30,#38,#46,#54,#62));
#20 = ORIENTED_EDGE('',*,*,#21,.T.);
#21 = EDGE_CURVE('',#22,#24,#26,.T.);
#22 = VERTEX_POINT('',#23);
#23 = CARTESIAN_POINT('',(-4.604,-12.965,-12.151));
#24 = VERTEX_POINT('',#25);
#25 = CARTESIAN_POINT('',(-4.604,-6.9,-12.151));
#26 = LINE('',#27,#28);
#27 = CARTESIAN_POINT('',(-4.604,-12.965,-12.151));
#28 = VECTOR('',#29,1.);
#29 = DIRECTION('',(0.,1.,0.));
#30 = ORIENTED_EDGE('',*,*,#31,.T.);
#31 = EDGE_CURVE('',#24,#32,#34,.T.);
#32 = VERTEX_POINT('',#33);
#33 = CARTESIAN_POINT('',(-4.521529982138,-6.9,-12.00056767698));
#34 = LINE('',#35,#36);
#35 = CARTESIAN_POINT('',(-4.604,-6.9,-12.151));
#36 = VECTOR('',#37,1.);
#37 = DIRECTION('',(0.480720004114,0.,0.876874151543));
#38 = ORIENTED_EDGE('',*,*,#39,.T.);
#39 = EDGE_CURVE('',#32,#40,#42,.T.);
#40 = VERTEX_POINT('',#41);
#41 = CARTESIAN_POINT('',(-3.861369009978,-6.9,-10.79637794618));
#42 = LINE('',#43,#44);
#43 = CARTESIAN_POINT('',(-4.604,-6.9,-12.151));
#44 = VECTOR('',#45,1.);
#45 = DIRECTION('',(0.480720004114,0.,0.876874151543));
#46 = ORIENTED_EDGE('',*,*,#47,.T.);
#47 = EDGE_CURVE('',#40,#48,#50,.T.);
#48 = VERTEX_POINT('',#49);
#49 = CARTESIAN_POINT('',(-3.757,-6.9,-10.606));
#50 = LINE('',#51,#52);
#51 = CARTESIAN_POINT('',(-4.604,-6.9,-12.151));
#52 = VECTOR('',#53,1.);
#53 = DIRECTION('',(0.480720004114,0.,0.876874151543));
#54 = ORIENTED_EDGE('',*,*,#55,.F.);
#55 = EDGE_CURVE('',#56,#48,#58,.T.);
#56 = VERTEX_POINT('',#57);
#57 = CARTESIAN_POINT('',(-3.757,-12.965,-10.606));
#58 = LINE('',#59,#60);
#59 = CARTESIAN_POINT('',(-3.757,-12.965,-10.606));
#60 = VECTOR('',#61,1.);
#61 = DIRECTION('',(0.,1.,0.));
#62 = ORIENTED_EDGE('',*,*,#63,.F.);
#63 = EDGE_CURVE('',#22,#56,#64,.T.);
#64 = LINE('',#65,#66);
#65 = CARTESIAN_POINT('',(-4.604,-12.965,-12.151));
#66 = VECTOR('',#67,1.);
#67 = DIRECTION('',(0.480720004114,0.,0.876874151543));
#68 = PLANE('',#69);
#69 = AXIS2_PLACEMENT_3D('',#70,#71,#72);
#70 = CARTESIAN_POINT('',(-4.604,-12.965,-12.151));
#71 = DIRECTION('',(0.876874151543,0.,-0.480720004114));
#72 = DIRECTION('',(0.480720004114,0.,0.876874151543));
#73 = ADVANCED_FACE('',(#74),#99,.F.);
#74 = FACE_BOUND('',#75,.F.);
#75 = EDGE_LOOP('',(#76,#86,#92,#93));
#76 = ORIENTED_EDGE('',*,*,#77,.T.);
#77 = EDGE_CURVE('',#78,#80,#82,.T.);
#78 = VERTEX_POINT('',#79);
#79 = CARTESIAN_POINT('',(-4.556,-12.965,-12.362));
#80 = VERTEX_POINT('',#81);
#81 = CARTESIAN_POINT('',(-4.556,-6.9,-12.362));
#82 = LINE('',#83,#84);
#83 = CARTESIAN_POINT('',(-4.556,-12.965,-12.362));
#84 = VECTOR('',#85,1.);
#85 = DIRECTION('',(0.,1.,0.));
#86 = ORIENTED_EDGE('',*,*,#87,.T.);
#87 = EDGE_CURVE('',#80,#24,#88,.T.);
#88 = LINE('',#89,#90);
#89 = CARTESIAN_POINT('',(-4.556,-6.9,-12.362));
#90 = VECTOR('',#91,1.);
#91 = DIRECTION('',(-0.221820839381,0.,0.97508743978));
#92 = ORIENTED_EDGE('',*,*,#21,.F.);
#93 = ORIENTED_EDGE('',*,*,#94,.F.);
#94 = EDGE_CURVE('',#78,#22,#95,.T.);
#95 = LINE('',#96,#97);
#96 = CARTESIAN_POINT('',(-4.556,-12.965,-12.362));
#97 = VECTOR('',#98,1.);
#98 = DIRECTION('',(-0.221820839381,0.,0.97508743978));
#99 = PLANE('',#100);
#100 = AXIS2_PLACEMENT_3D('',#101,#102,#103);
#101 = CARTESIAN_POINT('',(-4.556,-12.965,-12.362));
#102 = DIRECTION('',(0.97508743978,-0.,0.221820839381));
#103 = DIRECTION('',(-0.221820839381,0.,0.97508743978));
#104 = ADVANCED_FACE('',(#105),#130,.F.);
#105 = FACE_BOUND('',#106,.F.);
#106 = EDGE_LOOP('',(#107,#108,#116,#124));
#107 = ORIENTED_EDGE('',*,*,#55,.T.);
#108 = ORIENTED_EDGE('',*,*,#109,.T.);
#109 = EDGE_CURVE('',#48,#110,#112,.T.);
#110 = VERTEX_POINT('',#111);
#111 = CARTESIAN_POINT('',(-3.596,-6.9,-9.976));
#112 = LINE('',#113,#114);
#113 = CARTESIAN_POINT('',(-3.757,-6.9,-10.606));
#114 = VECTOR('',#115,1.);
#115 = DIRECTION('',(0.247598267511,0.,0.968862785912));
#116 = ORIENTED_EDGE('',*,*,#117,.F.);
#117 = EDGE_CURVE('',#118,#110,#120,.T.);
#118 = VERTEX_POINT('',#119);
#119 = CARTESIAN_POINT('',(-3.596,-12.965,-9.976));
#120 = LINE('',#121,#122);
#121 = CARTESIAN_POINT('',(-3.596,-12.965,-9.976));
#122 = VECTOR('',#123,1.);
#123 = DIRECTION('',(0.,1.,0.));
#124 = ORIENTED_EDGE('',*,*,#125,.F.);
#125 = EDGE_CURVE('',#56,#118,#126,.T.);
#126 = LINE('',#127,#128);
#127 = CARTESIAN_POINT('',(-3.757,-12.965,-10.606));
#128 = VECTOR('',#129,1.);
#129 = DIRECTION('',(0.247598267511,0.,0.968862785912));
#130 = PLANE('',#131);
#131 = AXIS2_PLACEMENT_3D('',#132,#133,#134);
#132 = CARTESIAN_POINT('',(-3.757,-12.965,-10.606));
#133 = DIRECTION('',(0.968862785912,0.,-0.247598267511));
#134 = DIRECTION('',(0.247598267511,0.,0.968862785912));
#135 = ADVANCED_FACE('',(#136),#323,.F.);
#136 = FACE_BOUND('',#137,.F.);
#137 = EDGE_LOOP('',(#138,#139,#140,#148,#156,#164,#172,#180,#188,#196,
    #204,#212,#220,#228,#236,#244,#252,#260,#268,#276,#284,#292,#300,
    #308,#316,#322));
#138 = ORIENTED_EDGE('',*,*,#63,.T.);
#139 = ORIENTED_EDGE('',*,*,#125,.T.);
#140 = ORIENTED_EDGE('',*,*,#141,.T.);
#141 = EDGE_CURVE('',#118,#142,#144,.T.);
#142 = VERTEX_POINT('',#143);
#143 = CARTESIAN_POINT('',(-3.655,-12.965,43.644));
#144 = LINE('',#145,#146);
#145 = CARTESIAN_POINT('',(-3.596,-12.965,-9.976));
#146 = VECTOR('',#147,1.);
#147 = DIRECTION('',(-1.100335029527E-03,0.,0.999999394631));
#148 = ORIENTED_EDGE('',*,*,#149,.T.);
#149 = EDGE_CURVE('',#142,#150,#152,.T.);
#150 = VERTEX_POINT('',#151);
#151 = CARTESIAN_POINT('',(-3.815,-12.965,44.056));
#152 = LINE('',#153,#154);
#153 = CARTESIAN_POINT('',(-3.655,-12.965,43.644));
#154 = VECTOR('',#155,1.);
#155 = DIRECTION('',(-0.3620094807,0.,0.932174412802));
#156 = ORIENTED_EDGE('',*,*,#157,.T.);
#157 = EDGE_CURVE('',#150,#158,#160,.T.);
#158 = VERTEX_POINT('',#159);
#159 = CARTESIAN_POINT('',(-4.034,-12.965,44.339));
#160 = LINE('',#161,#162);
#161 = CARTESIAN_POINT('',(-3.815,-12.965,44.056));
#162 = VECTOR('',#163,1.);
#163 = DIRECTION('',(-0.612004088463,0.,0.790854598333));
#164 = ORIENTED_EDGE('',*,*,#165,.T.);
#165 = EDGE_CURVE('',#158,#166,#168,.T.);
#166 = VERTEX_POINT('',#167);
#167 = CARTESIAN_POINT('',(-4.31,-12.965,44.55));
#168 = LINE('',#169,#170);
#169 = CARTESIAN_POINT('',(-4.034,-12.965,44.339));
#170 = VECTOR('',#171,1.);
#171 = DIRECTION('',(-0.794439527218,0.,0.60734326175));
#172 = ORIENTED_EDGE('',*,*,#173,.T.);
#173 = EDGE_CURVE('',#166,#174,#176,.T.);
#174 = VERTEX_POINT('',#175);
#175 = CARTESIAN_POINT('',(-4.829,-12.965,44.731));
#176 = LINE('',#177,#178);
#177 = CARTESIAN_POINT('',(-4.31,-12.965,44.55));
#178 = VECTOR('',#179,1.);
#179 = DIRECTION('',(-0.94422649452,0.,0.329296715815));
#180 = ORIENTED_EDGE('',*,*,#181,.T.);
#181 = EDGE_CURVE('',#174,#182,#184,.T.);
#182 = VERTEX_POINT('',#183);
#183 = CARTESIAN_POINT('',(-23.974,-12.965,44.729));
#184 = LINE('',#185,#186);
#185 = CARTESIAN_POINT('',(-4.829,-12.965,44.731));
#186 = VECTOR('',#187,1.);
#187 = DIRECTION('',(-0.999999994543,0.,-1.044659174244E-04));
#188 = ORIENTED_EDGE('',*,*,#189,.T.);
#189 = EDGE_CURVE('',#182,#190,#192,.T.);
#190 = VERTEX_POINT('',#191);
#191 = CARTESIAN_POINT('',(-24.114,-12.965,44.881));
#192 = LINE('',#193,#194);
#193 = CARTESIAN_POINT('',(-23.974,-12.965,44.729));
#194 = VECTOR('',#195,1.);
#195 = DIRECTION('',(-0.677475754752,0.,0.735545105159));
#196 = ORIENTED_EDGE('',*,*,#197,.T.);
#197 = EDGE_CURVE('',#190,#198,#200,.T.);
#198 = VERTEX_POINT('',#199);
#199 = CARTESIAN_POINT('',(-24.122,-12.965,46.077));
#200 = LINE('',#201,#202);
#201 = CARTESIAN_POINT('',(-24.114,-12.965,44.881));
#202 = VECTOR('',#203,1.);
#203 = DIRECTION('',(-6.688813576162E-03,0.,0.999977629636));
#204 = ORIENTED_EDGE('',*,*,#205,.T.);
#205 = EDGE_CURVE('',#198,#206,#208,.T.);
#206 = VERTEX_POINT('',#207);
#207 = CARTESIAN_POINT('',(-23.968,-12.965,46.23));
#208 = LINE('',#209,#210);
#209 = CARTESIAN_POINT('',(-24.122,-12.965,46.077));
#210 = VECTOR('',#211,1.);
#211 = DIRECTION('',(0.709406297146,0.,0.704799762748));
#212 = ORIENTED_EDGE('',*,*,#213,.T.);
#213 = EDGE_CURVE('',#206,#214,#216,.T.);
#214 = VERTEX_POINT('',#215);
#215 = CARTESIAN_POINT('',(-4.995,-12.965,46.236));
#216 = LINE('',#217,#218);
#217 = CARTESIAN_POINT('',(-23.968,-12.965,46.23));
#218 = VECTOR('',#219,1.);
#219 = DIRECTION('',(0.999999949996,0.,3.162388499436E-04));
#220 = ORIENTED_EDGE('',*,*,#221,.T.);
#221 = EDGE_CURVE('',#214,#222,#224,.T.);
#222 = VERTEX_POINT('',#223);
#223 = CARTESIAN_POINT('',(-4.255,-12.965,46.136));
#224 = LINE('',#225,#226);
#225 = CARTESIAN_POINT('',(-4.995,-12.965,46.236));
#226 = VECTOR('',#227,1.);
#227 = DIRECTION('',(0.99099243041,0.,-0.133917896001));
#228 = ORIENTED_EDGE('',*,*,#229,.T.);
#229 = EDGE_CURVE('',#222,#230,#232,.T.);
#230 = VERTEX_POINT('',#231);
#231 = CARTESIAN_POINT('',(-3.566,-12.965,45.854));
#232 = LINE('',#233,#234);
#233 = CARTESIAN_POINT('',(-4.255,-12.965,46.136));
#234 = VECTOR('',#235,1.);
#235 = DIRECTION('',(0.925482753342,0.,-0.378789748102));
#236 = ORIENTED_EDGE('',*,*,#237,.T.);
#237 = EDGE_CURVE('',#230,#238,#240,.T.);
#238 = VERTEX_POINT('',#239);
#239 = CARTESIAN_POINT('',(-2.975,-12.965,45.4));
#240 = LINE('',#241,#242);
#241 = CARTESIAN_POINT('',(-3.566,-12.965,45.854));
#242 = VECTOR('',#243,1.);
#243 = DIRECTION('',(0.793022877261,0.,-0.609191854952));
#244 = ORIENTED_EDGE('',*,*,#245,.T.);
#245 = EDGE_CURVE('',#238,#246,#248,.T.);
#246 = VERTEX_POINT('',#247);
#247 = CARTESIAN_POINT('',(-2.521,-12.965,44.81));
#248 = LINE('',#249,#250);
#249 = CARTESIAN_POINT('',(-2.975,-12.965,45.4));
#250 = VECTOR('',#251,1.);
#251 = DIRECTION('',(0.609840584608,0.,-0.79252410775));
#252 = ORIENTED_EDGE('',*,*,#253,.T.);
#253 = EDGE_CURVE('',#246,#254,#256,.T.);
#254 = VERTEX_POINT('',#255);
#255 = CARTESIAN_POINT('',(-2.237,-12.965,44.12));
#256 = LINE('',#257,#258);
#257 = CARTESIAN_POINT('',(-2.521,-12.965,44.81));
#258 = VECTOR('',#259,1.);
#259 = DIRECTION('',(0.380614988831,0.,-0.924733599626));
#260 = ORIENTED_EDGE('',*,*,#261,.T.);
#261 = EDGE_CURVE('',#254,#262,#264,.T.);
#262 = VERTEX_POINT('',#263);
#263 = CARTESIAN_POINT('',(-2.142,-12.965,43.392));
#264 = LINE('',#265,#266);
#265 = CARTESIAN_POINT('',(-2.237,-12.965,44.12));
#266 = VECTOR('',#267,1.);
#267 = DIRECTION('',(0.129397413947,0.,-0.991592814246));
#268 = ORIENTED_EDGE('',*,*,#269,.T.);
#269 = EDGE_CURVE('',#262,#270,#272,.T.);
#270 = VERTEX_POINT('',#271);
#271 = CARTESIAN_POINT('',(-2.091,-12.965,-9.68));
#272 = LINE('',#273,#274);
#273 = CARTESIAN_POINT('',(-2.142,-12.965,43.392));
#274 = VECTOR('',#275,1.);
#275 = DIRECTION('',(9.60958253924E-04,0.,-0.99999953828));
#276 = ORIENTED_EDGE('',*,*,#277,.T.);
#277 = EDGE_CURVE('',#270,#278,#280,.T.);
#278 = VERTEX_POINT('',#279);
#279 = CARTESIAN_POINT('',(-2.148,-12.965,-10.382));
#280 = LINE('',#281,#282);
#281 = CARTESIAN_POINT('',(-2.091,-12.965,-9.68));
#282 = VECTOR('',#283,1.);
#283 = DIRECTION('',(-8.093023760196E-02,0.,-0.996719768361));
#284 = ORIENTED_EDGE('',*,*,#285,.T.);
#285 = EDGE_CURVE('',#278,#286,#288,.T.);
#286 = VERTEX_POINT('',#287);
#287 = CARTESIAN_POINT('',(-2.333,-12.965,-11.071));
#288 = LINE('',#289,#290);
#289 = CARTESIAN_POINT('',(-2.148,-12.965,-10.382));
#290 = VECTOR('',#291,1.);
#291 = DIRECTION('',(-0.259319918052,0.,-0.965791478582));
#292 = ORIENTED_EDGE('',*,*,#293,.T.);
#293 = EDGE_CURVE('',#286,#294,#296,.T.);
#294 = VERTEX_POINT('',#295);
#295 = CARTESIAN_POINT('',(-2.688,-12.965,-11.837));
#296 = LINE('',#297,#298);
#297 = CARTESIAN_POINT('',(-2.333,-12.965,-11.071));
#298 = VECTOR('',#299,1.);
#299 = DIRECTION('',(-0.420484794732,0.,-0.907299585252));
#300 = ORIENTED_EDGE('',*,*,#301,.T.);
#301 = EDGE_CURVE('',#294,#302,#304,.T.);
#302 = VERTEX_POINT('',#303);
#303 = CARTESIAN_POINT('',(-3.308,-12.965,-12.905));
#304 = LINE('',#305,#306);
#305 = CARTESIAN_POINT('',(-2.688,-12.965,-11.837));
#306 = VECTOR('',#307,1.);
#307 = DIRECTION('',(-0.502057374111,0.,-0.864834315404));
#308 = ORIENTED_EDGE('',*,*,#309,.T.);
#309 = EDGE_CURVE('',#302,#310,#312,.T.);
#310 = VERTEX_POINT('',#311);
#311 = CARTESIAN_POINT('',(-3.51,-12.965,-12.954));
#312 = LINE('',#313,#314);
#313 = CARTESIAN_POINT('',(-3.308,-12.965,-12.905));
#314 = VECTOR('',#315,1.);
#315 = DIRECTION('',(-0.97181671537,0.,-0.235737718085));
#316 = ORIENTED_EDGE('',*,*,#317,.T.);
#317 = EDGE_CURVE('',#310,#78,#318,.T.);
#318 = LINE('',#319,#320);
#319 = CARTESIAN_POINT('',(-3.51,-12.965,-12.954));
#320 = VECTOR('',#321,1.);
#321 = DIRECTION('',(-0.870283772443,0.,0.492550662798));
#322 = ORIENTED_EDGE('',*,*,#94,.T.);
#323 = PLANE('',#324);
#324 = AXIS2_PLACEMENT_3D('',#325,#326,#327);
#325 = CARTESIAN_POINT('',(-5.887329302706,-12.965,23.695878498611));
#326 = DIRECTION('',(0.,1.,0.));
#327 = DIRECTION('',(0.,-0.,1.));
#328 = ADVANCED_FACE('',(#329),#1481,.F.);
#329 = FACE_BOUND('',#330,.F.);
#330 = EDGE_LOOP('',(#331,#341,#349,#357,#365,#373,#381,#389,#397,#405,
    #413,#421,#429,#437,#445,#453,#461,#469,#477,#485,#493,#501,#509,
    #517,#525,#533,#541,#549,#555,#556,#557,#565,#573,#581,#589,#597,
    #605,#613,#621,#629,#637,#645,#654,#662,#670,#678,#686,#694,#702,
    #710,#719,#727,#735,#743,#751,#759,#767,#775,#783,#791,#799,#807,
    #815,#823,#832,#840,#848,#856,#864,#872,#880,#888,#896,#905,#913,
    #921,#929,#937,#945,#953,#961,#969,#977,#985,#993,#1001,#1009,#1017,
    #1025,#1034,#1042,#1050,#1058,#1066,#1074,#1083,#1091,#1099,#1107,
    #1115,#1123,#1131,#1139,#1147,#1153,#1154,#1155,#1163,#1171,#1179,
    #1187,#1195,#1203,#1211,#1219,#1227,#1235,#1243,#1251,#1259,#1267,
    #1275,#1283,#1291,#1299,#1307,#1315,#1323,#1331,#1339,#1347,#1355,
    #1363,#1371,#1379,#1387,#1395,#1403,#1411,#1419,#1427,#1435,#1443,
    #1451,#1459,#1467,#1475));
#331 = ORIENTED_EDGE('',*,*,#332,.T.);
#332 = EDGE_CURVE('',#333,#335,#337,.T.);
#333 = VERTEX_POINT('',#334);
#334 = CARTESIAN_POINT('',(-79.022,-6.9,49.826));
#335 = VERTEX_POINT('',#336);
#336 = CARTESIAN_POINT('',(-78.579,-6.9,50.306));
#337 = LINE('',#338,#339);
#338 = CARTESIAN_POINT('',(-79.022,-6.9,49.826));
#339 = VECTOR('',#340,1.);
#340 = DIRECTION('',(0.67821651388,0.,0.734862136935));
#341 = ORIENTED_EDGE('',*,*,#342,.T.);
#342 = EDGE_CURVE('',#335,#343,#345,.T.);
#343 = VERTEX_POINT('',#344);
#344 = CARTESIAN_POINT('',(-78.014,-6.9,50.684));
#345 = LINE('',#346,#347);
#346 = CARTESIAN_POINT('',(-78.579,-6.9,50.306));
#347 = VECTOR('',#348,1.);
#348 = DIRECTION('',(0.831143924034,0.,0.556057350947));
#349 = ORIENTED_EDGE('',*,*,#350,.T.);
#350 = EDGE_CURVE('',#343,#351,#353,.T.);
#351 = VERTEX_POINT('',#352);
#352 = CARTESIAN_POINT('',(-77.398,-6.9,50.911));
#353 = LINE('',#354,#355);
#354 = CARTESIAN_POINT('',(-78.014,-6.9,50.684));
#355 = VECTOR('',#356,1.);
#356 = DIRECTION('',(0.93831710759,0.,0.345775947115));
#357 = ORIENTED_EDGE('',*,*,#358,.T.);
#358 = EDGE_CURVE('',#351,#359,#361,.T.);
#359 = VERTEX_POINT('',#360);
#360 = CARTESIAN_POINT('',(-76.765,-6.9,50.984));
#361 = LINE('',#362,#363);
#362 = CARTESIAN_POINT('',(-77.398,-6.9,50.911));
#363 = VECTOR('',#364,1.);
#364 = DIRECTION('',(0.99341580727,0.,0.114564540175));
#365 = ORIENTED_EDGE('',*,*,#366,.T.);
#366 = EDGE_CURVE('',#359,#367,#369,.T.);
#367 = VERTEX_POINT('',#368);
#368 = CARTESIAN_POINT('',(-60.721,-6.9,50.967));
#369 = LINE('',#370,#371);
#370 = CARTESIAN_POINT('',(-76.765,-6.9,50.984));
#371 = VECTOR('',#372,1.);
#372 = DIRECTION('',(0.999999438639,0.,-1.05958554331E-03));
#373 = ORIENTED_EDGE('',*,*,#374,.T.);
#374 = EDGE_CURVE('',#367,#375,#377,.T.);
#375 = VERTEX_POINT('',#376);
#376 = CARTESIAN_POINT('',(-60.08,-6.9,50.894));
#377 = LINE('',#378,#379);
#378 = CARTESIAN_POINT('',(-60.721,-6.9,50.967));
#379 = VECTOR('',#380,1.);
#380 = DIRECTION('',(0.99357755974,0.,-0.113153138629));
#381 = ORIENTED_EDGE('',*,*,#382,.T.);
#382 = EDGE_CURVE('',#375,#383,#385,.T.);
#383 = VERTEX_POINT('',#384);
#384 = CARTESIAN_POINT('',(-59.464,-6.9,50.676));
#385 = LINE('',#386,#387);
#386 = CARTESIAN_POINT('',(-60.08,-6.9,50.894));
#387 = VECTOR('',#388,1.);
#388 = DIRECTION('',(0.942707464102,0.,-0.33362049866));
#389 = ORIENTED_EDGE('',*,*,#390,.T.);
#390 = EDGE_CURVE('',#383,#391,#393,.T.);
#391 = VERTEX_POINT('',#392);
#392 = CARTESIAN_POINT('',(-58.913,-6.9,50.311));
#393 = LINE('',#394,#395);
#394 = CARTESIAN_POINT('',(-59.464,-6.9,50.676));
#395 = VECTOR('',#396,1.);
#396 = DIRECTION('',(0.833676114831,0.,-0.552253687683));
#397 = ORIENTED_EDGE('',*,*,#398,.T.);
#398 = EDGE_CURVE('',#391,#399,#401,.T.);
#399 = VERTEX_POINT('',#400);
#400 = CARTESIAN_POINT('',(-58.458,-6.9,49.833));
#401 = LINE('',#402,#403);
#402 = CARTESIAN_POINT('',(-58.913,-6.9,50.311));
#403 = VECTOR('',#404,1.);
#404 = DIRECTION('',(0.689465960376,0.,-0.724318085845));
#405 = ORIENTED_EDGE('',*,*,#406,.T.);
#406 = EDGE_CURVE('',#399,#407,#409,.T.);
#407 = VERTEX_POINT('',#408);
#408 = CARTESIAN_POINT('',(-58.141,-6.9,49.289));
#409 = LINE('',#410,#411);
#410 = CARTESIAN_POINT('',(-58.458,-6.9,49.833));
#411 = VECTOR('',#412,1.);
#412 = DIRECTION('',(0.503475967095,0.,-0.864009230598));
#413 = ORIENTED_EDGE('',*,*,#414,.T.);
#414 = EDGE_CURVE('',#407,#415,#417,.T.);
#415 = VERTEX_POINT('',#416);
#416 = CARTESIAN_POINT('',(-57.954,-6.9,48.72));
#417 = LINE('',#418,#419);
#418 = CARTESIAN_POINT('',(-58.141,-6.9,49.289));
#419 = VECTOR('',#420,1.);
#420 = DIRECTION('',(0.312217870861,0.,-0.950010526844));
#421 = ORIENTED_EDGE('',*,*,#422,.T.);
#422 = EDGE_CURVE('',#415,#423,#425,.T.);
#423 = VERTEX_POINT('',#424);
#424 = CARTESIAN_POINT('',(-42.729,-6.9,48.712));
#425 = LINE('',#426,#427);
#426 = CARTESIAN_POINT('',(-57.954,-6.9,48.72));
#427 = VECTOR('',#428,1.);
#428 = DIRECTION('',(0.99999986195,0.,-5.254514873956E-04));
#429 = ORIENTED_EDGE('',*,*,#430,.T.);
#430 = EDGE_CURVE('',#423,#431,#433,.T.);
#431 = VERTEX_POINT('',#432);
#432 = CARTESIAN_POINT('',(-42.039,-6.9,48.623));
#433 = LINE('',#434,#435);
#434 = CARTESIAN_POINT('',(-42.729,-6.9,48.712));
#435 = VECTOR('',#436,1.);
#436 = DIRECTION('',(0.991783750407,0.,-0.127925730125));
#437 = ORIENTED_EDGE('',*,*,#438,.T.);
#438 = EDGE_CURVE('',#431,#439,#441,.T.);
#439 = VERTEX_POINT('',#440);
#440 = CARTESIAN_POINT('',(-41.383,-6.9,48.372));
#441 = LINE('',#442,#443);
#442 = CARTESIAN_POINT('',(-42.039,-6.9,48.623));
#443 = VECTOR('',#444,1.);
#444 = DIRECTION('',(0.933967997,0.,-0.357356657389));
#445 = ORIENTED_EDGE('',*,*,#446,.T.);
#446 = EDGE_CURVE('',#439,#447,#449,.T.);
#447 = VERTEX_POINT('',#448);
#448 = CARTESIAN_POINT('',(-40.807,-6.9,47.959));
#449 = LINE('',#450,#451);
#450 = CARTESIAN_POINT('',(-41.383,-6.9,48.372));
#451 = VECTOR('',#452,1.);
#452 = DIRECTION('',(0.812683498382,0.,-0.582705355611));
#453 = ORIENTED_EDGE('',*,*,#454,.T.);
#454 = EDGE_CURVE('',#447,#455,#457,.T.);
#455 = VERTEX_POINT('',#456);
#456 = CARTESIAN_POINT('',(-40.353,-6.9,47.424));
#457 = LINE('',#458,#459);
#458 = CARTESIAN_POINT('',(-40.807,-6.9,47.959));
#459 = VECTOR('',#460,1.);
#460 = DIRECTION('',(0.647027666381,0.,-0.762466523158));
#461 = ORIENTED_EDGE('',*,*,#462,.T.);
#462 = EDGE_CURVE('',#455,#463,#465,.T.);
#463 = VERTEX_POINT('',#464);
#464 = CARTESIAN_POINT('',(-40.052,-6.9,46.816));
#465 = LINE('',#466,#467);
#466 = CARTESIAN_POINT('',(-40.353,-6.9,47.424));
#467 = VECTOR('',#468,1.);
#468 = DIRECTION('',(0.443672509454,0.,-0.896188989195));
#469 = ORIENTED_EDGE('',*,*,#470,.T.);
#470 = EDGE_CURVE('',#463,#471,#473,.T.);
#471 = VERTEX_POINT('',#472);
#472 = CARTESIAN_POINT('',(-39.913,-6.9,46.214));
#473 = LINE('',#474,#475);
#474 = CARTESIAN_POINT('',(-40.052,-6.9,46.816));
#475 = VECTOR('',#476,1.);
#476 = DIRECTION('',(0.224977713365,0.,-0.974363909681));
#477 = ORIENTED_EDGE('',*,*,#478,.T.);
#478 = EDGE_CURVE('',#471,#479,#481,.T.);
#479 = VERTEX_POINT('',#480);
#480 = CARTESIAN_POINT('',(-23.97675207122,-6.9,46.22130476041));
#481 = LINE('',#482,#483);
#482 = CARTESIAN_POINT('',(-39.913,-6.9,46.214));
#483 = VECTOR('',#484,1.);
#484 = DIRECTION('',(0.999999894947,0.,4.583738703703E-04));
#485 = ORIENTED_EDGE('',*,*,#486,.F.);
#486 = EDGE_CURVE('',#487,#479,#489,.T.);
#487 = VERTEX_POINT('',#488);
#488 = CARTESIAN_POINT('',(-24.122,-6.9,46.077));
#489 = LINE('',#490,#491);
#490 = CARTESIAN_POINT('',(-24.122,-6.9,46.077));
#491 = VECTOR('',#492,1.);
#492 = DIRECTION('',(0.709406297146,0.,0.704799762748));
#493 = ORIENTED_EDGE('',*,*,#494,.F.);
#494 = EDGE_CURVE('',#495,#487,#497,.T.);
#495 = VERTEX_POINT('',#496);
#496 = CARTESIAN_POINT('',(-24.114,-6.9,44.881));
#497 = LINE('',#498,#499);
#498 = CARTESIAN_POINT('',(-24.114,-6.9,44.881));
#499 = VECTOR('',#500,1.);
#500 = DIRECTION('',(-6.688813576162E-03,0.,0.999977629636));
#501 = ORIENTED_EDGE('',*,*,#502,.F.);
#502 = EDGE_CURVE('',#503,#495,#505,.T.);
#503 = VERTEX_POINT('',#504);
#504 = CARTESIAN_POINT('',(-23.974,-6.9,44.729));
#505 = LINE('',#506,#507);
#506 = CARTESIAN_POINT('',(-23.974,-6.9,44.729));
#507 = VECTOR('',#508,1.);
#508 = DIRECTION('',(-0.677475754752,0.,0.735545105159));
#509 = ORIENTED_EDGE('',*,*,#510,.F.);
#510 = EDGE_CURVE('',#511,#503,#513,.T.);
#511 = VERTEX_POINT('',#512);
#512 = CARTESIAN_POINT('',(-4.829,-6.9,44.731));
#513 = LINE('',#514,#515);
#514 = CARTESIAN_POINT('',(-4.829,-6.9,44.731));
#515 = VECTOR('',#516,1.);
#516 = DIRECTION('',(-0.999999994543,0.,-1.044659174244E-04));
#517 = ORIENTED_EDGE('',*,*,#518,.F.);
#518 = EDGE_CURVE('',#519,#511,#521,.T.);
#519 = VERTEX_POINT('',#520);
#520 = CARTESIAN_POINT('',(-4.31,-6.9,44.55));
#521 = LINE('',#522,#523);
#522 = CARTESIAN_POINT('',(-4.31,-6.9,44.55));
#523 = VECTOR('',#524,1.);
#524 = DIRECTION('',(-0.94422649452,0.,0.329296715815));
#525 = ORIENTED_EDGE('',*,*,#526,.F.);
#526 = EDGE_CURVE('',#527,#519,#529,.T.);
#527 = VERTEX_POINT('',#528);
#528 = CARTESIAN_POINT('',(-4.034,-6.9,44.339));
#529 = LINE('',#530,#531);
#530 = CARTESIAN_POINT('',(-4.034,-6.9,44.339));
#531 = VECTOR('',#532,1.);
#532 = DIRECTION('',(-0.794439527218,0.,0.60734326175));
#533 = ORIENTED_EDGE('',*,*,#534,.F.);
#534 = EDGE_CURVE('',#535,#527,#537,.T.);
#535 = VERTEX_POINT('',#536);
#536 = CARTESIAN_POINT('',(-3.815,-6.9,44.056));
#537 = LINE('',#538,#539);
#538 = CARTESIAN_POINT('',(-3.815,-6.9,44.056));
#539 = VECTOR('',#540,1.);
#540 = DIRECTION('',(-0.612004088463,0.,0.790854598333));
#541 = ORIENTED_EDGE('',*,*,#542,.F.);
#542 = EDGE_CURVE('',#543,#535,#545,.T.);
#543 = VERTEX_POINT('',#544);
#544 = CARTESIAN_POINT('',(-3.655,-6.9,43.644));
#545 = LINE('',#546,#547);
#546 = CARTESIAN_POINT('',(-3.655,-6.9,43.644));
#547 = VECTOR('',#548,1.);
#548 = DIRECTION('',(-0.3620094807,0.,0.932174412802));
#549 = ORIENTED_EDGE('',*,*,#550,.F.);
#550 = EDGE_CURVE('',#110,#543,#551,.T.);
#551 = LINE('',#552,#553);
#552 = CARTESIAN_POINT('',(-3.596,-6.9,-9.976));
#553 = VECTOR('',#554,1.);
#554 = DIRECTION('',(-1.100335029527E-03,0.,0.999999394631));
#555 = ORIENTED_EDGE('',*,*,#109,.F.);
#556 = ORIENTED_EDGE('',*,*,#47,.F.);
#557 = ORIENTED_EDGE('',*,*,#558,.F.);
#558 = EDGE_CURVE('',#559,#40,#561,.T.);
#559 = VERTEX_POINT('',#560);
#560 = CARTESIAN_POINT('',(-3.759668654747,-6.9,-10.56797449057));
#561 = LINE('',#562,#563);
#562 = CARTESIAN_POINT('',(-3.709299047853,-6.9,-10.45485205117));
#563 = VECTOR('',#564,1.);
#564 = DIRECTION('',(-0.406765299215,0.,-0.913532698569));
#565 = ORIENTED_EDGE('',*,*,#566,.F.);
#566 = EDGE_CURVE('',#567,#559,#569,.T.);
#567 = VERTEX_POINT('',#568);
#568 = CARTESIAN_POINT('',(-3.649387901645,-6.9,-10.14348600517));
#569 = LINE('',#570,#571);
#570 = CARTESIAN_POINT('',(-3.611805576488,-6.9,-9.998825546892));
#571 = VECTOR('',#572,1.);
#572 = DIRECTION('',(-0.251449635405,0.,-0.967870384326));
#573 = ORIENTED_EDGE('',*,*,#574,.F.);
#574 = EDGE_CURVE('',#575,#567,#577,.T.);
#575 = VERTEX_POINT('',#576);
#576 = CARTESIAN_POINT('',(-3.600047429281,-6.9,-9.256179843837));
#577 = LINE('',#578,#579);
#578 = CARTESIAN_POINT('',(-3.597686256968,-6.9,-9.213718095071));
#579 = VECTOR('',#580,1.);
#580 = DIRECTION('',(-5.552126995248E-02,0.,-0.998457504645));
#581 = ORIENTED_EDGE('',*,*,#582,.F.);
#582 = EDGE_CURVE('',#583,#575,#585,.T.);
#583 = VERTEX_POINT('',#584);
#584 = CARTESIAN_POINT('',(-3.65989160492,-6.9,43.325905081321));
#585 = LINE('',#586,#587);
#586 = CARTESIAN_POINT('',(-3.659999028531,-6.9,43.420292836706));
#587 = VECTOR('',#588,1.);
#588 = DIRECTION('',(1.138108862862E-03,0.,-0.999999352354));
#589 = ORIENTED_EDGE('',*,*,#590,.F.);
#590 = EDGE_CURVE('',#591,#583,#593,.T.);
#591 = VERTEX_POINT('',#592);
#592 = CARTESIAN_POINT('',(-3.71179790951,-6.9,43.732990481363));
#593 = LINE('',#594,#595);
#594 = CARTESIAN_POINT('',(-3.73695313915,-6.9,43.930275316068));
#595 = VECTOR('',#596,1.);
#596 = DIRECTION('',(0.126483122621,0.,-0.991968759433));
#597 = ORIENTED_EDGE('',*,*,#598,.F.);
#598 = EDGE_CURVE('',#599,#591,#601,.T.);
#599 = VERTEX_POINT('',#600);
#600 = CARTESIAN_POINT('',(-3.84245395718,-6.9,44.050429470419));
#601 = LINE('',#602,#603);
#602 = CARTESIAN_POINT('',(-3.920100399439,-6.9,44.239077516753));
#603 = VECTOR('',#604,1.);
#604 = DIRECTION('',(0.380614988831,0.,-0.924733599626));
#605 = ORIENTED_EDGE('',*,*,#606,.F.);
#606 = EDGE_CURVE('',#607,#599,#609,.T.);
#607 = VERTEX_POINT('',#608);
#608 = CARTESIAN_POINT('',(-4.055558646542,-6.9,44.324555326339));
#609 = LINE('',#610,#611);
#610 = CARTESIAN_POINT('',(-4.171246673351,-6.9,44.473369880648));
#611 = VECTOR('',#612,1.);
#612 = DIRECTION('',(0.613753412901,0.,-0.789497782234));
#613 = ORIENTED_EDGE('',*,*,#614,.F.);
#614 = EDGE_CURVE('',#615,#607,#617,.T.);
#615 = VERTEX_POINT('',#616);
#616 = CARTESIAN_POINT('',(-4.325276583594,-6.9,44.533874887744));
#617 = LINE('',#618,#619);
#618 = CARTESIAN_POINT('',(-4.491648256957,-6.9,44.662990682115));
#619 = VECTOR('',#620,1.);
#620 = DIRECTION('',(0.790006211924,0.,-0.613098837972));
#621 = ORIENTED_EDGE('',*,*,#622,.F.);
#622 = EDGE_CURVE('',#623,#615,#625,.T.);
#623 = VERTEX_POINT('',#624);
#624 = CARTESIAN_POINT('',(-4.650982371802,-6.9,44.664346292019));
#625 = LINE('',#626,#627);
#626 = CARTESIAN_POINT('',(-4.818782824882,-6.9,44.731563890059));
#627 = VECTOR('',#628,1.);
#628 = DIRECTION('',(0.92829073996,0.,-0.371855216588));
#629 = ORIENTED_EDGE('',*,*,#630,.F.);
#630 = EDGE_CURVE('',#631,#623,#633,.T.);
#631 = VERTEX_POINT('',#632);
#632 = CARTESIAN_POINT('',(-5.112693758047,-6.9,44.729951395158));
#633 = LINE('',#634,#635);
#634 = CARTESIAN_POINT('',(-5.2180171669,-6.9,44.74491691974));
#635 = VECTOR('',#636,1.);
#636 = DIRECTION('',(0.99005538684,0.,-0.140678111267));
#637 = ORIENTED_EDGE('',*,*,#638,.F.);
#638 = EDGE_CURVE('',#639,#631,#641,.T.);
#639 = VERTEX_POINT('',#640);
#640 = CARTESIAN_POINT('',(-39.91231243919,-6.9,44.71400015758));
#641 = LINE('',#642,#643);
#642 = CARTESIAN_POINT('',(-39.91231243919,-6.9,44.71400015758));
#643 = VECTOR('',#644,1.);
#644 = DIRECTION('',(0.999999894947,0.,4.583738703703E-04));
#645 = ORIENTED_EDGE('',*,*,#646,.F.);
#646 = EDGE_CURVE('',#647,#639,#649,.T.);
#647 = VERTEX_POINT('',#648);
#648 = CARTESIAN_POINT('',(-41.37454586452,-6.9,45.876533429953));
#649 = CIRCLE('',#650,1.5);
#650 = AXIS2_PLACEMENT_3D('',#651,#652,#653);
#651 = CARTESIAN_POINT('',(-39.913,-6.9,46.214));
#652 = DIRECTION('',(0.,-1.,-0.));
#653 = DIRECTION('',(-0.224977713365,-0.,0.974363909681));
#654 = ORIENTED_EDGE('',*,*,#655,.F.);
#655 = EDGE_CURVE('',#656,#647,#658,.T.);
#656 = VERTEX_POINT('',#657);
#657 = CARTESIAN_POINT('',(-41.47409112214,-6.9,46.307657495352));
#658 = LINE('',#659,#660);
#659 = CARTESIAN_POINT('',(-41.51354586452,-6.9,46.478533429953));
#660 = VECTOR('',#661,1.);
#661 = DIRECTION('',(0.224977713365,0.,-0.974363909681));
#662 = ORIENTED_EDGE('',*,*,#663,.F.);
#663 = EDGE_CURVE('',#664,#656,#666,.T.);
#664 = VERTEX_POINT('',#665);
#665 = CARTESIAN_POINT('',(-41.61569050793,-6.9,46.593678846046));
#666 = LINE('',#667,#668);
#667 = CARTESIAN_POINT('',(-41.69728348379,-6.9,46.75849123582));
#668 = VECTOR('',#669,1.);
#669 = DIRECTION('',(0.443672509454,0.,-0.896188989195));
#670 = ORIENTED_EDGE('',*,*,#671,.F.);
#671 = EDGE_CURVE('',#672,#664,#674,.T.);
#672 = VERTEX_POINT('',#673);
#673 = CARTESIAN_POINT('',(-41.83117910329,-6.9,46.847613644548));
#674 = LINE('',#675,#676);
#675 = CARTESIAN_POINT('',(-41.95069978473,-6.9,46.988458500428));
#676 = VECTOR('',#677,1.);
#677 = DIRECTION('',(0.647027666381,0.,-0.762466523158));
#678 = ORIENTED_EDGE('',*,*,#679,.F.);
#679 = EDGE_CURVE('',#680,#672,#682,.T.);
#680 = VERTEX_POINT('',#681);
#681 = CARTESIAN_POINT('',(-42.09978238148,-6.9,47.040205925605));
#682 = LINE('',#683,#684);
#683 = CARTESIAN_POINT('',(-42.25705803341,-6.9,47.152974752427));
#684 = VECTOR('',#685,1.);
#685 = DIRECTION('',(0.812683498382,0.,-0.582705355611));
#686 = ORIENTED_EDGE('',*,*,#687,.F.);
#687 = EDGE_CURVE('',#688,#680,#690,.T.);
#688 = VERTEX_POINT('',#689);
#689 = CARTESIAN_POINT('',(-42.40812784667,-6.9,47.158185669145));
#690 = LINE('',#691,#692);
#691 = CARTESIAN_POINT('',(-42.57503498608,-6.9,47.2220480045));
#692 = VECTOR('',#693,1.);
#693 = DIRECTION('',(0.933967997,0.,-0.357356657389));
#694 = ORIENTED_EDGE('',*,*,#695,.F.);
#695 = EDGE_CURVE('',#696,#688,#698,.T.);
#696 = VERTEX_POINT('',#697);
#697 = CARTESIAN_POINT('',(-42.82573253102,-6.9,47.212050621185));
#698 = LINE('',#699,#700);
#699 = CARTESIAN_POINT('',(-42.92088859518,-6.9,47.224324374389));
#700 = VECTOR('',#701,1.);
#701 = DIRECTION('',(0.991783750407,0.,-0.127925730125));
#702 = ORIENTED_EDGE('',*,*,#703,.F.);
#703 = EDGE_CURVE('',#704,#696,#706,.T.);
#704 = VERTEX_POINT('',#705);
#705 = CARTESIAN_POINT('',(-57.95478817723,-6.9,47.220000207074));
#706 = LINE('',#707,#708);
#707 = CARTESIAN_POINT('',(-57.95478817723,-6.9,47.220000207074));
#708 = VECTOR('',#709,1.);
#709 = DIRECTION('',(0.99999986195,0.,-5.254514873956E-04));
#710 = ORIENTED_EDGE('',*,*,#711,.F.);
#711 = EDGE_CURVE('',#712,#704,#714,.T.);
#712 = VERTEX_POINT('',#713);
#713 = CARTESIAN_POINT('',(-59.37901579026,-6.9,48.251673193709));
#714 = CIRCLE('',#715,1.5);
#715 = AXIS2_PLACEMENT_3D('',#716,#717,#718);
#716 = CARTESIAN_POINT('',(-57.954,-6.9,48.72));
#717 = DIRECTION('',(0.,-1.,-0.));
#718 = DIRECTION('',(-0.312217870861,-0.,0.950010526844));
#719 = ORIENTED_EDGE('',*,*,#720,.F.);
#720 = EDGE_CURVE('',#721,#712,#723,.T.);
#721 = VERTEX_POINT('',#722);
#722 = CARTESIAN_POINT('',(-59.5166385478,-6.9,48.670429070936));
#723 = LINE('',#724,#725);
#724 = CARTESIAN_POINT('',(-59.56601579026,-6.9,48.820673193709));
#725 = VECTOR('',#726,1.);
#726 = DIRECTION('',(0.312217870861,0.,-0.950010526844));
#727 = ORIENTED_EDGE('',*,*,#728,.F.);
#728 = EDGE_CURVE('',#729,#721,#731,.T.);
#729 = VERTEX_POINT('',#730);
#730 = CARTESIAN_POINT('',(-59.66557978312,-6.9,48.92602538643));
#731 = LINE('',#732,#733);
#732 = CARTESIAN_POINT('',(-59.75401384589,-6.9,49.077786049358));
#733 = VECTOR('',#734,1.);
#734 = DIRECTION('',(0.503475967095,0.,-0.864009230598));
#735 = ORIENTED_EDGE('',*,*,#736,.F.);
#736 = EDGE_CURVE('',#737,#729,#739,.T.);
#737 = VERTEX_POINT('',#738);
#738 = CARTESIAN_POINT('',(-59.88264704365,-6.9,49.154065277711));
#739 = LINE('',#740,#741);
#740 = CARTESIAN_POINT('',(-59.99947712876,-6.9,49.276801059436));
#741 = VECTOR('',#742,1.);
#742 = DIRECTION('',(0.689465960376,0.,-0.724318085845));
#743 = ORIENTED_EDGE('',*,*,#744,.F.);
#744 = EDGE_CURVE('',#745,#737,#747,.T.);
#745 = VERTEX_POINT('',#746);
#746 = CARTESIAN_POINT('',(-60.13847013478,-6.9,49.323530664758));
#747 = LINE('',#748,#749);
#748 = CARTESIAN_POINT('',(-60.29238053152,-6.9,49.425485827753));
#749 = VECTOR('',#750,1.);
#750 = DIRECTION('',(0.833676114831,0.,-0.552253687683));
#751 = ORIENTED_EDGE('',*,*,#752,.F.);
#752 = EDGE_CURVE('',#753,#745,#755,.T.);
#753 = VERTEX_POINT('',#754);
#754 = CARTESIAN_POINT('',(-60.41942431815,-6.9,49.422959255625));
#755 = LINE('',#756,#757);
#756 = CARTESIAN_POINT('',(-60.58043074798,-6.9,49.479938803847));
#757 = VECTOR('',#758,1.);
#758 = DIRECTION('',(0.942707464102,0.,-0.33362049866));
#759 = ORIENTED_EDGE('',*,*,#760,.F.);
#760 = EDGE_CURVE('',#761,#753,#763,.T.);
#761 = VERTEX_POINT('',#762);
#762 = CARTESIAN_POINT('',(-60.80693035705,-6.9,49.467090208573));
#763 = LINE('',#764,#765);
#764 = CARTESIAN_POINT('',(-60.89072970794,-6.9,49.47663366039));
#765 = VECTOR('',#766,1.);
#766 = DIRECTION('',(0.99357755974,0.,-0.113153138629));
#767 = ORIENTED_EDGE('',*,*,#768,.F.);
#768 = EDGE_CURVE('',#769,#761,#771,.T.);
#769 = VERTEX_POINT('',#770);
#770 = CARTESIAN_POINT('',(-76.67958488109,-6.9,49.483908653282));
#771 = LINE('',#772,#773);
#772 = CARTESIAN_POINT('',(-76.76658937831,-6.9,49.484000842041));
#773 = VECTOR('',#774,1.);
#774 = DIRECTION('',(0.999999438639,0.,-1.05958554331E-03));
#775 = ORIENTED_EDGE('',*,*,#776,.F.);
#776 = EDGE_CURVE('',#777,#769,#779,.T.);
#777 = VERTEX_POINT('',#778);
#778 = CARTESIAN_POINT('',(-77.04779851292,-6.9,49.441444837921));
#779 = LINE('',#780,#781);
#780 = CARTESIAN_POINT('',(-77.22615318973,-6.9,49.420876289095));
#781 = VECTOR('',#782,1.);
#782 = DIRECTION('',(0.99341580727,0.,0.114564540175));
#783 = ORIENTED_EDGE('',*,*,#784,.F.);
#784 = EDGE_CURVE('',#785,#777,#787,.T.);
#785 = VERTEX_POINT('',#786);
#786 = CARTESIAN_POINT('',(-77.3280727417,-6.9,49.338161964652));
#787 = LINE('',#788,#789);
#788 = CARTESIAN_POINT('',(-77.49533607932,-6.9,49.276524338615));
#789 = VECTOR('',#790,1.);
#790 = DIRECTION('',(0.93831710759,0.,0.345775947115));
#791 = ORIENTED_EDGE('',*,*,#792,.F.);
#792 = EDGE_CURVE('',#793,#785,#795,.T.);
#793 = VERTEX_POINT('',#794);
#794 = CARTESIAN_POINT('',(-77.5972230963,-6.9,49.15809323184));
#795 = LINE('',#796,#797);
#796 = CARTESIAN_POINT('',(-77.74491397358,-6.9,49.059284113949));
#797 = VECTOR('',#798,1.);
#798 = DIRECTION('',(0.831143924034,0.,0.556057350947));
#799 = ORIENTED_EDGE('',*,*,#800,.F.);
#800 = EDGE_CURVE('',#801,#793,#803,.T.);
#801 = VERTEX_POINT('',#802);
#802 = CARTESIAN_POINT('',(-77.80710825083,-6.9,48.930678165985));
#803 = LINE('',#804,#805);
#804 = CARTESIAN_POINT('',(-77.91970679459,-6.9,48.80867522918));
#805 = VECTOR('',#806,1.);
#806 = DIRECTION('',(0.67821651388,0.,0.734862136935));
#807 = ORIENTED_EDGE('',*,*,#808,.F.);
#808 = EDGE_CURVE('',#809,#801,#811,.T.);
#809 = VERTEX_POINT('',#810);
#810 = CARTESIAN_POINT('',(-77.95463447053,-6.9,48.675902726258));
#811 = LINE('',#812,#813);
#812 = CARTESIAN_POINT('',(-78.0389150317,-6.9,48.530351534902));
#813 = VECTOR('',#814,1.);
#814 = DIRECTION('',(0.501098976732,0.,0.865389978864));
#815 = ORIENTED_EDGE('',*,*,#816,.F.);
#816 = EDGE_CURVE('',#817,#809,#819,.T.);
#817 = VERTEX_POINT('',#818);
#818 = CARTESIAN_POINT('',(-78.0766821863,-6.9,48.28350512847));
#819 = LINE('',#820,#821);
#820 = CARTESIAN_POINT('',(-78.0766821863,-6.9,48.28350512847));
#821 = VECTOR('',#822,1.);
#822 = DIRECTION('',(0.29699658102,0.,0.954878542466));
#823 = ORIENTED_EDGE('',*,*,#824,.F.);
#824 = EDGE_CURVE('',#825,#817,#827,.T.);
#825 = VERTEX_POINT('',#826);
#826 = CARTESIAN_POINT('',(-79.5081142315,-6.9,47.229000261529));
#827 = CIRCLE('',#828,1.5);
#828 = AXIS2_PLACEMENT_3D('',#829,#830,#831);
#829 = CARTESIAN_POINT('',(-79.509,-6.9,48.729));
#830 = DIRECTION('',(0.,-1.,-0.));
#831 = DIRECTION('',(-0.999999825648,0.,-5.905123306101E-04));
#832 = ORIENTED_EDGE('',*,*,#833,.F.);
#833 = EDGE_CURVE('',#834,#825,#836,.T.);
#834 = VERTEX_POINT('',#835);
#835 = CARTESIAN_POINT('',(-94.6492479535,-6.9,47.220059233807));
#836 = LINE('',#837,#838);
#837 = CARTESIAN_POINT('',(-94.7491142315,-6.9,47.220000261529));
#838 = VECTOR('',#839,1.);
#839 = DIRECTION('',(0.999999825648,0.,5.905123306101E-04));
#840 = ORIENTED_EDGE('',*,*,#841,.F.);
#841 = EDGE_CURVE('',#842,#834,#844,.T.);
#842 = VERTEX_POINT('',#843);
#843 = CARTESIAN_POINT('',(-95.0802453774,-6.9,47.162155147771));
#844 = LINE('',#845,#846);
#845 = CARTESIAN_POINT('',(-95.27227091439,-6.9,47.13635670305));
#846 = VECTOR('',#847,1.);
#847 = DIRECTION('',(0.9910955313,0.,0.133152723734));
#848 = ORIENTED_EDGE('',*,*,#849,.F.);
#849 = EDGE_CURVE('',#850,#842,#852,.T.);
#850 = VERTEX_POINT('',#851);
#851 = CARTESIAN_POINT('',(-95.40242947041,-6.9,47.02954604282));
#852 = LINE('',#853,#854);
#853 = CARTESIAN_POINT('',(-95.59107751675,-6.9,46.951899600561));
#854 = VECTOR('',#855,1.);
#855 = DIRECTION('',(0.924733599626,0.,0.380614988831));
#856 = ORIENTED_EDGE('',*,*,#857,.F.);
#857 = EDGE_CURVE('',#858,#850,#860,.T.);
#858 = VERTEX_POINT('',#859);
#859 = CARTESIAN_POINT('',(-95.67705382329,-6.9,46.816053823292));
#860 = LINE('',#861,#862);
#861 = CARTESIAN_POINT('',(-95.82536988064,-6.9,46.700753326649));
#862 = VECTOR('',#863,1.);
#863 = DIRECTION('',(0.789497782234,0.,0.613753412901));
#864 = ORIENTED_EDGE('',*,*,#865,.F.);
#865 = EDGE_CURVE('',#866,#858,#868,.T.);
#866 = VERTEX_POINT('',#867);
#867 = CARTESIAN_POINT('',(-95.88587570706,-6.9,46.547437126985));
#868 = LINE('',#869,#870);
#869 = CARTESIAN_POINT('',(-96.01575332664,-6.9,46.380369880648));
#870 = VECTOR('',#871,1.);
#871 = DIRECTION('',(0.613753412901,0.,0.789497782234));
#872 = ORIENTED_EDGE('',*,*,#873,.F.);
#873 = EDGE_CURVE('',#874,#866,#876,.T.);
#874 = VERTEX_POINT('',#875);
#875 = CARTESIAN_POINT('',(-96.0141165991,-6.9,46.22683489688));
#876 = LINE('',#877,#878);
#877 = CARTESIAN_POINT('',(-96.08328496367,-6.9,46.053913985469));
#878 = VECTOR('',#879,1.);
#879 = DIRECTION('',(0.371390676354,0.,0.928476690885));
#880 = ORIENTED_EDGE('',*,*,#881,.F.);
#881 = EDGE_CURVE('',#882,#874,#884,.T.);
#882 = VERTEX_POINT('',#883);
#883 = CARTESIAN_POINT('',(-96.074,-6.9,45.780764665744));
#884 = LINE('',#885,#886);
#885 = CARTESIAN_POINT('',(-96.08733660984,-6.9,45.681420531185));
#886 = VECTOR('',#887,1.);
#887 = DIRECTION('',(0.13305297921,0.,0.99110892677));
#888 = ORIENTED_EDGE('',*,*,#889,.F.);
#889 = EDGE_CURVE('',#890,#882,#892,.T.);
#890 = VERTEX_POINT('',#891);
#891 = CARTESIAN_POINT('',(-96.074,-6.9,43.967));
#892 = LINE('',#893,#894);
#893 = CARTESIAN_POINT('',(-96.074,-6.9,43.967));
#894 = VECTOR('',#895,1.);
#895 = DIRECTION('',(0.,0.,1.));
#896 = ORIENTED_EDGE('',*,*,#897,.F.);
#897 = EDGE_CURVE('',#898,#890,#900,.T.);
#898 = VERTEX_POINT('',#899);
#899 = CARTESIAN_POINT('',(-97.57365305887,-6.9,42.467000040123));
#900 = CIRCLE('',#901,1.5);
#901 = AXIS2_PLACEMENT_3D('',#902,#903,#904);
#902 = CARTESIAN_POINT('',(-97.574,-6.9,43.967));
#903 = DIRECTION('',(0.,-1.,-0.));
#904 = DIRECTION('',(-0.999999973252,0.,-2.312940842491E-04));
#905 = ORIENTED_EDGE('',*,*,#906,.F.);
#906 = EDGE_CURVE('',#907,#898,#909,.T.);
#907 = VERTEX_POINT('',#908);
#908 = CARTESIAN_POINT('',(-132.0595084462,-6.9,42.459023665568));
#909 = LINE('',#910,#911);
#910 = CARTESIAN_POINT('',(-132.1616530588,-6.9,42.459000040123));
#911 = VECTOR('',#912,1.);
#912 = DIRECTION('',(0.999999973252,0.,2.312940842491E-04));
#913 = ORIENTED_EDGE('',*,*,#914,.F.);
#914 = EDGE_CURVE('',#915,#907,#917,.T.);
#915 = VERTEX_POINT('',#916);
#916 = CARTESIAN_POINT('',(-132.4798595493,-6.9,42.40140910877));
#917 = LINE('',#918,#919);
#918 = CARTESIAN_POINT('',(-132.6733099776,-6.9,42.374894224893));
#919 = VECTOR('',#920,1.);
#920 = DIRECTION('',(0.990737183405,0.,0.135793348215));
#921 = ORIENTED_EDGE('',*,*,#922,.F.);
#922 = EDGE_CURVE('',#923,#915,#925,.T.);
#923 = VERTEX_POINT('',#924);
#924 = CARTESIAN_POINT('',(-132.8016831229,-6.9,42.267197809391));
#925 = LINE('',#926,#927);
#926 = CARTESIAN_POINT('',(-132.9806438981,-6.9,42.192565121924));
#927 = VECTOR('',#928,1.);
#928 = DIRECTION('',(0.922956585384,0.,0.384904067913));
#929 = ORIENTED_EDGE('',*,*,#930,.F.);
#930 = EDGE_CURVE('',#931,#923,#933,.T.);
#931 = VERTEX_POINT('',#932);
#932 = CARTESIAN_POINT('',(-133.073728684,-6.9,42.05943698702));
#933 = LINE('',#934,#935);
#934 = CARTESIAN_POINT('',(-133.2315827085,-6.9,41.938884084736));
#935 = VECTOR('',#936,1.);
#936 = DIRECTION('',(0.794743943509,0.,0.606944860968));
#937 = ORIENTED_EDGE('',*,*,#938,.F.);
#938 = EDGE_CURVE('',#939,#931,#941,.T.);
#939 = VERTEX_POINT('',#940);
#940 = CARTESIAN_POINT('',(-133.2878587684,-6.9,41.780832569498));
#941 = LINE('',#942,#943);
#942 = CARTESIAN_POINT('',(-133.4076907012,-6.9,41.624919373421));
#943 = VECTOR('',#944,1.);
#944 = DIRECTION('',(0.609387084386,0.,0.792872865839));
#945 = ORIENTED_EDGE('',*,*,#946,.F.);
#946 = EDGE_CURVE('',#947,#939,#949,.T.);
#947 = VERTEX_POINT('',#948);
#948 = CARTESIAN_POINT('',(-133.4149006972,-6.9,41.475753008006));
#949 = LINE('',#950,#951);
#950 = CARTESIAN_POINT('',(-133.4962645031,-6.9,41.280365276977));
#951 = VECTOR('',#952,1.);
#952 = DIRECTION('',(0.384423148682,0.,0.923156997892));
#953 = ORIENTED_EDGE('',*,*,#954,.F.);
#954 = EDGE_CURVE('',#955,#947,#957,.T.);
#955 = VERTEX_POINT('',#956);
#956 = CARTESIAN_POINT('',(-133.4620137045,-6.9,41.065113710134));
#957 = LINE('',#958,#959);
#958 = CARTESIAN_POINT('',(-133.4717759738,-6.9,40.980025288784));
#959 = VECTOR('',#960,1.);
#960 = DIRECTION('',(0.113983140811,0.,0.993482684102));
#961 = ORIENTED_EDGE('',*,*,#962,.F.);
#962 = EDGE_CURVE('',#963,#955,#965,.T.);
#963 = VERTEX_POINT('',#964);
#964 = CARTESIAN_POINT('',(-133.4699836113,-6.9,-8.81255571778));
#965 = LINE('',#966,#967);
#966 = CARTESIAN_POINT('',(-133.4700000191,-6.9,-8.915239683615));
#967 = VECTOR('',#968,1.);
#968 = DIRECTION('',(1.597890763768E-04,0.,0.999999987234));
#969 = ORIENTED_EDGE('',*,*,#970,.F.);
#970 = EDGE_CURVE('',#971,#963,#973,.T.);
#971 = VERTEX_POINT('',#972);
#972 = CARTESIAN_POINT('',(-133.4134503486,-6.9,-9.224024619948));
#973 = LINE('',#974,#975);
#974 = CARTESIAN_POINT('',(-133.3869604445,-6.9,-9.416827426523));
#975 = VECTOR('',#976,1.);
#976 = DIRECTION('',(-0.136115048985,-0.,0.990693036939));
#977 = ORIENTED_EDGE('',*,*,#978,.F.);
#978 = EDGE_CURVE('',#979,#971,#981,.T.);
#979 = VERTEX_POINT('',#980);
#980 = CARTESIAN_POINT('',(-133.2792734896,-6.9,-9.546238062886));
#981 = LINE('',#982,#983);
#982 = CARTESIAN_POINT('',(-133.2042645031,-6.9,-9.726365276977));
#983 = VECTOR('',#984,1.);
#984 = DIRECTION('',(-0.384423148682,-0.,0.923156997892));
#985 = ORIENTED_EDGE('',*,*,#986,.F.);
#986 = EDGE_CURVE('',#987,#979,#989,.T.);
#987 = VERTEX_POINT('',#988);
#988 = CARTESIAN_POINT('',(-133.0715837436,-6.9,-9.817582160574));
#989 = LINE('',#990,#991);
#990 = CARTESIAN_POINT('',(-132.9508686181,-6.9,-9.975294986808));
#991 = VECTOR('',#992,1.);
#992 = DIRECTION('',(-0.607803342128,-0.,0.794087587926));
#993 = ORIENTED_EDGE('',*,*,#994,.F.);
#994 = EDGE_CURVE('',#995,#987,#997,.T.);
#995 = VERTEX_POINT('',#996);
#996 = CARTESIAN_POINT('',(-132.7922656454,-6.9,-10.03178894536));
#997 = LINE('',#998,#999);
#998 = CARTESIAN_POINT('',(-132.6371838532,-6.9,-10.15071991437));
#999 = VECTOR('',#1000,1.);
#1000 = DIRECTION('',(-0.793520057084,-0.,0.608544097831));
#1001 = ORIENTED_EDGE('',*,*,#1002,.F.);
#1002 = EDGE_CURVE('',#1003,#995,#1005,.T.);
#1003 = VERTEX_POINT('',#1004);
#1004 = CARTESIAN_POINT('',(-132.486484661,-6.9,-10.15930994325));
#1005 = LINE('',#1006,#1007);
#1006 = CARTESIAN_POINT('',(-132.2916438981,-6.9,-10.24056512192));
#1007 = VECTOR('',#1008,1.);
#1008 = DIRECTION('',(-0.922956585384,-0.,0.384904067913));
#1009 = ORIENTED_EDGE('',*,*,#1010,.F.);
#1010 = EDGE_CURVE('',#1011,#1003,#1013,.T.);
#1011 = VERTEX_POINT('',#1012);
#1012 = CARTESIAN_POINT('',(-132.0753033181,-6.9,-10.207));
#1013 = LINE('',#1014,#1015);
#1014 = CARTESIAN_POINT('',(-131.9891839429,-6.9,-10.21698838581));
#1015 = VECTOR('',#1016,1.);
#1016 = DIRECTION('',(-0.993341076125,-0.,0.115210704727));
#1017 = ORIENTED_EDGE('',*,*,#1018,.F.);
#1018 = EDGE_CURVE('',#1019,#1011,#1021,.T.);
#1019 = VERTEX_POINT('',#1020);
#1020 = CARTESIAN_POINT('',(-78.429,-6.9,-10.207));
#1021 = LINE('',#1022,#1023);
#1022 = CARTESIAN_POINT('',(-78.429,-6.9,-10.207));
#1023 = VECTOR('',#1024,1.);
#1024 = DIRECTION('',(-1.,-0.,0.));
#1025 = ORIENTED_EDGE('',*,*,#1026,.F.);
#1026 = EDGE_CURVE('',#1027,#1019,#1029,.T.);
#1027 = VERTEX_POINT('',#1028);
#1028 = CARTESIAN_POINT('',(-77.2154431576,-6.9,-10.82536527388));
#1029 = CIRCLE('',#1030,1.5);
#1030 = AXIS2_PLACEMENT_3D('',#1031,#1032,#1033);
#1031 = CARTESIAN_POINT('',(-78.429,-6.9,-11.707));
#1032 = DIRECTION('',(0.,-1.,0.));
#1033 = DIRECTION('',(0.587756484075,0.,-0.809037894927));
#1034 = ORIENTED_EDGE('',*,*,#1035,.F.);
#1035 = EDGE_CURVE('',#1036,#1027,#1038,.T.);
#1036 = VERTEX_POINT('',#1037);
#1037 = CARTESIAN_POINT('',(-69.07841153364,-6.9,-22.02586601591));
#1038 = LINE('',#1039,#1040);
#1039 = CARTESIAN_POINT('',(-68.9654431576,-6.9,-22.18136527388));
#1040 = VECTOR('',#1041,1.);
#1041 = DIRECTION('',(-0.587756484075,-0.,0.809037894927));
#1042 = ORIENTED_EDGE('',*,*,#1043,.F.);
#1043 = EDGE_CURVE('',#1044,#1036,#1046,.T.);
#1044 = VERTEX_POINT('',#1045);
#1045 = CARTESIAN_POINT('',(-68.80786639022,-6.9,-22.24808173224));
#1046 = LINE('',#1047,#1048);
#1047 = CARTESIAN_POINT('',(-68.68393638801,-6.9,-22.34987322577));
#1048 = VECTOR('',#1049,1.);
#1049 = DIRECTION('',(-0.77275118282,-0.,0.634709074655));
#1050 = ORIENTED_EDGE('',*,*,#1051,.F.);
#1051 = EDGE_CURVE('',#1052,#1044,#1054,.T.);
#1052 = VERTEX_POINT('',#1053);
#1053 = CARTESIAN_POINT('',(-68.48688944667,-6.9,-22.4129920906));
#1054 = LINE('',#1055,#1056);
#1055 = CARTESIAN_POINT('',(-68.33351549866,-6.9,-22.49179199581));
#1056 = VECTOR('',#1057,1.);
#1057 = DIRECTION('',(-0.889472002788,-0.,0.456989667559));
#1058 = ORIENTED_EDGE('',*,*,#1059,.F.);
#1059 = EDGE_CURVE('',#1060,#1052,#1062,.T.);
#1060 = VERTEX_POINT('',#1061);
#1061 = CARTESIAN_POINT('',(-68.0851898889,-6.9,-22.5137259797));
#1062 = LINE('',#1063,#1064);
#1063 = CARTESIAN_POINT('',(-68.00414330026,-6.9,-22.53404997039));
#1064 = VECTOR('',#1065,1.);
#1065 = DIRECTION('',(-0.969966686406,-0.,0.243237799822));
#1066 = ORIENTED_EDGE('',*,*,#1067,.F.);
#1067 = EDGE_CURVE('',#1068,#1060,#1070,.T.);
#1068 = VERTEX_POINT('',#1069);
#1069 = CARTESIAN_POINT('',(-35.59999232053,-6.9,-26.90652904071));
#1070 = LINE('',#1071,#1072);
#1071 = CARTESIAN_POINT('',(-35.59999232053,-6.9,-26.90652904071));
#1072 = VECTOR('',#1073,1.);
#1073 = DIRECTION('',(-0.990980639523,-0.,0.134005119641));
#1074 = ORIENTED_EDGE('',*,*,#1075,.F.);
#1075 = EDGE_CURVE('',#1076,#1068,#1078,.T.);
#1076 = VERTEX_POINT('',#1077);
#1077 = CARTESIAN_POINT('',(-35.05191180229,-6.9,-27.09343589151));
#1078 = CIRCLE('',#1079,1.5);
#1079 = AXIS2_PLACEMENT_3D('',#1080,#1081,#1082);
#1080 = CARTESIAN_POINT('',(-35.801,-6.9,-28.393));
#1081 = DIRECTION('',(0.,-1.,0.));
#1082 = DIRECTION('',(0.866376072324,0.,-0.499392131801));
#1083 = ORIENTED_EDGE('',*,*,#1084,.F.);
#1084 = EDGE_CURVE('',#1085,#1076,#1087,.T.);
#1085 = VERTEX_POINT('',#1086);
#1086 = CARTESIAN_POINT('',(-20.74052902471,-6.9,-35.34273106786));
#1087 = LINE('',#1088,#1089);
#1088 = CARTESIAN_POINT('',(-20.66991180229,-6.9,-35.38343589151));
#1089 = VECTOR('',#1090,1.);
#1090 = DIRECTION('',(-0.866376072324,-0.,0.499392131801));
#1091 = ORIENTED_EDGE('',*,*,#1092,.F.);
#1092 = EDGE_CURVE('',#1093,#1085,#1095,.T.);
#1093 = VERTEX_POINT('',#1094);
#1094 = CARTESIAN_POINT('',(-20.21644857413,-6.9,-35.57321299808));
#1095 = LINE('',#1096,#1097);
#1096 = CARTESIAN_POINT('',(-20.07614115385,-6.9,-35.63491788522));
#1097 = VECTOR('',#1098,1.);
#1098 = DIRECTION('',(-0.91538807652,-0.,0.402572564099));
#1099 = ORIENTED_EDGE('',*,*,#1100,.F.);
#1100 = EDGE_CURVE('',#1101,#1093,#1103,.T.);
#1101 = VERTEX_POINT('',#1102);
#1102 = CARTESIAN_POINT('',(-19.73373446053,-6.9,-35.67643488401));
#1103 = LINE('',#1104,#1105);
#1104 = CARTESIAN_POINT('',(-19.57133642317,-6.9,-35.71116150835));
#1105 = VECTOR('',#1106,1.);
#1106 = DIRECTION('',(-0.977892327763,-0.,0.20910905122));
#1107 = ORIENTED_EDGE('',*,*,#1108,.F.);
#1108 = EDGE_CURVE('',#1109,#1101,#1111,.T.);
#1109 = VERTEX_POINT('',#1110);
#1110 = CARTESIAN_POINT('',(-19.24808292183,-6.9,-35.67164423998));
#1111 = LINE('',#1112,#1113);
#1112 = CARTESIAN_POINT('',(-19.08879582763,-6.9,-35.67007297394));
#1113 = VECTOR('',#1114,1.);
#1114 = DIRECTION('',(-0.999951350702,0.,-9.863885087068E-03));
#1115 = ORIENTED_EDGE('',*,*,#1116,.F.);
#1116 = EDGE_CURVE('',#1117,#1109,#1119,.T.);
#1117 = VERTEX_POINT('',#1118);
#1118 = CARTESIAN_POINT('',(-18.76289725436,-6.9,-35.56240117774));
#1119 = LINE('',#1120,#1121);
#1120 = CARTESIAN_POINT('',(-18.60848729091,-6.9,-35.52763465767));
#1121 = VECTOR('',#1122,1.);
#1122 = DIRECTION('',(-0.975576894885,0.,-0.219658193943));
#1123 = ORIENTED_EDGE('',*,*,#1124,.F.);
#1124 = EDGE_CURVE('',#1125,#1117,#1127,.T.);
#1125 = VERTEX_POINT('',#1126);
#1126 = CARTESIAN_POINT('',(-18.3190271148,-6.9,-35.35790815951));
#1127 = LINE('',#1128,#1129);
#1128 = CARTESIAN_POINT('',(-18.16865059445,-6.9,-35.2886290038));
#1129 = VECTOR('',#1130,1.);
#1130 = DIRECTION('',(-0.908247330799,0.,-0.418433729636));
#1131 = ORIENTED_EDGE('',*,*,#1132,.F.);
#1132 = EDGE_CURVE('',#1133,#1125,#1135,.T.);
#1133 = VERTEX_POINT('',#1134);
#1134 = CARTESIAN_POINT('',(-17.92954204067,-6.9,-35.06084327247));
#1135 = LINE('',#1136,#1137);
#1136 = CARTESIAN_POINT('',(-17.80167376388,-6.9,-34.96331662068));
#1137 = VECTOR('',#1138,1.);
#1138 = DIRECTION('',(-0.795122252878,0.,-0.606449175924));
#1139 = ORIENTED_EDGE('',*,*,#1140,.F.);
#1140 = EDGE_CURVE('',#1141,#1133,#1143,.T.);
#1141 = VERTEX_POINT('',#1142);
#1142 = CARTESIAN_POINT('',(-17.61073648459,-6.9,-34.68662034434));
#1143 = LINE('',#1144,#1145);
#1144 = CARTESIAN_POINT('',(-17.52183010944,-6.9,-34.5822595407));
#1145 = VECTOR('',#1146,1.);
#1146 = DIRECTION('',(-0.648493639532,0.,-0.761220072966));
#1147 = ORIENTED_EDGE('',*,*,#1148,.F.);
#1148 = EDGE_CURVE('',#32,#1141,#1149,.T.);
#1149 = LINE('',#1150,#1151);
#1150 = CARTESIAN_POINT('',(-3.939251129346,-6.9,-10.99136908888));
#1151 = VECTOR('',#1152,1.);
#1152 = DIRECTION('',(-0.499753940741,0.,-0.866167419564));
#1153 = ORIENTED_EDGE('',*,*,#31,.F.);
#1154 = ORIENTED_EDGE('',*,*,#87,.F.);
#1155 = ORIENTED_EDGE('',*,*,#1156,.F.);
#1156 = EDGE_CURVE('',#1157,#80,#1159,.T.);
#1157 = VERTEX_POINT('',#1158);
#1158 = CARTESIAN_POINT('',(-3.51,-6.9,-12.954));
#1159 = LINE('',#1160,#1161);
#1160 = CARTESIAN_POINT('',(-3.51,-6.9,-12.954));
#1161 = VECTOR('',#1162,1.);
#1162 = DIRECTION('',(-0.870283772443,0.,0.492550662798));
#1163 = ORIENTED_EDGE('',*,*,#1164,.F.);
#1164 = EDGE_CURVE('',#1165,#1157,#1167,.T.);
#1165 = VERTEX_POINT('',#1166);
#1166 = CARTESIAN_POINT('',(-3.312179867968,-6.9,-12.90601392836));
#1167 = LINE('',#1168,#1169);
#1168 = CARTESIAN_POINT('',(-3.308,-6.9,-12.905));
#1169 = VECTOR('',#1170,1.);
#1170 = DIRECTION('',(-0.97181671537,0.,-0.235737718085));
#1171 = ORIENTED_EDGE('',*,*,#1172,.T.);
#1172 = EDGE_CURVE('',#1165,#1173,#1175,.T.);
#1173 = VERTEX_POINT('',#1174);
#1174 = CARTESIAN_POINT('',(-16.38,-6.9,-35.555));
#1175 = LINE('',#1176,#1177);
#1176 = CARTESIAN_POINT('',(-2.64,-6.9,-11.741));
#1177 = VECTOR('',#1178,1.);
#1178 = DIRECTION('',(-0.499753940741,0.,-0.866167419564));
#1179 = ORIENTED_EDGE('',*,*,#1180,.T.);
#1180 = EDGE_CURVE('',#1173,#1181,#1183,.T.);
#1181 = VERTEX_POINT('',#1182);
#1182 = CARTESIAN_POINT('',(-16.892,-6.9,-36.156));
#1183 = LINE('',#1184,#1185);
#1184 = CARTESIAN_POINT('',(-16.38,-6.9,-35.555));
#1185 = VECTOR('',#1186,1.);
#1186 = DIRECTION('',(-0.648493639532,0.,-0.761220072966));
#1187 = ORIENTED_EDGE('',*,*,#1188,.T.);
#1188 = EDGE_CURVE('',#1181,#1189,#1191,.T.);
#1189 = VERTEX_POINT('',#1190);
#1190 = CARTESIAN_POINT('',(-17.541,-6.9,-36.651));
#1191 = LINE('',#1192,#1193);
#1192 = CARTESIAN_POINT('',(-16.892,-6.9,-36.156));
#1193 = VECTOR('',#1194,1.);
#1194 = DIRECTION('',(-0.795122252878,0.,-0.606449175924));
#1195 = ORIENTED_EDGE('',*,*,#1196,.T.);
#1196 = EDGE_CURVE('',#1189,#1197,#1199,.T.);
#1197 = VERTEX_POINT('',#1198);
#1198 = CARTESIAN_POINT('',(-18.279,-6.9,-36.991));
#1199 = LINE('',#1200,#1201);
#1200 = CARTESIAN_POINT('',(-17.541,-6.9,-36.651));
#1201 = VECTOR('',#1202,1.);
#1202 = DIRECTION('',(-0.908247330799,0.,-0.418433729636));
#1203 = ORIENTED_EDGE('',*,*,#1204,.T.);
#1204 = EDGE_CURVE('',#1197,#1205,#1207,.T.);
#1205 = VERTEX_POINT('',#1206);
#1206 = CARTESIAN_POINT('',(-19.074,-6.9,-37.17));
#1207 = LINE('',#1208,#1209);
#1208 = CARTESIAN_POINT('',(-18.279,-6.9,-36.991));
#1209 = VECTOR('',#1210,1.);
#1210 = DIRECTION('',(-0.975576894885,0.,-0.219658193943));
#1211 = ORIENTED_EDGE('',*,*,#1212,.T.);
#1212 = EDGE_CURVE('',#1205,#1213,#1215,.T.);
#1213 = VERTEX_POINT('',#1214);
#1214 = CARTESIAN_POINT('',(-19.885,-6.9,-37.178));
#1215 = LINE('',#1216,#1217);
#1216 = CARTESIAN_POINT('',(-19.074,-6.9,-37.17));
#1217 = VECTOR('',#1218,1.);
#1218 = DIRECTION('',(-0.999951350702,0.,-9.863885087068E-03));
#1219 = ORIENTED_EDGE('',*,*,#1220,.T.);
#1220 = EDGE_CURVE('',#1213,#1221,#1223,.T.);
#1221 = VERTEX_POINT('',#1222);
#1222 = CARTESIAN_POINT('',(-20.68,-6.9,-37.008));
#1223 = LINE('',#1224,#1225);
#1224 = CARTESIAN_POINT('',(-19.885,-6.9,-37.178));
#1225 = VECTOR('',#1226,1.);
#1226 = DIRECTION('',(-0.977892327763,0.,0.20910905122));
#1227 = ORIENTED_EDGE('',*,*,#1228,.T.);
#1228 = EDGE_CURVE('',#1221,#1229,#1231,.T.);
#1229 = VERTEX_POINT('',#1230);
#1230 = CARTESIAN_POINT('',(-21.419,-6.9,-36.683));
#1231 = LINE('',#1232,#1233);
#1232 = CARTESIAN_POINT('',(-20.68,-6.9,-37.008));
#1233 = VECTOR('',#1234,1.);
#1234 = DIRECTION('',(-0.91538807652,0.,0.402572564099));
#1235 = ORIENTED_EDGE('',*,*,#1236,.T.);
#1236 = EDGE_CURVE('',#1229,#1237,#1239,.T.);
#1237 = VERTEX_POINT('',#1238);
#1238 = CARTESIAN_POINT('',(-35.801,-6.9,-28.393));
#1239 = LINE('',#1240,#1241);
#1240 = CARTESIAN_POINT('',(-21.419,-6.9,-36.683));
#1241 = VECTOR('',#1242,1.);
#1242 = DIRECTION('',(-0.866376072324,0.,0.499392131801));
#1243 = ORIENTED_EDGE('',*,*,#1244,.T.);
#1244 = EDGE_CURVE('',#1237,#1245,#1247,.T.);
#1245 = VERTEX_POINT('',#1246);
#1246 = CARTESIAN_POINT('',(-68.369,-6.9,-23.989));
#1247 = LINE('',#1248,#1249);
#1248 = CARTESIAN_POINT('',(-35.801,-6.9,-28.393));
#1249 = VECTOR('',#1250,1.);
#1250 = DIRECTION('',(-0.990980639523,0.,0.134005119641));
#1251 = ORIENTED_EDGE('',*,*,#1252,.T.);
#1252 = EDGE_CURVE('',#1245,#1253,#1255,.T.);
#1253 = VERTEX_POINT('',#1254);
#1254 = CARTESIAN_POINT('',(-69.019,-6.9,-23.826));
#1255 = LINE('',#1256,#1257);
#1256 = CARTESIAN_POINT('',(-68.369,-6.9,-23.989));
#1257 = VECTOR('',#1258,1.);
#1258 = DIRECTION('',(-0.969966686406,0.,0.243237799822));
#1259 = ORIENTED_EDGE('',*,*,#1260,.T.);
#1260 = EDGE_CURVE('',#1253,#1261,#1263,.T.);
#1261 = VERTEX_POINT('',#1262);
#1262 = CARTESIAN_POINT('',(-69.636,-6.9,-23.509));
#1263 = LINE('',#1264,#1265);
#1264 = CARTESIAN_POINT('',(-69.019,-6.9,-23.826));
#1265 = VECTOR('',#1266,1.);
#1266 = DIRECTION('',(-0.889472002788,0.,0.456989667559));
#1267 = ORIENTED_EDGE('',*,*,#1268,.T.);
#1268 = EDGE_CURVE('',#1261,#1269,#1271,.T.);
#1269 = VERTEX_POINT('',#1270);
#1270 = CARTESIAN_POINT('',(-70.179,-6.9,-23.063));
#1271 = LINE('',#1272,#1273);
#1272 = CARTESIAN_POINT('',(-69.636,-6.9,-23.509));
#1273 = VECTOR('',#1274,1.);
#1274 = DIRECTION('',(-0.77275118282,0.,0.634709074655));
#1275 = ORIENTED_EDGE('',*,*,#1276,.T.);
#1276 = EDGE_CURVE('',#1269,#1277,#1279,.T.);
#1277 = VERTEX_POINT('',#1278);
#1278 = CARTESIAN_POINT('',(-78.429,-6.9,-11.707));
#1279 = LINE('',#1280,#1281);
#1280 = CARTESIAN_POINT('',(-70.179,-6.9,-23.063));
#1281 = VECTOR('',#1282,1.);
#1282 = DIRECTION('',(-0.587756484075,0.,0.809037894927));
#1283 = ORIENTED_EDGE('',*,*,#1284,.T.);
#1284 = EDGE_CURVE('',#1277,#1285,#1287,.T.);
#1285 = VERTEX_POINT('',#1286);
#1286 = CARTESIAN_POINT('',(-132.162,-6.9,-11.707));
#1287 = LINE('',#1288,#1289);
#1288 = CARTESIAN_POINT('',(-78.429,-6.9,-11.707));
#1289 = VECTOR('',#1290,1.);
#1290 = DIRECTION('',(-1.,0.,0.));
#1291 = ORIENTED_EDGE('',*,*,#1292,.T.);
#1292 = EDGE_CURVE('',#1285,#1293,#1295,.T.);
#1293 = VERTEX_POINT('',#1294);
#1294 = CARTESIAN_POINT('',(-132.869,-6.9,-11.625));
#1295 = LINE('',#1296,#1297);
#1296 = CARTESIAN_POINT('',(-132.162,-6.9,-11.707));
#1297 = VECTOR('',#1298,1.);
#1298 = DIRECTION('',(-0.993341076125,0.,0.115210704727));
#1299 = ORIENTED_EDGE('',*,*,#1300,.T.);
#1300 = EDGE_CURVE('',#1293,#1301,#1303,.T.);
#1301 = VERTEX_POINT('',#1302);
#1302 = CARTESIAN_POINT('',(-133.55,-6.9,-11.341));
#1303 = LINE('',#1304,#1305);
#1304 = CARTESIAN_POINT('',(-132.869,-6.9,-11.625));
#1305 = VECTOR('',#1306,1.);
#1306 = DIRECTION('',(-0.922956585384,0.,0.384904067913));
#1307 = ORIENTED_EDGE('',*,*,#1308,.T.);
#1308 = EDGE_CURVE('',#1301,#1309,#1311,.T.);
#1309 = VERTEX_POINT('',#1310);
#1310 = CARTESIAN_POINT('',(-134.142,-6.9,-10.887));
#1311 = LINE('',#1312,#1313);
#1312 = CARTESIAN_POINT('',(-133.55,-6.9,-11.341));
#1313 = VECTOR('',#1314,1.);
#1314 = DIRECTION('',(-0.793520057084,0.,0.608544097831));
#1315 = ORIENTED_EDGE('',*,*,#1316,.T.);
#1316 = EDGE_CURVE('',#1309,#1317,#1319,.T.);
#1317 = VERTEX_POINT('',#1318);
#1318 = CARTESIAN_POINT('',(-134.589,-6.9,-10.303));
#1319 = LINE('',#1320,#1321);
#1320 = CARTESIAN_POINT('',(-134.142,-6.9,-10.887));
#1321 = VECTOR('',#1322,1.);
#1322 = DIRECTION('',(-0.607803342128,0.,0.794087587926));
#1323 = ORIENTED_EDGE('',*,*,#1324,.T.);
#1324 = EDGE_CURVE('',#1317,#1325,#1327,.T.);
#1325 = VERTEX_POINT('',#1326);
#1326 = CARTESIAN_POINT('',(-134.873,-6.9,-9.621));
#1327 = LINE('',#1328,#1329);
#1328 = CARTESIAN_POINT('',(-134.589,-6.9,-10.303));
#1329 = VECTOR('',#1330,1.);
#1330 = DIRECTION('',(-0.384423148682,0.,0.923156997892));
#1331 = ORIENTED_EDGE('',*,*,#1332,.T.);
#1332 = EDGE_CURVE('',#1325,#1333,#1335,.T.);
#1333 = VERTEX_POINT('',#1334);
#1334 = CARTESIAN_POINT('',(-134.97,-6.9,-8.915));
#1335 = LINE('',#1336,#1337);
#1336 = CARTESIAN_POINT('',(-134.873,-6.9,-9.621));
#1337 = VECTOR('',#1338,1.);
#1338 = DIRECTION('',(-0.136115048985,0.,0.990693036939));
#1339 = ORIENTED_EDGE('',*,*,#1340,.T.);
#1340 = EDGE_CURVE('',#1333,#1341,#1343,.T.);
#1341 = VERTEX_POINT('',#1342);
#1342 = CARTESIAN_POINT('',(-134.962,-6.9,41.151));
#1343 = LINE('',#1344,#1345);
#1344 = CARTESIAN_POINT('',(-134.97,-6.9,-8.915));
#1345 = VECTOR('',#1346,1.);
#1346 = DIRECTION('',(1.597890763768E-04,0.,0.999999987234));
#1347 = ORIENTED_EDGE('',*,*,#1348,.T.);
#1348 = EDGE_CURVE('',#1341,#1349,#1351,.T.);
#1349 = VERTEX_POINT('',#1350);
#1350 = CARTESIAN_POINT('',(-134.881,-6.9,41.857));
#1351 = LINE('',#1352,#1353);
#1352 = CARTESIAN_POINT('',(-134.962,-6.9,41.151));
#1353 = VECTOR('',#1354,1.);
#1354 = DIRECTION('',(0.113983140811,0.,0.993482684102));
#1355 = ORIENTED_EDGE('',*,*,#1356,.T.);
#1356 = EDGE_CURVE('',#1349,#1357,#1359,.T.);
#1357 = VERTEX_POINT('',#1358);
#1358 = CARTESIAN_POINT('',(-134.597,-6.9,42.539));
#1359 = LINE('',#1360,#1361);
#1360 = CARTESIAN_POINT('',(-134.881,-6.9,41.857));
#1361 = VECTOR('',#1362,1.);
#1362 = DIRECTION('',(0.384423148682,0.,0.923156997892));
#1363 = ORIENTED_EDGE('',*,*,#1364,.T.);
#1364 = EDGE_CURVE('',#1357,#1365,#1367,.T.);
#1365 = VERTEX_POINT('',#1366);
#1366 = CARTESIAN_POINT('',(-134.142,-6.9,43.131));
#1367 = LINE('',#1368,#1369);
#1368 = CARTESIAN_POINT('',(-134.597,-6.9,42.539));
#1369 = VECTOR('',#1370,1.);
#1370 = DIRECTION('',(0.609387084386,0.,0.792872865839));
#1371 = ORIENTED_EDGE('',*,*,#1372,.T.);
#1372 = EDGE_CURVE('',#1365,#1373,#1375,.T.);
#1373 = VERTEX_POINT('',#1374);
#1374 = CARTESIAN_POINT('',(-133.558,-6.9,43.577));
#1375 = LINE('',#1376,#1377);
#1376 = CARTESIAN_POINT('',(-134.142,-6.9,43.131));
#1377 = VECTOR('',#1378,1.);
#1378 = DIRECTION('',(0.794743943509,0.,0.606944860968));
#1379 = ORIENTED_EDGE('',*,*,#1380,.T.);
#1380 = EDGE_CURVE('',#1373,#1381,#1383,.T.);
#1381 = VERTEX_POINT('',#1382);
#1382 = CARTESIAN_POINT('',(-132.877,-6.9,43.861));
#1383 = LINE('',#1384,#1385);
#1384 = CARTESIAN_POINT('',(-133.558,-6.9,43.577));
#1385 = VECTOR('',#1386,1.);
#1386 = DIRECTION('',(0.922956585384,0.,0.384904067913));
#1387 = ORIENTED_EDGE('',*,*,#1388,.T.);
#1388 = EDGE_CURVE('',#1381,#1389,#1391,.T.);
#1389 = VERTEX_POINT('',#1390);
#1390 = CARTESIAN_POINT('',(-132.162,-6.9,43.959));
#1391 = LINE('',#1392,#1393);
#1392 = CARTESIAN_POINT('',(-132.877,-6.9,43.861));
#1393 = VECTOR('',#1394,1.);
#1394 = DIRECTION('',(0.990737183405,0.,0.135793348215));
#1395 = ORIENTED_EDGE('',*,*,#1396,.T.);
#1396 = EDGE_CURVE('',#1389,#1397,#1399,.T.);
#1397 = VERTEX_POINT('',#1398);
#1398 = CARTESIAN_POINT('',(-97.574,-6.9,43.967));
#1399 = LINE('',#1400,#1401);
#1400 = CARTESIAN_POINT('',(-132.162,-6.9,43.959));
#1401 = VECTOR('',#1402,1.);
#1402 = DIRECTION('',(0.999999973252,0.,2.312940842491E-04));
#1403 = ORIENTED_EDGE('',*,*,#1404,.T.);
#1404 = EDGE_CURVE('',#1397,#1405,#1407,.T.);
#1405 = VERTEX_POINT('',#1406);
#1406 = CARTESIAN_POINT('',(-97.574,-6.9,45.881));
#1407 = LINE('',#1408,#1409);
#1408 = CARTESIAN_POINT('',(-97.574,-6.9,43.967));
#1409 = VECTOR('',#1410,1.);
#1410 = DIRECTION('',(0.,0.,1.));
#1411 = ORIENTED_EDGE('',*,*,#1412,.T.);
#1412 = EDGE_CURVE('',#1405,#1413,#1415,.T.);
#1413 = VERTEX_POINT('',#1414);
#1414 = CARTESIAN_POINT('',(-97.476,-6.9,46.611));
#1415 = LINE('',#1416,#1417);
#1416 = CARTESIAN_POINT('',(-97.574,-6.9,45.881));
#1417 = VECTOR('',#1418,1.);
#1418 = DIRECTION('',(0.13305297921,0.,0.99110892677));
#1419 = ORIENTED_EDGE('',*,*,#1420,.T.);
#1420 = EDGE_CURVE('',#1413,#1421,#1423,.T.);
#1421 = VERTEX_POINT('',#1422);
#1422 = CARTESIAN_POINT('',(-97.2,-6.9,47.301));
#1423 = LINE('',#1424,#1425);
#1424 = CARTESIAN_POINT('',(-97.476,-6.9,46.611));
#1425 = VECTOR('',#1426,1.);
#1426 = DIRECTION('',(0.371390676354,0.,0.928476690885));
#1427 = ORIENTED_EDGE('',*,*,#1428,.T.);
#1428 = EDGE_CURVE('',#1421,#1429,#1431,.T.);
#1429 = VERTEX_POINT('',#1430);
#1430 = CARTESIAN_POINT('',(-96.746,-6.9,47.885));
#1431 = LINE('',#1432,#1433);
#1432 = CARTESIAN_POINT('',(-97.2,-6.9,47.301));
#1433 = VECTOR('',#1434,1.);
#1434 = DIRECTION('',(0.613753412901,0.,0.789497782234));
#1435 = ORIENTED_EDGE('',*,*,#1436,.T.);
#1436 = EDGE_CURVE('',#1429,#1437,#1439,.T.);
#1437 = VERTEX_POINT('',#1438);
#1438 = CARTESIAN_POINT('',(-96.162,-6.9,48.339));
#1439 = LINE('',#1440,#1441);
#1440 = CARTESIAN_POINT('',(-96.746,-6.9,47.885));
#1441 = VECTOR('',#1442,1.);
#1442 = DIRECTION('',(0.789497782234,0.,0.613753412901));
#1443 = ORIENTED_EDGE('',*,*,#1444,.T.);
#1444 = EDGE_CURVE('',#1437,#1445,#1447,.T.);
#1445 = VERTEX_POINT('',#1446);
#1446 = CARTESIAN_POINT('',(-95.472,-6.9,48.623));
#1447 = LINE('',#1448,#1449);
#1448 = CARTESIAN_POINT('',(-96.162,-6.9,48.339));
#1449 = VECTOR('',#1450,1.);
#1450 = DIRECTION('',(0.924733599626,0.,0.380614988831));
#1451 = ORIENTED_EDGE('',*,*,#1452,.T.);
#1452 = EDGE_CURVE('',#1445,#1453,#1455,.T.);
#1453 = VERTEX_POINT('',#1454);
#1454 = CARTESIAN_POINT('',(-94.75,-6.9,48.72));
#1455 = LINE('',#1456,#1457);
#1456 = CARTESIAN_POINT('',(-95.472,-6.9,48.623));
#1457 = VECTOR('',#1458,1.);
#1458 = DIRECTION('',(0.9910955313,0.,0.133152723734));
#1459 = ORIENTED_EDGE('',*,*,#1460,.T.);
#1460 = EDGE_CURVE('',#1453,#1461,#1463,.T.);
#1461 = VERTEX_POINT('',#1462);
#1462 = CARTESIAN_POINT('',(-79.509,-6.9,48.729));
#1463 = LINE('',#1464,#1465);
#1464 = CARTESIAN_POINT('',(-94.75,-6.9,48.72));
#1465 = VECTOR('',#1466,1.);
#1466 = DIRECTION('',(0.999999825648,0.,5.905123306101E-04));
#1467 = ORIENTED_EDGE('',*,*,#1468,.T.);
#1468 = EDGE_CURVE('',#1461,#1469,#1471,.T.);
#1469 = VERTEX_POINT('',#1470);
#1470 = CARTESIAN_POINT('',(-79.337,-6.9,49.282));
#1471 = LINE('',#1472,#1473);
#1472 = CARTESIAN_POINT('',(-79.509,-6.9,48.729));
#1473 = VECTOR('',#1474,1.);
#1474 = DIRECTION('',(0.29699658102,0.,0.954878542466));
#1475 = ORIENTED_EDGE('',*,*,#1476,.T.);
#1476 = EDGE_CURVE('',#1469,#333,#1477,.T.);
#1477 = LINE('',#1478,#1479);
#1478 = CARTESIAN_POINT('',(-79.337,-6.9,49.282));
#1479 = VECTOR('',#1480,1.);
#1480 = DIRECTION('',(0.501098976732,0.,0.865389978864));
#1481 = PLANE('',#1482);
#1482 = AXIS2_PLACEMENT_3D('',#1483,#1484,#1485);
#1483 = CARTESIAN_POINT('',(-65.97731018769,-6.9,12.726021874121));
#1484 = DIRECTION('',(0.,1.,0.));
#1485 = DIRECTION('',(0.,-0.,1.));
#1486 = ADVANCED_FACE('',(#1487),#1504,.T.);
#1487 = FACE_BOUND('',#1488,.T.);
#1488 = EDGE_LOOP('',(#1489,#1497,#1498));
#1489 = ORIENTED_EDGE('',*,*,#1490,.T.);
#1490 = EDGE_CURVE('',#1491,#32,#1493,.T.);
#1491 = VERTEX_POINT('',#1492);
#1492 = CARTESIAN_POINT('',(-3.978419053964,-6.9,-11.05925445692));
#1493 = LINE('',#1494,#1495);
#1494 = CARTESIAN_POINT('',(-3.939251129346,-6.9,-10.99136908888));
#1495 = VECTOR('',#1496,1.);
#1496 = DIRECTION('',(-0.499753940741,0.,-0.866167419564));
#1497 = ORIENTED_EDGE('',*,*,#39,.T.);
#1498 = ORIENTED_EDGE('',*,*,#1499,.T.);
#1499 = EDGE_CURVE('',#40,#1491,#1500,.T.);
#1500 = LINE('',#1501,#1502);
#1501 = CARTESIAN_POINT('',(-3.709299047853,-6.9,-10.45485205117));
#1502 = VECTOR('',#1503,1.);
#1503 = DIRECTION('',(-0.406765299215,0.,-0.913532698569));
#1504 = PLANE('',#1505);
#1505 = AXIS2_PLACEMENT_3D('',#1506,#1507,#1508);
#1506 = CARTESIAN_POINT('',(-5.887329302706,-6.9,23.695878498611));
#1507 = DIRECTION('',(0.,1.,0.));
#1508 = DIRECTION('',(0.,-0.,1.));
#1509 = ADVANCED_FACE('',(#1510),#1521,.F.);
#1510 = FACE_BOUND('',#1511,.F.);
#1511 = EDGE_LOOP('',(#1512,#1518,#1519,#1520));
#1512 = ORIENTED_EDGE('',*,*,#1513,.T.);
#1513 = EDGE_CURVE('',#310,#1157,#1514,.T.);
#1514 = LINE('',#1515,#1516);
#1515 = CARTESIAN_POINT('',(-3.51,-12.965,-12.954));
#1516 = VECTOR('',#1517,1.);
#1517 = DIRECTION('',(0.,1.,0.));
#1518 = ORIENTED_EDGE('',*,*,#1156,.T.);
#1519 = ORIENTED_EDGE('',*,*,#77,.F.);
#1520 = ORIENTED_EDGE('',*,*,#317,.F.);
#1521 = PLANE('',#1522);
#1522 = AXIS2_PLACEMENT_3D('',#1523,#1524,#1525);
#1523 = CARTESIAN_POINT('',(-3.51,-12.965,-12.954));
#1524 = DIRECTION('',(0.492550662798,-0.,0.870283772443));
#1525 = DIRECTION('',(-0.870283772443,0.,0.492550662798));
#1526 = ADVANCED_FACE('',(#1527),#1538,.F.);
#1527 = FACE_BOUND('',#1528,.F.);
#1528 = EDGE_LOOP('',(#1529,#1530,#1531,#1537));
#1529 = ORIENTED_EDGE('',*,*,#117,.T.);
#1530 = ORIENTED_EDGE('',*,*,#550,.T.);
#1531 = ORIENTED_EDGE('',*,*,#1532,.F.);
#1532 = EDGE_CURVE('',#142,#543,#1533,.T.);
#1533 = LINE('',#1534,#1535);
#1534 = CARTESIAN_POINT('',(-3.655,-12.965,43.644));
#1535 = VECTOR('',#1536,1.);
#1536 = DIRECTION('',(0.,1.,0.));
#1537 = ORIENTED_EDGE('',*,*,#141,.F.);
#1538 = PLANE('',#1539);
#1539 = AXIS2_PLACEMENT_3D('',#1540,#1541,#1542);
#1540 = CARTESIAN_POINT('',(-3.596,-12.965,-9.976));
#1541 = DIRECTION('',(0.999999394631,-0.,1.100335029527E-03));
#1542 = DIRECTION('',(-1.100335029527E-03,0.,0.999999394631));
#1543 = ADVANCED_FACE('',(#1544),#1555,.F.);
#1544 = FACE_BOUND('',#1545,.F.);
#1545 = EDGE_LOOP('',(#1546,#1547,#1548,#1554));
#1546 = ORIENTED_EDGE('',*,*,#1532,.T.);
#1547 = ORIENTED_EDGE('',*,*,#542,.T.);
#1548 = ORIENTED_EDGE('',*,*,#1549,.F.);
#1549 = EDGE_CURVE('',#150,#535,#1550,.T.);
#1550 = LINE('',#1551,#1552);
#1551 = CARTESIAN_POINT('',(-3.815,-12.965,44.056));
#1552 = VECTOR('',#1553,1.);
#1553 = DIRECTION('',(0.,1.,0.));
#1554 = ORIENTED_EDGE('',*,*,#149,.F.);
#1555 = PLANE('',#1556);
#1556 = AXIS2_PLACEMENT_3D('',#1557,#1558,#1559);
#1557 = CARTESIAN_POINT('',(-3.655,-12.965,43.644));
#1558 = DIRECTION('',(0.932174412802,-0.,0.3620094807));
#1559 = DIRECTION('',(-0.3620094807,0.,0.932174412802));
#1560 = ADVANCED_FACE('',(#1561),#1572,.F.);
#1561 = FACE_BOUND('',#1562,.F.);
#1562 = EDGE_LOOP('',(#1563,#1564,#1565,#1571));
#1563 = ORIENTED_EDGE('',*,*,#1549,.T.);
#1564 = ORIENTED_EDGE('',*,*,#534,.T.);
#1565 = ORIENTED_EDGE('',*,*,#1566,.F.);
#1566 = EDGE_CURVE('',#158,#527,#1567,.T.);
#1567 = LINE('',#1568,#1569);
#1568 = CARTESIAN_POINT('',(-4.034,-12.965,44.339));
#1569 = VECTOR('',#1570,1.);
#1570 = DIRECTION('',(0.,1.,0.));
#1571 = ORIENTED_EDGE('',*,*,#157,.F.);
#1572 = PLANE('',#1573);
#1573 = AXIS2_PLACEMENT_3D('',#1574,#1575,#1576);
#1574 = CARTESIAN_POINT('',(-3.815,-12.965,44.056));
#1575 = DIRECTION('',(0.790854598333,-0.,0.612004088463));
#1576 = DIRECTION('',(-0.612004088463,0.,0.790854598333));
#1577 = ADVANCED_FACE('',(#1578),#1589,.F.);
#1578 = FACE_BOUND('',#1579,.F.);
#1579 = EDGE_LOOP('',(#1580,#1581,#1582,#1588));
#1580 = ORIENTED_EDGE('',*,*,#1566,.T.);
#1581 = ORIENTED_EDGE('',*,*,#526,.T.);
#1582 = ORIENTED_EDGE('',*,*,#1583,.F.);
#1583 = EDGE_CURVE('',#166,#519,#1584,.T.);
#1584 = LINE('',#1585,#1586);
#1585 = CARTESIAN_POINT('',(-4.31,-12.965,44.55));
#1586 = VECTOR('',#1587,1.);
#1587 = DIRECTION('',(0.,1.,0.));
#1588 = ORIENTED_EDGE('',*,*,#165,.F.);
#1589 = PLANE('',#1590);
#1590 = AXIS2_PLACEMENT_3D('',#1591,#1592,#1593);
#1591 = CARTESIAN_POINT('',(-4.034,-12.965,44.339));
#1592 = DIRECTION('',(0.60734326175,-0.,0.794439527218));
#1593 = DIRECTION('',(-0.794439527218,0.,0.60734326175));
#1594 = ADVANCED_FACE('',(#1595),#1606,.F.);
#1595 = FACE_BOUND('',#1596,.F.);
#1596 = EDGE_LOOP('',(#1597,#1598,#1599,#1605));
#1597 = ORIENTED_EDGE('',*,*,#1583,.T.);
#1598 = ORIENTED_EDGE('',*,*,#518,.T.);
#1599 = ORIENTED_EDGE('',*,*,#1600,.F.);
#1600 = EDGE_CURVE('',#174,#511,#1601,.T.);
#1601 = LINE('',#1602,#1603);
#1602 = CARTESIAN_POINT('',(-4.829,-12.965,44.731));
#1603 = VECTOR('',#1604,1.);
#1604 = DIRECTION('',(0.,1.,0.));
#1605 = ORIENTED_EDGE('',*,*,#173,.F.);
#1606 = PLANE('',#1607);
#1607 = AXIS2_PLACEMENT_3D('',#1608,#1609,#1610);
#1608 = CARTESIAN_POINT('',(-4.31,-12.965,44.55));
#1609 = DIRECTION('',(0.329296715815,-0.,0.94422649452));
#1610 = DIRECTION('',(-0.94422649452,0.,0.329296715815));
#1611 = ADVANCED_FACE('',(#1612),#1623,.F.);
#1612 = FACE_BOUND('',#1613,.F.);
#1613 = EDGE_LOOP('',(#1614,#1615,#1616,#1622));
#1614 = ORIENTED_EDGE('',*,*,#1600,.T.);
#1615 = ORIENTED_EDGE('',*,*,#510,.T.);
#1616 = ORIENTED_EDGE('',*,*,#1617,.F.);
#1617 = EDGE_CURVE('',#182,#503,#1618,.T.);
#1618 = LINE('',#1619,#1620);
#1619 = CARTESIAN_POINT('',(-23.974,-12.965,44.729));
#1620 = VECTOR('',#1621,1.);
#1621 = DIRECTION('',(0.,1.,0.));
#1622 = ORIENTED_EDGE('',*,*,#181,.F.);
#1623 = PLANE('',#1624);
#1624 = AXIS2_PLACEMENT_3D('',#1625,#1626,#1627);
#1625 = CARTESIAN_POINT('',(-4.829,-12.965,44.731));
#1626 = DIRECTION('',(-1.044659174244E-04,0.,0.999999994543));
#1627 = DIRECTION('',(-0.999999994543,0.,-1.044659174244E-04));
#1628 = ADVANCED_FACE('',(#1629),#1640,.F.);
#1629 = FACE_BOUND('',#1630,.F.);
#1630 = EDGE_LOOP('',(#1631,#1632,#1633,#1639));
#1631 = ORIENTED_EDGE('',*,*,#1617,.T.);
#1632 = ORIENTED_EDGE('',*,*,#502,.T.);
#1633 = ORIENTED_EDGE('',*,*,#1634,.F.);
#1634 = EDGE_CURVE('',#190,#495,#1635,.T.);
#1635 = LINE('',#1636,#1637);
#1636 = CARTESIAN_POINT('',(-24.114,-12.965,44.881));
#1637 = VECTOR('',#1638,1.);
#1638 = DIRECTION('',(0.,1.,0.));
#1639 = ORIENTED_EDGE('',*,*,#189,.F.);
#1640 = PLANE('',#1641);
#1641 = AXIS2_PLACEMENT_3D('',#1642,#1643,#1644);
#1642 = CARTESIAN_POINT('',(-23.974,-12.965,44.729));
#1643 = DIRECTION('',(0.735545105159,-0.,0.677475754752));
#1644 = DIRECTION('',(-0.677475754752,0.,0.735545105159));
#1645 = ADVANCED_FACE('',(#1646),#1657,.F.);
#1646 = FACE_BOUND('',#1647,.F.);
#1647 = EDGE_LOOP('',(#1648,#1649,#1650,#1656));
#1648 = ORIENTED_EDGE('',*,*,#1634,.T.);
#1649 = ORIENTED_EDGE('',*,*,#494,.T.);
#1650 = ORIENTED_EDGE('',*,*,#1651,.F.);
#1651 = EDGE_CURVE('',#198,#487,#1652,.T.);
#1652 = LINE('',#1653,#1654);
#1653 = CARTESIAN_POINT('',(-24.122,-12.965,46.077));
#1654 = VECTOR('',#1655,1.);
#1655 = DIRECTION('',(0.,1.,0.));
#1656 = ORIENTED_EDGE('',*,*,#197,.F.);
#1657 = PLANE('',#1658);
#1658 = AXIS2_PLACEMENT_3D('',#1659,#1660,#1661);
#1659 = CARTESIAN_POINT('',(-24.114,-12.965,44.881));
#1660 = DIRECTION('',(0.999977629636,-0.,6.688813576162E-03));
#1661 = DIRECTION('',(-6.688813576162E-03,0.,0.999977629636));
#1662 = ADVANCED_FACE('',(#1663),#1682,.F.);
#1663 = FACE_BOUND('',#1664,.F.);
#1664 = EDGE_LOOP('',(#1665,#1666,#1667,#1675,#1681));
#1665 = ORIENTED_EDGE('',*,*,#1651,.T.);
#1666 = ORIENTED_EDGE('',*,*,#486,.T.);
#1667 = ORIENTED_EDGE('',*,*,#1668,.T.);
#1668 = EDGE_CURVE('',#479,#1669,#1671,.T.);
#1669 = VERTEX_POINT('',#1670);
#1670 = CARTESIAN_POINT('',(-23.968,-6.9,46.23));
#1671 = LINE('',#1672,#1673);
#1672 = CARTESIAN_POINT('',(-24.122,-6.9,46.077));
#1673 = VECTOR('',#1674,1.);
#1674 = DIRECTION('',(0.709406297146,0.,0.704799762748));
#1675 = ORIENTED_EDGE('',*,*,#1676,.F.);
#1676 = EDGE_CURVE('',#206,#1669,#1677,.T.);
#1677 = LINE('',#1678,#1679);
#1678 = CARTESIAN_POINT('',(-23.968,-12.965,46.23));
#1679 = VECTOR('',#1680,1.);
#1680 = DIRECTION('',(0.,1.,0.));
#1681 = ORIENTED_EDGE('',*,*,#205,.F.);
#1682 = PLANE('',#1683);
#1683 = AXIS2_PLACEMENT_3D('',#1684,#1685,#1686);
#1684 = CARTESIAN_POINT('',(-24.122,-12.965,46.077));
#1685 = DIRECTION('',(0.704799762748,0.,-0.709406297146));
#1686 = DIRECTION('',(0.709406297146,0.,0.704799762748));
#1687 = ADVANCED_FACE('',(#1688),#1706,.F.);
#1688 = FACE_BOUND('',#1689,.F.);
#1689 = EDGE_LOOP('',(#1690,#1691,#1699,#1705));
#1690 = ORIENTED_EDGE('',*,*,#1676,.T.);
#1691 = ORIENTED_EDGE('',*,*,#1692,.T.);
#1692 = EDGE_CURVE('',#1669,#1693,#1695,.T.);
#1693 = VERTEX_POINT('',#1694);
#1694 = CARTESIAN_POINT('',(-4.995,-6.9,46.236));
#1695 = LINE('',#1696,#1697);
#1696 = CARTESIAN_POINT('',(-23.968,-6.9,46.23));
#1697 = VECTOR('',#1698,1.);
#1698 = DIRECTION('',(0.999999949996,0.,3.162388499436E-04));
#1699 = ORIENTED_EDGE('',*,*,#1700,.F.);
#1700 = EDGE_CURVE('',#214,#1693,#1701,.T.);
#1701 = LINE('',#1702,#1703);
#1702 = CARTESIAN_POINT('',(-4.995,-12.965,46.236));
#1703 = VECTOR('',#1704,1.);
#1704 = DIRECTION('',(0.,1.,0.));
#1705 = ORIENTED_EDGE('',*,*,#213,.F.);
#1706 = PLANE('',#1707);
#1707 = AXIS2_PLACEMENT_3D('',#1708,#1709,#1710);
#1708 = CARTESIAN_POINT('',(-23.968,-12.965,46.23));
#1709 = DIRECTION('',(3.162388499436E-04,0.,-0.999999949996));
#1710 = DIRECTION('',(0.999999949996,0.,3.162388499436E-04));
#1711 = ADVANCED_FACE('',(#1712),#1730,.F.);
#1712 = FACE_BOUND('',#1713,.F.);
#1713 = EDGE_LOOP('',(#1714,#1715,#1723,#1729));
#1714 = ORIENTED_EDGE('',*,*,#1700,.T.);
#1715 = ORIENTED_EDGE('',*,*,#1716,.T.);
#1716 = EDGE_CURVE('',#1693,#1717,#1719,.T.);
#1717 = VERTEX_POINT('',#1718);
#1718 = CARTESIAN_POINT('',(-4.255,-6.9,46.136));
#1719 = LINE('',#1720,#1721);
#1720 = CARTESIAN_POINT('',(-4.995,-6.9,46.236));
#1721 = VECTOR('',#1722,1.);
#1722 = DIRECTION('',(0.99099243041,0.,-0.133917896001));
#1723 = ORIENTED_EDGE('',*,*,#1724,.F.);
#1724 = EDGE_CURVE('',#222,#1717,#1725,.T.);
#1725 = LINE('',#1726,#1727);
#1726 = CARTESIAN_POINT('',(-4.255,-12.965,46.136));
#1727 = VECTOR('',#1728,1.);
#1728 = DIRECTION('',(0.,1.,0.));
#1729 = ORIENTED_EDGE('',*,*,#221,.F.);
#1730 = PLANE('',#1731);
#1731 = AXIS2_PLACEMENT_3D('',#1732,#1733,#1734);
#1732 = CARTESIAN_POINT('',(-4.995,-12.965,46.236));
#1733 = DIRECTION('',(-0.133917896001,0.,-0.99099243041));
#1734 = DIRECTION('',(0.99099243041,0.,-0.133917896001));
#1735 = ADVANCED_FACE('',(#1736),#1754,.F.);
#1736 = FACE_BOUND('',#1737,.F.);
#1737 = EDGE_LOOP('',(#1738,#1739,#1747,#1753));
#1738 = ORIENTED_EDGE('',*,*,#1724,.T.);
#1739 = ORIENTED_EDGE('',*,*,#1740,.T.);
#1740 = EDGE_CURVE('',#1717,#1741,#1743,.T.);
#1741 = VERTEX_POINT('',#1742);
#1742 = CARTESIAN_POINT('',(-3.566,-6.9,45.854));
#1743 = LINE('',#1744,#1745);
#1744 = CARTESIAN_POINT('',(-4.255,-6.9,46.136));
#1745 = VECTOR('',#1746,1.);
#1746 = DIRECTION('',(0.925482753342,0.,-0.378789748102));
#1747 = ORIENTED_EDGE('',*,*,#1748,.F.);
#1748 = EDGE_CURVE('',#230,#1741,#1749,.T.);
#1749 = LINE('',#1750,#1751);
#1750 = CARTESIAN_POINT('',(-3.566,-12.965,45.854));
#1751 = VECTOR('',#1752,1.);
#1752 = DIRECTION('',(0.,1.,0.));
#1753 = ORIENTED_EDGE('',*,*,#229,.F.);
#1754 = PLANE('',#1755);
#1755 = AXIS2_PLACEMENT_3D('',#1756,#1757,#1758);
#1756 = CARTESIAN_POINT('',(-4.255,-12.965,46.136));
#1757 = DIRECTION('',(-0.378789748102,0.,-0.925482753342));
#1758 = DIRECTION('',(0.925482753342,0.,-0.378789748102));
#1759 = ADVANCED_FACE('',(#1760),#1778,.F.);
#1760 = FACE_BOUND('',#1761,.F.);
#1761 = EDGE_LOOP('',(#1762,#1763,#1771,#1777));
#1762 = ORIENTED_EDGE('',*,*,#1748,.T.);
#1763 = ORIENTED_EDGE('',*,*,#1764,.T.);
#1764 = EDGE_CURVE('',#1741,#1765,#1767,.T.);
#1765 = VERTEX_POINT('',#1766);
#1766 = CARTESIAN_POINT('',(-2.975,-6.9,45.4));
#1767 = LINE('',#1768,#1769);
#1768 = CARTESIAN_POINT('',(-3.566,-6.9,45.854));
#1769 = VECTOR('',#1770,1.);
#1770 = DIRECTION('',(0.793022877261,0.,-0.609191854952));
#1771 = ORIENTED_EDGE('',*,*,#1772,.F.);
#1772 = EDGE_CURVE('',#238,#1765,#1773,.T.);
#1773 = LINE('',#1774,#1775);
#1774 = CARTESIAN_POINT('',(-2.975,-12.965,45.4));
#1775 = VECTOR('',#1776,1.);
#1776 = DIRECTION('',(0.,1.,0.));
#1777 = ORIENTED_EDGE('',*,*,#237,.F.);
#1778 = PLANE('',#1779);
#1779 = AXIS2_PLACEMENT_3D('',#1780,#1781,#1782);
#1780 = CARTESIAN_POINT('',(-3.566,-12.965,45.854));
#1781 = DIRECTION('',(-0.609191854952,0.,-0.793022877261));
#1782 = DIRECTION('',(0.793022877261,0.,-0.609191854952));
#1783 = ADVANCED_FACE('',(#1784),#1802,.F.);
#1784 = FACE_BOUND('',#1785,.F.);
#1785 = EDGE_LOOP('',(#1786,#1787,#1795,#1801));
#1786 = ORIENTED_EDGE('',*,*,#1772,.T.);
#1787 = ORIENTED_EDGE('',*,*,#1788,.T.);
#1788 = EDGE_CURVE('',#1765,#1789,#1791,.T.);
#1789 = VERTEX_POINT('',#1790);
#1790 = CARTESIAN_POINT('',(-2.521,-6.9,44.81));
#1791 = LINE('',#1792,#1793);
#1792 = CARTESIAN_POINT('',(-2.975,-6.9,45.4));
#1793 = VECTOR('',#1794,1.);
#1794 = DIRECTION('',(0.609840584608,0.,-0.79252410775));
#1795 = ORIENTED_EDGE('',*,*,#1796,.F.);
#1796 = EDGE_CURVE('',#246,#1789,#1797,.T.);
#1797 = LINE('',#1798,#1799);
#1798 = CARTESIAN_POINT('',(-2.521,-12.965,44.81));
#1799 = VECTOR('',#1800,1.);
#1800 = DIRECTION('',(0.,1.,0.));
#1801 = ORIENTED_EDGE('',*,*,#245,.F.);
#1802 = PLANE('',#1803);
#1803 = AXIS2_PLACEMENT_3D('',#1804,#1805,#1806);
#1804 = CARTESIAN_POINT('',(-2.975,-12.965,45.4));
#1805 = DIRECTION('',(-0.79252410775,0.,-0.609840584608));
#1806 = DIRECTION('',(0.609840584608,0.,-0.79252410775));
#1807 = ADVANCED_FACE('',(#1808),#1826,.F.);
#1808 = FACE_BOUND('',#1809,.F.);
#1809 = EDGE_LOOP('',(#1810,#1811,#1819,#1825));
#1810 = ORIENTED_EDGE('',*,*,#1796,.T.);
#1811 = ORIENTED_EDGE('',*,*,#1812,.T.);
#1812 = EDGE_CURVE('',#1789,#1813,#1815,.T.);
#1813 = VERTEX_POINT('',#1814);
#1814 = CARTESIAN_POINT('',(-2.237,-6.9,44.12));
#1815 = LINE('',#1816,#1817);
#1816 = CARTESIAN_POINT('',(-2.521,-6.9,44.81));
#1817 = VECTOR('',#1818,1.);
#1818 = DIRECTION('',(0.380614988831,0.,-0.924733599626));
#1819 = ORIENTED_EDGE('',*,*,#1820,.F.);
#1820 = EDGE_CURVE('',#254,#1813,#1821,.T.);
#1821 = LINE('',#1822,#1823);
#1822 = CARTESIAN_POINT('',(-2.237,-12.965,44.12));
#1823 = VECTOR('',#1824,1.);
#1824 = DIRECTION('',(0.,1.,0.));
#1825 = ORIENTED_EDGE('',*,*,#253,.F.);
#1826 = PLANE('',#1827);
#1827 = AXIS2_PLACEMENT_3D('',#1828,#1829,#1830);
#1828 = CARTESIAN_POINT('',(-2.521,-12.965,44.81));
#1829 = DIRECTION('',(-0.924733599626,0.,-0.380614988831));
#1830 = DIRECTION('',(0.380614988831,0.,-0.924733599626));
#1831 = ADVANCED_FACE('',(#1832),#1850,.F.);
#1832 = FACE_BOUND('',#1833,.F.);
#1833 = EDGE_LOOP('',(#1834,#1835,#1843,#1849));
#1834 = ORIENTED_EDGE('',*,*,#1820,.T.);
#1835 = ORIENTED_EDGE('',*,*,#1836,.T.);
#1836 = EDGE_CURVE('',#1813,#1837,#1839,.T.);
#1837 = VERTEX_POINT('',#1838);
#1838 = CARTESIAN_POINT('',(-2.142,-6.9,43.392));
#1839 = LINE('',#1840,#1841);
#1840 = CARTESIAN_POINT('',(-2.237,-6.9,44.12));
#1841 = VECTOR('',#1842,1.);
#1842 = DIRECTION('',(0.129397413947,0.,-0.991592814246));
#1843 = ORIENTED_EDGE('',*,*,#1844,.F.);
#1844 = EDGE_CURVE('',#262,#1837,#1845,.T.);
#1845 = LINE('',#1846,#1847);
#1846 = CARTESIAN_POINT('',(-2.142,-12.965,43.392));
#1847 = VECTOR('',#1848,1.);
#1848 = DIRECTION('',(0.,1.,0.));
#1849 = ORIENTED_EDGE('',*,*,#261,.F.);
#1850 = PLANE('',#1851);
#1851 = AXIS2_PLACEMENT_3D('',#1852,#1853,#1854);
#1852 = CARTESIAN_POINT('',(-2.237,-12.965,44.12));
#1853 = DIRECTION('',(-0.991592814246,0.,-0.129397413947));
#1854 = DIRECTION('',(0.129397413947,0.,-0.991592814246));
#1855 = ADVANCED_FACE('',(#1856),#1874,.F.);
#1856 = FACE_BOUND('',#1857,.F.);
#1857 = EDGE_LOOP('',(#1858,#1859,#1867,#1873));
#1858 = ORIENTED_EDGE('',*,*,#1844,.T.);
#1859 = ORIENTED_EDGE('',*,*,#1860,.T.);
#1860 = EDGE_CURVE('',#1837,#1861,#1863,.T.);
#1861 = VERTEX_POINT('',#1862);
#1862 = CARTESIAN_POINT('',(-2.091,-6.9,-9.68));
#1863 = LINE('',#1864,#1865);
#1864 = CARTESIAN_POINT('',(-2.142,-6.9,43.392));
#1865 = VECTOR('',#1866,1.);
#1866 = DIRECTION('',(9.60958253924E-04,0.,-0.99999953828));
#1867 = ORIENTED_EDGE('',*,*,#1868,.F.);
#1868 = EDGE_CURVE('',#270,#1861,#1869,.T.);
#1869 = LINE('',#1870,#1871);
#1870 = CARTESIAN_POINT('',(-2.091,-12.965,-9.68));
#1871 = VECTOR('',#1872,1.);
#1872 = DIRECTION('',(0.,1.,0.));
#1873 = ORIENTED_EDGE('',*,*,#269,.F.);
#1874 = PLANE('',#1875);
#1875 = AXIS2_PLACEMENT_3D('',#1876,#1877,#1878);
#1876 = CARTESIAN_POINT('',(-2.142,-12.965,43.392));
#1877 = DIRECTION('',(-0.99999953828,0.,-9.60958253924E-04));
#1878 = DIRECTION('',(9.60958253924E-04,0.,-0.99999953828));
#1879 = ADVANCED_FACE('',(#1880),#1898,.F.);
#1880 = FACE_BOUND('',#1881,.F.);
#1881 = EDGE_LOOP('',(#1882,#1883,#1891,#1897));
#1882 = ORIENTED_EDGE('',*,*,#1868,.T.);
#1883 = ORIENTED_EDGE('',*,*,#1884,.T.);
#1884 = EDGE_CURVE('',#1861,#1885,#1887,.T.);
#1885 = VERTEX_POINT('',#1886);
#1886 = CARTESIAN_POINT('',(-2.148,-6.9,-10.382));
#1887 = LINE('',#1888,#1889);
#1888 = CARTESIAN_POINT('',(-2.091,-6.9,-9.68));
#1889 = VECTOR('',#1890,1.);
#1890 = DIRECTION('',(-8.093023760196E-02,0.,-0.996719768361));
#1891 = ORIENTED_EDGE('',*,*,#1892,.F.);
#1892 = EDGE_CURVE('',#278,#1885,#1893,.T.);
#1893 = LINE('',#1894,#1895);
#1894 = CARTESIAN_POINT('',(-2.148,-12.965,-10.382));
#1895 = VECTOR('',#1896,1.);
#1896 = DIRECTION('',(0.,1.,0.));
#1897 = ORIENTED_EDGE('',*,*,#277,.F.);
#1898 = PLANE('',#1899);
#1899 = AXIS2_PLACEMENT_3D('',#1900,#1901,#1902);
#1900 = CARTESIAN_POINT('',(-2.091,-12.965,-9.68));
#1901 = DIRECTION('',(-0.996719768361,0.,8.093023760196E-02));
#1902 = DIRECTION('',(-8.093023760196E-02,0.,-0.996719768361));
#1903 = ADVANCED_FACE('',(#1904),#1922,.F.);
#1904 = FACE_BOUND('',#1905,.F.);
#1905 = EDGE_LOOP('',(#1906,#1907,#1915,#1921));
#1906 = ORIENTED_EDGE('',*,*,#1892,.T.);
#1907 = ORIENTED_EDGE('',*,*,#1908,.T.);
#1908 = EDGE_CURVE('',#1885,#1909,#1911,.T.);
#1909 = VERTEX_POINT('',#1910);
#1910 = CARTESIAN_POINT('',(-2.333,-6.9,-11.071));
#1911 = LINE('',#1912,#1913);
#1912 = CARTESIAN_POINT('',(-2.148,-6.9,-10.382));
#1913 = VECTOR('',#1914,1.);
#1914 = DIRECTION('',(-0.259319918052,0.,-0.965791478582));
#1915 = ORIENTED_EDGE('',*,*,#1916,.F.);
#1916 = EDGE_CURVE('',#286,#1909,#1917,.T.);
#1917 = LINE('',#1918,#1919);
#1918 = CARTESIAN_POINT('',(-2.333,-12.965,-11.071));
#1919 = VECTOR('',#1920,1.);
#1920 = DIRECTION('',(0.,1.,0.));
#1921 = ORIENTED_EDGE('',*,*,#285,.F.);
#1922 = PLANE('',#1923);
#1923 = AXIS2_PLACEMENT_3D('',#1924,#1925,#1926);
#1924 = CARTESIAN_POINT('',(-2.148,-12.965,-10.382));
#1925 = DIRECTION('',(-0.965791478582,0.,0.259319918052));
#1926 = DIRECTION('',(-0.259319918052,0.,-0.965791478582));
#1927 = ADVANCED_FACE('',(#1928),#1962,.F.);
#1928 = FACE_BOUND('',#1929,.F.);
#1929 = EDGE_LOOP('',(#1930,#1931,#1939,#1947,#1955,#1961));
#1930 = ORIENTED_EDGE('',*,*,#1916,.T.);
#1931 = ORIENTED_EDGE('',*,*,#1932,.T.);
#1932 = EDGE_CURVE('',#1909,#1933,#1935,.T.);
#1933 = VERTEX_POINT('',#1934);
#1934 = CARTESIAN_POINT('',(-2.554054811982,-6.9,-11.54798024219));
#1935 = LINE('',#1936,#1937);
#1936 = CARTESIAN_POINT('',(-2.333,-6.9,-11.071));
#1937 = VECTOR('',#1938,1.);
#1938 = DIRECTION('',(-0.420484794732,0.,-0.907299585252));
#1939 = ORIENTED_EDGE('',*,*,#1940,.T.);
#1940 = EDGE_CURVE('',#1933,#1941,#1943,.T.);
#1941 = VERTEX_POINT('',#1942);
#1942 = CARTESIAN_POINT('',(-2.657834591259,-6.9,-11.7719106955));
#1943 = LINE('',#1944,#1945);
#1944 = CARTESIAN_POINT('',(-2.333,-6.9,-11.071));
#1945 = VECTOR('',#1946,1.);
#1946 = DIRECTION('',(-0.420484794732,0.,-0.907299585252));
#1947 = ORIENTED_EDGE('',*,*,#1948,.T.);
#1948 = EDGE_CURVE('',#1941,#1949,#1951,.T.);
#1949 = VERTEX_POINT('',#1950);
#1950 = CARTESIAN_POINT('',(-2.688,-6.9,-11.837));
#1951 = LINE('',#1952,#1953);
#1952 = CARTESIAN_POINT('',(-2.333,-6.9,-11.071));
#1953 = VECTOR('',#1954,1.);
#1954 = DIRECTION('',(-0.420484794732,0.,-0.907299585252));
#1955 = ORIENTED_EDGE('',*,*,#1956,.F.);
#1956 = EDGE_CURVE('',#294,#1949,#1957,.T.);
#1957 = LINE('',#1958,#1959);
#1958 = CARTESIAN_POINT('',(-2.688,-12.965,-11.837));
#1959 = VECTOR('',#1960,1.);
#1960 = DIRECTION('',(0.,1.,0.));
#1961 = ORIENTED_EDGE('',*,*,#293,.F.);
#1962 = PLANE('',#1963);
#1963 = AXIS2_PLACEMENT_3D('',#1964,#1965,#1966);
#1964 = CARTESIAN_POINT('',(-2.333,-12.965,-11.071));
#1965 = DIRECTION('',(-0.907299585252,0.,0.420484794732));
#1966 = DIRECTION('',(-0.420484794732,0.,-0.907299585252));
#1967 = ADVANCED_FACE('',(#1968),#1986,.F.);
#1968 = FACE_BOUND('',#1969,.F.);
#1969 = EDGE_LOOP('',(#1970,#1971,#1979,#1985));
#1970 = ORIENTED_EDGE('',*,*,#1956,.T.);
#1971 = ORIENTED_EDGE('',*,*,#1972,.T.);
#1972 = EDGE_CURVE('',#1949,#1973,#1975,.T.);
#1973 = VERTEX_POINT('',#1974);
#1974 = CARTESIAN_POINT('',(-3.308,-6.9,-12.905));
#1975 = LINE('',#1976,#1977);
#1976 = CARTESIAN_POINT('',(-2.688,-6.9,-11.837));
#1977 = VECTOR('',#1978,1.);
#1978 = DIRECTION('',(-0.502057374111,0.,-0.864834315404));
#1979 = ORIENTED_EDGE('',*,*,#1980,.F.);
#1980 = EDGE_CURVE('',#302,#1973,#1981,.T.);
#1981 = LINE('',#1982,#1983);
#1982 = CARTESIAN_POINT('',(-3.308,-12.965,-12.905));
#1983 = VECTOR('',#1984,1.);
#1984 = DIRECTION('',(0.,1.,0.));
#1985 = ORIENTED_EDGE('',*,*,#301,.F.);
#1986 = PLANE('',#1987);
#1987 = AXIS2_PLACEMENT_3D('',#1988,#1989,#1990);
#1988 = CARTESIAN_POINT('',(-2.688,-12.965,-11.837));
#1989 = DIRECTION('',(-0.864834315404,0.,0.502057374111));
#1990 = DIRECTION('',(-0.502057374111,0.,-0.864834315404));
#1991 = ADVANCED_FACE('',(#1992),#2004,.F.);
#1992 = FACE_BOUND('',#1993,.F.);
#1993 = EDGE_LOOP('',(#1994,#1995,#2001,#2002,#2003));
#1994 = ORIENTED_EDGE('',*,*,#1980,.T.);
#1995 = ORIENTED_EDGE('',*,*,#1996,.T.);
#1996 = EDGE_CURVE('',#1973,#1165,#1997,.T.);
#1997 = LINE('',#1998,#1999);
#1998 = CARTESIAN_POINT('',(-3.308,-6.9,-12.905));
#1999 = VECTOR('',#2000,1.);
#2000 = DIRECTION('',(-0.97181671537,0.,-0.235737718085));
#2001 = ORIENTED_EDGE('',*,*,#1164,.T.);
#2002 = ORIENTED_EDGE('',*,*,#1513,.F.);
#2003 = ORIENTED_EDGE('',*,*,#309,.F.);
#2004 = PLANE('',#2005);
#2005 = AXIS2_PLACEMENT_3D('',#2006,#2007,#2008);
#2006 = CARTESIAN_POINT('',(-3.308,-12.965,-12.905));
#2007 = DIRECTION('',(-0.235737718085,0.,0.97181671537));
#2008 = DIRECTION('',(-0.97181671537,0.,-0.235737718085));
#2009 = ADVANCED_FACE('',(#2010),#2035,.T.);
#2010 = FACE_BOUND('',#2011,.T.);
#2011 = EDGE_LOOP('',(#2012,#2013,#2021,#2029));
#2012 = ORIENTED_EDGE('',*,*,#332,.T.);
#2013 = ORIENTED_EDGE('',*,*,#2014,.T.);
#2014 = EDGE_CURVE('',#335,#2015,#2017,.T.);
#2015 = VERTEX_POINT('',#2016);
#2016 = CARTESIAN_POINT('',(-78.579,6.532,50.306));
#2017 = LINE('',#2018,#2019);
#2018 = CARTESIAN_POINT('',(-78.579,-6.9,50.306));
#2019 = VECTOR('',#2020,1.);
#2020 = DIRECTION('',(0.,1.,0.));
#2021 = ORIENTED_EDGE('',*,*,#2022,.F.);
#2022 = EDGE_CURVE('',#2023,#2015,#2025,.T.);
#2023 = VERTEX_POINT('',#2024);
#2024 = CARTESIAN_POINT('',(-79.022,6.532,49.826));
#2025 = LINE('',#2026,#2027);
#2026 = CARTESIAN_POINT('',(-79.022,6.532,49.826));
#2027 = VECTOR('',#2028,1.);
#2028 = DIRECTION('',(0.67821651388,0.,0.734862136935));
#2029 = ORIENTED_EDGE('',*,*,#2030,.F.);
#2030 = EDGE_CURVE('',#333,#2023,#2031,.T.);
#2031 = LINE('',#2032,#2033);
#2032 = CARTESIAN_POINT('',(-79.022,5.034,49.826));
#2033 = VECTOR('',#2034,1.);
#2034 = DIRECTION('',(0.,1.,0.));
#2035 = PLANE('',#2036);
#2036 = AXIS2_PLACEMENT_3D('',#2037,#2038,#2039);
#2037 = CARTESIAN_POINT('',(-78.8005,-0.184,50.066));
#2038 = DIRECTION('',(-0.734862136935,-0.,0.67821651388));
#2039 = DIRECTION('',(-0.67821651388,0.,-0.734862136935));
#2040 = ADVANCED_FACE('',(#2041),#2059,.T.);
#2041 = FACE_BOUND('',#2042,.T.);
#2042 = EDGE_LOOP('',(#2043,#2044,#2045,#2053));
#2043 = ORIENTED_EDGE('',*,*,#1476,.T.);
#2044 = ORIENTED_EDGE('',*,*,#2030,.T.);
#2045 = ORIENTED_EDGE('',*,*,#2046,.F.);
#2046 = EDGE_CURVE('',#2047,#2023,#2049,.T.);
#2047 = VERTEX_POINT('',#2048);
#2048 = CARTESIAN_POINT('',(-79.337,6.532,49.282));
#2049 = LINE('',#2050,#2051);
#2050 = CARTESIAN_POINT('',(-79.337,6.532,49.282));
#2051 = VECTOR('',#2052,1.);
#2052 = DIRECTION('',(0.501098976732,0.,0.865389978864));
#2053 = ORIENTED_EDGE('',*,*,#2054,.F.);
#2054 = EDGE_CURVE('',#1469,#2047,#2055,.T.);
#2055 = LINE('',#2056,#2057);
#2056 = CARTESIAN_POINT('',(-79.337,5.034,49.282));
#2057 = VECTOR('',#2058,1.);
#2058 = DIRECTION('',(0.,1.,0.));
#2059 = PLANE('',#2060);
#2060 = AXIS2_PLACEMENT_3D('',#2061,#2062,#2063);
#2061 = CARTESIAN_POINT('',(-79.1795,-0.184,49.554));
#2062 = DIRECTION('',(-0.865389978864,-0.,0.501098976732));
#2063 = DIRECTION('',(-0.501098976732,0.,-0.865389978864));
#2064 = ADVANCED_FACE('',(#2065),#2083,.T.);
#2065 = FACE_BOUND('',#2066,.T.);
#2066 = EDGE_LOOP('',(#2067,#2068,#2069,#2077));
#2067 = ORIENTED_EDGE('',*,*,#1468,.T.);
#2068 = ORIENTED_EDGE('',*,*,#2054,.T.);
#2069 = ORIENTED_EDGE('',*,*,#2070,.F.);
#2070 = EDGE_CURVE('',#2071,#2047,#2073,.T.);
#2071 = VERTEX_POINT('',#2072);
#2072 = CARTESIAN_POINT('',(-79.509,6.532,48.729));
#2073 = LINE('',#2074,#2075);
#2074 = CARTESIAN_POINT('',(-79.509,6.532,48.729));
#2075 = VECTOR('',#2076,1.);
#2076 = DIRECTION('',(0.29699658102,0.,0.954878542466));
#2077 = ORIENTED_EDGE('',*,*,#2078,.F.);
#2078 = EDGE_CURVE('',#1461,#2071,#2079,.T.);
#2079 = LINE('',#2080,#2081);
#2080 = CARTESIAN_POINT('',(-79.509,5.034,48.729));
#2081 = VECTOR('',#2082,1.);
#2082 = DIRECTION('',(0.,1.,0.));
#2083 = PLANE('',#2084);
#2084 = AXIS2_PLACEMENT_3D('',#2085,#2086,#2087);
#2085 = CARTESIAN_POINT('',(-79.423,-0.184,49.0055));
#2086 = DIRECTION('',(-0.954878542466,-0.,0.29699658102));
#2087 = DIRECTION('',(-0.29699658102,0.,-0.954878542466));
#2088 = ADVANCED_FACE('',(#2089),#2107,.T.);
#2089 = FACE_BOUND('',#2090,.T.);
#2090 = EDGE_LOOP('',(#2091,#2092,#2093,#2101));
#2091 = ORIENTED_EDGE('',*,*,#1460,.T.);
#2092 = ORIENTED_EDGE('',*,*,#2078,.T.);
#2093 = ORIENTED_EDGE('',*,*,#2094,.F.);
#2094 = EDGE_CURVE('',#2095,#2071,#2097,.T.);
#2095 = VERTEX_POINT('',#2096);
#2096 = CARTESIAN_POINT('',(-94.75,6.532,48.72));
#2097 = LINE('',#2098,#2099);
#2098 = CARTESIAN_POINT('',(-94.75,6.532,48.72));
#2099 = VECTOR('',#2100,1.);
#2100 = DIRECTION('',(0.999999825648,0.,5.905123306101E-04));
#2101 = ORIENTED_EDGE('',*,*,#2102,.F.);
#2102 = EDGE_CURVE('',#1453,#2095,#2103,.T.);
#2103 = LINE('',#2104,#2105);
#2104 = CARTESIAN_POINT('',(-94.75,5.034,48.72));
#2105 = VECTOR('',#2106,1.);
#2106 = DIRECTION('',(0.,1.,0.));
#2107 = PLANE('',#2108);
#2108 = AXIS2_PLACEMENT_3D('',#2109,#2110,#2111);
#2109 = CARTESIAN_POINT('',(-87.1295,-0.184,48.7245));
#2110 = DIRECTION('',(-5.905123306101E-04,0.,0.999999825648));
#2111 = DIRECTION('',(0.999999825648,0.,5.905123306101E-04));
#2112 = ADVANCED_FACE('',(#2113),#2131,.T.);
#2113 = FACE_BOUND('',#2114,.T.);
#2114 = EDGE_LOOP('',(#2115,#2116,#2117,#2125));
#2115 = ORIENTED_EDGE('',*,*,#1452,.T.);
#2116 = ORIENTED_EDGE('',*,*,#2102,.T.);
#2117 = ORIENTED_EDGE('',*,*,#2118,.F.);
#2118 = EDGE_CURVE('',#2119,#2095,#2121,.T.);
#2119 = VERTEX_POINT('',#2120);
#2120 = CARTESIAN_POINT('',(-95.472,6.532,48.623));
#2121 = LINE('',#2122,#2123);
#2122 = CARTESIAN_POINT('',(-95.472,6.532,48.623));
#2123 = VECTOR('',#2124,1.);
#2124 = DIRECTION('',(0.9910955313,0.,0.133152723734));
#2125 = ORIENTED_EDGE('',*,*,#2126,.F.);
#2126 = EDGE_CURVE('',#1445,#2119,#2127,.T.);
#2127 = LINE('',#2128,#2129);
#2128 = CARTESIAN_POINT('',(-95.472,5.034,48.623));
#2129 = VECTOR('',#2130,1.);
#2130 = DIRECTION('',(0.,1.,0.));
#2131 = PLANE('',#2132);
#2132 = AXIS2_PLACEMENT_3D('',#2133,#2134,#2135);
#2133 = CARTESIAN_POINT('',(-95.111,-0.184,48.6715));
#2134 = DIRECTION('',(-0.133152723734,0.,0.9910955313));
#2135 = DIRECTION('',(0.9910955313,0.,0.133152723734));
#2136 = ADVANCED_FACE('',(#2137),#2155,.T.);
#2137 = FACE_BOUND('',#2138,.T.);
#2138 = EDGE_LOOP('',(#2139,#2140,#2141,#2149));
#2139 = ORIENTED_EDGE('',*,*,#1444,.T.);
#2140 = ORIENTED_EDGE('',*,*,#2126,.T.);
#2141 = ORIENTED_EDGE('',*,*,#2142,.F.);
#2142 = EDGE_CURVE('',#2143,#2119,#2145,.T.);
#2143 = VERTEX_POINT('',#2144);
#2144 = CARTESIAN_POINT('',(-96.162,6.532,48.339));
#2145 = LINE('',#2146,#2147);
#2146 = CARTESIAN_POINT('',(-96.162,6.532,48.339));
#2147 = VECTOR('',#2148,1.);
#2148 = DIRECTION('',(0.924733599626,0.,0.380614988831));
#2149 = ORIENTED_EDGE('',*,*,#2150,.F.);
#2150 = EDGE_CURVE('',#1437,#2143,#2151,.T.);
#2151 = LINE('',#2152,#2153);
#2152 = CARTESIAN_POINT('',(-96.162,5.034,48.339));
#2153 = VECTOR('',#2154,1.);
#2154 = DIRECTION('',(0.,1.,0.));
#2155 = PLANE('',#2156);
#2156 = AXIS2_PLACEMENT_3D('',#2157,#2158,#2159);
#2157 = CARTESIAN_POINT('',(-95.817,-0.184,48.481));
#2158 = DIRECTION('',(-0.380614988831,0.,0.924733599626));
#2159 = DIRECTION('',(0.924733599626,0.,0.380614988831));
#2160 = ADVANCED_FACE('',(#2161),#2179,.T.);
#2161 = FACE_BOUND('',#2162,.T.);
#2162 = EDGE_LOOP('',(#2163,#2164,#2165,#2173));
#2163 = ORIENTED_EDGE('',*,*,#1436,.T.);
#2164 = ORIENTED_EDGE('',*,*,#2150,.T.);
#2165 = ORIENTED_EDGE('',*,*,#2166,.F.);
#2166 = EDGE_CURVE('',#2167,#2143,#2169,.T.);
#2167 = VERTEX_POINT('',#2168);
#2168 = CARTESIAN_POINT('',(-96.746,6.532,47.885));
#2169 = LINE('',#2170,#2171);
#2170 = CARTESIAN_POINT('',(-96.746,6.532,47.885));
#2171 = VECTOR('',#2172,1.);
#2172 = DIRECTION('',(0.789497782234,0.,0.613753412901));
#2173 = ORIENTED_EDGE('',*,*,#2174,.F.);
#2174 = EDGE_CURVE('',#1429,#2167,#2175,.T.);
#2175 = LINE('',#2176,#2177);
#2176 = CARTESIAN_POINT('',(-96.746,5.034,47.885));
#2177 = VECTOR('',#2178,1.);
#2178 = DIRECTION('',(0.,1.,0.));
#2179 = PLANE('',#2180);
#2180 = AXIS2_PLACEMENT_3D('',#2181,#2182,#2183);
#2181 = CARTESIAN_POINT('',(-96.454,-0.184,48.112));
#2182 = DIRECTION('',(-0.613753412901,0.,0.789497782234));
#2183 = DIRECTION('',(0.789497782234,0.,0.613753412901));
#2184 = ADVANCED_FACE('',(#2185),#2203,.T.);
#2185 = FACE_BOUND('',#2186,.T.);
#2186 = EDGE_LOOP('',(#2187,#2188,#2189,#2197));
#2187 = ORIENTED_EDGE('',*,*,#1428,.T.);
#2188 = ORIENTED_EDGE('',*,*,#2174,.T.);
#2189 = ORIENTED_EDGE('',*,*,#2190,.F.);
#2190 = EDGE_CURVE('',#2191,#2167,#2193,.T.);
#2191 = VERTEX_POINT('',#2192);
#2192 = CARTESIAN_POINT('',(-97.2,6.532,47.301));
#2193 = LINE('',#2194,#2195);
#2194 = CARTESIAN_POINT('',(-97.2,6.532,47.301));
#2195 = VECTOR('',#2196,1.);
#2196 = DIRECTION('',(0.613753412901,0.,0.789497782234));
#2197 = ORIENTED_EDGE('',*,*,#2198,.F.);
#2198 = EDGE_CURVE('',#1421,#2191,#2199,.T.);
#2199 = LINE('',#2200,#2201);
#2200 = CARTESIAN_POINT('',(-97.2,5.034,47.301));
#2201 = VECTOR('',#2202,1.);
#2202 = DIRECTION('',(0.,1.,0.));
#2203 = PLANE('',#2204);
#2204 = AXIS2_PLACEMENT_3D('',#2205,#2206,#2207);
#2205 = CARTESIAN_POINT('',(-96.973,-0.184,47.593));
#2206 = DIRECTION('',(-0.789497782234,-0.,0.613753412901));
#2207 = DIRECTION('',(-0.613753412901,0.,-0.789497782234));
#2208 = ADVANCED_FACE('',(#2209),#2227,.T.);
#2209 = FACE_BOUND('',#2210,.T.);
#2210 = EDGE_LOOP('',(#2211,#2212,#2213,#2221));
#2211 = ORIENTED_EDGE('',*,*,#1420,.T.);
#2212 = ORIENTED_EDGE('',*,*,#2198,.T.);
#2213 = ORIENTED_EDGE('',*,*,#2214,.F.);
#2214 = EDGE_CURVE('',#2215,#2191,#2217,.T.);
#2215 = VERTEX_POINT('',#2216);
#2216 = CARTESIAN_POINT('',(-97.476,6.532,46.611));
#2217 = LINE('',#2218,#2219);
#2218 = CARTESIAN_POINT('',(-97.476,6.532,46.611));
#2219 = VECTOR('',#2220,1.);
#2220 = DIRECTION('',(0.371390676354,0.,0.928476690885));
#2221 = ORIENTED_EDGE('',*,*,#2222,.F.);
#2222 = EDGE_CURVE('',#1413,#2215,#2223,.T.);
#2223 = LINE('',#2224,#2225);
#2224 = CARTESIAN_POINT('',(-97.476,5.034,46.611));
#2225 = VECTOR('',#2226,1.);
#2226 = DIRECTION('',(0.,1.,0.));
#2227 = PLANE('',#2228);
#2228 = AXIS2_PLACEMENT_3D('',#2229,#2230,#2231);
#2229 = CARTESIAN_POINT('',(-97.338,-0.184,46.956));
#2230 = DIRECTION('',(-0.928476690885,-0.,0.371390676354));
#2231 = DIRECTION('',(-0.371390676354,0.,-0.928476690885));
#2232 = ADVANCED_FACE('',(#2233),#2251,.T.);
#2233 = FACE_BOUND('',#2234,.T.);
#2234 = EDGE_LOOP('',(#2235,#2236,#2237,#2245));
#2235 = ORIENTED_EDGE('',*,*,#1412,.T.);
#2236 = ORIENTED_EDGE('',*,*,#2222,.T.);
#2237 = ORIENTED_EDGE('',*,*,#2238,.F.);
#2238 = EDGE_CURVE('',#2239,#2215,#2241,.T.);
#2239 = VERTEX_POINT('',#2240);
#2240 = CARTESIAN_POINT('',(-97.574,6.532,45.881));
#2241 = LINE('',#2242,#2243);
#2242 = CARTESIAN_POINT('',(-97.574,6.532,45.881));
#2243 = VECTOR('',#2244,1.);
#2244 = DIRECTION('',(0.13305297921,0.,0.99110892677));
#2245 = ORIENTED_EDGE('',*,*,#2246,.F.);
#2246 = EDGE_CURVE('',#1405,#2239,#2247,.T.);
#2247 = LINE('',#2248,#2249);
#2248 = CARTESIAN_POINT('',(-97.574,5.034,45.881));
#2249 = VECTOR('',#2250,1.);
#2250 = DIRECTION('',(0.,1.,0.));
#2251 = PLANE('',#2252);
#2252 = AXIS2_PLACEMENT_3D('',#2253,#2254,#2255);
#2253 = CARTESIAN_POINT('',(-97.525,-0.184,46.246));
#2254 = DIRECTION('',(-0.99110892677,-0.,0.13305297921));
#2255 = DIRECTION('',(-0.13305297921,0.,-0.99110892677));
#2256 = ADVANCED_FACE('',(#2257),#2275,.T.);
#2257 = FACE_BOUND('',#2258,.T.);
#2258 = EDGE_LOOP('',(#2259,#2260,#2261,#2269));
#2259 = ORIENTED_EDGE('',*,*,#1404,.T.);
#2260 = ORIENTED_EDGE('',*,*,#2246,.T.);
#2261 = ORIENTED_EDGE('',*,*,#2262,.F.);
#2262 = EDGE_CURVE('',#2263,#2239,#2265,.T.);
#2263 = VERTEX_POINT('',#2264);
#2264 = CARTESIAN_POINT('',(-97.574,6.532,43.967));
#2265 = LINE('',#2266,#2267);
#2266 = CARTESIAN_POINT('',(-97.574,6.532,43.967));
#2267 = VECTOR('',#2268,1.);
#2268 = DIRECTION('',(0.,0.,1.));
#2269 = ORIENTED_EDGE('',*,*,#2270,.F.);
#2270 = EDGE_CURVE('',#1397,#2263,#2271,.T.);
#2271 = LINE('',#2272,#2273);
#2272 = CARTESIAN_POINT('',(-97.574,5.034,43.967));
#2273 = VECTOR('',#2274,1.);
#2274 = DIRECTION('',(0.,1.,0.));
#2275 = PLANE('',#2276);
#2276 = AXIS2_PLACEMENT_3D('',#2277,#2278,#2279);
#2277 = CARTESIAN_POINT('',(-97.574,-0.184,44.924));
#2278 = DIRECTION('',(-1.,-0.,-0.));
#2279 = DIRECTION('',(0.,0.,-1.));
#2280 = ADVANCED_FACE('',(#2281),#2299,.T.);
#2281 = FACE_BOUND('',#2282,.T.);
#2282 = EDGE_LOOP('',(#2283,#2284,#2285,#2293));
#2283 = ORIENTED_EDGE('',*,*,#1396,.T.);
#2284 = ORIENTED_EDGE('',*,*,#2270,.T.);
#2285 = ORIENTED_EDGE('',*,*,#2286,.F.);
#2286 = EDGE_CURVE('',#2287,#2263,#2289,.T.);
#2287 = VERTEX_POINT('',#2288);
#2288 = CARTESIAN_POINT('',(-132.162,6.532,43.959));
#2289 = LINE('',#2290,#2291);
#2290 = CARTESIAN_POINT('',(-132.162,6.532,43.959));
#2291 = VECTOR('',#2292,1.);
#2292 = DIRECTION('',(0.999999973252,0.,2.312940842491E-04));
#2293 = ORIENTED_EDGE('',*,*,#2294,.F.);
#2294 = EDGE_CURVE('',#1389,#2287,#2295,.T.);
#2295 = LINE('',#2296,#2297);
#2296 = CARTESIAN_POINT('',(-132.162,5.034,43.959));
#2297 = VECTOR('',#2298,1.);
#2298 = DIRECTION('',(0.,1.,0.));
#2299 = PLANE('',#2300);
#2300 = AXIS2_PLACEMENT_3D('',#2301,#2302,#2303);
#2301 = CARTESIAN_POINT('',(-114.868,-0.184,43.963));
#2302 = DIRECTION('',(-2.312940842491E-04,0.,0.999999973252));
#2303 = DIRECTION('',(0.999999973252,0.,2.312940842491E-04));
#2304 = ADVANCED_FACE('',(#2305),#2323,.T.);
#2305 = FACE_BOUND('',#2306,.T.);
#2306 = EDGE_LOOP('',(#2307,#2308,#2309,#2317));
#2307 = ORIENTED_EDGE('',*,*,#1388,.T.);
#2308 = ORIENTED_EDGE('',*,*,#2294,.T.);
#2309 = ORIENTED_EDGE('',*,*,#2310,.F.);
#2310 = EDGE_CURVE('',#2311,#2287,#2313,.T.);
#2311 = VERTEX_POINT('',#2312);
#2312 = CARTESIAN_POINT('',(-132.877,6.532,43.861));
#2313 = LINE('',#2314,#2315);
#2314 = CARTESIAN_POINT('',(-132.877,6.532,43.861));
#2315 = VECTOR('',#2316,1.);
#2316 = DIRECTION('',(0.990737183405,0.,0.135793348215));
#2317 = ORIENTED_EDGE('',*,*,#2318,.F.);
#2318 = EDGE_CURVE('',#1381,#2311,#2319,.T.);
#2319 = LINE('',#2320,#2321);
#2320 = CARTESIAN_POINT('',(-132.877,5.034,43.861));
#2321 = VECTOR('',#2322,1.);
#2322 = DIRECTION('',(0.,1.,0.));
#2323 = PLANE('',#2324);
#2324 = AXIS2_PLACEMENT_3D('',#2325,#2326,#2327);
#2325 = CARTESIAN_POINT('',(-132.5195,-0.184,43.91));
#2326 = DIRECTION('',(-0.135793348215,0.,0.990737183405));
#2327 = DIRECTION('',(0.990737183405,0.,0.135793348215));
#2328 = ADVANCED_FACE('',(#2329),#2347,.T.);
#2329 = FACE_BOUND('',#2330,.T.);
#2330 = EDGE_LOOP('',(#2331,#2332,#2333,#2341));
#2331 = ORIENTED_EDGE('',*,*,#1380,.T.);
#2332 = ORIENTED_EDGE('',*,*,#2318,.T.);
#2333 = ORIENTED_EDGE('',*,*,#2334,.F.);
#2334 = EDGE_CURVE('',#2335,#2311,#2337,.T.);
#2335 = VERTEX_POINT('',#2336);
#2336 = CARTESIAN_POINT('',(-133.558,6.532,43.577));
#2337 = LINE('',#2338,#2339);
#2338 = CARTESIAN_POINT('',(-133.558,6.532,43.577));
#2339 = VECTOR('',#2340,1.);
#2340 = DIRECTION('',(0.922956585384,0.,0.384904067913));
#2341 = ORIENTED_EDGE('',*,*,#2342,.F.);
#2342 = EDGE_CURVE('',#1373,#2335,#2343,.T.);
#2343 = LINE('',#2344,#2345);
#2344 = CARTESIAN_POINT('',(-133.558,5.034,43.577));
#2345 = VECTOR('',#2346,1.);
#2346 = DIRECTION('',(0.,1.,0.));
#2347 = PLANE('',#2348);
#2348 = AXIS2_PLACEMENT_3D('',#2349,#2350,#2351);
#2349 = CARTESIAN_POINT('',(-133.2175,-0.184,43.719));
#2350 = DIRECTION('',(-0.384904067913,0.,0.922956585384));
#2351 = DIRECTION('',(0.922956585384,0.,0.384904067913));
#2352 = ADVANCED_FACE('',(#2353),#2371,.T.);
#2353 = FACE_BOUND('',#2354,.T.);
#2354 = EDGE_LOOP('',(#2355,#2356,#2357,#2365));
#2355 = ORIENTED_EDGE('',*,*,#1372,.T.);
#2356 = ORIENTED_EDGE('',*,*,#2342,.T.);
#2357 = ORIENTED_EDGE('',*,*,#2358,.F.);
#2358 = EDGE_CURVE('',#2359,#2335,#2361,.T.);
#2359 = VERTEX_POINT('',#2360);
#2360 = CARTESIAN_POINT('',(-134.142,6.532,43.131));
#2361 = LINE('',#2362,#2363);
#2362 = CARTESIAN_POINT('',(-134.142,6.532,43.131));
#2363 = VECTOR('',#2364,1.);
#2364 = DIRECTION('',(0.794743943509,0.,0.606944860968));
#2365 = ORIENTED_EDGE('',*,*,#2366,.F.);
#2366 = EDGE_CURVE('',#1365,#2359,#2367,.T.);
#2367 = LINE('',#2368,#2369);
#2368 = CARTESIAN_POINT('',(-134.142,5.034,43.131));
#2369 = VECTOR('',#2370,1.);
#2370 = DIRECTION('',(0.,1.,0.));
#2371 = PLANE('',#2372);
#2372 = AXIS2_PLACEMENT_3D('',#2373,#2374,#2375);
#2373 = CARTESIAN_POINT('',(-133.85,-0.184,43.354));
#2374 = DIRECTION('',(-0.606944860968,0.,0.794743943509));
#2375 = DIRECTION('',(0.794743943509,0.,0.606944860968));
#2376 = ADVANCED_FACE('',(#2377),#2395,.T.);
#2377 = FACE_BOUND('',#2378,.T.);
#2378 = EDGE_LOOP('',(#2379,#2380,#2381,#2389));
#2379 = ORIENTED_EDGE('',*,*,#1364,.T.);
#2380 = ORIENTED_EDGE('',*,*,#2366,.T.);
#2381 = ORIENTED_EDGE('',*,*,#2382,.F.);
#2382 = EDGE_CURVE('',#2383,#2359,#2385,.T.);
#2383 = VERTEX_POINT('',#2384);
#2384 = CARTESIAN_POINT('',(-134.597,6.532,42.539));
#2385 = LINE('',#2386,#2387);
#2386 = CARTESIAN_POINT('',(-134.597,6.532,42.539));
#2387 = VECTOR('',#2388,1.);
#2388 = DIRECTION('',(0.609387084386,0.,0.792872865839));
#2389 = ORIENTED_EDGE('',*,*,#2390,.F.);
#2390 = EDGE_CURVE('',#1357,#2383,#2391,.T.);
#2391 = LINE('',#2392,#2393);
#2392 = CARTESIAN_POINT('',(-134.597,5.034,42.539));
#2393 = VECTOR('',#2394,1.);
#2394 = DIRECTION('',(0.,1.,0.));
#2395 = PLANE('',#2396);
#2396 = AXIS2_PLACEMENT_3D('',#2397,#2398,#2399);
#2397 = CARTESIAN_POINT('',(-134.3695,-0.184,42.835));
#2398 = DIRECTION('',(-0.792872865839,-0.,0.609387084386));
#2399 = DIRECTION('',(-0.609387084386,0.,-0.792872865839));
#2400 = ADVANCED_FACE('',(#2401),#2419,.T.);
#2401 = FACE_BOUND('',#2402,.T.);
#2402 = EDGE_LOOP('',(#2403,#2404,#2405,#2413));
#2403 = ORIENTED_EDGE('',*,*,#1356,.T.);
#2404 = ORIENTED_EDGE('',*,*,#2390,.T.);
#2405 = ORIENTED_EDGE('',*,*,#2406,.F.);
#2406 = EDGE_CURVE('',#2407,#2383,#2409,.T.);
#2407 = VERTEX_POINT('',#2408);
#2408 = CARTESIAN_POINT('',(-134.881,6.532,41.857));
#2409 = LINE('',#2410,#2411);
#2410 = CARTESIAN_POINT('',(-134.881,6.532,41.857));
#2411 = VECTOR('',#2412,1.);
#2412 = DIRECTION('',(0.384423148682,0.,0.923156997892));
#2413 = ORIENTED_EDGE('',*,*,#2414,.F.);
#2414 = EDGE_CURVE('',#1349,#2407,#2415,.T.);
#2415 = LINE('',#2416,#2417);
#2416 = CARTESIAN_POINT('',(-134.881,5.034,41.857));
#2417 = VECTOR('',#2418,1.);
#2418 = DIRECTION('',(0.,1.,0.));
#2419 = PLANE('',#2420);
#2420 = AXIS2_PLACEMENT_3D('',#2421,#2422,#2423);
#2421 = CARTESIAN_POINT('',(-134.739,-0.184,42.198));
#2422 = DIRECTION('',(-0.923156997892,-0.,0.384423148682));
#2423 = DIRECTION('',(-0.384423148682,0.,-0.923156997892));
#2424 = ADVANCED_FACE('',(#2425),#2443,.T.);
#2425 = FACE_BOUND('',#2426,.T.);
#2426 = EDGE_LOOP('',(#2427,#2428,#2429,#2437));
#2427 = ORIENTED_EDGE('',*,*,#1348,.T.);
#2428 = ORIENTED_EDGE('',*,*,#2414,.T.);
#2429 = ORIENTED_EDGE('',*,*,#2430,.F.);
#2430 = EDGE_CURVE('',#2431,#2407,#2433,.T.);
#2431 = VERTEX_POINT('',#2432);
#2432 = CARTESIAN_POINT('',(-134.962,6.532,41.151));
#2433 = LINE('',#2434,#2435);
#2434 = CARTESIAN_POINT('',(-134.962,6.532,41.151));
#2435 = VECTOR('',#2436,1.);
#2436 = DIRECTION('',(0.113983140811,0.,0.993482684102));
#2437 = ORIENTED_EDGE('',*,*,#2438,.F.);
#2438 = EDGE_CURVE('',#1341,#2431,#2439,.T.);
#2439 = LINE('',#2440,#2441);
#2440 = CARTESIAN_POINT('',(-134.962,5.034,41.151));
#2441 = VECTOR('',#2442,1.);
#2442 = DIRECTION('',(0.,1.,0.));
#2443 = PLANE('',#2444);
#2444 = AXIS2_PLACEMENT_3D('',#2445,#2446,#2447);
#2445 = CARTESIAN_POINT('',(-134.9215,-0.184,41.504));
#2446 = DIRECTION('',(-0.993482684102,-0.,0.113983140811));
#2447 = DIRECTION('',(-0.113983140811,0.,-0.993482684102));
#2448 = ADVANCED_FACE('',(#2449),#2467,.T.);
#2449 = FACE_BOUND('',#2450,.T.);
#2450 = EDGE_LOOP('',(#2451,#2452,#2453,#2461));
#2451 = ORIENTED_EDGE('',*,*,#1340,.T.);
#2452 = ORIENTED_EDGE('',*,*,#2438,.T.);
#2453 = ORIENTED_EDGE('',*,*,#2454,.F.);
#2454 = EDGE_CURVE('',#2455,#2431,#2457,.T.);
#2455 = VERTEX_POINT('',#2456);
#2456 = CARTESIAN_POINT('',(-134.97,6.532,-8.915));
#2457 = LINE('',#2458,#2459);
#2458 = CARTESIAN_POINT('',(-134.97,6.532,-8.915));
#2459 = VECTOR('',#2460,1.);
#2460 = DIRECTION('',(1.597890763768E-04,0.,0.999999987234));
#2461 = ORIENTED_EDGE('',*,*,#2462,.F.);
#2462 = EDGE_CURVE('',#1333,#2455,#2463,.T.);
#2463 = LINE('',#2464,#2465);
#2464 = CARTESIAN_POINT('',(-134.97,5.034,-8.915));
#2465 = VECTOR('',#2466,1.);
#2466 = DIRECTION('',(0.,1.,0.));
#2467 = PLANE('',#2468);
#2468 = AXIS2_PLACEMENT_3D('',#2469,#2470,#2471);
#2469 = CARTESIAN_POINT('',(-134.966,-0.184,16.118));
#2470 = DIRECTION('',(-0.999999987234,-0.,1.597890763768E-04));
#2471 = DIRECTION('',(-1.597890763768E-04,0.,-0.999999987234));
#2472 = ADVANCED_FACE('',(#2473),#2491,.T.);
#2473 = FACE_BOUND('',#2474,.T.);
#2474 = EDGE_LOOP('',(#2475,#2476,#2477,#2485));
#2475 = ORIENTED_EDGE('',*,*,#1332,.T.);
#2476 = ORIENTED_EDGE('',*,*,#2462,.T.);
#2477 = ORIENTED_EDGE('',*,*,#2478,.F.);
#2478 = EDGE_CURVE('',#2479,#2455,#2481,.T.);
#2479 = VERTEX_POINT('',#2480);
#2480 = CARTESIAN_POINT('',(-134.873,6.532,-9.621));
#2481 = LINE('',#2482,#2483);
#2482 = CARTESIAN_POINT('',(-134.873,6.532,-9.621));
#2483 = VECTOR('',#2484,1.);
#2484 = DIRECTION('',(-0.136115048985,0.,0.990693036939));
#2485 = ORIENTED_EDGE('',*,*,#2486,.F.);
#2486 = EDGE_CURVE('',#1325,#2479,#2487,.T.);
#2487 = LINE('',#2488,#2489);
#2488 = CARTESIAN_POINT('',(-134.873,5.034,-9.621));
#2489 = VECTOR('',#2490,1.);
#2490 = DIRECTION('',(0.,1.,0.));
#2491 = PLANE('',#2492);
#2492 = AXIS2_PLACEMENT_3D('',#2493,#2494,#2495);
#2493 = CARTESIAN_POINT('',(-134.9215,-0.184,-9.268));
#2494 = DIRECTION('',(-0.990693036939,-0.,-0.136115048985));
#2495 = DIRECTION('',(0.136115048985,0.,-0.990693036939));
#2496 = ADVANCED_FACE('',(#2497),#2515,.T.);
#2497 = FACE_BOUND('',#2498,.T.);
#2498 = EDGE_LOOP('',(#2499,#2500,#2501,#2509));
#2499 = ORIENTED_EDGE('',*,*,#1324,.T.);
#2500 = ORIENTED_EDGE('',*,*,#2486,.T.);
#2501 = ORIENTED_EDGE('',*,*,#2502,.F.);
#2502 = EDGE_CURVE('',#2503,#2479,#2505,.T.);
#2503 = VERTEX_POINT('',#2504);
#2504 = CARTESIAN_POINT('',(-134.589,6.532,-10.303));
#2505 = LINE('',#2506,#2507);
#2506 = CARTESIAN_POINT('',(-134.589,6.532,-10.303));
#2507 = VECTOR('',#2508,1.);
#2508 = DIRECTION('',(-0.384423148682,0.,0.923156997892));
#2509 = ORIENTED_EDGE('',*,*,#2510,.F.);
#2510 = EDGE_CURVE('',#1317,#2503,#2511,.T.);
#2511 = LINE('',#2512,#2513);
#2512 = CARTESIAN_POINT('',(-134.589,5.034,-10.303));
#2513 = VECTOR('',#2514,1.);
#2514 = DIRECTION('',(0.,1.,0.));
#2515 = PLANE('',#2516);
#2516 = AXIS2_PLACEMENT_3D('',#2517,#2518,#2519);
#2517 = CARTESIAN_POINT('',(-134.731,-0.184,-9.962));
#2518 = DIRECTION('',(-0.923156997892,-0.,-0.384423148682));
#2519 = DIRECTION('',(0.384423148682,0.,-0.923156997892));
#2520 = ADVANCED_FACE('',(#2521),#2539,.T.);
#2521 = FACE_BOUND('',#2522,.T.);
#2522 = EDGE_LOOP('',(#2523,#2524,#2525,#2533));
#2523 = ORIENTED_EDGE('',*,*,#1316,.T.);
#2524 = ORIENTED_EDGE('',*,*,#2510,.T.);
#2525 = ORIENTED_EDGE('',*,*,#2526,.F.);
#2526 = EDGE_CURVE('',#2527,#2503,#2529,.T.);
#2527 = VERTEX_POINT('',#2528);
#2528 = CARTESIAN_POINT('',(-134.142,6.532,-10.887));
#2529 = LINE('',#2530,#2531);
#2530 = CARTESIAN_POINT('',(-134.142,6.532,-10.887));
#2531 = VECTOR('',#2532,1.);
#2532 = DIRECTION('',(-0.607803342128,0.,0.794087587926));
#2533 = ORIENTED_EDGE('',*,*,#2534,.F.);
#2534 = EDGE_CURVE('',#1309,#2527,#2535,.T.);
#2535 = LINE('',#2536,#2537);
#2536 = CARTESIAN_POINT('',(-134.142,5.034,-10.887));
#2537 = VECTOR('',#2538,1.);
#2538 = DIRECTION('',(0.,1.,0.));
#2539 = PLANE('',#2540);
#2540 = AXIS2_PLACEMENT_3D('',#2541,#2542,#2543);
#2541 = CARTESIAN_POINT('',(-134.3655,-0.184,-10.595));
#2542 = DIRECTION('',(-0.794087587926,-0.,-0.607803342128));
#2543 = DIRECTION('',(0.607803342128,0.,-0.794087587926));
#2544 = ADVANCED_FACE('',(#2545),#2563,.T.);
#2545 = FACE_BOUND('',#2546,.T.);
#2546 = EDGE_LOOP('',(#2547,#2548,#2549,#2557));
#2547 = ORIENTED_EDGE('',*,*,#1308,.T.);
#2548 = ORIENTED_EDGE('',*,*,#2534,.T.);
#2549 = ORIENTED_EDGE('',*,*,#2550,.F.);
#2550 = EDGE_CURVE('',#2551,#2527,#2553,.T.);
#2551 = VERTEX_POINT('',#2552);
#2552 = CARTESIAN_POINT('',(-133.55,6.532,-11.341));
#2553 = LINE('',#2554,#2555);
#2554 = CARTESIAN_POINT('',(-133.55,6.532,-11.341));
#2555 = VECTOR('',#2556,1.);
#2556 = DIRECTION('',(-0.793520057084,0.,0.608544097831));
#2557 = ORIENTED_EDGE('',*,*,#2558,.F.);
#2558 = EDGE_CURVE('',#1301,#2551,#2559,.T.);
#2559 = LINE('',#2560,#2561);
#2560 = CARTESIAN_POINT('',(-133.55,5.034,-11.341));
#2561 = VECTOR('',#2562,1.);
#2562 = DIRECTION('',(0.,1.,0.));
#2563 = PLANE('',#2564);
#2564 = AXIS2_PLACEMENT_3D('',#2565,#2566,#2567);
#2565 = CARTESIAN_POINT('',(-133.846,-0.184,-11.114));
#2566 = DIRECTION('',(-0.608544097831,-0.,-0.793520057084));
#2567 = DIRECTION('',(-0.793520057084,0.,0.608544097831));
#2568 = ADVANCED_FACE('',(#2569),#2587,.T.);
#2569 = FACE_BOUND('',#2570,.T.);
#2570 = EDGE_LOOP('',(#2571,#2572,#2573,#2581));
#2571 = ORIENTED_EDGE('',*,*,#1300,.T.);
#2572 = ORIENTED_EDGE('',*,*,#2558,.T.);
#2573 = ORIENTED_EDGE('',*,*,#2574,.F.);
#2574 = EDGE_CURVE('',#2575,#2551,#2577,.T.);
#2575 = VERTEX_POINT('',#2576);
#2576 = CARTESIAN_POINT('',(-132.869,6.532,-11.625));
#2577 = LINE('',#2578,#2579);
#2578 = CARTESIAN_POINT('',(-132.869,6.532,-11.625));
#2579 = VECTOR('',#2580,1.);
#2580 = DIRECTION('',(-0.922956585384,0.,0.384904067913));
#2581 = ORIENTED_EDGE('',*,*,#2582,.F.);
#2582 = EDGE_CURVE('',#1293,#2575,#2583,.T.);
#2583 = LINE('',#2584,#2585);
#2584 = CARTESIAN_POINT('',(-132.869,5.034,-11.625));
#2585 = VECTOR('',#2586,1.);
#2586 = DIRECTION('',(0.,1.,0.));
#2587 = PLANE('',#2588);
#2588 = AXIS2_PLACEMENT_3D('',#2589,#2590,#2591);
#2589 = CARTESIAN_POINT('',(-133.2095,-0.184,-11.483));
#2590 = DIRECTION('',(-0.384904067913,-0.,-0.922956585384));
#2591 = DIRECTION('',(-0.922956585384,0.,0.384904067913));
#2592 = ADVANCED_FACE('',(#2593),#2611,.T.);
#2593 = FACE_BOUND('',#2594,.T.);
#2594 = EDGE_LOOP('',(#2595,#2596,#2597,#2605));
#2595 = ORIENTED_EDGE('',*,*,#1292,.T.);
#2596 = ORIENTED_EDGE('',*,*,#2582,.T.);
#2597 = ORIENTED_EDGE('',*,*,#2598,.F.);
#2598 = EDGE_CURVE('',#2599,#2575,#2601,.T.);
#2599 = VERTEX_POINT('',#2600);
#2600 = CARTESIAN_POINT('',(-132.162,6.532,-11.707));
#2601 = LINE('',#2602,#2603);
#2602 = CARTESIAN_POINT('',(-132.162,6.532,-11.707));
#2603 = VECTOR('',#2604,1.);
#2604 = DIRECTION('',(-0.993341076125,0.,0.115210704727));
#2605 = ORIENTED_EDGE('',*,*,#2606,.F.);
#2606 = EDGE_CURVE('',#1285,#2599,#2607,.T.);
#2607 = LINE('',#2608,#2609);
#2608 = CARTESIAN_POINT('',(-132.162,5.034,-11.707));
#2609 = VECTOR('',#2610,1.);
#2610 = DIRECTION('',(0.,1.,0.));
#2611 = PLANE('',#2612);
#2612 = AXIS2_PLACEMENT_3D('',#2613,#2614,#2615);
#2613 = CARTESIAN_POINT('',(-132.5155,-0.184,-11.666));
#2614 = DIRECTION('',(-0.115210704727,-0.,-0.993341076125));
#2615 = DIRECTION('',(-0.993341076125,0.,0.115210704727));
#2616 = ADVANCED_FACE('',(#2617),#2635,.T.);
#2617 = FACE_BOUND('',#2618,.T.);
#2618 = EDGE_LOOP('',(#2619,#2620,#2621,#2629));
#2619 = ORIENTED_EDGE('',*,*,#1284,.T.);
#2620 = ORIENTED_EDGE('',*,*,#2606,.T.);
#2621 = ORIENTED_EDGE('',*,*,#2622,.F.);
#2622 = EDGE_CURVE('',#2623,#2599,#2625,.T.);
#2623 = VERTEX_POINT('',#2624);
#2624 = CARTESIAN_POINT('',(-78.429,6.532,-11.707));
#2625 = LINE('',#2626,#2627);
#2626 = CARTESIAN_POINT('',(-78.429,6.532,-11.707));
#2627 = VECTOR('',#2628,1.);
#2628 = DIRECTION('',(-1.,0.,0.));
#2629 = ORIENTED_EDGE('',*,*,#2630,.F.);
#2630 = EDGE_CURVE('',#1277,#2623,#2631,.T.);
#2631 = LINE('',#2632,#2633);
#2632 = CARTESIAN_POINT('',(-78.429,5.034,-11.707));
#2633 = VECTOR('',#2634,1.);
#2634 = DIRECTION('',(0.,1.,0.));
#2635 = PLANE('',#2636);
#2636 = AXIS2_PLACEMENT_3D('',#2637,#2638,#2639);
#2637 = CARTESIAN_POINT('',(-105.2955,-0.184,-11.707));
#2638 = DIRECTION('',(-0.,-0.,-1.));
#2639 = DIRECTION('',(-1.,0.,0.));
#2640 = ADVANCED_FACE('',(#2641),#2659,.T.);
#2641 = FACE_BOUND('',#2642,.T.);
#2642 = EDGE_LOOP('',(#2643,#2644,#2645,#2653));
#2643 = ORIENTED_EDGE('',*,*,#1276,.T.);
#2644 = ORIENTED_EDGE('',*,*,#2630,.T.);
#2645 = ORIENTED_EDGE('',*,*,#2646,.F.);
#2646 = EDGE_CURVE('',#2647,#2623,#2649,.T.);
#2647 = VERTEX_POINT('',#2648);
#2648 = CARTESIAN_POINT('',(-70.179,6.532,-23.063));
#2649 = LINE('',#2650,#2651);
#2650 = CARTESIAN_POINT('',(-70.179,6.532,-23.063));
#2651 = VECTOR('',#2652,1.);
#2652 = DIRECTION('',(-0.587756484075,0.,0.809037894927));
#2653 = ORIENTED_EDGE('',*,*,#2654,.F.);
#2654 = EDGE_CURVE('',#1269,#2647,#2655,.T.);
#2655 = LINE('',#2656,#2657);
#2656 = CARTESIAN_POINT('',(-70.179,5.034,-23.063));
#2657 = VECTOR('',#2658,1.);
#2658 = DIRECTION('',(0.,1.,0.));
#2659 = PLANE('',#2660);
#2660 = AXIS2_PLACEMENT_3D('',#2661,#2662,#2663);
#2661 = CARTESIAN_POINT('',(-74.304,-0.184,-17.385));
#2662 = DIRECTION('',(-0.809037894927,-0.,-0.587756484075));
#2663 = DIRECTION('',(0.587756484075,0.,-0.809037894927));
#2664 = ADVANCED_FACE('',(#2665),#2683,.T.);
#2665 = FACE_BOUND('',#2666,.T.);
#2666 = EDGE_LOOP('',(#2667,#2668,#2669,#2677));
#2667 = ORIENTED_EDGE('',*,*,#1268,.T.);
#2668 = ORIENTED_EDGE('',*,*,#2654,.T.);
#2669 = ORIENTED_EDGE('',*,*,#2670,.F.);
#2670 = EDGE_CURVE('',#2671,#2647,#2673,.T.);
#2671 = VERTEX_POINT('',#2672);
#2672 = CARTESIAN_POINT('',(-69.636,6.532,-23.509));
#2673 = LINE('',#2674,#2675);
#2674 = CARTESIAN_POINT('',(-69.636,6.532,-23.509));
#2675 = VECTOR('',#2676,1.);
#2676 = DIRECTION('',(-0.77275118282,0.,0.634709074655));
#2677 = ORIENTED_EDGE('',*,*,#2678,.F.);
#2678 = EDGE_CURVE('',#1261,#2671,#2679,.T.);
#2679 = LINE('',#2680,#2681);
#2680 = CARTESIAN_POINT('',(-69.636,5.034,-23.509));
#2681 = VECTOR('',#2682,1.);
#2682 = DIRECTION('',(0.,1.,0.));
#2683 = PLANE('',#2684);
#2684 = AXIS2_PLACEMENT_3D('',#2685,#2686,#2687);
#2685 = CARTESIAN_POINT('',(-69.9075,-0.184,-23.286));
#2686 = DIRECTION('',(-0.634709074655,-0.,-0.77275118282));
#2687 = DIRECTION('',(-0.77275118282,0.,0.634709074655));
#2688 = ADVANCED_FACE('',(#2689),#2707,.T.);
#2689 = FACE_BOUND('',#2690,.T.);
#2690 = EDGE_LOOP('',(#2691,#2692,#2693,#2701));
#2691 = ORIENTED_EDGE('',*,*,#1260,.T.);
#2692 = ORIENTED_EDGE('',*,*,#2678,.T.);
#2693 = ORIENTED_EDGE('',*,*,#2694,.F.);
#2694 = EDGE_CURVE('',#2695,#2671,#2697,.T.);
#2695 = VERTEX_POINT('',#2696);
#2696 = CARTESIAN_POINT('',(-69.019,6.532,-23.826));
#2697 = LINE('',#2698,#2699);
#2698 = CARTESIAN_POINT('',(-69.019,6.532,-23.826));
#2699 = VECTOR('',#2700,1.);
#2700 = DIRECTION('',(-0.889472002788,0.,0.456989667559));
#2701 = ORIENTED_EDGE('',*,*,#2702,.F.);
#2702 = EDGE_CURVE('',#1253,#2695,#2703,.T.);
#2703 = LINE('',#2704,#2705);
#2704 = CARTESIAN_POINT('',(-69.019,5.034,-23.826));
#2705 = VECTOR('',#2706,1.);
#2706 = DIRECTION('',(0.,1.,0.));
#2707 = PLANE('',#2708);
#2708 = AXIS2_PLACEMENT_3D('',#2709,#2710,#2711);
#2709 = CARTESIAN_POINT('',(-69.3275,-0.184,-23.6675));
#2710 = DIRECTION('',(-0.456989667559,-0.,-0.889472002788));
#2711 = DIRECTION('',(-0.889472002788,0.,0.456989667559));
#2712 = ADVANCED_FACE('',(#2713),#2731,.T.);
#2713 = FACE_BOUND('',#2714,.T.);
#2714 = EDGE_LOOP('',(#2715,#2716,#2717,#2725));
#2715 = ORIENTED_EDGE('',*,*,#1252,.T.);
#2716 = ORIENTED_EDGE('',*,*,#2702,.T.);
#2717 = ORIENTED_EDGE('',*,*,#2718,.F.);
#2718 = EDGE_CURVE('',#2719,#2695,#2721,.T.);
#2719 = VERTEX_POINT('',#2720);
#2720 = CARTESIAN_POINT('',(-68.369,6.532,-23.989));
#2721 = LINE('',#2722,#2723);
#2722 = CARTESIAN_POINT('',(-68.369,6.532,-23.989));
#2723 = VECTOR('',#2724,1.);
#2724 = DIRECTION('',(-0.969966686406,0.,0.243237799822));
#2725 = ORIENTED_EDGE('',*,*,#2726,.F.);
#2726 = EDGE_CURVE('',#1245,#2719,#2727,.T.);
#2727 = LINE('',#2728,#2729);
#2728 = CARTESIAN_POINT('',(-68.369,5.034,-23.989));
#2729 = VECTOR('',#2730,1.);
#2730 = DIRECTION('',(0.,1.,0.));
#2731 = PLANE('',#2732);
#2732 = AXIS2_PLACEMENT_3D('',#2733,#2734,#2735);
#2733 = CARTESIAN_POINT('',(-68.694,-0.184,-23.9075));
#2734 = DIRECTION('',(-0.243237799822,-0.,-0.969966686406));
#2735 = DIRECTION('',(-0.969966686406,0.,0.243237799822));
#2736 = ADVANCED_FACE('',(#2737),#2755,.T.);
#2737 = FACE_BOUND('',#2738,.T.);
#2738 = EDGE_LOOP('',(#2739,#2740,#2741,#2749));
#2739 = ORIENTED_EDGE('',*,*,#1244,.T.);
#2740 = ORIENTED_EDGE('',*,*,#2726,.T.);
#2741 = ORIENTED_EDGE('',*,*,#2742,.F.);
#2742 = EDGE_CURVE('',#2743,#2719,#2745,.T.);
#2743 = VERTEX_POINT('',#2744);
#2744 = CARTESIAN_POINT('',(-35.801,6.532,-28.393));
#2745 = LINE('',#2746,#2747);
#2746 = CARTESIAN_POINT('',(-35.801,6.532,-28.393));
#2747 = VECTOR('',#2748,1.);
#2748 = DIRECTION('',(-0.990980639523,0.,0.134005119641));
#2749 = ORIENTED_EDGE('',*,*,#2750,.F.);
#2750 = EDGE_CURVE('',#1237,#2743,#2751,.T.);
#2751 = LINE('',#2752,#2753);
#2752 = CARTESIAN_POINT('',(-35.801,5.034,-28.393));
#2753 = VECTOR('',#2754,1.);
#2754 = DIRECTION('',(0.,1.,0.));
#2755 = PLANE('',#2756);
#2756 = AXIS2_PLACEMENT_3D('',#2757,#2758,#2759);
#2757 = CARTESIAN_POINT('',(-52.085,-0.184,-26.191));
#2758 = DIRECTION('',(-0.134005119641,-0.,-0.990980639523));
#2759 = DIRECTION('',(-0.990980639523,0.,0.134005119641));
#2760 = ADVANCED_FACE('',(#2761),#2779,.T.);
#2761 = FACE_BOUND('',#2762,.T.);
#2762 = EDGE_LOOP('',(#2763,#2764,#2765,#2773));
#2763 = ORIENTED_EDGE('',*,*,#1236,.T.);
#2764 = ORIENTED_EDGE('',*,*,#2750,.T.);
#2765 = ORIENTED_EDGE('',*,*,#2766,.F.);
#2766 = EDGE_CURVE('',#2767,#2743,#2769,.T.);
#2767 = VERTEX_POINT('',#2768);
#2768 = CARTESIAN_POINT('',(-21.419,6.532,-36.683));
#2769 = LINE('',#2770,#2771);
#2770 = CARTESIAN_POINT('',(-21.419,6.532,-36.683));
#2771 = VECTOR('',#2772,1.);
#2772 = DIRECTION('',(-0.866376072324,0.,0.499392131801));
#2773 = ORIENTED_EDGE('',*,*,#2774,.F.);
#2774 = EDGE_CURVE('',#1229,#2767,#2775,.T.);
#2775 = LINE('',#2776,#2777);
#2776 = CARTESIAN_POINT('',(-21.419,5.034,-36.683));
#2777 = VECTOR('',#2778,1.);
#2778 = DIRECTION('',(0.,1.,0.));
#2779 = PLANE('',#2780);
#2780 = AXIS2_PLACEMENT_3D('',#2781,#2782,#2783);
#2781 = CARTESIAN_POINT('',(-28.61,-0.184,-32.538));
#2782 = DIRECTION('',(-0.499392131801,-0.,-0.866376072324));
#2783 = DIRECTION('',(-0.866376072324,0.,0.499392131801));
#2784 = ADVANCED_FACE('',(#2785),#2803,.T.);
#2785 = FACE_BOUND('',#2786,.T.);
#2786 = EDGE_LOOP('',(#2787,#2788,#2789,#2797));
#2787 = ORIENTED_EDGE('',*,*,#1228,.T.);
#2788 = ORIENTED_EDGE('',*,*,#2774,.T.);
#2789 = ORIENTED_EDGE('',*,*,#2790,.F.);
#2790 = EDGE_CURVE('',#2791,#2767,#2793,.T.);
#2791 = VERTEX_POINT('',#2792);
#2792 = CARTESIAN_POINT('',(-20.68,6.532,-37.008));
#2793 = LINE('',#2794,#2795);
#2794 = CARTESIAN_POINT('',(-20.68,6.532,-37.008));
#2795 = VECTOR('',#2796,1.);
#2796 = DIRECTION('',(-0.91538807652,0.,0.402572564099));
#2797 = ORIENTED_EDGE('',*,*,#2798,.F.);
#2798 = EDGE_CURVE('',#1221,#2791,#2799,.T.);
#2799 = LINE('',#2800,#2801);
#2800 = CARTESIAN_POINT('',(-20.68,5.034,-37.008));
#2801 = VECTOR('',#2802,1.);
#2802 = DIRECTION('',(0.,1.,0.));
#2803 = PLANE('',#2804);
#2804 = AXIS2_PLACEMENT_3D('',#2805,#2806,#2807);
#2805 = CARTESIAN_POINT('',(-21.0495,-0.184,-36.8455));
#2806 = DIRECTION('',(-0.402572564099,-0.,-0.91538807652));
#2807 = DIRECTION('',(-0.91538807652,0.,0.402572564099));
#2808 = ADVANCED_FACE('',(#2809),#2827,.T.);
#2809 = FACE_BOUND('',#2810,.T.);
#2810 = EDGE_LOOP('',(#2811,#2812,#2813,#2821));
#2811 = ORIENTED_EDGE('',*,*,#1220,.T.);
#2812 = ORIENTED_EDGE('',*,*,#2798,.T.);
#2813 = ORIENTED_EDGE('',*,*,#2814,.F.);
#2814 = EDGE_CURVE('',#2815,#2791,#2817,.T.);
#2815 = VERTEX_POINT('',#2816);
#2816 = CARTESIAN_POINT('',(-19.885,6.532,-37.178));
#2817 = LINE('',#2818,#2819);
#2818 = CARTESIAN_POINT('',(-19.885,6.532,-37.178));
#2819 = VECTOR('',#2820,1.);
#2820 = DIRECTION('',(-0.977892327763,0.,0.20910905122));
#2821 = ORIENTED_EDGE('',*,*,#2822,.F.);
#2822 = EDGE_CURVE('',#1213,#2815,#2823,.T.);
#2823 = LINE('',#2824,#2825);
#2824 = CARTESIAN_POINT('',(-19.885,5.034,-37.178));
#2825 = VECTOR('',#2826,1.);
#2826 = DIRECTION('',(0.,1.,0.));
#2827 = PLANE('',#2828);
#2828 = AXIS2_PLACEMENT_3D('',#2829,#2830,#2831);
#2829 = CARTESIAN_POINT('',(-20.2825,-0.184,-37.093));
#2830 = DIRECTION('',(-0.20910905122,-0.,-0.977892327763));
#2831 = DIRECTION('',(-0.977892327763,0.,0.20910905122));
#2832 = ADVANCED_FACE('',(#2833),#2851,.T.);
#2833 = FACE_BOUND('',#2834,.T.);
#2834 = EDGE_LOOP('',(#2835,#2836,#2837,#2845));
#2835 = ORIENTED_EDGE('',*,*,#1212,.T.);
#2836 = ORIENTED_EDGE('',*,*,#2822,.T.);
#2837 = ORIENTED_EDGE('',*,*,#2838,.F.);
#2838 = EDGE_CURVE('',#2839,#2815,#2841,.T.);
#2839 = VERTEX_POINT('',#2840);
#2840 = CARTESIAN_POINT('',(-19.074,6.532,-37.17));
#2841 = LINE('',#2842,#2843);
#2842 = CARTESIAN_POINT('',(-19.074,6.532,-37.17));
#2843 = VECTOR('',#2844,1.);
#2844 = DIRECTION('',(-0.999951350702,0.,-9.863885087068E-03));
#2845 = ORIENTED_EDGE('',*,*,#2846,.F.);
#2846 = EDGE_CURVE('',#1205,#2839,#2847,.T.);
#2847 = LINE('',#2848,#2849);
#2848 = CARTESIAN_POINT('',(-19.074,5.034,-37.17));
#2849 = VECTOR('',#2850,1.);
#2850 = DIRECTION('',(0.,1.,0.));
#2851 = PLANE('',#2852);
#2852 = AXIS2_PLACEMENT_3D('',#2853,#2854,#2855);
#2853 = CARTESIAN_POINT('',(-19.4795,-0.184,-37.174));
#2854 = DIRECTION('',(9.863885087068E-03,-0.,-0.999951350702));
#2855 = DIRECTION('',(-0.999951350702,0.,-9.863885087068E-03));
#2856 = ADVANCED_FACE('',(#2857),#2875,.T.);
#2857 = FACE_BOUND('',#2858,.T.);
#2858 = EDGE_LOOP('',(#2859,#2860,#2861,#2869));
#2859 = ORIENTED_EDGE('',*,*,#1204,.T.);
#2860 = ORIENTED_EDGE('',*,*,#2846,.T.);
#2861 = ORIENTED_EDGE('',*,*,#2862,.F.);
#2862 = EDGE_CURVE('',#2863,#2839,#2865,.T.);
#2863 = VERTEX_POINT('',#2864);
#2864 = CARTESIAN_POINT('',(-18.279,6.532,-36.991));
#2865 = LINE('',#2866,#2867);
#2866 = CARTESIAN_POINT('',(-18.279,6.532,-36.991));
#2867 = VECTOR('',#2868,1.);
#2868 = DIRECTION('',(-0.975576894885,0.,-0.219658193943));
#2869 = ORIENTED_EDGE('',*,*,#2870,.F.);
#2870 = EDGE_CURVE('',#1197,#2863,#2871,.T.);
#2871 = LINE('',#2872,#2873);
#2872 = CARTESIAN_POINT('',(-18.279,5.034,-36.991));
#2873 = VECTOR('',#2874,1.);
#2874 = DIRECTION('',(0.,1.,0.));
#2875 = PLANE('',#2876);
#2876 = AXIS2_PLACEMENT_3D('',#2877,#2878,#2879);
#2877 = CARTESIAN_POINT('',(-18.6765,-0.184,-37.0805));
#2878 = DIRECTION('',(0.219658193943,-0.,-0.975576894885));
#2879 = DIRECTION('',(-0.975576894885,0.,-0.219658193943));
#2880 = ADVANCED_FACE('',(#2881),#2899,.T.);
#2881 = FACE_BOUND('',#2882,.T.);
#2882 = EDGE_LOOP('',(#2883,#2884,#2885,#2893));
#2883 = ORIENTED_EDGE('',*,*,#1196,.T.);
#2884 = ORIENTED_EDGE('',*,*,#2870,.T.);
#2885 = ORIENTED_EDGE('',*,*,#2886,.F.);
#2886 = EDGE_CURVE('',#2887,#2863,#2889,.T.);
#2887 = VERTEX_POINT('',#2888);
#2888 = CARTESIAN_POINT('',(-17.541,6.532,-36.651));
#2889 = LINE('',#2890,#2891);
#2890 = CARTESIAN_POINT('',(-17.541,6.532,-36.651));
#2891 = VECTOR('',#2892,1.);
#2892 = DIRECTION('',(-0.908247330799,0.,-0.418433729636));
#2893 = ORIENTED_EDGE('',*,*,#2894,.F.);
#2894 = EDGE_CURVE('',#1189,#2887,#2895,.T.);
#2895 = LINE('',#2896,#2897);
#2896 = CARTESIAN_POINT('',(-17.541,5.034,-36.651));
#2897 = VECTOR('',#2898,1.);
#2898 = DIRECTION('',(0.,1.,0.));
#2899 = PLANE('',#2900);
#2900 = AXIS2_PLACEMENT_3D('',#2901,#2902,#2903);
#2901 = CARTESIAN_POINT('',(-17.91,-0.184,-36.821));
#2902 = DIRECTION('',(0.418433729636,-0.,-0.908247330799));
#2903 = DIRECTION('',(-0.908247330799,0.,-0.418433729636));
#2904 = ADVANCED_FACE('',(#2905),#2923,.T.);
#2905 = FACE_BOUND('',#2906,.T.);
#2906 = EDGE_LOOP('',(#2907,#2908,#2909,#2917));
#2907 = ORIENTED_EDGE('',*,*,#1188,.T.);
#2908 = ORIENTED_EDGE('',*,*,#2894,.T.);
#2909 = ORIENTED_EDGE('',*,*,#2910,.F.);
#2910 = EDGE_CURVE('',#2911,#2887,#2913,.T.);
#2911 = VERTEX_POINT('',#2912);
#2912 = CARTESIAN_POINT('',(-16.892,6.532,-36.156));
#2913 = LINE('',#2914,#2915);
#2914 = CARTESIAN_POINT('',(-16.892,6.532,-36.156));
#2915 = VECTOR('',#2916,1.);
#2916 = DIRECTION('',(-0.795122252878,0.,-0.606449175924));
#2917 = ORIENTED_EDGE('',*,*,#2918,.F.);
#2918 = EDGE_CURVE('',#1181,#2911,#2919,.T.);
#2919 = LINE('',#2920,#2921);
#2920 = CARTESIAN_POINT('',(-16.892,5.034,-36.156));
#2921 = VECTOR('',#2922,1.);
#2922 = DIRECTION('',(0.,1.,0.));
#2923 = PLANE('',#2924);
#2924 = AXIS2_PLACEMENT_3D('',#2925,#2926,#2927);
#2925 = CARTESIAN_POINT('',(-17.2165,-0.184,-36.4035));
#2926 = DIRECTION('',(0.606449175924,-0.,-0.795122252878));
#2927 = DIRECTION('',(-0.795122252878,0.,-0.606449175924));
#2928 = ADVANCED_FACE('',(#2929),#2947,.T.);
#2929 = FACE_BOUND('',#2930,.T.);
#2930 = EDGE_LOOP('',(#2931,#2932,#2933,#2941));
#2931 = ORIENTED_EDGE('',*,*,#1180,.T.);
#2932 = ORIENTED_EDGE('',*,*,#2918,.T.);
#2933 = ORIENTED_EDGE('',*,*,#2934,.F.);
#2934 = EDGE_CURVE('',#2935,#2911,#2937,.T.);
#2935 = VERTEX_POINT('',#2936);
#2936 = CARTESIAN_POINT('',(-16.38,6.532,-35.555));
#2937 = LINE('',#2938,#2939);
#2938 = CARTESIAN_POINT('',(-16.38,6.532,-35.555));
#2939 = VECTOR('',#2940,1.);
#2940 = DIRECTION('',(-0.648493639532,0.,-0.761220072966));
#2941 = ORIENTED_EDGE('',*,*,#2942,.F.);
#2942 = EDGE_CURVE('',#1173,#2935,#2943,.T.);
#2943 = LINE('',#2944,#2945);
#2944 = CARTESIAN_POINT('',(-16.38,5.034,-35.555));
#2945 = VECTOR('',#2946,1.);
#2946 = DIRECTION('',(0.,1.,0.));
#2947 = PLANE('',#2948);
#2948 = AXIS2_PLACEMENT_3D('',#2949,#2950,#2951);
#2949 = CARTESIAN_POINT('',(-16.636,-0.184,-35.8555));
#2950 = DIRECTION('',(0.761220072966,0.,-0.648493639532));
#2951 = DIRECTION('',(0.648493639532,0.,0.761220072966));
#2952 = ADVANCED_FACE('',(#2953),#2985,.T.);
#2953 = FACE_BOUND('',#2954,.T.);
#2954 = EDGE_LOOP('',(#2955,#2963,#2969,#2970,#2971,#2979));
#2955 = ORIENTED_EDGE('',*,*,#2956,.T.);
#2956 = EDGE_CURVE('',#2957,#1941,#2959,.T.);
#2957 = VERTEX_POINT('',#2958);
#2958 = CARTESIAN_POINT('',(-2.64,-6.9,-11.741));
#2959 = LINE('',#2960,#2961);
#2960 = CARTESIAN_POINT('',(-2.64,-6.9,-11.741));
#2961 = VECTOR('',#2962,1.);
#2962 = DIRECTION('',(-0.499753940741,0.,-0.866167419564));
#2963 = ORIENTED_EDGE('',*,*,#2964,.T.);
#2964 = EDGE_CURVE('',#1941,#1165,#2965,.T.);
#2965 = LINE('',#2966,#2967);
#2966 = CARTESIAN_POINT('',(-2.64,-6.9,-11.741));
#2967 = VECTOR('',#2968,1.);
#2968 = DIRECTION('',(-0.499753940741,0.,-0.866167419564));
#2969 = ORIENTED_EDGE('',*,*,#1172,.T.);
#2970 = ORIENTED_EDGE('',*,*,#2942,.T.);
#2971 = ORIENTED_EDGE('',*,*,#2972,.F.);
#2972 = EDGE_CURVE('',#2973,#2935,#2975,.T.);
#2973 = VERTEX_POINT('',#2974);
#2974 = CARTESIAN_POINT('',(-2.64,6.532,-11.741));
#2975 = LINE('',#2976,#2977);
#2976 = CARTESIAN_POINT('',(-2.64,6.532,-11.741));
#2977 = VECTOR('',#2978,1.);
#2978 = DIRECTION('',(-0.499753940741,0.,-0.866167419564));
#2979 = ORIENTED_EDGE('',*,*,#2980,.F.);
#2980 = EDGE_CURVE('',#2957,#2973,#2981,.T.);
#2981 = LINE('',#2982,#2983);
#2982 = CARTESIAN_POINT('',(-2.64,5.034,-11.741));
#2983 = VECTOR('',#2984,1.);
#2984 = DIRECTION('',(0.,1.,0.));
#2985 = PLANE('',#2986);
#2986 = AXIS2_PLACEMENT_3D('',#2987,#2988,#2989);
#2987 = CARTESIAN_POINT('',(-9.51,-0.184,-23.648));
#2988 = DIRECTION('',(0.866167419564,0.,-0.499753940741));
#2989 = DIRECTION('',(0.499753940741,0.,0.866167419564));
#2990 = ADVANCED_FACE('',(#2991),#3017,.T.);
#2991 = FACE_BOUND('',#2992,.T.);
#2992 = EDGE_LOOP('',(#2993,#3001,#3009,#3015,#3016));
#2993 = ORIENTED_EDGE('',*,*,#2994,.T.);
#2994 = EDGE_CURVE('',#1491,#2995,#2997,.T.);
#2995 = VERTEX_POINT('',#2996);
#2996 = CARTESIAN_POINT('',(-3.978419053964,5.034,-11.05925445692));
#2997 = LINE('',#2998,#2999);
#2998 = CARTESIAN_POINT('',(-3.978419053964,-6.9,-11.05925445692));
#2999 = VECTOR('',#3000,1.);
#3000 = DIRECTION('',(0.,1.,0.));
#3001 = ORIENTED_EDGE('',*,*,#3002,.T.);
#3002 = EDGE_CURVE('',#2995,#3003,#3005,.T.);
#3003 = VERTEX_POINT('',#3004);
#3004 = CARTESIAN_POINT('',(-17.61073648459,5.034,-34.68662034434));
#3005 = LINE('',#3006,#3007);
#3006 = CARTESIAN_POINT('',(-3.939251129346,5.034,-10.99136908888));
#3007 = VECTOR('',#3008,1.);
#3008 = DIRECTION('',(-0.499753940741,0.,-0.866167419564));
#3009 = ORIENTED_EDGE('',*,*,#3010,.F.);
#3010 = EDGE_CURVE('',#1141,#3003,#3011,.T.);
#3011 = LINE('',#3012,#3013);
#3012 = CARTESIAN_POINT('',(-17.61073648459,-6.9,-34.68662034434));
#3013 = VECTOR('',#3014,1.);
#3014 = DIRECTION('',(0.,1.,0.));
#3015 = ORIENTED_EDGE('',*,*,#1148,.F.);
#3016 = ORIENTED_EDGE('',*,*,#1490,.F.);
#3017 = PLANE('',#3018);
#3018 = AXIS2_PLACEMENT_3D('',#3019,#3020,#3021);
#3019 = CARTESIAN_POINT('',(-3.978419053964,-6.9,-11.05925445692));
#3020 = DIRECTION('',(-0.866167419564,0.,0.499753940741));
#3021 = DIRECTION('',(-0.499753940741,0.,-0.866167419564));
#3022 = ADVANCED_FACE('',(#3023),#3041,.T.);
#3023 = FACE_BOUND('',#3024,.T.);
#3024 = EDGE_LOOP('',(#3025,#3026,#3034,#3040));
#3025 = ORIENTED_EDGE('',*,*,#3010,.T.);
#3026 = ORIENTED_EDGE('',*,*,#3027,.T.);
#3027 = EDGE_CURVE('',#3003,#3028,#3030,.T.);
#3028 = VERTEX_POINT('',#3029);
#3029 = CARTESIAN_POINT('',(-17.92954204067,5.034,-35.06084327247));
#3030 = LINE('',#3031,#3032);
#3031 = CARTESIAN_POINT('',(-17.52183010944,5.034,-34.5822595407));
#3032 = VECTOR('',#3033,1.);
#3033 = DIRECTION('',(-0.648493639532,0.,-0.761220072966));
#3034 = ORIENTED_EDGE('',*,*,#3035,.F.);
#3035 = EDGE_CURVE('',#1133,#3028,#3036,.T.);
#3036 = LINE('',#3037,#3038);
#3037 = CARTESIAN_POINT('',(-17.92954204067,-6.9,-35.06084327247));
#3038 = VECTOR('',#3039,1.);
#3039 = DIRECTION('',(0.,1.,0.));
#3040 = ORIENTED_EDGE('',*,*,#1140,.F.);
#3041 = PLANE('',#3042);
#3042 = AXIS2_PLACEMENT_3D('',#3043,#3044,#3045);
#3043 = CARTESIAN_POINT('',(-17.61073648459,-6.9,-34.68662034434));
#3044 = DIRECTION('',(-0.761220072966,0.,0.648493639532));
#3045 = DIRECTION('',(-0.648493639532,0.,-0.761220072966));
#3046 = ADVANCED_FACE('',(#3047),#3065,.T.);
#3047 = FACE_BOUND('',#3048,.T.);
#3048 = EDGE_LOOP('',(#3049,#3050,#3058,#3064));
#3049 = ORIENTED_EDGE('',*,*,#3035,.T.);
#3050 = ORIENTED_EDGE('',*,*,#3051,.T.);
#3051 = EDGE_CURVE('',#3028,#3052,#3054,.T.);
#3052 = VERTEX_POINT('',#3053);
#3053 = CARTESIAN_POINT('',(-18.3190271148,5.034,-35.35790815951));
#3054 = LINE('',#3055,#3056);
#3055 = CARTESIAN_POINT('',(-17.80167376388,5.034,-34.96331662068));
#3056 = VECTOR('',#3057,1.);
#3057 = DIRECTION('',(-0.795122252878,0.,-0.606449175924));
#3058 = ORIENTED_EDGE('',*,*,#3059,.F.);
#3059 = EDGE_CURVE('',#1125,#3052,#3060,.T.);
#3060 = LINE('',#3061,#3062);
#3061 = CARTESIAN_POINT('',(-18.3190271148,-6.9,-35.35790815951));
#3062 = VECTOR('',#3063,1.);
#3063 = DIRECTION('',(0.,1.,0.));
#3064 = ORIENTED_EDGE('',*,*,#1132,.F.);
#3065 = PLANE('',#3066);
#3066 = AXIS2_PLACEMENT_3D('',#3067,#3068,#3069);
#3067 = CARTESIAN_POINT('',(-17.92954204067,-6.9,-35.06084327247));
#3068 = DIRECTION('',(-0.606449175924,0.,0.795122252878));
#3069 = DIRECTION('',(-0.795122252878,0.,-0.606449175924));
#3070 = ADVANCED_FACE('',(#3071),#3089,.T.);
#3071 = FACE_BOUND('',#3072,.T.);
#3072 = EDGE_LOOP('',(#3073,#3074,#3082,#3088));
#3073 = ORIENTED_EDGE('',*,*,#3059,.T.);
#3074 = ORIENTED_EDGE('',*,*,#3075,.T.);
#3075 = EDGE_CURVE('',#3052,#3076,#3078,.T.);
#3076 = VERTEX_POINT('',#3077);
#3077 = CARTESIAN_POINT('',(-18.76289725436,5.034,-35.56240117774));
#3078 = LINE('',#3079,#3080);
#3079 = CARTESIAN_POINT('',(-18.16865059445,5.034,-35.2886290038));
#3080 = VECTOR('',#3081,1.);
#3081 = DIRECTION('',(-0.908247330799,0.,-0.418433729636));
#3082 = ORIENTED_EDGE('',*,*,#3083,.F.);
#3083 = EDGE_CURVE('',#1117,#3076,#3084,.T.);
#3084 = LINE('',#3085,#3086);
#3085 = CARTESIAN_POINT('',(-18.76289725436,-6.9,-35.56240117774));
#3086 = VECTOR('',#3087,1.);
#3087 = DIRECTION('',(0.,1.,0.));
#3088 = ORIENTED_EDGE('',*,*,#1124,.F.);
#3089 = PLANE('',#3090);
#3090 = AXIS2_PLACEMENT_3D('',#3091,#3092,#3093);
#3091 = CARTESIAN_POINT('',(-18.3190271148,-6.9,-35.35790815951));
#3092 = DIRECTION('',(-0.418433729636,0.,0.908247330799));
#3093 = DIRECTION('',(-0.908247330799,0.,-0.418433729636));
#3094 = ADVANCED_FACE('',(#3095),#3113,.T.);
#3095 = FACE_BOUND('',#3096,.T.);
#3096 = EDGE_LOOP('',(#3097,#3098,#3106,#3112));
#3097 = ORIENTED_EDGE('',*,*,#3083,.T.);
#3098 = ORIENTED_EDGE('',*,*,#3099,.T.);
#3099 = EDGE_CURVE('',#3076,#3100,#3102,.T.);
#3100 = VERTEX_POINT('',#3101);
#3101 = CARTESIAN_POINT('',(-19.24808292183,5.034,-35.67164423998));
#3102 = LINE('',#3103,#3104);
#3103 = CARTESIAN_POINT('',(-18.60848729091,5.034,-35.52763465767));
#3104 = VECTOR('',#3105,1.);
#3105 = DIRECTION('',(-0.975576894885,0.,-0.219658193943));
#3106 = ORIENTED_EDGE('',*,*,#3107,.F.);
#3107 = EDGE_CURVE('',#1109,#3100,#3108,.T.);
#3108 = LINE('',#3109,#3110);
#3109 = CARTESIAN_POINT('',(-19.24808292183,-6.9,-35.67164423998));
#3110 = VECTOR('',#3111,1.);
#3111 = DIRECTION('',(0.,1.,0.));
#3112 = ORIENTED_EDGE('',*,*,#1116,.F.);
#3113 = PLANE('',#3114);
#3114 = AXIS2_PLACEMENT_3D('',#3115,#3116,#3117);
#3115 = CARTESIAN_POINT('',(-18.76289725436,-6.9,-35.56240117774));
#3116 = DIRECTION('',(-0.219658193943,0.,0.975576894885));
#3117 = DIRECTION('',(-0.975576894885,0.,-0.219658193943));
#3118 = ADVANCED_FACE('',(#3119),#3137,.T.);
#3119 = FACE_BOUND('',#3120,.T.);
#3120 = EDGE_LOOP('',(#3121,#3122,#3130,#3136));
#3121 = ORIENTED_EDGE('',*,*,#3107,.T.);
#3122 = ORIENTED_EDGE('',*,*,#3123,.T.);
#3123 = EDGE_CURVE('',#3100,#3124,#3126,.T.);
#3124 = VERTEX_POINT('',#3125);
#3125 = CARTESIAN_POINT('',(-19.73373446053,5.034,-35.67643488401));
#3126 = LINE('',#3127,#3128);
#3127 = CARTESIAN_POINT('',(-19.08879582763,5.034,-35.67007297394));
#3128 = VECTOR('',#3129,1.);
#3129 = DIRECTION('',(-0.999951350702,0.,-9.863885087068E-03));
#3130 = ORIENTED_EDGE('',*,*,#3131,.F.);
#3131 = EDGE_CURVE('',#1101,#3124,#3132,.T.);
#3132 = LINE('',#3133,#3134);
#3133 = CARTESIAN_POINT('',(-19.73373446053,-6.9,-35.67643488401));
#3134 = VECTOR('',#3135,1.);
#3135 = DIRECTION('',(0.,1.,0.));
#3136 = ORIENTED_EDGE('',*,*,#1108,.F.);
#3137 = PLANE('',#3138);
#3138 = AXIS2_PLACEMENT_3D('',#3139,#3140,#3141);
#3139 = CARTESIAN_POINT('',(-19.24808292183,-6.9,-35.67164423998));
#3140 = DIRECTION('',(-9.863885087068E-03,0.,0.999951350702));
#3141 = DIRECTION('',(-0.999951350702,0.,-9.863885087068E-03));
#3142 = ADVANCED_FACE('',(#3143),#3161,.T.);
#3143 = FACE_BOUND('',#3144,.T.);
#3144 = EDGE_LOOP('',(#3145,#3146,#3154,#3160));
#3145 = ORIENTED_EDGE('',*,*,#3131,.T.);
#3146 = ORIENTED_EDGE('',*,*,#3147,.T.);
#3147 = EDGE_CURVE('',#3124,#3148,#3150,.T.);
#3148 = VERTEX_POINT('',#3149);
#3149 = CARTESIAN_POINT('',(-20.21644857413,5.034,-35.57321299808));
#3150 = LINE('',#3151,#3152);
#3151 = CARTESIAN_POINT('',(-19.57133642317,5.034,-35.71116150835));
#3152 = VECTOR('',#3153,1.);
#3153 = DIRECTION('',(-0.977892327763,-0.,0.20910905122));
#3154 = ORIENTED_EDGE('',*,*,#3155,.F.);
#3155 = EDGE_CURVE('',#1093,#3148,#3156,.T.);
#3156 = LINE('',#3157,#3158);
#3157 = CARTESIAN_POINT('',(-20.21644857413,-6.9,-35.57321299808));
#3158 = VECTOR('',#3159,1.);
#3159 = DIRECTION('',(0.,1.,0.));
#3160 = ORIENTED_EDGE('',*,*,#1100,.F.);
#3161 = PLANE('',#3162);
#3162 = AXIS2_PLACEMENT_3D('',#3163,#3164,#3165);
#3163 = CARTESIAN_POINT('',(-19.73373446053,-6.9,-35.67643488401));
#3164 = DIRECTION('',(0.20910905122,-0.,0.977892327763));
#3165 = DIRECTION('',(-0.977892327763,0.,0.20910905122));
#3166 = ADVANCED_FACE('',(#3167),#3185,.T.);
#3167 = FACE_BOUND('',#3168,.T.);
#3168 = EDGE_LOOP('',(#3169,#3170,#3178,#3184));
#3169 = ORIENTED_EDGE('',*,*,#3155,.T.);
#3170 = ORIENTED_EDGE('',*,*,#3171,.T.);
#3171 = EDGE_CURVE('',#3148,#3172,#3174,.T.);
#3172 = VERTEX_POINT('',#3173);
#3173 = CARTESIAN_POINT('',(-20.74052902471,5.034,-35.34273106786));
#3174 = LINE('',#3175,#3176);
#3175 = CARTESIAN_POINT('',(-20.07614115385,5.034,-35.63491788522));
#3176 = VECTOR('',#3177,1.);
#3177 = DIRECTION('',(-0.91538807652,-0.,0.402572564099));
#3178 = ORIENTED_EDGE('',*,*,#3179,.F.);
#3179 = EDGE_CURVE('',#1085,#3172,#3180,.T.);
#3180 = LINE('',#3181,#3182);
#3181 = CARTESIAN_POINT('',(-20.74052902471,-6.9,-35.34273106786));
#3182 = VECTOR('',#3183,1.);
#3183 = DIRECTION('',(0.,1.,0.));
#3184 = ORIENTED_EDGE('',*,*,#1092,.F.);
#3185 = PLANE('',#3186);
#3186 = AXIS2_PLACEMENT_3D('',#3187,#3188,#3189);
#3187 = CARTESIAN_POINT('',(-20.21644857413,-6.9,-35.57321299808));
#3188 = DIRECTION('',(0.402572564099,-0.,0.91538807652));
#3189 = DIRECTION('',(-0.91538807652,0.,0.402572564099));
#3190 = ADVANCED_FACE('',(#3191),#3209,.T.);
#3191 = FACE_BOUND('',#3192,.T.);
#3192 = EDGE_LOOP('',(#3193,#3194,#3202,#3208));
#3193 = ORIENTED_EDGE('',*,*,#3179,.T.);
#3194 = ORIENTED_EDGE('',*,*,#3195,.T.);
#3195 = EDGE_CURVE('',#3172,#3196,#3198,.T.);
#3196 = VERTEX_POINT('',#3197);
#3197 = CARTESIAN_POINT('',(-35.05191180229,5.034,-27.09343589151));
#3198 = LINE('',#3199,#3200);
#3199 = CARTESIAN_POINT('',(-20.66991180229,5.034,-35.38343589151));
#3200 = VECTOR('',#3201,1.);
#3201 = DIRECTION('',(-0.866376072324,-0.,0.499392131801));
#3202 = ORIENTED_EDGE('',*,*,#3203,.F.);
#3203 = EDGE_CURVE('',#1076,#3196,#3204,.T.);
#3204 = LINE('',#3205,#3206);
#3205 = CARTESIAN_POINT('',(-35.05191180229,-6.9,-27.09343589151));
#3206 = VECTOR('',#3207,1.);
#3207 = DIRECTION('',(0.,1.,0.));
#3208 = ORIENTED_EDGE('',*,*,#1084,.F.);
#3209 = PLANE('',#3210);
#3210 = AXIS2_PLACEMENT_3D('',#3211,#3212,#3213);
#3211 = CARTESIAN_POINT('',(-20.74052902471,-6.9,-35.34273106786));
#3212 = DIRECTION('',(0.499392131801,-0.,0.866376072324));
#3213 = DIRECTION('',(-0.866376072324,0.,0.499392131801));
#3214 = ADVANCED_FACE('',(#3215),#3234,.T.);
#3215 = FACE_BOUND('',#3216,.T.);
#3216 = EDGE_LOOP('',(#3217,#3218,#3227,#3233));
#3217 = ORIENTED_EDGE('',*,*,#3203,.T.);
#3218 = ORIENTED_EDGE('',*,*,#3219,.T.);
#3219 = EDGE_CURVE('',#3196,#3220,#3222,.T.);
#3220 = VERTEX_POINT('',#3221);
#3221 = CARTESIAN_POINT('',(-35.59999232053,5.034,-26.90652904071));
#3222 = CIRCLE('',#3223,1.5);
#3223 = AXIS2_PLACEMENT_3D('',#3224,#3225,#3226);
#3224 = CARTESIAN_POINT('',(-35.801,5.034,-28.393));
#3225 = DIRECTION('',(0.,-1.,0.));
#3226 = DIRECTION('',(0.866376072324,0.,-0.499392131801));
#3227 = ORIENTED_EDGE('',*,*,#3228,.F.);
#3228 = EDGE_CURVE('',#1068,#3220,#3229,.T.);
#3229 = LINE('',#3230,#3231);
#3230 = CARTESIAN_POINT('',(-35.59999232053,-6.9,-26.90652904071));
#3231 = VECTOR('',#3232,1.);
#3232 = DIRECTION('',(0.,1.,0.));
#3233 = ORIENTED_EDGE('',*,*,#1075,.F.);
#3234 = CYLINDRICAL_SURFACE('',#3235,1.5);
#3235 = AXIS2_PLACEMENT_3D('',#3236,#3237,#3238);
#3236 = CARTESIAN_POINT('',(-35.801,-6.9,-28.393));
#3237 = DIRECTION('',(0.,-1.,0.));
#3238 = DIRECTION('',(0.866376072324,0.,-0.499392131801));
#3239 = ADVANCED_FACE('',(#3240),#3258,.T.);
#3240 = FACE_BOUND('',#3241,.T.);
#3241 = EDGE_LOOP('',(#3242,#3243,#3251,#3257));
#3242 = ORIENTED_EDGE('',*,*,#3228,.T.);
#3243 = ORIENTED_EDGE('',*,*,#3244,.T.);
#3244 = EDGE_CURVE('',#3220,#3245,#3247,.T.);
#3245 = VERTEX_POINT('',#3246);
#3246 = CARTESIAN_POINT('',(-68.0851898889,5.034,-22.5137259797));
#3247 = LINE('',#3248,#3249);
#3248 = CARTESIAN_POINT('',(-35.59999232053,5.034,-26.90652904071));
#3249 = VECTOR('',#3250,1.);
#3250 = DIRECTION('',(-0.990980639523,-0.,0.134005119641));
#3251 = ORIENTED_EDGE('',*,*,#3252,.F.);
#3252 = EDGE_CURVE('',#1060,#3245,#3253,.T.);
#3253 = LINE('',#3254,#3255);
#3254 = CARTESIAN_POINT('',(-68.0851898889,-6.9,-22.5137259797));
#3255 = VECTOR('',#3256,1.);
#3256 = DIRECTION('',(0.,1.,0.));
#3257 = ORIENTED_EDGE('',*,*,#1067,.F.);
#3258 = PLANE('',#3259);
#3259 = AXIS2_PLACEMENT_3D('',#3260,#3261,#3262);
#3260 = CARTESIAN_POINT('',(-35.59999232053,-6.9,-26.90652904071));
#3261 = DIRECTION('',(0.134005119641,-0.,0.990980639523));
#3262 = DIRECTION('',(-0.990980639523,0.,0.134005119641));
#3263 = ADVANCED_FACE('',(#3264),#3282,.T.);
#3264 = FACE_BOUND('',#3265,.T.);
#3265 = EDGE_LOOP('',(#3266,#3267,#3275,#3281));
#3266 = ORIENTED_EDGE('',*,*,#3252,.T.);
#3267 = ORIENTED_EDGE('',*,*,#3268,.T.);
#3268 = EDGE_CURVE('',#3245,#3269,#3271,.T.);
#3269 = VERTEX_POINT('',#3270);
#3270 = CARTESIAN_POINT('',(-68.48688944667,5.034,-22.4129920906));
#3271 = LINE('',#3272,#3273);
#3272 = CARTESIAN_POINT('',(-68.00414330026,5.034,-22.53404997039));
#3273 = VECTOR('',#3274,1.);
#3274 = DIRECTION('',(-0.969966686406,-0.,0.243237799822));
#3275 = ORIENTED_EDGE('',*,*,#3276,.F.);
#3276 = EDGE_CURVE('',#1052,#3269,#3277,.T.);
#3277 = LINE('',#3278,#3279);
#3278 = CARTESIAN_POINT('',(-68.48688944667,-6.9,-22.4129920906));
#3279 = VECTOR('',#3280,1.);
#3280 = DIRECTION('',(0.,1.,0.));
#3281 = ORIENTED_EDGE('',*,*,#1059,.F.);
#3282 = PLANE('',#3283);
#3283 = AXIS2_PLACEMENT_3D('',#3284,#3285,#3286);
#3284 = CARTESIAN_POINT('',(-68.0851898889,-6.9,-22.5137259797));
#3285 = DIRECTION('',(0.243237799822,-0.,0.969966686406));
#3286 = DIRECTION('',(-0.969966686406,0.,0.243237799822));
#3287 = ADVANCED_FACE('',(#3288),#3306,.T.);
#3288 = FACE_BOUND('',#3289,.T.);
#3289 = EDGE_LOOP('',(#3290,#3291,#3299,#3305));
#3290 = ORIENTED_EDGE('',*,*,#3276,.T.);
#3291 = ORIENTED_EDGE('',*,*,#3292,.T.);
#3292 = EDGE_CURVE('',#3269,#3293,#3295,.T.);
#3293 = VERTEX_POINT('',#3294);
#3294 = CARTESIAN_POINT('',(-68.80786639022,5.034,-22.24808173224));
#3295 = LINE('',#3296,#3297);
#3296 = CARTESIAN_POINT('',(-68.33351549866,5.034,-22.49179199581));
#3297 = VECTOR('',#3298,1.);
#3298 = DIRECTION('',(-0.889472002788,-0.,0.456989667559));
#3299 = ORIENTED_EDGE('',*,*,#3300,.F.);
#3300 = EDGE_CURVE('',#1044,#3293,#3301,.T.);
#3301 = LINE('',#3302,#3303);
#3302 = CARTESIAN_POINT('',(-68.80786639022,-6.9,-22.24808173224));
#3303 = VECTOR('',#3304,1.);
#3304 = DIRECTION('',(0.,1.,0.));
#3305 = ORIENTED_EDGE('',*,*,#1051,.F.);
#3306 = PLANE('',#3307);
#3307 = AXIS2_PLACEMENT_3D('',#3308,#3309,#3310);
#3308 = CARTESIAN_POINT('',(-68.48688944667,-6.9,-22.4129920906));
#3309 = DIRECTION('',(0.456989667559,-0.,0.889472002788));
#3310 = DIRECTION('',(-0.889472002788,0.,0.456989667559));
#3311 = ADVANCED_FACE('',(#3312),#3330,.T.);
#3312 = FACE_BOUND('',#3313,.T.);
#3313 = EDGE_LOOP('',(#3314,#3315,#3323,#3329));
#3314 = ORIENTED_EDGE('',*,*,#3300,.T.);
#3315 = ORIENTED_EDGE('',*,*,#3316,.T.);
#3316 = EDGE_CURVE('',#3293,#3317,#3319,.T.);
#3317 = VERTEX_POINT('',#3318);
#3318 = CARTESIAN_POINT('',(-69.07841153364,5.034,-22.02586601591));
#3319 = LINE('',#3320,#3321);
#3320 = CARTESIAN_POINT('',(-68.68393638801,5.034,-22.34987322577));
#3321 = VECTOR('',#3322,1.);
#3322 = DIRECTION('',(-0.77275118282,-0.,0.634709074655));
#3323 = ORIENTED_EDGE('',*,*,#3324,.F.);
#3324 = EDGE_CURVE('',#1036,#3317,#3325,.T.);
#3325 = LINE('',#3326,#3327);
#3326 = CARTESIAN_POINT('',(-69.07841153364,-6.9,-22.02586601591));
#3327 = VECTOR('',#3328,1.);
#3328 = DIRECTION('',(0.,1.,0.));
#3329 = ORIENTED_EDGE('',*,*,#1043,.F.);
#3330 = PLANE('',#3331);
#3331 = AXIS2_PLACEMENT_3D('',#3332,#3333,#3334);
#3332 = CARTESIAN_POINT('',(-68.80786639022,-6.9,-22.24808173224));
#3333 = DIRECTION('',(0.634709074655,-0.,0.77275118282));
#3334 = DIRECTION('',(-0.77275118282,0.,0.634709074655));
#3335 = ADVANCED_FACE('',(#3336),#3354,.T.);
#3336 = FACE_BOUND('',#3337,.T.);
#3337 = EDGE_LOOP('',(#3338,#3339,#3347,#3353));
#3338 = ORIENTED_EDGE('',*,*,#3324,.T.);
#3339 = ORIENTED_EDGE('',*,*,#3340,.T.);
#3340 = EDGE_CURVE('',#3317,#3341,#3343,.T.);
#3341 = VERTEX_POINT('',#3342);
#3342 = CARTESIAN_POINT('',(-77.2154431576,5.034,-10.82536527388));
#3343 = LINE('',#3344,#3345);
#3344 = CARTESIAN_POINT('',(-68.9654431576,5.034,-22.18136527388));
#3345 = VECTOR('',#3346,1.);
#3346 = DIRECTION('',(-0.587756484075,-0.,0.809037894927));
#3347 = ORIENTED_EDGE('',*,*,#3348,.F.);
#3348 = EDGE_CURVE('',#1027,#3341,#3349,.T.);
#3349 = LINE('',#3350,#3351);
#3350 = CARTESIAN_POINT('',(-77.2154431576,-6.9,-10.82536527388));
#3351 = VECTOR('',#3352,1.);
#3352 = DIRECTION('',(0.,1.,0.));
#3353 = ORIENTED_EDGE('',*,*,#1035,.F.);
#3354 = PLANE('',#3355);
#3355 = AXIS2_PLACEMENT_3D('',#3356,#3357,#3358);
#3356 = CARTESIAN_POINT('',(-69.07841153364,-6.9,-22.02586601591));
#3357 = DIRECTION('',(0.809037894927,-0.,0.587756484075));
#3358 = DIRECTION('',(-0.587756484075,0.,0.809037894927));
#3359 = ADVANCED_FACE('',(#3360),#3379,.T.);
#3360 = FACE_BOUND('',#3361,.T.);
#3361 = EDGE_LOOP('',(#3362,#3363,#3372,#3378));
#3362 = ORIENTED_EDGE('',*,*,#3348,.T.);
#3363 = ORIENTED_EDGE('',*,*,#3364,.T.);
#3364 = EDGE_CURVE('',#3341,#3365,#3367,.T.);
#3365 = VERTEX_POINT('',#3366);
#3366 = CARTESIAN_POINT('',(-78.429,5.034,-10.207));
#3367 = CIRCLE('',#3368,1.5);
#3368 = AXIS2_PLACEMENT_3D('',#3369,#3370,#3371);
#3369 = CARTESIAN_POINT('',(-78.429,5.034,-11.707));
#3370 = DIRECTION('',(0.,-1.,0.));
#3371 = DIRECTION('',(0.587756484075,0.,-0.809037894927));
#3372 = ORIENTED_EDGE('',*,*,#3373,.F.);
#3373 = EDGE_CURVE('',#1019,#3365,#3374,.T.);
#3374 = LINE('',#3375,#3376);
#3375 = CARTESIAN_POINT('',(-78.429,-6.9,-10.207));
#3376 = VECTOR('',#3377,1.);
#3377 = DIRECTION('',(0.,1.,0.));
#3378 = ORIENTED_EDGE('',*,*,#1026,.F.);
#3379 = CYLINDRICAL_SURFACE('',#3380,1.5);
#3380 = AXIS2_PLACEMENT_3D('',#3381,#3382,#3383);
#3381 = CARTESIAN_POINT('',(-78.429,-6.9,-11.707));
#3382 = DIRECTION('',(0.,-1.,0.));
#3383 = DIRECTION('',(0.587756484075,0.,-0.809037894927));
#3384 = ADVANCED_FACE('',(#3385),#3403,.T.);
#3385 = FACE_BOUND('',#3386,.T.);
#3386 = EDGE_LOOP('',(#3387,#3388,#3396,#3402));
#3387 = ORIENTED_EDGE('',*,*,#3373,.T.);
#3388 = ORIENTED_EDGE('',*,*,#3389,.T.);
#3389 = EDGE_CURVE('',#3365,#3390,#3392,.T.);
#3390 = VERTEX_POINT('',#3391);
#3391 = CARTESIAN_POINT('',(-132.0753033181,5.034,-10.207));
#3392 = LINE('',#3393,#3394);
#3393 = CARTESIAN_POINT('',(-78.429,5.034,-10.207));
#3394 = VECTOR('',#3395,1.);
#3395 = DIRECTION('',(-1.,-0.,0.));
#3396 = ORIENTED_EDGE('',*,*,#3397,.F.);
#3397 = EDGE_CURVE('',#1011,#3390,#3398,.T.);
#3398 = LINE('',#3399,#3400);
#3399 = CARTESIAN_POINT('',(-132.0753033181,-6.9,-10.207));
#3400 = VECTOR('',#3401,1.);
#3401 = DIRECTION('',(0.,1.,0.));
#3402 = ORIENTED_EDGE('',*,*,#1018,.F.);
#3403 = PLANE('',#3404);
#3404 = AXIS2_PLACEMENT_3D('',#3405,#3406,#3407);
#3405 = CARTESIAN_POINT('',(-78.429,-6.9,-10.207));
#3406 = DIRECTION('',(0.,-0.,1.));
#3407 = DIRECTION('',(-1.,0.,0.));
#3408 = ADVANCED_FACE('',(#3409),#3427,.T.);
#3409 = FACE_BOUND('',#3410,.T.);
#3410 = EDGE_LOOP('',(#3411,#3412,#3420,#3426));
#3411 = ORIENTED_EDGE('',*,*,#3397,.T.);
#3412 = ORIENTED_EDGE('',*,*,#3413,.T.);
#3413 = EDGE_CURVE('',#3390,#3414,#3416,.T.);
#3414 = VERTEX_POINT('',#3415);
#3415 = CARTESIAN_POINT('',(-132.486484661,5.034,-10.15930994325));
#3416 = LINE('',#3417,#3418);
#3417 = CARTESIAN_POINT('',(-131.9891839429,5.034,-10.21698838581));
#3418 = VECTOR('',#3419,1.);
#3419 = DIRECTION('',(-0.993341076125,-0.,0.115210704727));
#3420 = ORIENTED_EDGE('',*,*,#3421,.F.);
#3421 = EDGE_CURVE('',#1003,#3414,#3422,.T.);
#3422 = LINE('',#3423,#3424);
#3423 = CARTESIAN_POINT('',(-132.486484661,-6.9,-10.15930994325));
#3424 = VECTOR('',#3425,1.);
#3425 = DIRECTION('',(0.,1.,0.));
#3426 = ORIENTED_EDGE('',*,*,#1010,.F.);
#3427 = PLANE('',#3428);
#3428 = AXIS2_PLACEMENT_3D('',#3429,#3430,#3431);
#3429 = CARTESIAN_POINT('',(-132.0753033181,-6.9,-10.207));
#3430 = DIRECTION('',(0.115210704727,-0.,0.993341076125));
#3431 = DIRECTION('',(-0.993341076125,0.,0.115210704727));
#3432 = ADVANCED_FACE('',(#3433),#3451,.T.);
#3433 = FACE_BOUND('',#3434,.T.);
#3434 = EDGE_LOOP('',(#3435,#3436,#3444,#3450));
#3435 = ORIENTED_EDGE('',*,*,#3421,.T.);
#3436 = ORIENTED_EDGE('',*,*,#3437,.T.);
#3437 = EDGE_CURVE('',#3414,#3438,#3440,.T.);
#3438 = VERTEX_POINT('',#3439);
#3439 = CARTESIAN_POINT('',(-132.7922656454,5.034,-10.03178894536));
#3440 = LINE('',#3441,#3442);
#3441 = CARTESIAN_POINT('',(-132.2916438981,5.034,-10.24056512192));
#3442 = VECTOR('',#3443,1.);
#3443 = DIRECTION('',(-0.922956585384,-0.,0.384904067913));
#3444 = ORIENTED_EDGE('',*,*,#3445,.F.);
#3445 = EDGE_CURVE('',#995,#3438,#3446,.T.);
#3446 = LINE('',#3447,#3448);
#3447 = CARTESIAN_POINT('',(-132.7922656454,-6.9,-10.03178894536));
#3448 = VECTOR('',#3449,1.);
#3449 = DIRECTION('',(0.,1.,0.));
#3450 = ORIENTED_EDGE('',*,*,#1002,.F.);
#3451 = PLANE('',#3452);
#3452 = AXIS2_PLACEMENT_3D('',#3453,#3454,#3455);
#3453 = CARTESIAN_POINT('',(-132.486484661,-6.9,-10.15930994325));
#3454 = DIRECTION('',(0.384904067913,-0.,0.922956585384));
#3455 = DIRECTION('',(-0.922956585384,0.,0.384904067913));
#3456 = ADVANCED_FACE('',(#3457),#3475,.T.);
#3457 = FACE_BOUND('',#3458,.T.);
#3458 = EDGE_LOOP('',(#3459,#3460,#3468,#3474));
#3459 = ORIENTED_EDGE('',*,*,#3445,.T.);
#3460 = ORIENTED_EDGE('',*,*,#3461,.T.);
#3461 = EDGE_CURVE('',#3438,#3462,#3464,.T.);
#3462 = VERTEX_POINT('',#3463);
#3463 = CARTESIAN_POINT('',(-133.0715837436,5.034,-9.817582160574));
#3464 = LINE('',#3465,#3466);
#3465 = CARTESIAN_POINT('',(-132.6371838532,5.034,-10.15071991437));
#3466 = VECTOR('',#3467,1.);
#3467 = DIRECTION('',(-0.793520057084,-0.,0.608544097831));
#3468 = ORIENTED_EDGE('',*,*,#3469,.F.);
#3469 = EDGE_CURVE('',#987,#3462,#3470,.T.);
#3470 = LINE('',#3471,#3472);
#3471 = CARTESIAN_POINT('',(-133.0715837436,-6.9,-9.817582160574));
#3472 = VECTOR('',#3473,1.);
#3473 = DIRECTION('',(0.,1.,0.));
#3474 = ORIENTED_EDGE('',*,*,#994,.F.);
#3475 = PLANE('',#3476);
#3476 = AXIS2_PLACEMENT_3D('',#3477,#3478,#3479);
#3477 = CARTESIAN_POINT('',(-132.7922656454,-6.9,-10.03178894536));
#3478 = DIRECTION('',(0.608544097831,-0.,0.793520057084));
#3479 = DIRECTION('',(-0.793520057084,0.,0.608544097831));
#3480 = ADVANCED_FACE('',(#3481),#3499,.T.);
#3481 = FACE_BOUND('',#3482,.T.);
#3482 = EDGE_LOOP('',(#3483,#3484,#3492,#3498));
#3483 = ORIENTED_EDGE('',*,*,#3469,.T.);
#3484 = ORIENTED_EDGE('',*,*,#3485,.T.);
#3485 = EDGE_CURVE('',#3462,#3486,#3488,.T.);
#3486 = VERTEX_POINT('',#3487);
#3487 = CARTESIAN_POINT('',(-133.2792734896,5.034,-9.546238062886));
#3488 = LINE('',#3489,#3490);
#3489 = CARTESIAN_POINT('',(-132.9508686181,5.034,-9.975294986808));
#3490 = VECTOR('',#3491,1.);
#3491 = DIRECTION('',(-0.607803342128,-0.,0.794087587926));
#3492 = ORIENTED_EDGE('',*,*,#3493,.F.);
#3493 = EDGE_CURVE('',#979,#3486,#3494,.T.);
#3494 = LINE('',#3495,#3496);
#3495 = CARTESIAN_POINT('',(-133.2792734896,-6.9,-9.546238062886));
#3496 = VECTOR('',#3497,1.);
#3497 = DIRECTION('',(0.,1.,0.));
#3498 = ORIENTED_EDGE('',*,*,#986,.F.);
#3499 = PLANE('',#3500);
#3500 = AXIS2_PLACEMENT_3D('',#3501,#3502,#3503);
#3501 = CARTESIAN_POINT('',(-133.0715837436,-6.9,-9.817582160574));
#3502 = DIRECTION('',(0.794087587926,-0.,0.607803342128));
#3503 = DIRECTION('',(-0.607803342128,0.,0.794087587926));
#3504 = ADVANCED_FACE('',(#3505),#3523,.T.);
#3505 = FACE_BOUND('',#3506,.T.);
#3506 = EDGE_LOOP('',(#3507,#3508,#3516,#3522));
#3507 = ORIENTED_EDGE('',*,*,#3493,.T.);
#3508 = ORIENTED_EDGE('',*,*,#3509,.T.);
#3509 = EDGE_CURVE('',#3486,#3510,#3512,.T.);
#3510 = VERTEX_POINT('',#3511);
#3511 = CARTESIAN_POINT('',(-133.4134503486,5.034,-9.224024619948));
#3512 = LINE('',#3513,#3514);
#3513 = CARTESIAN_POINT('',(-133.2042645031,5.034,-9.726365276977));
#3514 = VECTOR('',#3515,1.);
#3515 = DIRECTION('',(-0.384423148682,-0.,0.923156997892));
#3516 = ORIENTED_EDGE('',*,*,#3517,.F.);
#3517 = EDGE_CURVE('',#971,#3510,#3518,.T.);
#3518 = LINE('',#3519,#3520);
#3519 = CARTESIAN_POINT('',(-133.4134503486,-6.9,-9.224024619948));
#3520 = VECTOR('',#3521,1.);
#3521 = DIRECTION('',(0.,1.,0.));
#3522 = ORIENTED_EDGE('',*,*,#978,.F.);
#3523 = PLANE('',#3524);
#3524 = AXIS2_PLACEMENT_3D('',#3525,#3526,#3527);
#3525 = CARTESIAN_POINT('',(-133.2792734896,-6.9,-9.546238062886));
#3526 = DIRECTION('',(0.923156997892,-0.,0.384423148682));
#3527 = DIRECTION('',(-0.384423148682,0.,0.923156997892));
#3528 = ADVANCED_FACE('',(#3529),#3547,.T.);
#3529 = FACE_BOUND('',#3530,.T.);
#3530 = EDGE_LOOP('',(#3531,#3532,#3540,#3546));
#3531 = ORIENTED_EDGE('',*,*,#3517,.T.);
#3532 = ORIENTED_EDGE('',*,*,#3533,.T.);
#3533 = EDGE_CURVE('',#3510,#3534,#3536,.T.);
#3534 = VERTEX_POINT('',#3535);
#3535 = CARTESIAN_POINT('',(-133.4699836113,5.034,-8.81255571778));
#3536 = LINE('',#3537,#3538);
#3537 = CARTESIAN_POINT('',(-133.3869604445,5.034,-9.416827426523));
#3538 = VECTOR('',#3539,1.);
#3539 = DIRECTION('',(-0.136115048985,-0.,0.990693036939));
#3540 = ORIENTED_EDGE('',*,*,#3541,.F.);
#3541 = EDGE_CURVE('',#963,#3534,#3542,.T.);
#3542 = LINE('',#3543,#3544);
#3543 = CARTESIAN_POINT('',(-133.4699836113,-6.9,-8.81255571778));
#3544 = VECTOR('',#3545,1.);
#3545 = DIRECTION('',(0.,1.,0.));
#3546 = ORIENTED_EDGE('',*,*,#970,.F.);
#3547 = PLANE('',#3548);
#3548 = AXIS2_PLACEMENT_3D('',#3549,#3550,#3551);
#3549 = CARTESIAN_POINT('',(-133.4134503486,-6.9,-9.224024619948));
#3550 = DIRECTION('',(0.990693036939,-0.,0.136115048985));
#3551 = DIRECTION('',(-0.136115048985,0.,0.990693036939));
#3552 = ADVANCED_FACE('',(#3553),#3571,.T.);
#3553 = FACE_BOUND('',#3554,.T.);
#3554 = EDGE_LOOP('',(#3555,#3556,#3564,#3570));
#3555 = ORIENTED_EDGE('',*,*,#3541,.T.);
#3556 = ORIENTED_EDGE('',*,*,#3557,.T.);
#3557 = EDGE_CURVE('',#3534,#3558,#3560,.T.);
#3558 = VERTEX_POINT('',#3559);
#3559 = CARTESIAN_POINT('',(-133.4620137045,5.034,41.065113710134));
#3560 = LINE('',#3561,#3562);
#3561 = CARTESIAN_POINT('',(-133.4700000191,5.034,-8.915239683615));
#3562 = VECTOR('',#3563,1.);
#3563 = DIRECTION('',(1.597890763768E-04,0.,0.999999987234));
#3564 = ORIENTED_EDGE('',*,*,#3565,.F.);
#3565 = EDGE_CURVE('',#955,#3558,#3566,.T.);
#3566 = LINE('',#3567,#3568);
#3567 = CARTESIAN_POINT('',(-133.4620137045,-6.9,41.065113710134));
#3568 = VECTOR('',#3569,1.);
#3569 = DIRECTION('',(0.,1.,0.));
#3570 = ORIENTED_EDGE('',*,*,#962,.F.);
#3571 = PLANE('',#3572);
#3572 = AXIS2_PLACEMENT_3D('',#3573,#3574,#3575);
#3573 = CARTESIAN_POINT('',(-133.4699836113,-6.9,-8.81255571778));
#3574 = DIRECTION('',(0.999999987234,0.,-1.597890763768E-04));
#3575 = DIRECTION('',(1.597890763768E-04,0.,0.999999987234));
#3576 = ADVANCED_FACE('',(#3577),#3595,.T.);
#3577 = FACE_BOUND('',#3578,.T.);
#3578 = EDGE_LOOP('',(#3579,#3580,#3588,#3594));
#3579 = ORIENTED_EDGE('',*,*,#3565,.T.);
#3580 = ORIENTED_EDGE('',*,*,#3581,.T.);
#3581 = EDGE_CURVE('',#3558,#3582,#3584,.T.);
#3582 = VERTEX_POINT('',#3583);
#3583 = CARTESIAN_POINT('',(-133.4149006972,5.034,41.475753008006));
#3584 = LINE('',#3585,#3586);
#3585 = CARTESIAN_POINT('',(-133.4717759738,5.034,40.980025288784));
#3586 = VECTOR('',#3587,1.);
#3587 = DIRECTION('',(0.113983140811,0.,0.993482684102));
#3588 = ORIENTED_EDGE('',*,*,#3589,.F.);
#3589 = EDGE_CURVE('',#947,#3582,#3590,.T.);
#3590 = LINE('',#3591,#3592);
#3591 = CARTESIAN_POINT('',(-133.4149006972,-6.9,41.475753008006));
#3592 = VECTOR('',#3593,1.);
#3593 = DIRECTION('',(0.,1.,0.));
#3594 = ORIENTED_EDGE('',*,*,#954,.F.);
#3595 = PLANE('',#3596);
#3596 = AXIS2_PLACEMENT_3D('',#3597,#3598,#3599);
#3597 = CARTESIAN_POINT('',(-133.4620137045,-6.9,41.065113710134));
#3598 = DIRECTION('',(0.993482684102,0.,-0.113983140811));
#3599 = DIRECTION('',(0.113983140811,0.,0.993482684102));
#3600 = ADVANCED_FACE('',(#3601),#3619,.T.);
#3601 = FACE_BOUND('',#3602,.T.);
#3602 = EDGE_LOOP('',(#3603,#3604,#3612,#3618));
#3603 = ORIENTED_EDGE('',*,*,#3589,.T.);
#3604 = ORIENTED_EDGE('',*,*,#3605,.T.);
#3605 = EDGE_CURVE('',#3582,#3606,#3608,.T.);
#3606 = VERTEX_POINT('',#3607);
#3607 = CARTESIAN_POINT('',(-133.2878587684,5.034,41.780832569498));
#3608 = LINE('',#3609,#3610);
#3609 = CARTESIAN_POINT('',(-133.4962645031,5.034,41.280365276977));
#3610 = VECTOR('',#3611,1.);
#3611 = DIRECTION('',(0.384423148682,0.,0.923156997892));
#3612 = ORIENTED_EDGE('',*,*,#3613,.F.);
#3613 = EDGE_CURVE('',#939,#3606,#3614,.T.);
#3614 = LINE('',#3615,#3616);
#3615 = CARTESIAN_POINT('',(-133.2878587684,-6.9,41.780832569498));
#3616 = VECTOR('',#3617,1.);
#3617 = DIRECTION('',(0.,1.,0.));
#3618 = ORIENTED_EDGE('',*,*,#946,.F.);
#3619 = PLANE('',#3620);
#3620 = AXIS2_PLACEMENT_3D('',#3621,#3622,#3623);
#3621 = CARTESIAN_POINT('',(-133.4149006972,-6.9,41.475753008006));
#3622 = DIRECTION('',(0.923156997892,0.,-0.384423148682));
#3623 = DIRECTION('',(0.384423148682,0.,0.923156997892));
#3624 = ADVANCED_FACE('',(#3625),#3643,.T.);
#3625 = FACE_BOUND('',#3626,.T.);
#3626 = EDGE_LOOP('',(#3627,#3628,#3636,#3642));
#3627 = ORIENTED_EDGE('',*,*,#3613,.T.);
#3628 = ORIENTED_EDGE('',*,*,#3629,.T.);
#3629 = EDGE_CURVE('',#3606,#3630,#3632,.T.);
#3630 = VERTEX_POINT('',#3631);
#3631 = CARTESIAN_POINT('',(-133.073728684,5.034,42.05943698702));
#3632 = LINE('',#3633,#3634);
#3633 = CARTESIAN_POINT('',(-133.4076907012,5.034,41.624919373421));
#3634 = VECTOR('',#3635,1.);
#3635 = DIRECTION('',(0.609387084386,0.,0.792872865839));
#3636 = ORIENTED_EDGE('',*,*,#3637,.F.);
#3637 = EDGE_CURVE('',#931,#3630,#3638,.T.);
#3638 = LINE('',#3639,#3640);
#3639 = CARTESIAN_POINT('',(-133.073728684,-6.9,42.05943698702));
#3640 = VECTOR('',#3641,1.);
#3641 = DIRECTION('',(0.,1.,0.));
#3642 = ORIENTED_EDGE('',*,*,#938,.F.);
#3643 = PLANE('',#3644);
#3644 = AXIS2_PLACEMENT_3D('',#3645,#3646,#3647);
#3645 = CARTESIAN_POINT('',(-133.2878587684,-6.9,41.780832569498));
#3646 = DIRECTION('',(0.792872865839,0.,-0.609387084386));
#3647 = DIRECTION('',(0.609387084386,0.,0.792872865839));
#3648 = ADVANCED_FACE('',(#3649),#3667,.T.);
#3649 = FACE_BOUND('',#3650,.T.);
#3650 = EDGE_LOOP('',(#3651,#3652,#3660,#3666));
#3651 = ORIENTED_EDGE('',*,*,#3637,.T.);
#3652 = ORIENTED_EDGE('',*,*,#3653,.T.);
#3653 = EDGE_CURVE('',#3630,#3654,#3656,.T.);
#3654 = VERTEX_POINT('',#3655);
#3655 = CARTESIAN_POINT('',(-132.8016831229,5.034,42.267197809391));
#3656 = LINE('',#3657,#3658);
#3657 = CARTESIAN_POINT('',(-133.2315827085,5.034,41.938884084736));
#3658 = VECTOR('',#3659,1.);
#3659 = DIRECTION('',(0.794743943509,0.,0.606944860968));
#3660 = ORIENTED_EDGE('',*,*,#3661,.F.);
#3661 = EDGE_CURVE('',#923,#3654,#3662,.T.);
#3662 = LINE('',#3663,#3664);
#3663 = CARTESIAN_POINT('',(-132.8016831229,-6.9,42.267197809391));
#3664 = VECTOR('',#3665,1.);
#3665 = DIRECTION('',(0.,1.,0.));
#3666 = ORIENTED_EDGE('',*,*,#930,.F.);
#3667 = PLANE('',#3668);
#3668 = AXIS2_PLACEMENT_3D('',#3669,#3670,#3671);
#3669 = CARTESIAN_POINT('',(-133.073728684,-6.9,42.05943698702));
#3670 = DIRECTION('',(0.606944860968,0.,-0.794743943509));
#3671 = DIRECTION('',(0.794743943509,0.,0.606944860968));
#3672 = ADVANCED_FACE('',(#3673),#3691,.T.);
#3673 = FACE_BOUND('',#3674,.T.);
#3674 = EDGE_LOOP('',(#3675,#3676,#3684,#3690));
#3675 = ORIENTED_EDGE('',*,*,#3661,.T.);
#3676 = ORIENTED_EDGE('',*,*,#3677,.T.);
#3677 = EDGE_CURVE('',#3654,#3678,#3680,.T.);
#3678 = VERTEX_POINT('',#3679);
#3679 = CARTESIAN_POINT('',(-132.4798595493,5.034,42.40140910877));
#3680 = LINE('',#3681,#3682);
#3681 = CARTESIAN_POINT('',(-132.9806438981,5.034,42.192565121924));
#3682 = VECTOR('',#3683,1.);
#3683 = DIRECTION('',(0.922956585384,0.,0.384904067913));
#3684 = ORIENTED_EDGE('',*,*,#3685,.F.);
#3685 = EDGE_CURVE('',#915,#3678,#3686,.T.);
#3686 = LINE('',#3687,#3688);
#3687 = CARTESIAN_POINT('',(-132.4798595493,-6.9,42.40140910877));
#3688 = VECTOR('',#3689,1.);
#3689 = DIRECTION('',(0.,1.,0.));
#3690 = ORIENTED_EDGE('',*,*,#922,.F.);
#3691 = PLANE('',#3692);
#3692 = AXIS2_PLACEMENT_3D('',#3693,#3694,#3695);
#3693 = CARTESIAN_POINT('',(-132.8016831229,-6.9,42.267197809391));
#3694 = DIRECTION('',(0.384904067913,0.,-0.922956585384));
#3695 = DIRECTION('',(0.922956585384,0.,0.384904067913));
#3696 = ADVANCED_FACE('',(#3697),#3715,.T.);
#3697 = FACE_BOUND('',#3698,.T.);
#3698 = EDGE_LOOP('',(#3699,#3700,#3708,#3714));
#3699 = ORIENTED_EDGE('',*,*,#3685,.T.);
#3700 = ORIENTED_EDGE('',*,*,#3701,.T.);
#3701 = EDGE_CURVE('',#3678,#3702,#3704,.T.);
#3702 = VERTEX_POINT('',#3703);
#3703 = CARTESIAN_POINT('',(-132.0595084462,5.034,42.459023665568));
#3704 = LINE('',#3705,#3706);
#3705 = CARTESIAN_POINT('',(-132.6733099776,5.034,42.374894224893));
#3706 = VECTOR('',#3707,1.);
#3707 = DIRECTION('',(0.990737183405,0.,0.135793348215));
#3708 = ORIENTED_EDGE('',*,*,#3709,.F.);
#3709 = EDGE_CURVE('',#907,#3702,#3710,.T.);
#3710 = LINE('',#3711,#3712);
#3711 = CARTESIAN_POINT('',(-132.0595084462,-6.9,42.459023665568));
#3712 = VECTOR('',#3713,1.);
#3713 = DIRECTION('',(0.,1.,0.));
#3714 = ORIENTED_EDGE('',*,*,#914,.F.);
#3715 = PLANE('',#3716);
#3716 = AXIS2_PLACEMENT_3D('',#3717,#3718,#3719);
#3717 = CARTESIAN_POINT('',(-132.4798595493,-6.9,42.40140910877));
#3718 = DIRECTION('',(0.135793348215,0.,-0.990737183405));
#3719 = DIRECTION('',(0.990737183405,0.,0.135793348215));
#3720 = ADVANCED_FACE('',(#3721),#3739,.T.);
#3721 = FACE_BOUND('',#3722,.T.);
#3722 = EDGE_LOOP('',(#3723,#3724,#3732,#3738));
#3723 = ORIENTED_EDGE('',*,*,#3709,.T.);
#3724 = ORIENTED_EDGE('',*,*,#3725,.T.);
#3725 = EDGE_CURVE('',#3702,#3726,#3728,.T.);
#3726 = VERTEX_POINT('',#3727);
#3727 = CARTESIAN_POINT('',(-97.57365305887,5.034,42.467000040123));
#3728 = LINE('',#3729,#3730);
#3729 = CARTESIAN_POINT('',(-132.1616530588,5.034,42.459000040123));
#3730 = VECTOR('',#3731,1.);
#3731 = DIRECTION('',(0.999999973252,0.,2.312940842491E-04));
#3732 = ORIENTED_EDGE('',*,*,#3733,.F.);
#3733 = EDGE_CURVE('',#898,#3726,#3734,.T.);
#3734 = LINE('',#3735,#3736);
#3735 = CARTESIAN_POINT('',(-97.57365305887,-6.9,42.467000040123));
#3736 = VECTOR('',#3737,1.);
#3737 = DIRECTION('',(0.,1.,0.));
#3738 = ORIENTED_EDGE('',*,*,#906,.F.);
#3739 = PLANE('',#3740);
#3740 = AXIS2_PLACEMENT_3D('',#3741,#3742,#3743);
#3741 = CARTESIAN_POINT('',(-132.0595084462,-6.9,42.459023665568));
#3742 = DIRECTION('',(2.312940842491E-04,0.,-0.999999973252));
#3743 = DIRECTION('',(0.999999973252,0.,2.312940842491E-04));
#3744 = ADVANCED_FACE('',(#3745),#3764,.T.);
#3745 = FACE_BOUND('',#3746,.T.);
#3746 = EDGE_LOOP('',(#3747,#3748,#3757,#3763));
#3747 = ORIENTED_EDGE('',*,*,#3733,.T.);
#3748 = ORIENTED_EDGE('',*,*,#3749,.T.);
#3749 = EDGE_CURVE('',#3726,#3750,#3752,.T.);
#3750 = VERTEX_POINT('',#3751);
#3751 = CARTESIAN_POINT('',(-96.074,5.034,43.967));
#3752 = CIRCLE('',#3753,1.5);
#3753 = AXIS2_PLACEMENT_3D('',#3754,#3755,#3756);
#3754 = CARTESIAN_POINT('',(-97.574,5.034,43.967));
#3755 = DIRECTION('',(0.,-1.,-0.));
#3756 = DIRECTION('',(-0.999999973252,0.,-2.312940842491E-04));
#3757 = ORIENTED_EDGE('',*,*,#3758,.F.);
#3758 = EDGE_CURVE('',#890,#3750,#3759,.T.);
#3759 = LINE('',#3760,#3761);
#3760 = CARTESIAN_POINT('',(-96.074,-6.9,43.967));
#3761 = VECTOR('',#3762,1.);
#3762 = DIRECTION('',(0.,1.,0.));
#3763 = ORIENTED_EDGE('',*,*,#897,.F.);
#3764 = CYLINDRICAL_SURFACE('',#3765,1.5);
#3765 = AXIS2_PLACEMENT_3D('',#3766,#3767,#3768);
#3766 = CARTESIAN_POINT('',(-97.574,-6.9,43.967));
#3767 = DIRECTION('',(0.,-1.,-0.));
#3768 = DIRECTION('',(-0.999999973252,0.,-2.312940842491E-04));
#3769 = ADVANCED_FACE('',(#3770),#3788,.T.);
#3770 = FACE_BOUND('',#3771,.T.);
#3771 = EDGE_LOOP('',(#3772,#3773,#3781,#3787));
#3772 = ORIENTED_EDGE('',*,*,#3758,.T.);
#3773 = ORIENTED_EDGE('',*,*,#3774,.T.);
#3774 = EDGE_CURVE('',#3750,#3775,#3777,.T.);
#3775 = VERTEX_POINT('',#3776);
#3776 = CARTESIAN_POINT('',(-96.074,5.034,45.780764665744));
#3777 = LINE('',#3778,#3779);
#3778 = CARTESIAN_POINT('',(-96.074,5.034,43.967));
#3779 = VECTOR('',#3780,1.);
#3780 = DIRECTION('',(0.,0.,1.));
#3781 = ORIENTED_EDGE('',*,*,#3782,.F.);
#3782 = EDGE_CURVE('',#882,#3775,#3783,.T.);
#3783 = LINE('',#3784,#3785);
#3784 = CARTESIAN_POINT('',(-96.074,-6.9,45.780764665744));
#3785 = VECTOR('',#3786,1.);
#3786 = DIRECTION('',(0.,1.,0.));
#3787 = ORIENTED_EDGE('',*,*,#889,.F.);
#3788 = PLANE('',#3789);
#3789 = AXIS2_PLACEMENT_3D('',#3790,#3791,#3792);
#3790 = CARTESIAN_POINT('',(-96.074,-6.9,43.967));
#3791 = DIRECTION('',(1.,0.,0.));
#3792 = DIRECTION('',(0.,0.,1.));
#3793 = ADVANCED_FACE('',(#3794),#3812,.T.);
#3794 = FACE_BOUND('',#3795,.T.);
#3795 = EDGE_LOOP('',(#3796,#3797,#3805,#3811));
#3796 = ORIENTED_EDGE('',*,*,#3782,.T.);
#3797 = ORIENTED_EDGE('',*,*,#3798,.T.);
#3798 = EDGE_CURVE('',#3775,#3799,#3801,.T.);
#3799 = VERTEX_POINT('',#3800);
#3800 = CARTESIAN_POINT('',(-96.0141165991,5.034,46.22683489688));
#3801 = LINE('',#3802,#3803);
#3802 = CARTESIAN_POINT('',(-96.08733660984,5.034,45.681420531185));
#3803 = VECTOR('',#3804,1.);
#3804 = DIRECTION('',(0.13305297921,0.,0.99110892677));
#3805 = ORIENTED_EDGE('',*,*,#3806,.F.);
#3806 = EDGE_CURVE('',#874,#3799,#3807,.T.);
#3807 = LINE('',#3808,#3809);
#3808 = CARTESIAN_POINT('',(-96.0141165991,-6.9,46.22683489688));
#3809 = VECTOR('',#3810,1.);
#3810 = DIRECTION('',(0.,1.,0.));
#3811 = ORIENTED_EDGE('',*,*,#881,.F.);
#3812 = PLANE('',#3813);
#3813 = AXIS2_PLACEMENT_3D('',#3814,#3815,#3816);
#3814 = CARTESIAN_POINT('',(-96.074,-6.9,45.780764665744));
#3815 = DIRECTION('',(0.99110892677,0.,-0.13305297921));
#3816 = DIRECTION('',(0.13305297921,0.,0.99110892677));
#3817 = ADVANCED_FACE('',(#3818),#3836,.T.);
#3818 = FACE_BOUND('',#3819,.T.);
#3819 = EDGE_LOOP('',(#3820,#3821,#3829,#3835));
#3820 = ORIENTED_EDGE('',*,*,#3806,.T.);
#3821 = ORIENTED_EDGE('',*,*,#3822,.T.);
#3822 = EDGE_CURVE('',#3799,#3823,#3825,.T.);
#3823 = VERTEX_POINT('',#3824);
#3824 = CARTESIAN_POINT('',(-95.88587570706,5.034,46.547437126985));
#3825 = LINE('',#3826,#3827);
#3826 = CARTESIAN_POINT('',(-96.08328496367,5.034,46.053913985469));
#3827 = VECTOR('',#3828,1.);
#3828 = DIRECTION('',(0.371390676354,0.,0.928476690885));
#3829 = ORIENTED_EDGE('',*,*,#3830,.F.);
#3830 = EDGE_CURVE('',#866,#3823,#3831,.T.);
#3831 = LINE('',#3832,#3833);
#3832 = CARTESIAN_POINT('',(-95.88587570706,-6.9,46.547437126985));
#3833 = VECTOR('',#3834,1.);
#3834 = DIRECTION('',(0.,1.,0.));
#3835 = ORIENTED_EDGE('',*,*,#873,.F.);
#3836 = PLANE('',#3837);
#3837 = AXIS2_PLACEMENT_3D('',#3838,#3839,#3840);
#3838 = CARTESIAN_POINT('',(-96.0141165991,-6.9,46.22683489688));
#3839 = DIRECTION('',(0.928476690885,0.,-0.371390676354));
#3840 = DIRECTION('',(0.371390676354,0.,0.928476690885));
#3841 = ADVANCED_FACE('',(#3842),#3860,.T.);
#3842 = FACE_BOUND('',#3843,.T.);
#3843 = EDGE_LOOP('',(#3844,#3845,#3853,#3859));
#3844 = ORIENTED_EDGE('',*,*,#3830,.T.);
#3845 = ORIENTED_EDGE('',*,*,#3846,.T.);
#3846 = EDGE_CURVE('',#3823,#3847,#3849,.T.);
#3847 = VERTEX_POINT('',#3848);
#3848 = CARTESIAN_POINT('',(-95.67705382329,5.034,46.816053823292));
#3849 = LINE('',#3850,#3851);
#3850 = CARTESIAN_POINT('',(-96.01575332664,5.034,46.380369880648));
#3851 = VECTOR('',#3852,1.);
#3852 = DIRECTION('',(0.613753412901,0.,0.789497782234));
#3853 = ORIENTED_EDGE('',*,*,#3854,.F.);
#3854 = EDGE_CURVE('',#858,#3847,#3855,.T.);
#3855 = LINE('',#3856,#3857);
#3856 = CARTESIAN_POINT('',(-95.67705382329,-6.9,46.816053823292));
#3857 = VECTOR('',#3858,1.);
#3858 = DIRECTION('',(0.,1.,0.));
#3859 = ORIENTED_EDGE('',*,*,#865,.F.);
#3860 = PLANE('',#3861);
#3861 = AXIS2_PLACEMENT_3D('',#3862,#3863,#3864);
#3862 = CARTESIAN_POINT('',(-95.88587570706,-6.9,46.547437126985));
#3863 = DIRECTION('',(0.789497782234,0.,-0.613753412901));
#3864 = DIRECTION('',(0.613753412901,0.,0.789497782234));
#3865 = ADVANCED_FACE('',(#3866),#3884,.T.);
#3866 = FACE_BOUND('',#3867,.T.);
#3867 = EDGE_LOOP('',(#3868,#3869,#3877,#3883));
#3868 = ORIENTED_EDGE('',*,*,#3854,.T.);
#3869 = ORIENTED_EDGE('',*,*,#3870,.T.);
#3870 = EDGE_CURVE('',#3847,#3871,#3873,.T.);
#3871 = VERTEX_POINT('',#3872);
#3872 = CARTESIAN_POINT('',(-95.40242947041,5.034,47.02954604282));
#3873 = LINE('',#3874,#3875);
#3874 = CARTESIAN_POINT('',(-95.82536988064,5.034,46.700753326649));
#3875 = VECTOR('',#3876,1.);
#3876 = DIRECTION('',(0.789497782234,0.,0.613753412901));
#3877 = ORIENTED_EDGE('',*,*,#3878,.F.);
#3878 = EDGE_CURVE('',#850,#3871,#3879,.T.);
#3879 = LINE('',#3880,#3881);
#3880 = CARTESIAN_POINT('',(-95.40242947041,-6.9,47.02954604282));
#3881 = VECTOR('',#3882,1.);
#3882 = DIRECTION('',(0.,1.,0.));
#3883 = ORIENTED_EDGE('',*,*,#857,.F.);
#3884 = PLANE('',#3885);
#3885 = AXIS2_PLACEMENT_3D('',#3886,#3887,#3888);
#3886 = CARTESIAN_POINT('',(-95.67705382329,-6.9,46.816053823292));
#3887 = DIRECTION('',(0.613753412901,0.,-0.789497782234));
#3888 = DIRECTION('',(0.789497782234,0.,0.613753412901));
#3889 = ADVANCED_FACE('',(#3890),#3908,.T.);
#3890 = FACE_BOUND('',#3891,.T.);
#3891 = EDGE_LOOP('',(#3892,#3893,#3901,#3907));
#3892 = ORIENTED_EDGE('',*,*,#3878,.T.);
#3893 = ORIENTED_EDGE('',*,*,#3894,.T.);
#3894 = EDGE_CURVE('',#3871,#3895,#3897,.T.);
#3895 = VERTEX_POINT('',#3896);
#3896 = CARTESIAN_POINT('',(-95.0802453774,5.034,47.162155147771));
#3897 = LINE('',#3898,#3899);
#3898 = CARTESIAN_POINT('',(-95.59107751675,5.034,46.951899600561));
#3899 = VECTOR('',#3900,1.);
#3900 = DIRECTION('',(0.924733599626,0.,0.380614988831));
#3901 = ORIENTED_EDGE('',*,*,#3902,.F.);
#3902 = EDGE_CURVE('',#842,#3895,#3903,.T.);
#3903 = LINE('',#3904,#3905);
#3904 = CARTESIAN_POINT('',(-95.0802453774,-6.9,47.162155147771));
#3905 = VECTOR('',#3906,1.);
#3906 = DIRECTION('',(0.,1.,0.));
#3907 = ORIENTED_EDGE('',*,*,#849,.F.);
#3908 = PLANE('',#3909);
#3909 = AXIS2_PLACEMENT_3D('',#3910,#3911,#3912);
#3910 = CARTESIAN_POINT('',(-95.40242947041,-6.9,47.02954604282));
#3911 = DIRECTION('',(0.380614988831,0.,-0.924733599626));
#3912 = DIRECTION('',(0.924733599626,0.,0.380614988831));
#3913 = ADVANCED_FACE('',(#3914),#3932,.T.);
#3914 = FACE_BOUND('',#3915,.T.);
#3915 = EDGE_LOOP('',(#3916,#3917,#3925,#3931));
#3916 = ORIENTED_EDGE('',*,*,#3902,.T.);
#3917 = ORIENTED_EDGE('',*,*,#3918,.T.);
#3918 = EDGE_CURVE('',#3895,#3919,#3921,.T.);
#3919 = VERTEX_POINT('',#3920);
#3920 = CARTESIAN_POINT('',(-94.6492479535,5.034,47.220059233807));
#3921 = LINE('',#3922,#3923);
#3922 = CARTESIAN_POINT('',(-95.27227091439,5.034,47.13635670305));
#3923 = VECTOR('',#3924,1.);
#3924 = DIRECTION('',(0.9910955313,0.,0.133152723734));
#3925 = ORIENTED_EDGE('',*,*,#3926,.F.);
#3926 = EDGE_CURVE('',#834,#3919,#3927,.T.);
#3927 = LINE('',#3928,#3929);
#3928 = CARTESIAN_POINT('',(-94.6492479535,-6.9,47.220059233807));
#3929 = VECTOR('',#3930,1.);
#3930 = DIRECTION('',(0.,1.,0.));
#3931 = ORIENTED_EDGE('',*,*,#841,.F.);
#3932 = PLANE('',#3933);
#3933 = AXIS2_PLACEMENT_3D('',#3934,#3935,#3936);
#3934 = CARTESIAN_POINT('',(-95.0802453774,-6.9,47.162155147771));
#3935 = DIRECTION('',(0.133152723734,0.,-0.9910955313));
#3936 = DIRECTION('',(0.9910955313,0.,0.133152723734));
#3937 = ADVANCED_FACE('',(#3938),#3956,.T.);
#3938 = FACE_BOUND('',#3939,.T.);
#3939 = EDGE_LOOP('',(#3940,#3941,#3949,#3955));
#3940 = ORIENTED_EDGE('',*,*,#3926,.T.);
#3941 = ORIENTED_EDGE('',*,*,#3942,.T.);
#3942 = EDGE_CURVE('',#3919,#3943,#3945,.T.);
#3943 = VERTEX_POINT('',#3944);
#3944 = CARTESIAN_POINT('',(-79.5081142315,5.034,47.229000261529));
#3945 = LINE('',#3946,#3947);
#3946 = CARTESIAN_POINT('',(-94.7491142315,5.034,47.220000261529));
#3947 = VECTOR('',#3948,1.);
#3948 = DIRECTION('',(0.999999825648,0.,5.905123306101E-04));
#3949 = ORIENTED_EDGE('',*,*,#3950,.F.);
#3950 = EDGE_CURVE('',#825,#3943,#3951,.T.);
#3951 = LINE('',#3952,#3953);
#3952 = CARTESIAN_POINT('',(-79.5081142315,-6.9,47.229000261529));
#3953 = VECTOR('',#3954,1.);
#3954 = DIRECTION('',(0.,1.,0.));
#3955 = ORIENTED_EDGE('',*,*,#833,.F.);
#3956 = PLANE('',#3957);
#3957 = AXIS2_PLACEMENT_3D('',#3958,#3959,#3960);
#3958 = CARTESIAN_POINT('',(-94.6492479535,-6.9,47.220059233807));
#3959 = DIRECTION('',(5.905123306101E-04,0.,-0.999999825648));
#3960 = DIRECTION('',(0.999999825648,0.,5.905123306101E-04));
#3961 = ADVANCED_FACE('',(#3962),#3981,.T.);
#3962 = FACE_BOUND('',#3963,.T.);
#3963 = EDGE_LOOP('',(#3964,#3965,#3974,#3980));
#3964 = ORIENTED_EDGE('',*,*,#3950,.T.);
#3965 = ORIENTED_EDGE('',*,*,#3966,.T.);
#3966 = EDGE_CURVE('',#3943,#3967,#3969,.T.);
#3967 = VERTEX_POINT('',#3968);
#3968 = CARTESIAN_POINT('',(-78.0766821863,5.034,48.28350512847));
#3969 = CIRCLE('',#3970,1.5);
#3970 = AXIS2_PLACEMENT_3D('',#3971,#3972,#3973);
#3971 = CARTESIAN_POINT('',(-79.509,5.034,48.729));
#3972 = DIRECTION('',(0.,-1.,-0.));
#3973 = DIRECTION('',(-0.999999825648,0.,-5.905123306101E-04));
#3974 = ORIENTED_EDGE('',*,*,#3975,.F.);
#3975 = EDGE_CURVE('',#817,#3967,#3976,.T.);
#3976 = LINE('',#3977,#3978);
#3977 = CARTESIAN_POINT('',(-78.0766821863,-6.9,48.28350512847));
#3978 = VECTOR('',#3979,1.);
#3979 = DIRECTION('',(0.,1.,0.));
#3980 = ORIENTED_EDGE('',*,*,#824,.F.);
#3981 = CYLINDRICAL_SURFACE('',#3982,1.5);
#3982 = AXIS2_PLACEMENT_3D('',#3983,#3984,#3985);
#3983 = CARTESIAN_POINT('',(-79.509,-6.9,48.729));
#3984 = DIRECTION('',(0.,-1.,-0.));
#3985 = DIRECTION('',(-0.999999825648,0.,-5.905123306101E-04));
#3986 = ADVANCED_FACE('',(#3987),#4005,.T.);
#3987 = FACE_BOUND('',#3988,.T.);
#3988 = EDGE_LOOP('',(#3989,#3990,#3998,#4004));
#3989 = ORIENTED_EDGE('',*,*,#3975,.T.);
#3990 = ORIENTED_EDGE('',*,*,#3991,.T.);
#3991 = EDGE_CURVE('',#3967,#3992,#3994,.T.);
#3992 = VERTEX_POINT('',#3993);
#3993 = CARTESIAN_POINT('',(-77.95463447053,5.034,48.675902726258));
#3994 = LINE('',#3995,#3996);
#3995 = CARTESIAN_POINT('',(-78.0766821863,5.034,48.28350512847));
#3996 = VECTOR('',#3997,1.);
#3997 = DIRECTION('',(0.29699658102,0.,0.954878542466));
#3998 = ORIENTED_EDGE('',*,*,#3999,.F.);
#3999 = EDGE_CURVE('',#809,#3992,#4000,.T.);
#4000 = LINE('',#4001,#4002);
#4001 = CARTESIAN_POINT('',(-77.95463447053,-6.9,48.675902726258));
#4002 = VECTOR('',#4003,1.);
#4003 = DIRECTION('',(0.,1.,0.));
#4004 = ORIENTED_EDGE('',*,*,#816,.F.);
#4005 = PLANE('',#4006);
#4006 = AXIS2_PLACEMENT_3D('',#4007,#4008,#4009);
#4007 = CARTESIAN_POINT('',(-78.0766821863,-6.9,48.28350512847));
#4008 = DIRECTION('',(0.954878542466,0.,-0.29699658102));
#4009 = DIRECTION('',(0.29699658102,0.,0.954878542466));
#4010 = ADVANCED_FACE('',(#4011),#4029,.T.);
#4011 = FACE_BOUND('',#4012,.T.);
#4012 = EDGE_LOOP('',(#4013,#4014,#4022,#4028));
#4013 = ORIENTED_EDGE('',*,*,#3999,.T.);
#4014 = ORIENTED_EDGE('',*,*,#4015,.T.);
#4015 = EDGE_CURVE('',#3992,#4016,#4018,.T.);
#4016 = VERTEX_POINT('',#4017);
#4017 = CARTESIAN_POINT('',(-77.80710825083,5.034,48.930678165985));
#4018 = LINE('',#4019,#4020);
#4019 = CARTESIAN_POINT('',(-78.0389150317,5.034,48.530351534902));
#4020 = VECTOR('',#4021,1.);
#4021 = DIRECTION('',(0.501098976732,0.,0.865389978864));
#4022 = ORIENTED_EDGE('',*,*,#4023,.F.);
#4023 = EDGE_CURVE('',#801,#4016,#4024,.T.);
#4024 = LINE('',#4025,#4026);
#4025 = CARTESIAN_POINT('',(-77.80710825083,-6.9,48.930678165985));
#4026 = VECTOR('',#4027,1.);
#4027 = DIRECTION('',(0.,1.,0.));
#4028 = ORIENTED_EDGE('',*,*,#808,.F.);
#4029 = PLANE('',#4030);
#4030 = AXIS2_PLACEMENT_3D('',#4031,#4032,#4033);
#4031 = CARTESIAN_POINT('',(-77.95463447053,-6.9,48.675902726258));
#4032 = DIRECTION('',(0.865389978864,0.,-0.501098976732));
#4033 = DIRECTION('',(0.501098976732,0.,0.865389978864));
#4034 = ADVANCED_FACE('',(#4035),#4053,.T.);
#4035 = FACE_BOUND('',#4036,.T.);
#4036 = EDGE_LOOP('',(#4037,#4038,#4046,#4052));
#4037 = ORIENTED_EDGE('',*,*,#4023,.T.);
#4038 = ORIENTED_EDGE('',*,*,#4039,.T.);
#4039 = EDGE_CURVE('',#4016,#4040,#4042,.T.);
#4040 = VERTEX_POINT('',#4041);
#4041 = CARTESIAN_POINT('',(-77.5972230963,5.034,49.15809323184));
#4042 = LINE('',#4043,#4044);
#4043 = CARTESIAN_POINT('',(-77.91970679459,5.034,48.80867522918));
#4044 = VECTOR('',#4045,1.);
#4045 = DIRECTION('',(0.67821651388,0.,0.734862136935));
#4046 = ORIENTED_EDGE('',*,*,#4047,.F.);
#4047 = EDGE_CURVE('',#793,#4040,#4048,.T.);
#4048 = LINE('',#4049,#4050);
#4049 = CARTESIAN_POINT('',(-77.5972230963,-6.9,49.15809323184));
#4050 = VECTOR('',#4051,1.);
#4051 = DIRECTION('',(0.,1.,0.));
#4052 = ORIENTED_EDGE('',*,*,#800,.F.);
#4053 = PLANE('',#4054);
#4054 = AXIS2_PLACEMENT_3D('',#4055,#4056,#4057);
#4055 = CARTESIAN_POINT('',(-77.80710825083,-6.9,48.930678165985));
#4056 = DIRECTION('',(0.734862136935,0.,-0.67821651388));
#4057 = DIRECTION('',(0.67821651388,0.,0.734862136935));
#4058 = ADVANCED_FACE('',(#4059),#4077,.T.);
#4059 = FACE_BOUND('',#4060,.T.);
#4060 = EDGE_LOOP('',(#4061,#4062,#4070,#4076));
#4061 = ORIENTED_EDGE('',*,*,#4047,.T.);
#4062 = ORIENTED_EDGE('',*,*,#4063,.T.);
#4063 = EDGE_CURVE('',#4040,#4064,#4066,.T.);
#4064 = VERTEX_POINT('',#4065);
#4065 = CARTESIAN_POINT('',(-77.3280727417,5.034,49.338161964652));
#4066 = LINE('',#4067,#4068);
#4067 = CARTESIAN_POINT('',(-77.74491397358,5.034,49.059284113949));
#4068 = VECTOR('',#4069,1.);
#4069 = DIRECTION('',(0.831143924034,0.,0.556057350947));
#4070 = ORIENTED_EDGE('',*,*,#4071,.F.);
#4071 = EDGE_CURVE('',#785,#4064,#4072,.T.);
#4072 = LINE('',#4073,#4074);
#4073 = CARTESIAN_POINT('',(-77.3280727417,-6.9,49.338161964652));
#4074 = VECTOR('',#4075,1.);
#4075 = DIRECTION('',(0.,1.,0.));
#4076 = ORIENTED_EDGE('',*,*,#792,.F.);
#4077 = PLANE('',#4078);
#4078 = AXIS2_PLACEMENT_3D('',#4079,#4080,#4081);
#4079 = CARTESIAN_POINT('',(-77.5972230963,-6.9,49.15809323184));
#4080 = DIRECTION('',(0.556057350947,0.,-0.831143924034));
#4081 = DIRECTION('',(0.831143924034,0.,0.556057350947));
#4082 = ADVANCED_FACE('',(#4083),#4101,.T.);
#4083 = FACE_BOUND('',#4084,.T.);
#4084 = EDGE_LOOP('',(#4085,#4086,#4094,#4100));
#4085 = ORIENTED_EDGE('',*,*,#4071,.T.);
#4086 = ORIENTED_EDGE('',*,*,#4087,.T.);
#4087 = EDGE_CURVE('',#4064,#4088,#4090,.T.);
#4088 = VERTEX_POINT('',#4089);
#4089 = CARTESIAN_POINT('',(-77.04779851292,5.034,49.441444837921));
#4090 = LINE('',#4091,#4092);
#4091 = CARTESIAN_POINT('',(-77.49533607932,5.034,49.276524338615));
#4092 = VECTOR('',#4093,1.);
#4093 = DIRECTION('',(0.93831710759,0.,0.345775947115));
#4094 = ORIENTED_EDGE('',*,*,#4095,.F.);
#4095 = EDGE_CURVE('',#777,#4088,#4096,.T.);
#4096 = LINE('',#4097,#4098);
#4097 = CARTESIAN_POINT('',(-77.04779851292,-6.9,49.441444837921));
#4098 = VECTOR('',#4099,1.);
#4099 = DIRECTION('',(0.,1.,0.));
#4100 = ORIENTED_EDGE('',*,*,#784,.F.);
#4101 = PLANE('',#4102);
#4102 = AXIS2_PLACEMENT_3D('',#4103,#4104,#4105);
#4103 = CARTESIAN_POINT('',(-77.3280727417,-6.9,49.338161964652));
#4104 = DIRECTION('',(0.345775947115,0.,-0.93831710759));
#4105 = DIRECTION('',(0.93831710759,0.,0.345775947115));
#4106 = ADVANCED_FACE('',(#4107),#4125,.T.);
#4107 = FACE_BOUND('',#4108,.T.);
#4108 = EDGE_LOOP('',(#4109,#4110,#4118,#4124));
#4109 = ORIENTED_EDGE('',*,*,#4095,.T.);
#4110 = ORIENTED_EDGE('',*,*,#4111,.T.);
#4111 = EDGE_CURVE('',#4088,#4112,#4114,.T.);
#4112 = VERTEX_POINT('',#4113);
#4113 = CARTESIAN_POINT('',(-76.67958488109,5.034,49.483908653282));
#4114 = LINE('',#4115,#4116);
#4115 = CARTESIAN_POINT('',(-77.22615318973,5.034,49.420876289095));
#4116 = VECTOR('',#4117,1.);
#4117 = DIRECTION('',(0.99341580727,0.,0.114564540175));
#4118 = ORIENTED_EDGE('',*,*,#4119,.F.);
#4119 = EDGE_CURVE('',#769,#4112,#4120,.T.);
#4120 = LINE('',#4121,#4122);
#4121 = CARTESIAN_POINT('',(-76.67958488109,-6.9,49.483908653282));
#4122 = VECTOR('',#4123,1.);
#4123 = DIRECTION('',(0.,1.,0.));
#4124 = ORIENTED_EDGE('',*,*,#776,.F.);
#4125 = PLANE('',#4126);
#4126 = AXIS2_PLACEMENT_3D('',#4127,#4128,#4129);
#4127 = CARTESIAN_POINT('',(-77.04779851292,-6.9,49.441444837921));
#4128 = DIRECTION('',(0.114564540175,0.,-0.99341580727));
#4129 = DIRECTION('',(0.99341580727,0.,0.114564540175));
#4130 = ADVANCED_FACE('',(#4131),#4149,.T.);
#4131 = FACE_BOUND('',#4132,.T.);
#4132 = EDGE_LOOP('',(#4133,#4134,#4142,#4148));
#4133 = ORIENTED_EDGE('',*,*,#4119,.T.);
#4134 = ORIENTED_EDGE('',*,*,#4135,.T.);
#4135 = EDGE_CURVE('',#4112,#4136,#4138,.T.);
#4136 = VERTEX_POINT('',#4137);
#4137 = CARTESIAN_POINT('',(-60.80693035705,5.034,49.467090208573));
#4138 = LINE('',#4139,#4140);
#4139 = CARTESIAN_POINT('',(-76.76658937831,5.034,49.484000842041));
#4140 = VECTOR('',#4141,1.);
#4141 = DIRECTION('',(0.999999438639,0.,-1.05958554331E-03));
#4142 = ORIENTED_EDGE('',*,*,#4143,.F.);
#4143 = EDGE_CURVE('',#761,#4136,#4144,.T.);
#4144 = LINE('',#4145,#4146);
#4145 = CARTESIAN_POINT('',(-60.80693035705,-6.9,49.467090208573));
#4146 = VECTOR('',#4147,1.);
#4147 = DIRECTION('',(0.,1.,0.));
#4148 = ORIENTED_EDGE('',*,*,#768,.F.);
#4149 = PLANE('',#4150);
#4150 = AXIS2_PLACEMENT_3D('',#4151,#4152,#4153);
#4151 = CARTESIAN_POINT('',(-76.67958488109,-6.9,49.483908653282));
#4152 = DIRECTION('',(-1.05958554331E-03,0.,-0.999999438639));
#4153 = DIRECTION('',(0.999999438639,0.,-1.05958554331E-03));
#4154 = ADVANCED_FACE('',(#4155),#4173,.T.);
#4155 = FACE_BOUND('',#4156,.T.);
#4156 = EDGE_LOOP('',(#4157,#4158,#4166,#4172));
#4157 = ORIENTED_EDGE('',*,*,#4143,.T.);
#4158 = ORIENTED_EDGE('',*,*,#4159,.T.);
#4159 = EDGE_CURVE('',#4136,#4160,#4162,.T.);
#4160 = VERTEX_POINT('',#4161);
#4161 = CARTESIAN_POINT('',(-60.41942431815,5.034,49.422959255625));
#4162 = LINE('',#4163,#4164);
#4163 = CARTESIAN_POINT('',(-60.89072970794,5.034,49.47663366039));
#4164 = VECTOR('',#4165,1.);
#4165 = DIRECTION('',(0.99357755974,0.,-0.113153138629));
#4166 = ORIENTED_EDGE('',*,*,#4167,.F.);
#4167 = EDGE_CURVE('',#753,#4160,#4168,.T.);
#4168 = LINE('',#4169,#4170);
#4169 = CARTESIAN_POINT('',(-60.41942431815,-6.9,49.422959255625));
#4170 = VECTOR('',#4171,1.);
#4171 = DIRECTION('',(0.,1.,0.));
#4172 = ORIENTED_EDGE('',*,*,#760,.F.);
#4173 = PLANE('',#4174);
#4174 = AXIS2_PLACEMENT_3D('',#4175,#4176,#4177);
#4175 = CARTESIAN_POINT('',(-60.80693035705,-6.9,49.467090208573));
#4176 = DIRECTION('',(-0.113153138629,0.,-0.99357755974));
#4177 = DIRECTION('',(0.99357755974,0.,-0.113153138629));
#4178 = ADVANCED_FACE('',(#4179),#4197,.T.);
#4179 = FACE_BOUND('',#4180,.T.);
#4180 = EDGE_LOOP('',(#4181,#4182,#4190,#4196));
#4181 = ORIENTED_EDGE('',*,*,#4167,.T.);
#4182 = ORIENTED_EDGE('',*,*,#4183,.T.);
#4183 = EDGE_CURVE('',#4160,#4184,#4186,.T.);
#4184 = VERTEX_POINT('',#4185);
#4185 = CARTESIAN_POINT('',(-60.13847013478,5.034,49.323530664758));
#4186 = LINE('',#4187,#4188);
#4187 = CARTESIAN_POINT('',(-60.58043074798,5.034,49.479938803847));
#4188 = VECTOR('',#4189,1.);
#4189 = DIRECTION('',(0.942707464102,0.,-0.33362049866));
#4190 = ORIENTED_EDGE('',*,*,#4191,.F.);
#4191 = EDGE_CURVE('',#745,#4184,#4192,.T.);
#4192 = LINE('',#4193,#4194);
#4193 = CARTESIAN_POINT('',(-60.13847013478,-6.9,49.323530664758));
#4194 = VECTOR('',#4195,1.);
#4195 = DIRECTION('',(0.,1.,0.));
#4196 = ORIENTED_EDGE('',*,*,#752,.F.);
#4197 = PLANE('',#4198);
#4198 = AXIS2_PLACEMENT_3D('',#4199,#4200,#4201);
#4199 = CARTESIAN_POINT('',(-60.41942431815,-6.9,49.422959255625));
#4200 = DIRECTION('',(-0.33362049866,0.,-0.942707464102));
#4201 = DIRECTION('',(0.942707464102,0.,-0.33362049866));
#4202 = ADVANCED_FACE('',(#4203),#4221,.T.);
#4203 = FACE_BOUND('',#4204,.T.);
#4204 = EDGE_LOOP('',(#4205,#4206,#4214,#4220));
#4205 = ORIENTED_EDGE('',*,*,#4191,.T.);
#4206 = ORIENTED_EDGE('',*,*,#4207,.T.);
#4207 = EDGE_CURVE('',#4184,#4208,#4210,.T.);
#4208 = VERTEX_POINT('',#4209);
#4209 = CARTESIAN_POINT('',(-59.88264704365,5.034,49.154065277711));
#4210 = LINE('',#4211,#4212);
#4211 = CARTESIAN_POINT('',(-60.29238053152,5.034,49.425485827753));
#4212 = VECTOR('',#4213,1.);
#4213 = DIRECTION('',(0.833676114831,0.,-0.552253687683));
#4214 = ORIENTED_EDGE('',*,*,#4215,.F.);
#4215 = EDGE_CURVE('',#737,#4208,#4216,.T.);
#4216 = LINE('',#4217,#4218);
#4217 = CARTESIAN_POINT('',(-59.88264704365,-6.9,49.154065277711));
#4218 = VECTOR('',#4219,1.);
#4219 = DIRECTION('',(0.,1.,0.));
#4220 = ORIENTED_EDGE('',*,*,#744,.F.);
#4221 = PLANE('',#4222);
#4222 = AXIS2_PLACEMENT_3D('',#4223,#4224,#4225);
#4223 = CARTESIAN_POINT('',(-60.13847013478,-6.9,49.323530664758));
#4224 = DIRECTION('',(-0.552253687683,0.,-0.833676114831));
#4225 = DIRECTION('',(0.833676114831,0.,-0.552253687683));
#4226 = ADVANCED_FACE('',(#4227),#4245,.T.);
#4227 = FACE_BOUND('',#4228,.T.);
#4228 = EDGE_LOOP('',(#4229,#4230,#4238,#4244));
#4229 = ORIENTED_EDGE('',*,*,#4215,.T.);
#4230 = ORIENTED_EDGE('',*,*,#4231,.T.);
#4231 = EDGE_CURVE('',#4208,#4232,#4234,.T.);
#4232 = VERTEX_POINT('',#4233);
#4233 = CARTESIAN_POINT('',(-59.66557978312,5.034,48.92602538643));
#4234 = LINE('',#4235,#4236);
#4235 = CARTESIAN_POINT('',(-59.99947712876,5.034,49.276801059436));
#4236 = VECTOR('',#4237,1.);
#4237 = DIRECTION('',(0.689465960376,0.,-0.724318085845));
#4238 = ORIENTED_EDGE('',*,*,#4239,.F.);
#4239 = EDGE_CURVE('',#729,#4232,#4240,.T.);
#4240 = LINE('',#4241,#4242);
#4241 = CARTESIAN_POINT('',(-59.66557978312,-6.9,48.92602538643));
#4242 = VECTOR('',#4243,1.);
#4243 = DIRECTION('',(0.,1.,0.));
#4244 = ORIENTED_EDGE('',*,*,#736,.F.);
#4245 = PLANE('',#4246);
#4246 = AXIS2_PLACEMENT_3D('',#4247,#4248,#4249);
#4247 = CARTESIAN_POINT('',(-59.88264704365,-6.9,49.154065277711));
#4248 = DIRECTION('',(-0.724318085845,0.,-0.689465960376));
#4249 = DIRECTION('',(0.689465960376,0.,-0.724318085845));
#4250 = ADVANCED_FACE('',(#4251),#4269,.T.);
#4251 = FACE_BOUND('',#4252,.T.);
#4252 = EDGE_LOOP('',(#4253,#4254,#4262,#4268));
#4253 = ORIENTED_EDGE('',*,*,#4239,.T.);
#4254 = ORIENTED_EDGE('',*,*,#4255,.T.);
#4255 = EDGE_CURVE('',#4232,#4256,#4258,.T.);
#4256 = VERTEX_POINT('',#4257);
#4257 = CARTESIAN_POINT('',(-59.5166385478,5.034,48.670429070936));
#4258 = LINE('',#4259,#4260);
#4259 = CARTESIAN_POINT('',(-59.75401384589,5.034,49.077786049358));
#4260 = VECTOR('',#4261,1.);
#4261 = DIRECTION('',(0.503475967095,0.,-0.864009230598));
#4262 = ORIENTED_EDGE('',*,*,#4263,.F.);
#4263 = EDGE_CURVE('',#721,#4256,#4264,.T.);
#4264 = LINE('',#4265,#4266);
#4265 = CARTESIAN_POINT('',(-59.5166385478,-6.9,48.670429070936));
#4266 = VECTOR('',#4267,1.);
#4267 = DIRECTION('',(0.,1.,0.));
#4268 = ORIENTED_EDGE('',*,*,#728,.F.);
#4269 = PLANE('',#4270);
#4270 = AXIS2_PLACEMENT_3D('',#4271,#4272,#4273);
#4271 = CARTESIAN_POINT('',(-59.66557978312,-6.9,48.92602538643));
#4272 = DIRECTION('',(-0.864009230598,0.,-0.503475967095));
#4273 = DIRECTION('',(0.503475967095,0.,-0.864009230598));
#4274 = ADVANCED_FACE('',(#4275),#4293,.T.);
#4275 = FACE_BOUND('',#4276,.T.);
#4276 = EDGE_LOOP('',(#4277,#4278,#4286,#4292));
#4277 = ORIENTED_EDGE('',*,*,#4263,.T.);
#4278 = ORIENTED_EDGE('',*,*,#4279,.T.);
#4279 = EDGE_CURVE('',#4256,#4280,#4282,.T.);
#4280 = VERTEX_POINT('',#4281);
#4281 = CARTESIAN_POINT('',(-59.37901579026,5.034,48.251673193709));
#4282 = LINE('',#4283,#4284);
#4283 = CARTESIAN_POINT('',(-59.56601579026,5.034,48.820673193709));
#4284 = VECTOR('',#4285,1.);
#4285 = DIRECTION('',(0.312217870861,0.,-0.950010526844));
#4286 = ORIENTED_EDGE('',*,*,#4287,.F.);
#4287 = EDGE_CURVE('',#712,#4280,#4288,.T.);
#4288 = LINE('',#4289,#4290);
#4289 = CARTESIAN_POINT('',(-59.37901579026,-6.9,48.251673193709));
#4290 = VECTOR('',#4291,1.);
#4291 = DIRECTION('',(0.,1.,0.));
#4292 = ORIENTED_EDGE('',*,*,#720,.F.);
#4293 = PLANE('',#4294);
#4294 = AXIS2_PLACEMENT_3D('',#4295,#4296,#4297);
#4295 = CARTESIAN_POINT('',(-59.5166385478,-6.9,48.670429070936));
#4296 = DIRECTION('',(-0.950010526844,0.,-0.312217870861));
#4297 = DIRECTION('',(0.312217870861,0.,-0.950010526844));
#4298 = ADVANCED_FACE('',(#4299),#4318,.T.);
#4299 = FACE_BOUND('',#4300,.T.);
#4300 = EDGE_LOOP('',(#4301,#4302,#4311,#4317));
#4301 = ORIENTED_EDGE('',*,*,#4287,.T.);
#4302 = ORIENTED_EDGE('',*,*,#4303,.T.);
#4303 = EDGE_CURVE('',#4280,#4304,#4306,.T.);
#4304 = VERTEX_POINT('',#4305);
#4305 = CARTESIAN_POINT('',(-57.95478817723,5.034,47.220000207074));
#4306 = CIRCLE('',#4307,1.5);
#4307 = AXIS2_PLACEMENT_3D('',#4308,#4309,#4310);
#4308 = CARTESIAN_POINT('',(-57.954,5.034,48.72));
#4309 = DIRECTION('',(0.,-1.,-0.));
#4310 = DIRECTION('',(-0.312217870861,-0.,0.950010526844));
#4311 = ORIENTED_EDGE('',*,*,#4312,.F.);
#4312 = EDGE_CURVE('',#704,#4304,#4313,.T.);
#4313 = LINE('',#4314,#4315);
#4314 = CARTESIAN_POINT('',(-57.95478817723,-6.9,47.220000207074));
#4315 = VECTOR('',#4316,1.);
#4316 = DIRECTION('',(0.,1.,0.));
#4317 = ORIENTED_EDGE('',*,*,#711,.F.);
#4318 = CYLINDRICAL_SURFACE('',#4319,1.5);
#4319 = AXIS2_PLACEMENT_3D('',#4320,#4321,#4322);
#4320 = CARTESIAN_POINT('',(-57.954,-6.9,48.72));
#4321 = DIRECTION('',(0.,-1.,-0.));
#4322 = DIRECTION('',(-0.312217870861,-0.,0.950010526844));
#4323 = ADVANCED_FACE('',(#4324),#4342,.T.);
#4324 = FACE_BOUND('',#4325,.T.);
#4325 = EDGE_LOOP('',(#4326,#4327,#4335,#4341));
#4326 = ORIENTED_EDGE('',*,*,#4312,.T.);
#4327 = ORIENTED_EDGE('',*,*,#4328,.T.);
#4328 = EDGE_CURVE('',#4304,#4329,#4331,.T.);
#4329 = VERTEX_POINT('',#4330);
#4330 = CARTESIAN_POINT('',(-42.82573253102,5.034,47.212050621185));
#4331 = LINE('',#4332,#4333);
#4332 = CARTESIAN_POINT('',(-57.95478817723,5.034,47.220000207074));
#4333 = VECTOR('',#4334,1.);
#4334 = DIRECTION('',(0.99999986195,0.,-5.254514873956E-04));
#4335 = ORIENTED_EDGE('',*,*,#4336,.F.);
#4336 = EDGE_CURVE('',#696,#4329,#4337,.T.);
#4337 = LINE('',#4338,#4339);
#4338 = CARTESIAN_POINT('',(-42.82573253102,-6.9,47.212050621185));
#4339 = VECTOR('',#4340,1.);
#4340 = DIRECTION('',(0.,1.,0.));
#4341 = ORIENTED_EDGE('',*,*,#703,.F.);
#4342 = PLANE('',#4343);
#4343 = AXIS2_PLACEMENT_3D('',#4344,#4345,#4346);
#4344 = CARTESIAN_POINT('',(-57.95478817723,-6.9,47.220000207074));
#4345 = DIRECTION('',(-5.254514873956E-04,0.,-0.99999986195));
#4346 = DIRECTION('',(0.99999986195,0.,-5.254514873956E-04));
#4347 = ADVANCED_FACE('',(#4348),#4366,.T.);
#4348 = FACE_BOUND('',#4349,.T.);
#4349 = EDGE_LOOP('',(#4350,#4351,#4359,#4365));
#4350 = ORIENTED_EDGE('',*,*,#4336,.T.);
#4351 = ORIENTED_EDGE('',*,*,#4352,.T.);
#4352 = EDGE_CURVE('',#4329,#4353,#4355,.T.);
#4353 = VERTEX_POINT('',#4354);
#4354 = CARTESIAN_POINT('',(-42.40812784667,5.034,47.158185669145));
#4355 = LINE('',#4356,#4357);
#4356 = CARTESIAN_POINT('',(-42.92088859518,5.034,47.224324374389));
#4357 = VECTOR('',#4358,1.);
#4358 = DIRECTION('',(0.991783750407,0.,-0.127925730125));
#4359 = ORIENTED_EDGE('',*,*,#4360,.F.);
#4360 = EDGE_CURVE('',#688,#4353,#4361,.T.);
#4361 = LINE('',#4362,#4363);
#4362 = CARTESIAN_POINT('',(-42.40812784667,-6.9,47.158185669145));
#4363 = VECTOR('',#4364,1.);
#4364 = DIRECTION('',(0.,1.,0.));
#4365 = ORIENTED_EDGE('',*,*,#695,.F.);
#4366 = PLANE('',#4367);
#4367 = AXIS2_PLACEMENT_3D('',#4368,#4369,#4370);
#4368 = CARTESIAN_POINT('',(-42.82573253102,-6.9,47.212050621185));
#4369 = DIRECTION('',(-0.127925730125,0.,-0.991783750407));
#4370 = DIRECTION('',(0.991783750407,0.,-0.127925730125));
#4371 = ADVANCED_FACE('',(#4372),#4390,.T.);
#4372 = FACE_BOUND('',#4373,.T.);
#4373 = EDGE_LOOP('',(#4374,#4375,#4383,#4389));
#4374 = ORIENTED_EDGE('',*,*,#4360,.T.);
#4375 = ORIENTED_EDGE('',*,*,#4376,.T.);
#4376 = EDGE_CURVE('',#4353,#4377,#4379,.T.);
#4377 = VERTEX_POINT('',#4378);
#4378 = CARTESIAN_POINT('',(-42.09978238148,5.034,47.040205925605));
#4379 = LINE('',#4380,#4381);
#4380 = CARTESIAN_POINT('',(-42.57503498608,5.034,47.2220480045));
#4381 = VECTOR('',#4382,1.);
#4382 = DIRECTION('',(0.933967997,0.,-0.357356657389));
#4383 = ORIENTED_EDGE('',*,*,#4384,.F.);
#4384 = EDGE_CURVE('',#680,#4377,#4385,.T.);
#4385 = LINE('',#4386,#4387);
#4386 = CARTESIAN_POINT('',(-42.09978238148,-6.9,47.040205925605));
#4387 = VECTOR('',#4388,1.);
#4388 = DIRECTION('',(0.,1.,0.));
#4389 = ORIENTED_EDGE('',*,*,#687,.F.);
#4390 = PLANE('',#4391);
#4391 = AXIS2_PLACEMENT_3D('',#4392,#4393,#4394);
#4392 = CARTESIAN_POINT('',(-42.40812784667,-6.9,47.158185669145));
#4393 = DIRECTION('',(-0.357356657389,0.,-0.933967997));
#4394 = DIRECTION('',(0.933967997,0.,-0.357356657389));
#4395 = ADVANCED_FACE('',(#4396),#4414,.T.);
#4396 = FACE_BOUND('',#4397,.T.);
#4397 = EDGE_LOOP('',(#4398,#4399,#4407,#4413));
#4398 = ORIENTED_EDGE('',*,*,#4384,.T.);
#4399 = ORIENTED_EDGE('',*,*,#4400,.T.);
#4400 = EDGE_CURVE('',#4377,#4401,#4403,.T.);
#4401 = VERTEX_POINT('',#4402);
#4402 = CARTESIAN_POINT('',(-41.83117910329,5.034,46.847613644548));
#4403 = LINE('',#4404,#4405);
#4404 = CARTESIAN_POINT('',(-42.25705803341,5.034,47.152974752427));
#4405 = VECTOR('',#4406,1.);
#4406 = DIRECTION('',(0.812683498382,0.,-0.582705355611));
#4407 = ORIENTED_EDGE('',*,*,#4408,.F.);
#4408 = EDGE_CURVE('',#672,#4401,#4409,.T.);
#4409 = LINE('',#4410,#4411);
#4410 = CARTESIAN_POINT('',(-41.83117910329,-6.9,46.847613644548));
#4411 = VECTOR('',#4412,1.);
#4412 = DIRECTION('',(0.,1.,0.));
#4413 = ORIENTED_EDGE('',*,*,#679,.F.);
#4414 = PLANE('',#4415);
#4415 = AXIS2_PLACEMENT_3D('',#4416,#4417,#4418);
#4416 = CARTESIAN_POINT('',(-42.09978238148,-6.9,47.040205925605));
#4417 = DIRECTION('',(-0.582705355611,0.,-0.812683498382));
#4418 = DIRECTION('',(0.812683498382,0.,-0.582705355611));
#4419 = ADVANCED_FACE('',(#4420),#4438,.T.);
#4420 = FACE_BOUND('',#4421,.T.);
#4421 = EDGE_LOOP('',(#4422,#4423,#4431,#4437));
#4422 = ORIENTED_EDGE('',*,*,#4408,.T.);
#4423 = ORIENTED_EDGE('',*,*,#4424,.T.);
#4424 = EDGE_CURVE('',#4401,#4425,#4427,.T.);
#4425 = VERTEX_POINT('',#4426);
#4426 = CARTESIAN_POINT('',(-41.61569050793,5.034,46.593678846046));
#4427 = LINE('',#4428,#4429);
#4428 = CARTESIAN_POINT('',(-41.95069978473,5.034,46.988458500428));
#4429 = VECTOR('',#4430,1.);
#4430 = DIRECTION('',(0.647027666381,0.,-0.762466523158));
#4431 = ORIENTED_EDGE('',*,*,#4432,.F.);
#4432 = EDGE_CURVE('',#664,#4425,#4433,.T.);
#4433 = LINE('',#4434,#4435);
#4434 = CARTESIAN_POINT('',(-41.61569050793,-6.9,46.593678846046));
#4435 = VECTOR('',#4436,1.);
#4436 = DIRECTION('',(0.,1.,0.));
#4437 = ORIENTED_EDGE('',*,*,#671,.F.);
#4438 = PLANE('',#4439);
#4439 = AXIS2_PLACEMENT_3D('',#4440,#4441,#4442);
#4440 = CARTESIAN_POINT('',(-41.83117910329,-6.9,46.847613644548));
#4441 = DIRECTION('',(-0.762466523158,0.,-0.647027666381));
#4442 = DIRECTION('',(0.647027666381,0.,-0.762466523158));
#4443 = ADVANCED_FACE('',(#4444),#4462,.T.);
#4444 = FACE_BOUND('',#4445,.T.);
#4445 = EDGE_LOOP('',(#4446,#4447,#4455,#4461));
#4446 = ORIENTED_EDGE('',*,*,#4432,.T.);
#4447 = ORIENTED_EDGE('',*,*,#4448,.T.);
#4448 = EDGE_CURVE('',#4425,#4449,#4451,.T.);
#4449 = VERTEX_POINT('',#4450);
#4450 = CARTESIAN_POINT('',(-41.47409112214,5.034,46.307657495352));
#4451 = LINE('',#4452,#4453);
#4452 = CARTESIAN_POINT('',(-41.69728348379,5.034,46.75849123582));
#4453 = VECTOR('',#4454,1.);
#4454 = DIRECTION('',(0.443672509454,0.,-0.896188989195));
#4455 = ORIENTED_EDGE('',*,*,#4456,.F.);
#4456 = EDGE_CURVE('',#656,#4449,#4457,.T.);
#4457 = LINE('',#4458,#4459);
#4458 = CARTESIAN_POINT('',(-41.47409112214,-6.9,46.307657495352));
#4459 = VECTOR('',#4460,1.);
#4460 = DIRECTION('',(0.,1.,0.));
#4461 = ORIENTED_EDGE('',*,*,#663,.F.);
#4462 = PLANE('',#4463);
#4463 = AXIS2_PLACEMENT_3D('',#4464,#4465,#4466);
#4464 = CARTESIAN_POINT('',(-41.61569050793,-6.9,46.593678846046));
#4465 = DIRECTION('',(-0.896188989195,0.,-0.443672509454));
#4466 = DIRECTION('',(0.443672509454,0.,-0.896188989195));
#4467 = ADVANCED_FACE('',(#4468),#4486,.T.);
#4468 = FACE_BOUND('',#4469,.T.);
#4469 = EDGE_LOOP('',(#4470,#4471,#4479,#4485));
#4470 = ORIENTED_EDGE('',*,*,#4456,.T.);
#4471 = ORIENTED_EDGE('',*,*,#4472,.T.);
#4472 = EDGE_CURVE('',#4449,#4473,#4475,.T.);
#4473 = VERTEX_POINT('',#4474);
#4474 = CARTESIAN_POINT('',(-41.37454586452,5.034,45.876533429953));
#4475 = LINE('',#4476,#4477);
#4476 = CARTESIAN_POINT('',(-41.51354586452,5.034,46.478533429953));
#4477 = VECTOR('',#4478,1.);
#4478 = DIRECTION('',(0.224977713365,0.,-0.974363909681));
#4479 = ORIENTED_EDGE('',*,*,#4480,.F.);
#4480 = EDGE_CURVE('',#647,#4473,#4481,.T.);
#4481 = LINE('',#4482,#4483);
#4482 = CARTESIAN_POINT('',(-41.37454586452,-6.9,45.876533429953));
#4483 = VECTOR('',#4484,1.);
#4484 = DIRECTION('',(0.,1.,0.));
#4485 = ORIENTED_EDGE('',*,*,#655,.F.);
#4486 = PLANE('',#4487);
#4487 = AXIS2_PLACEMENT_3D('',#4488,#4489,#4490);
#4488 = CARTESIAN_POINT('',(-41.47409112214,-6.9,46.307657495352));
#4489 = DIRECTION('',(-0.974363909681,0.,-0.224977713365));
#4490 = DIRECTION('',(0.224977713365,0.,-0.974363909681));
#4491 = ADVANCED_FACE('',(#4492),#4511,.T.);
#4492 = FACE_BOUND('',#4493,.T.);
#4493 = EDGE_LOOP('',(#4494,#4495,#4504,#4510));
#4494 = ORIENTED_EDGE('',*,*,#4480,.T.);
#4495 = ORIENTED_EDGE('',*,*,#4496,.T.);
#4496 = EDGE_CURVE('',#4473,#4497,#4499,.T.);
#4497 = VERTEX_POINT('',#4498);
#4498 = CARTESIAN_POINT('',(-39.91231243919,5.034,44.71400015758));
#4499 = CIRCLE('',#4500,1.5);
#4500 = AXIS2_PLACEMENT_3D('',#4501,#4502,#4503);
#4501 = CARTESIAN_POINT('',(-39.913,5.034,46.214));
#4502 = DIRECTION('',(0.,-1.,-0.));
#4503 = DIRECTION('',(-0.224977713365,-0.,0.974363909681));
#4504 = ORIENTED_EDGE('',*,*,#4505,.F.);
#4505 = EDGE_CURVE('',#639,#4497,#4506,.T.);
#4506 = LINE('',#4507,#4508);
#4507 = CARTESIAN_POINT('',(-39.91231243919,-6.9,44.71400015758));
#4508 = VECTOR('',#4509,1.);
#4509 = DIRECTION('',(0.,1.,0.));
#4510 = ORIENTED_EDGE('',*,*,#646,.F.);
#4511 = CYLINDRICAL_SURFACE('',#4512,1.5);
#4512 = AXIS2_PLACEMENT_3D('',#4513,#4514,#4515);
#4513 = CARTESIAN_POINT('',(-39.913,-6.9,46.214));
#4514 = DIRECTION('',(0.,-1.,-0.));
#4515 = DIRECTION('',(-0.224977713365,-0.,0.974363909681));
#4516 = ADVANCED_FACE('',(#4517,#4535),#4569,.T.);
#4517 = FACE_BOUND('',#4518,.T.);
#4518 = EDGE_LOOP('',(#4519,#4520,#4528,#4534));
#4519 = ORIENTED_EDGE('',*,*,#4505,.T.);
#4520 = ORIENTED_EDGE('',*,*,#4521,.T.);
#4521 = EDGE_CURVE('',#4497,#4522,#4524,.T.);
#4522 = VERTEX_POINT('',#4523);
#4523 = CARTESIAN_POINT('',(-5.112693758047,5.034,44.729951395158));
#4524 = LINE('',#4525,#4526);
#4525 = CARTESIAN_POINT('',(-39.91231243919,5.034,44.71400015758));
#4526 = VECTOR('',#4527,1.);
#4527 = DIRECTION('',(0.999999894947,0.,4.583738703703E-04));
#4528 = ORIENTED_EDGE('',*,*,#4529,.F.);
#4529 = EDGE_CURVE('',#631,#4522,#4530,.T.);
#4530 = LINE('',#4531,#4532);
#4531 = CARTESIAN_POINT('',(-5.112693758047,-6.9,44.729951395158));
#4532 = VECTOR('',#4533,1.);
#4533 = DIRECTION('',(0.,1.,0.));
#4534 = ORIENTED_EDGE('',*,*,#638,.F.);
#4535 = FACE_BOUND('',#4536,.T.);
#4536 = EDGE_LOOP('',(#4537,#4547,#4555,#4563));
#4537 = ORIENTED_EDGE('',*,*,#4538,.F.);
#4538 = EDGE_CURVE('',#4539,#4541,#4543,.T.);
#4539 = VERTEX_POINT('',#4540);
#4540 = CARTESIAN_POINT('',(-19.465,-0.4,44.723372672306));
#4541 = VERTEX_POINT('',#4542);
#4542 = CARTESIAN_POINT('',(-8.515,-0.4,44.728391866714));
#4543 = LINE('',#4544,#4545);
#4544 = CARTESIAN_POINT('',(-29.68950956787,-0.4,44.71868602379));
#4545 = VECTOR('',#4546,1.);
#4546 = DIRECTION('',(0.999999894947,0.,4.583738703703E-04));
#4547 = ORIENTED_EDGE('',*,*,#4548,.T.);
#4548 = EDGE_CURVE('',#4539,#4549,#4551,.T.);
#4549 = VERTEX_POINT('',#4550);
#4550 = CARTESIAN_POINT('',(-19.465,-3.9,44.723372672306));
#4551 = LINE('',#4552,#4553);
#4552 = CARTESIAN_POINT('',(-19.465,-5.4,44.723372672306));
#4553 = VECTOR('',#4554,1.);
#4554 = DIRECTION('',(0.,-1.,0.));
#4555 = ORIENTED_EDGE('',*,*,#4556,.T.);
#4556 = EDGE_CURVE('',#4549,#4557,#4559,.T.);
#4557 = VERTEX_POINT('',#4558);
#4558 = CARTESIAN_POINT('',(-8.515,-3.9,44.728391866714));
#4559 = LINE('',#4560,#4561);
#4560 = CARTESIAN_POINT('',(-29.68950956787,-3.9,44.71868602379));
#4561 = VECTOR('',#4562,1.);
#4562 = DIRECTION('',(0.999999894947,0.,4.583738703703E-04));
#4563 = ORIENTED_EDGE('',*,*,#4564,.F.);
#4564 = EDGE_CURVE('',#4541,#4557,#4565,.T.);
#4565 = LINE('',#4566,#4567);
#4566 = CARTESIAN_POINT('',(-8.515,-5.4,44.728391866714));
#4567 = VECTOR('',#4568,1.);
#4568 = DIRECTION('',(0.,-1.,0.));
#4569 = PLANE('',#4570);
#4570 = AXIS2_PLACEMENT_3D('',#4571,#4572,#4573);
#4571 = CARTESIAN_POINT('',(-39.91231243919,-6.9,44.71400015758));
#4572 = DIRECTION('',(4.583738703703E-04,0.,-0.999999894947));
#4573 = DIRECTION('',(0.999999894947,0.,4.583738703703E-04));
#4574 = ADVANCED_FACE('',(#4575),#4593,.T.);
#4575 = FACE_BOUND('',#4576,.T.);
#4576 = EDGE_LOOP('',(#4577,#4578,#4586,#4592));
#4577 = ORIENTED_EDGE('',*,*,#4529,.T.);
#4578 = ORIENTED_EDGE('',*,*,#4579,.T.);
#4579 = EDGE_CURVE('',#4522,#4580,#4582,.T.);
#4580 = VERTEX_POINT('',#4581);
#4581 = CARTESIAN_POINT('',(-4.650982371802,5.034,44.664346292019));
#4582 = LINE('',#4583,#4584);
#4583 = CARTESIAN_POINT('',(-5.2180171669,5.034,44.74491691974));
#4584 = VECTOR('',#4585,1.);
#4585 = DIRECTION('',(0.99005538684,0.,-0.140678111267));
#4586 = ORIENTED_EDGE('',*,*,#4587,.F.);
#4587 = EDGE_CURVE('',#623,#4580,#4588,.T.);
#4588 = LINE('',#4589,#4590);
#4589 = CARTESIAN_POINT('',(-4.650982371802,-6.9,44.664346292019));
#4590 = VECTOR('',#4591,1.);
#4591 = DIRECTION('',(0.,1.,0.));
#4592 = ORIENTED_EDGE('',*,*,#630,.F.);
#4593 = PLANE('',#4594);
#4594 = AXIS2_PLACEMENT_3D('',#4595,#4596,#4597);
#4595 = CARTESIAN_POINT('',(-5.112693758047,-6.9,44.729951395158));
#4596 = DIRECTION('',(-0.140678111267,0.,-0.99005538684));
#4597 = DIRECTION('',(0.99005538684,0.,-0.140678111267));
#4598 = ADVANCED_FACE('',(#4599),#4617,.T.);
#4599 = FACE_BOUND('',#4600,.T.);
#4600 = EDGE_LOOP('',(#4601,#4602,#4610,#4616));
#4601 = ORIENTED_EDGE('',*,*,#4587,.T.);
#4602 = ORIENTED_EDGE('',*,*,#4603,.T.);
#4603 = EDGE_CURVE('',#4580,#4604,#4606,.T.);
#4604 = VERTEX_POINT('',#4605);
#4605 = CARTESIAN_POINT('',(-4.325276583594,5.034,44.533874887744));
#4606 = LINE('',#4607,#4608);
#4607 = CARTESIAN_POINT('',(-4.818782824882,5.034,44.731563890059));
#4608 = VECTOR('',#4609,1.);
#4609 = DIRECTION('',(0.92829073996,0.,-0.371855216588));
#4610 = ORIENTED_EDGE('',*,*,#4611,.F.);
#4611 = EDGE_CURVE('',#615,#4604,#4612,.T.);
#4612 = LINE('',#4613,#4614);
#4613 = CARTESIAN_POINT('',(-4.325276583594,-6.9,44.533874887744));
#4614 = VECTOR('',#4615,1.);
#4615 = DIRECTION('',(0.,1.,0.));
#4616 = ORIENTED_EDGE('',*,*,#622,.F.);
#4617 = PLANE('',#4618);
#4618 = AXIS2_PLACEMENT_3D('',#4619,#4620,#4621);
#4619 = CARTESIAN_POINT('',(-4.650982371802,-6.9,44.664346292019));
#4620 = DIRECTION('',(-0.371855216588,0.,-0.92829073996));
#4621 = DIRECTION('',(0.92829073996,0.,-0.371855216588));
#4622 = ADVANCED_FACE('',(#4623),#4641,.T.);
#4623 = FACE_BOUND('',#4624,.T.);
#4624 = EDGE_LOOP('',(#4625,#4626,#4634,#4640));
#4625 = ORIENTED_EDGE('',*,*,#4611,.T.);
#4626 = ORIENTED_EDGE('',*,*,#4627,.T.);
#4627 = EDGE_CURVE('',#4604,#4628,#4630,.T.);
#4628 = VERTEX_POINT('',#4629);
#4629 = CARTESIAN_POINT('',(-4.055558646542,5.034,44.324555326339));
#4630 = LINE('',#4631,#4632);
#4631 = CARTESIAN_POINT('',(-4.491648256957,5.034,44.662990682115));
#4632 = VECTOR('',#4633,1.);
#4633 = DIRECTION('',(0.790006211924,0.,-0.613098837972));
#4634 = ORIENTED_EDGE('',*,*,#4635,.F.);
#4635 = EDGE_CURVE('',#607,#4628,#4636,.T.);
#4636 = LINE('',#4637,#4638);
#4637 = CARTESIAN_POINT('',(-4.055558646542,-6.9,44.324555326339));
#4638 = VECTOR('',#4639,1.);
#4639 = DIRECTION('',(0.,1.,0.));
#4640 = ORIENTED_EDGE('',*,*,#614,.F.);
#4641 = PLANE('',#4642);
#4642 = AXIS2_PLACEMENT_3D('',#4643,#4644,#4645);
#4643 = CARTESIAN_POINT('',(-4.325276583594,-6.9,44.533874887744));
#4644 = DIRECTION('',(-0.613098837972,0.,-0.790006211924));
#4645 = DIRECTION('',(0.790006211924,0.,-0.613098837972));
#4646 = ADVANCED_FACE('',(#4647),#4665,.T.);
#4647 = FACE_BOUND('',#4648,.T.);
#4648 = EDGE_LOOP('',(#4649,#4650,#4658,#4664));
#4649 = ORIENTED_EDGE('',*,*,#4635,.T.);
#4650 = ORIENTED_EDGE('',*,*,#4651,.T.);
#4651 = EDGE_CURVE('',#4628,#4652,#4654,.T.);
#4652 = VERTEX_POINT('',#4653);
#4653 = CARTESIAN_POINT('',(-3.84245395718,5.034,44.050429470419));
#4654 = LINE('',#4655,#4656);
#4655 = CARTESIAN_POINT('',(-4.171246673351,5.034,44.473369880648));
#4656 = VECTOR('',#4657,1.);
#4657 = DIRECTION('',(0.613753412901,0.,-0.789497782234));
#4658 = ORIENTED_EDGE('',*,*,#4659,.F.);
#4659 = EDGE_CURVE('',#599,#4652,#4660,.T.);
#4660 = LINE('',#4661,#4662);
#4661 = CARTESIAN_POINT('',(-3.84245395718,-6.9,44.050429470419));
#4662 = VECTOR('',#4663,1.);
#4663 = DIRECTION('',(0.,1.,0.));
#4664 = ORIENTED_EDGE('',*,*,#606,.F.);
#4665 = PLANE('',#4666);
#4666 = AXIS2_PLACEMENT_3D('',#4667,#4668,#4669);
#4667 = CARTESIAN_POINT('',(-4.055558646542,-6.9,44.324555326339));
#4668 = DIRECTION('',(-0.789497782234,0.,-0.613753412901));
#4669 = DIRECTION('',(0.613753412901,0.,-0.789497782234));
#4670 = ADVANCED_FACE('',(#4671),#4689,.T.);
#4671 = FACE_BOUND('',#4672,.T.);
#4672 = EDGE_LOOP('',(#4673,#4674,#4682,#4688));
#4673 = ORIENTED_EDGE('',*,*,#4659,.T.);
#4674 = ORIENTED_EDGE('',*,*,#4675,.T.);
#4675 = EDGE_CURVE('',#4652,#4676,#4678,.T.);
#4676 = VERTEX_POINT('',#4677);
#4677 = CARTESIAN_POINT('',(-3.71179790951,5.034,43.732990481363));
#4678 = LINE('',#4679,#4680);
#4679 = CARTESIAN_POINT('',(-3.920100399439,5.034,44.239077516753));
#4680 = VECTOR('',#4681,1.);
#4681 = DIRECTION('',(0.380614988831,0.,-0.924733599626));
#4682 = ORIENTED_EDGE('',*,*,#4683,.F.);
#4683 = EDGE_CURVE('',#591,#4676,#4684,.T.);
#4684 = LINE('',#4685,#4686);
#4685 = CARTESIAN_POINT('',(-3.71179790951,-6.9,43.732990481363));
#4686 = VECTOR('',#4687,1.);
#4687 = DIRECTION('',(0.,1.,0.));
#4688 = ORIENTED_EDGE('',*,*,#598,.F.);
#4689 = PLANE('',#4690);
#4690 = AXIS2_PLACEMENT_3D('',#4691,#4692,#4693);
#4691 = CARTESIAN_POINT('',(-3.84245395718,-6.9,44.050429470419));
#4692 = DIRECTION('',(-0.924733599626,0.,-0.380614988831));
#4693 = DIRECTION('',(0.380614988831,0.,-0.924733599626));
#4694 = ADVANCED_FACE('',(#4695),#4713,.T.);
#4695 = FACE_BOUND('',#4696,.T.);
#4696 = EDGE_LOOP('',(#4697,#4698,#4706,#4712));
#4697 = ORIENTED_EDGE('',*,*,#4683,.T.);
#4698 = ORIENTED_EDGE('',*,*,#4699,.T.);
#4699 = EDGE_CURVE('',#4676,#4700,#4702,.T.);
#4700 = VERTEX_POINT('',#4701);
#4701 = CARTESIAN_POINT('',(-3.65989160492,5.034,43.325905081321));
#4702 = LINE('',#4703,#4704);
#4703 = CARTESIAN_POINT('',(-3.73695313915,5.034,43.930275316068));
#4704 = VECTOR('',#4705,1.);
#4705 = DIRECTION('',(0.126483122621,0.,-0.991968759433));
#4706 = ORIENTED_EDGE('',*,*,#4707,.F.);
#4707 = EDGE_CURVE('',#583,#4700,#4708,.T.);
#4708 = LINE('',#4709,#4710);
#4709 = CARTESIAN_POINT('',(-3.65989160492,-6.9,43.325905081321));
#4710 = VECTOR('',#4711,1.);
#4711 = DIRECTION('',(0.,1.,0.));
#4712 = ORIENTED_EDGE('',*,*,#590,.F.);
#4713 = PLANE('',#4714);
#4714 = AXIS2_PLACEMENT_3D('',#4715,#4716,#4717);
#4715 = CARTESIAN_POINT('',(-3.71179790951,-6.9,43.732990481363));
#4716 = DIRECTION('',(-0.991968759433,0.,-0.126483122621));
#4717 = DIRECTION('',(0.126483122621,0.,-0.991968759433));
#4718 = ADVANCED_FACE('',(#4719,#4737),#4771,.T.);
#4719 = FACE_BOUND('',#4720,.T.);
#4720 = EDGE_LOOP('',(#4721,#4722,#4730,#4736));
#4721 = ORIENTED_EDGE('',*,*,#4707,.T.);
#4722 = ORIENTED_EDGE('',*,*,#4723,.T.);
#4723 = EDGE_CURVE('',#4700,#4724,#4726,.T.);
#4724 = VERTEX_POINT('',#4725);
#4725 = CARTESIAN_POINT('',(-3.600047429281,5.034,-9.256179843837));
#4726 = LINE('',#4727,#4728);
#4727 = CARTESIAN_POINT('',(-3.659999028531,5.034,43.420292836706));
#4728 = VECTOR('',#4729,1.);
#4729 = DIRECTION('',(1.138108862862E-03,0.,-0.999999352354));
#4730 = ORIENTED_EDGE('',*,*,#4731,.F.);
#4731 = EDGE_CURVE('',#575,#4724,#4732,.T.);
#4732 = LINE('',#4733,#4734);
#4733 = CARTESIAN_POINT('',(-3.600047429281,-6.9,-9.256179843837));
#4734 = VECTOR('',#4735,1.);
#4735 = DIRECTION('',(0.,1.,0.));
#4736 = ORIENTED_EDGE('',*,*,#582,.F.);
#4737 = FACE_BOUND('',#4738,.T.);
#4738 = EDGE_LOOP('',(#4739,#4749,#4757,#4765));
#4739 = ORIENTED_EDGE('',*,*,#4740,.F.);
#4740 = EDGE_CURVE('',#4741,#4743,#4745,.T.);
#4741 = VERTEX_POINT('',#4742);
#4742 = CARTESIAN_POINT('',(-3.621917548036,-1.16,9.96));
#4743 = VERTEX_POINT('',#4744);
#4744 = CARTESIAN_POINT('',(-3.621917548036,2.74,9.96));
#4745 = LINE('',#4746,#4747);
#4746 = CARTESIAN_POINT('',(-3.621917548036,-4.03,9.96));
#4747 = VECTOR('',#4748,1.);
#4748 = DIRECTION('',(0.,1.,-0.));
#4749 = ORIENTED_EDGE('',*,*,#4750,.T.);
#4750 = EDGE_CURVE('',#4741,#4751,#4753,.T.);
#4751 = VERTEX_POINT('',#4752);
#4752 = CARTESIAN_POINT('',(-3.603707794437,-1.16,-6.04));
#4753 = LINE('',#4754,#4755);
#4754 = CARTESIAN_POINT('',(-3.631801631796,-1.16,18.644650195211));
#4755 = VECTOR('',#4756,1.);
#4756 = DIRECTION('',(1.138108862862E-03,0.,-0.999999352354));
#4757 = ORIENTED_EDGE('',*,*,#4758,.T.);
#4758 = EDGE_CURVE('',#4751,#4759,#4761,.T.);
#4759 = VERTEX_POINT('',#4760);
#4760 = CARTESIAN_POINT('',(-3.603707794437,2.74,-6.04));
#4761 = LINE('',#4762,#4763);
#4762 = CARTESIAN_POINT('',(-3.603707794437,-4.03,-6.04));
#4763 = VECTOR('',#4764,1.);
#4764 = DIRECTION('',(0.,1.,-0.));
#4765 = ORIENTED_EDGE('',*,*,#4766,.F.);
#4766 = EDGE_CURVE('',#4743,#4759,#4767,.T.);
#4767 = LINE('',#4768,#4769);
#4768 = CARTESIAN_POINT('',(-3.631801631796,2.74,18.644650195211));
#4769 = VECTOR('',#4770,1.);
#4770 = DIRECTION('',(1.138108862862E-03,0.,-0.999999352354));
#4771 = PLANE('',#4772);
#4772 = AXIS2_PLACEMENT_3D('',#4773,#4774,#4775);
#4773 = CARTESIAN_POINT('',(-3.65989160492,-6.9,43.325905081321));
#4774 = DIRECTION('',(-0.999999352354,0.,-1.138108862862E-03));
#4775 = DIRECTION('',(1.138108862862E-03,0.,-0.999999352354));
#4776 = ADVANCED_FACE('',(#4777),#4795,.T.);
#4777 = FACE_BOUND('',#4778,.T.);
#4778 = EDGE_LOOP('',(#4779,#4780,#4788,#4794));
#4779 = ORIENTED_EDGE('',*,*,#4731,.T.);
#4780 = ORIENTED_EDGE('',*,*,#4781,.T.);
#4781 = EDGE_CURVE('',#4724,#4782,#4784,.T.);
#4782 = VERTEX_POINT('',#4783);
#4783 = CARTESIAN_POINT('',(-3.649387901645,5.034,-10.14348600517));
#4784 = LINE('',#4785,#4786);
#4785 = CARTESIAN_POINT('',(-3.597686256968,5.034,-9.213718095071));
#4786 = VECTOR('',#4787,1.);
#4787 = DIRECTION('',(-5.552126995248E-02,0.,-0.998457504645));
#4788 = ORIENTED_EDGE('',*,*,#4789,.F.);
#4789 = EDGE_CURVE('',#567,#4782,#4790,.T.);
#4790 = LINE('',#4791,#4792);
#4791 = CARTESIAN_POINT('',(-3.649387901645,-6.9,-10.14348600517));
#4792 = VECTOR('',#4793,1.);
#4793 = DIRECTION('',(0.,1.,0.));
#4794 = ORIENTED_EDGE('',*,*,#574,.F.);
#4795 = PLANE('',#4796);
#4796 = AXIS2_PLACEMENT_3D('',#4797,#4798,#4799);
#4797 = CARTESIAN_POINT('',(-3.600047429281,-6.9,-9.256179843837));
#4798 = DIRECTION('',(-0.998457504645,0.,5.552126995248E-02));
#4799 = DIRECTION('',(-5.552126995248E-02,0.,-0.998457504645));
#4800 = ADVANCED_FACE('',(#4801),#4819,.T.);
#4801 = FACE_BOUND('',#4802,.T.);
#4802 = EDGE_LOOP('',(#4803,#4804,#4812,#4818));
#4803 = ORIENTED_EDGE('',*,*,#4789,.T.);
#4804 = ORIENTED_EDGE('',*,*,#4805,.T.);
#4805 = EDGE_CURVE('',#4782,#4806,#4808,.T.);
#4806 = VERTEX_POINT('',#4807);
#4807 = CARTESIAN_POINT('',(-3.759668654747,5.034,-10.56797449057));
#4808 = LINE('',#4809,#4810);
#4809 = CARTESIAN_POINT('',(-3.611805576488,5.034,-9.998825546892));
#4810 = VECTOR('',#4811,1.);
#4811 = DIRECTION('',(-0.251449635405,0.,-0.967870384326));
#4812 = ORIENTED_EDGE('',*,*,#4813,.F.);
#4813 = EDGE_CURVE('',#559,#4806,#4814,.T.);
#4814 = LINE('',#4815,#4816);
#4815 = CARTESIAN_POINT('',(-3.759668654747,-6.9,-10.56797449057));
#4816 = VECTOR('',#4817,1.);
#4817 = DIRECTION('',(0.,1.,0.));
#4818 = ORIENTED_EDGE('',*,*,#566,.F.);
#4819 = PLANE('',#4820);
#4820 = AXIS2_PLACEMENT_3D('',#4821,#4822,#4823);
#4821 = CARTESIAN_POINT('',(-3.649387901645,-6.9,-10.14348600517));
#4822 = DIRECTION('',(-0.967870384326,0.,0.251449635405));
#4823 = DIRECTION('',(-0.251449635405,0.,-0.967870384326));
#4824 = ADVANCED_FACE('',(#4825),#4837,.T.);
#4825 = FACE_BOUND('',#4826,.T.);
#4826 = EDGE_LOOP('',(#4827,#4828,#4834,#4835,#4836));
#4827 = ORIENTED_EDGE('',*,*,#4813,.T.);
#4828 = ORIENTED_EDGE('',*,*,#4829,.T.);
#4829 = EDGE_CURVE('',#4806,#2995,#4830,.T.);
#4830 = LINE('',#4831,#4832);
#4831 = CARTESIAN_POINT('',(-3.709299047853,5.034,-10.45485205117));
#4832 = VECTOR('',#4833,1.);
#4833 = DIRECTION('',(-0.406765299215,0.,-0.913532698569));
#4834 = ORIENTED_EDGE('',*,*,#2994,.F.);
#4835 = ORIENTED_EDGE('',*,*,#1499,.F.);
#4836 = ORIENTED_EDGE('',*,*,#558,.F.);
#4837 = PLANE('',#4838);
#4838 = AXIS2_PLACEMENT_3D('',#4839,#4840,#4841);
#4839 = CARTESIAN_POINT('',(-3.759668654747,-6.9,-10.56797449057));
#4840 = DIRECTION('',(-0.913532698569,0.,0.406765299215));
#4841 = DIRECTION('',(-0.406765299215,0.,-0.913532698569));
#4842 = ADVANCED_FACE('',(#4843,#4876),#4910,.T.);
#4843 = FACE_BOUND('',#4844,.T.);
#4844 = EDGE_LOOP('',(#4845,#4846,#4854,#4862,#4870));
#4845 = ORIENTED_EDGE('',*,*,#478,.T.);
#4846 = ORIENTED_EDGE('',*,*,#4847,.T.);
#4847 = EDGE_CURVE('',#479,#4848,#4850,.T.);
#4848 = VERTEX_POINT('',#4849);
#4849 = CARTESIAN_POINT('',(-5.007,-6.9,46.23));
#4850 = LINE('',#4851,#4852);
#4851 = CARTESIAN_POINT('',(-39.913,-6.9,46.214));
#4852 = VECTOR('',#4853,1.);
#4853 = DIRECTION('',(0.999999894947,0.,4.583738703703E-04));
#4854 = ORIENTED_EDGE('',*,*,#4855,.T.);
#4855 = EDGE_CURVE('',#4848,#4856,#4858,.T.);
#4856 = VERTEX_POINT('',#4857);
#4857 = CARTESIAN_POINT('',(-5.007,6.532,46.23));
#4858 = LINE('',#4859,#4860);
#4859 = CARTESIAN_POINT('',(-5.007,-6.9,46.23));
#4860 = VECTOR('',#4861,1.);
#4861 = DIRECTION('',(0.,1.,0.));
#4862 = ORIENTED_EDGE('',*,*,#4863,.F.);
#4863 = EDGE_CURVE('',#4864,#4856,#4866,.T.);
#4864 = VERTEX_POINT('',#4865);
#4865 = CARTESIAN_POINT('',(-39.913,6.532,46.214));
#4866 = LINE('',#4867,#4868);
#4867 = CARTESIAN_POINT('',(-39.913,6.532,46.214));
#4868 = VECTOR('',#4869,1.);
#4869 = DIRECTION('',(0.999999894947,0.,4.583738703703E-04));
#4870 = ORIENTED_EDGE('',*,*,#4871,.F.);
#4871 = EDGE_CURVE('',#471,#4864,#4872,.T.);
#4872 = LINE('',#4873,#4874);
#4873 = CARTESIAN_POINT('',(-39.913,5.034,46.214));
#4874 = VECTOR('',#4875,1.);
#4875 = DIRECTION('',(0.,1.,0.));
#4876 = FACE_BOUND('',#4877,.T.);
#4877 = EDGE_LOOP('',(#4878,#4888,#4896,#4904));
#4878 = ORIENTED_EDGE('',*,*,#4879,.T.);
#4879 = EDGE_CURVE('',#4880,#4882,#4884,.T.);
#4880 = VERTEX_POINT('',#4881);
#4881 = CARTESIAN_POINT('',(-8.515,-3.9,46.228392024294));
#4882 = VERTEX_POINT('',#4883);
#4883 = CARTESIAN_POINT('',(-19.465,-3.9,46.223372829886));
#4884 = LINE('',#4885,#4886);
#4885 = CARTESIAN_POINT('',(-20.96369712868,-3.9,46.22268586621));
#4886 = VECTOR('',#4887,1.);
#4887 = DIRECTION('',(-0.999999894947,0.,-4.583738703703E-04));
#4888 = ORIENTED_EDGE('',*,*,#4889,.T.);
#4889 = EDGE_CURVE('',#4882,#4890,#4892,.T.);
#4890 = VERTEX_POINT('',#4891);
#4891 = CARTESIAN_POINT('',(-19.465,-0.4,46.223372829886));
#4892 = LINE('',#4893,#4894);
#4893 = CARTESIAN_POINT('',(-19.465,-2.042,46.223372829886));
#4894 = VECTOR('',#4895,1.);
#4895 = DIRECTION('',(-0.,1.,-0.));
#4896 = ORIENTED_EDGE('',*,*,#4897,.F.);
#4897 = EDGE_CURVE('',#4898,#4890,#4900,.T.);
#4898 = VERTEX_POINT('',#4899);
#4899 = CARTESIAN_POINT('',(-8.515,-0.4,46.228392024294));
#4900 = LINE('',#4901,#4902);
#4901 = CARTESIAN_POINT('',(-20.96369712868,-0.4,46.22268586621));
#4902 = VECTOR('',#4903,1.);
#4903 = DIRECTION('',(-0.999999894947,0.,-4.583738703703E-04));
#4904 = ORIENTED_EDGE('',*,*,#4905,.F.);
#4905 = EDGE_CURVE('',#4880,#4898,#4906,.T.);
#4906 = LINE('',#4907,#4908);
#4907 = CARTESIAN_POINT('',(-8.515,-2.042,46.228392024294));
#4908 = VECTOR('',#4909,1.);
#4909 = DIRECTION('',(-0.,1.,-0.));
#4910 = PLANE('',#4911);
#4911 = AXIS2_PLACEMENT_3D('',#4912,#4913,#4914);
#4912 = CARTESIAN_POINT('',(-22.46,-0.184,46.222));
#4913 = DIRECTION('',(-4.583738703703E-04,0.,0.999999894947));
#4914 = DIRECTION('',(0.999999894947,0.,4.583738703703E-04));
#4915 = ADVANCED_FACE('',(#4916),#4934,.T.);
#4916 = FACE_BOUND('',#4917,.T.);
#4917 = EDGE_LOOP('',(#4918,#4919,#4920,#4928));
#4918 = ORIENTED_EDGE('',*,*,#470,.T.);
#4919 = ORIENTED_EDGE('',*,*,#4871,.T.);
#4920 = ORIENTED_EDGE('',*,*,#4921,.F.);
#4921 = EDGE_CURVE('',#4922,#4864,#4924,.T.);
#4922 = VERTEX_POINT('',#4923);
#4923 = CARTESIAN_POINT('',(-40.052,6.532,46.816));
#4924 = LINE('',#4925,#4926);
#4925 = CARTESIAN_POINT('',(-40.052,6.532,46.816));
#4926 = VECTOR('',#4927,1.);
#4927 = DIRECTION('',(0.224977713365,0.,-0.974363909681));
#4928 = ORIENTED_EDGE('',*,*,#4929,.F.);
#4929 = EDGE_CURVE('',#463,#4922,#4930,.T.);
#4930 = LINE('',#4931,#4932);
#4931 = CARTESIAN_POINT('',(-40.052,5.034,46.816));
#4932 = VECTOR('',#4933,1.);
#4933 = DIRECTION('',(0.,1.,0.));
#4934 = PLANE('',#4935);
#4935 = AXIS2_PLACEMENT_3D('',#4936,#4937,#4938);
#4936 = CARTESIAN_POINT('',(-39.9825,-0.184,46.515));
#4937 = DIRECTION('',(0.974363909681,0.,0.224977713365));
#4938 = DIRECTION('',(-0.224977713365,0.,0.974363909681));
#4939 = ADVANCED_FACE('',(#4940),#4958,.T.);
#4940 = FACE_BOUND('',#4941,.T.);
#4941 = EDGE_LOOP('',(#4942,#4943,#4944,#4952));
#4942 = ORIENTED_EDGE('',*,*,#462,.T.);
#4943 = ORIENTED_EDGE('',*,*,#4929,.T.);
#4944 = ORIENTED_EDGE('',*,*,#4945,.F.);
#4945 = EDGE_CURVE('',#4946,#4922,#4948,.T.);
#4946 = VERTEX_POINT('',#4947);
#4947 = CARTESIAN_POINT('',(-40.353,6.532,47.424));
#4948 = LINE('',#4949,#4950);
#4949 = CARTESIAN_POINT('',(-40.353,6.532,47.424));
#4950 = VECTOR('',#4951,1.);
#4951 = DIRECTION('',(0.443672509454,0.,-0.896188989195));
#4952 = ORIENTED_EDGE('',*,*,#4953,.F.);
#4953 = EDGE_CURVE('',#455,#4946,#4954,.T.);
#4954 = LINE('',#4955,#4956);
#4955 = CARTESIAN_POINT('',(-40.353,5.034,47.424));
#4956 = VECTOR('',#4957,1.);
#4957 = DIRECTION('',(0.,1.,0.));
#4958 = PLANE('',#4959);
#4959 = AXIS2_PLACEMENT_3D('',#4960,#4961,#4962);
#4960 = CARTESIAN_POINT('',(-40.2025,-0.184,47.12));
#4961 = DIRECTION('',(0.896188989195,0.,0.443672509454));
#4962 = DIRECTION('',(-0.443672509454,0.,0.896188989195));
#4963 = ADVANCED_FACE('',(#4964),#4982,.T.);
#4964 = FACE_BOUND('',#4965,.T.);
#4965 = EDGE_LOOP('',(#4966,#4967,#4968,#4976));
#4966 = ORIENTED_EDGE('',*,*,#454,.T.);
#4967 = ORIENTED_EDGE('',*,*,#4953,.T.);
#4968 = ORIENTED_EDGE('',*,*,#4969,.F.);
#4969 = EDGE_CURVE('',#4970,#4946,#4972,.T.);
#4970 = VERTEX_POINT('',#4971);
#4971 = CARTESIAN_POINT('',(-40.807,6.532,47.959));
#4972 = LINE('',#4973,#4974);
#4973 = CARTESIAN_POINT('',(-40.807,6.532,47.959));
#4974 = VECTOR('',#4975,1.);
#4975 = DIRECTION('',(0.647027666381,0.,-0.762466523158));
#4976 = ORIENTED_EDGE('',*,*,#4977,.F.);
#4977 = EDGE_CURVE('',#447,#4970,#4978,.T.);
#4978 = LINE('',#4979,#4980);
#4979 = CARTESIAN_POINT('',(-40.807,5.034,47.959));
#4980 = VECTOR('',#4981,1.);
#4981 = DIRECTION('',(0.,1.,0.));
#4982 = PLANE('',#4983);
#4983 = AXIS2_PLACEMENT_3D('',#4984,#4985,#4986);
#4984 = CARTESIAN_POINT('',(-40.58,-0.184,47.6915));
#4985 = DIRECTION('',(0.762466523158,0.,0.647027666381));
#4986 = DIRECTION('',(-0.647027666381,0.,0.762466523158));
#4987 = ADVANCED_FACE('',(#4988),#5006,.T.);
#4988 = FACE_BOUND('',#4989,.T.);
#4989 = EDGE_LOOP('',(#4990,#4991,#4992,#5000));
#4990 = ORIENTED_EDGE('',*,*,#446,.T.);
#4991 = ORIENTED_EDGE('',*,*,#4977,.T.);
#4992 = ORIENTED_EDGE('',*,*,#4993,.F.);
#4993 = EDGE_CURVE('',#4994,#4970,#4996,.T.);
#4994 = VERTEX_POINT('',#4995);
#4995 = CARTESIAN_POINT('',(-41.383,6.532,48.372));
#4996 = LINE('',#4997,#4998);
#4997 = CARTESIAN_POINT('',(-41.383,6.532,48.372));
#4998 = VECTOR('',#4999,1.);
#4999 = DIRECTION('',(0.812683498382,0.,-0.582705355611));
#5000 = ORIENTED_EDGE('',*,*,#5001,.F.);
#5001 = EDGE_CURVE('',#439,#4994,#5002,.T.);
#5002 = LINE('',#5003,#5004);
#5003 = CARTESIAN_POINT('',(-41.383,5.034,48.372));
#5004 = VECTOR('',#5005,1.);
#5005 = DIRECTION('',(0.,1.,0.));
#5006 = PLANE('',#5007);
#5007 = AXIS2_PLACEMENT_3D('',#5008,#5009,#5010);
#5008 = CARTESIAN_POINT('',(-41.095,-0.184,48.1655));
#5009 = DIRECTION('',(0.582705355611,0.,0.812683498382));
#5010 = DIRECTION('',(0.812683498382,0.,-0.582705355611));
#5011 = ADVANCED_FACE('',(#5012),#5030,.T.);
#5012 = FACE_BOUND('',#5013,.T.);
#5013 = EDGE_LOOP('',(#5014,#5015,#5016,#5024));
#5014 = ORIENTED_EDGE('',*,*,#438,.T.);
#5015 = ORIENTED_EDGE('',*,*,#5001,.T.);
#5016 = ORIENTED_EDGE('',*,*,#5017,.F.);
#5017 = EDGE_CURVE('',#5018,#4994,#5020,.T.);
#5018 = VERTEX_POINT('',#5019);
#5019 = CARTESIAN_POINT('',(-42.039,6.532,48.623));
#5020 = LINE('',#5021,#5022);
#5021 = CARTESIAN_POINT('',(-42.039,6.532,48.623));
#5022 = VECTOR('',#5023,1.);
#5023 = DIRECTION('',(0.933967997,0.,-0.357356657389));
#5024 = ORIENTED_EDGE('',*,*,#5025,.F.);
#5025 = EDGE_CURVE('',#431,#5018,#5026,.T.);
#5026 = LINE('',#5027,#5028);
#5027 = CARTESIAN_POINT('',(-42.039,5.034,48.623));
#5028 = VECTOR('',#5029,1.);
#5029 = DIRECTION('',(0.,1.,0.));
#5030 = PLANE('',#5031);
#5031 = AXIS2_PLACEMENT_3D('',#5032,#5033,#5034);
#5032 = CARTESIAN_POINT('',(-41.711,-0.184,48.4975));
#5033 = DIRECTION('',(0.357356657389,0.,0.933967997));
#5034 = DIRECTION('',(0.933967997,0.,-0.357356657389));
#5035 = ADVANCED_FACE('',(#5036),#5054,.T.);
#5036 = FACE_BOUND('',#5037,.T.);
#5037 = EDGE_LOOP('',(#5038,#5039,#5040,#5048));
#5038 = ORIENTED_EDGE('',*,*,#430,.T.);
#5039 = ORIENTED_EDGE('',*,*,#5025,.T.);
#5040 = ORIENTED_EDGE('',*,*,#5041,.F.);
#5041 = EDGE_CURVE('',#5042,#5018,#5044,.T.);
#5042 = VERTEX_POINT('',#5043);
#5043 = CARTESIAN_POINT('',(-42.729,6.532,48.712));
#5044 = LINE('',#5045,#5046);
#5045 = CARTESIAN_POINT('',(-42.729,6.532,48.712));
#5046 = VECTOR('',#5047,1.);
#5047 = DIRECTION('',(0.991783750407,0.,-0.127925730125));
#5048 = ORIENTED_EDGE('',*,*,#5049,.F.);
#5049 = EDGE_CURVE('',#423,#5042,#5050,.T.);
#5050 = LINE('',#5051,#5052);
#5051 = CARTESIAN_POINT('',(-42.729,5.034,48.712));
#5052 = VECTOR('',#5053,1.);
#5053 = DIRECTION('',(0.,1.,0.));
#5054 = PLANE('',#5055);
#5055 = AXIS2_PLACEMENT_3D('',#5056,#5057,#5058);
#5056 = CARTESIAN_POINT('',(-42.384,-0.184,48.6675));
#5057 = DIRECTION('',(0.127925730125,0.,0.991783750407));
#5058 = DIRECTION('',(0.991783750407,0.,-0.127925730125));
#5059 = ADVANCED_FACE('',(#5060),#5078,.T.);
#5060 = FACE_BOUND('',#5061,.T.);
#5061 = EDGE_LOOP('',(#5062,#5063,#5064,#5072));
#5062 = ORIENTED_EDGE('',*,*,#422,.T.);
#5063 = ORIENTED_EDGE('',*,*,#5049,.T.);
#5064 = ORIENTED_EDGE('',*,*,#5065,.F.);
#5065 = EDGE_CURVE('',#5066,#5042,#5068,.T.);
#5066 = VERTEX_POINT('',#5067);
#5067 = CARTESIAN_POINT('',(-57.954,6.532,48.72));
#5068 = LINE('',#5069,#5070);
#5069 = CARTESIAN_POINT('',(-57.954,6.532,48.72));
#5070 = VECTOR('',#5071,1.);
#5071 = DIRECTION('',(0.99999986195,0.,-5.254514873956E-04));
#5072 = ORIENTED_EDGE('',*,*,#5073,.F.);
#5073 = EDGE_CURVE('',#415,#5066,#5074,.T.);
#5074 = LINE('',#5075,#5076);
#5075 = CARTESIAN_POINT('',(-57.954,5.034,48.72));
#5076 = VECTOR('',#5077,1.);
#5077 = DIRECTION('',(0.,1.,0.));
#5078 = PLANE('',#5079);
#5079 = AXIS2_PLACEMENT_3D('',#5080,#5081,#5082);
#5080 = CARTESIAN_POINT('',(-50.3415,-0.184,48.716));
#5081 = DIRECTION('',(5.254514873956E-04,0.,0.99999986195));
#5082 = DIRECTION('',(0.99999986195,0.,-5.254514873956E-04));
#5083 = ADVANCED_FACE('',(#5084),#5102,.T.);
#5084 = FACE_BOUND('',#5085,.T.);
#5085 = EDGE_LOOP('',(#5086,#5087,#5088,#5096));
#5086 = ORIENTED_EDGE('',*,*,#414,.T.);
#5087 = ORIENTED_EDGE('',*,*,#5073,.T.);
#5088 = ORIENTED_EDGE('',*,*,#5089,.F.);
#5089 = EDGE_CURVE('',#5090,#5066,#5092,.T.);
#5090 = VERTEX_POINT('',#5091);
#5091 = CARTESIAN_POINT('',(-58.141,6.532,49.289));
#5092 = LINE('',#5093,#5094);
#5093 = CARTESIAN_POINT('',(-58.141,6.532,49.289));
#5094 = VECTOR('',#5095,1.);
#5095 = DIRECTION('',(0.312217870861,0.,-0.950010526844));
#5096 = ORIENTED_EDGE('',*,*,#5097,.F.);
#5097 = EDGE_CURVE('',#407,#5090,#5098,.T.);
#5098 = LINE('',#5099,#5100);
#5099 = CARTESIAN_POINT('',(-58.141,5.034,49.289));
#5100 = VECTOR('',#5101,1.);
#5101 = DIRECTION('',(0.,1.,0.));
#5102 = PLANE('',#5103);
#5103 = AXIS2_PLACEMENT_3D('',#5104,#5105,#5106);
#5104 = CARTESIAN_POINT('',(-58.0475,-0.184,49.0045));
#5105 = DIRECTION('',(0.950010526844,0.,0.312217870861));
#5106 = DIRECTION('',(-0.312217870861,0.,0.950010526844));
#5107 = ADVANCED_FACE('',(#5108),#5126,.T.);
#5108 = FACE_BOUND('',#5109,.T.);
#5109 = EDGE_LOOP('',(#5110,#5111,#5112,#5120));
#5110 = ORIENTED_EDGE('',*,*,#406,.T.);
#5111 = ORIENTED_EDGE('',*,*,#5097,.T.);
#5112 = ORIENTED_EDGE('',*,*,#5113,.F.);
#5113 = EDGE_CURVE('',#5114,#5090,#5116,.T.);
#5114 = VERTEX_POINT('',#5115);
#5115 = CARTESIAN_POINT('',(-58.458,6.532,49.833));
#5116 = LINE('',#5117,#5118);
#5117 = CARTESIAN_POINT('',(-58.458,6.532,49.833));
#5118 = VECTOR('',#5119,1.);
#5119 = DIRECTION('',(0.503475967095,0.,-0.864009230598));
#5120 = ORIENTED_EDGE('',*,*,#5121,.F.);
#5121 = EDGE_CURVE('',#399,#5114,#5122,.T.);
#5122 = LINE('',#5123,#5124);
#5123 = CARTESIAN_POINT('',(-58.458,5.034,49.833));
#5124 = VECTOR('',#5125,1.);
#5125 = DIRECTION('',(0.,1.,0.));
#5126 = PLANE('',#5127);
#5127 = AXIS2_PLACEMENT_3D('',#5128,#5129,#5130);
#5128 = CARTESIAN_POINT('',(-58.2995,-0.184,49.561));
#5129 = DIRECTION('',(0.864009230598,0.,0.503475967095));
#5130 = DIRECTION('',(-0.503475967095,0.,0.864009230598));
#5131 = ADVANCED_FACE('',(#5132),#5150,.T.);
#5132 = FACE_BOUND('',#5133,.T.);
#5133 = EDGE_LOOP('',(#5134,#5135,#5136,#5144));
#5134 = ORIENTED_EDGE('',*,*,#398,.T.);
#5135 = ORIENTED_EDGE('',*,*,#5121,.T.);
#5136 = ORIENTED_EDGE('',*,*,#5137,.F.);
#5137 = EDGE_CURVE('',#5138,#5114,#5140,.T.);
#5138 = VERTEX_POINT('',#5139);
#5139 = CARTESIAN_POINT('',(-58.913,6.532,50.311));
#5140 = LINE('',#5141,#5142);
#5141 = CARTESIAN_POINT('',(-58.913,6.532,50.311));
#5142 = VECTOR('',#5143,1.);
#5143 = DIRECTION('',(0.689465960376,0.,-0.724318085845));
#5144 = ORIENTED_EDGE('',*,*,#5145,.F.);
#5145 = EDGE_CURVE('',#391,#5138,#5146,.T.);
#5146 = LINE('',#5147,#5148);
#5147 = CARTESIAN_POINT('',(-58.913,5.034,50.311));
#5148 = VECTOR('',#5149,1.);
#5149 = DIRECTION('',(0.,1.,0.));
#5150 = PLANE('',#5151);
#5151 = AXIS2_PLACEMENT_3D('',#5152,#5153,#5154);
#5152 = CARTESIAN_POINT('',(-58.6855,-0.184,50.072));
#5153 = DIRECTION('',(0.724318085845,0.,0.689465960376));
#5154 = DIRECTION('',(-0.689465960376,0.,0.724318085845));
#5155 = ADVANCED_FACE('',(#5156),#5174,.T.);
#5156 = FACE_BOUND('',#5157,.T.);
#5157 = EDGE_LOOP('',(#5158,#5159,#5160,#5168));
#5158 = ORIENTED_EDGE('',*,*,#390,.T.);
#5159 = ORIENTED_EDGE('',*,*,#5145,.T.);
#5160 = ORIENTED_EDGE('',*,*,#5161,.F.);
#5161 = EDGE_CURVE('',#5162,#5138,#5164,.T.);
#5162 = VERTEX_POINT('',#5163);
#5163 = CARTESIAN_POINT('',(-59.464,6.532,50.676));
#5164 = LINE('',#5165,#5166);
#5165 = CARTESIAN_POINT('',(-59.464,6.532,50.676));
#5166 = VECTOR('',#5167,1.);
#5167 = DIRECTION('',(0.833676114831,0.,-0.552253687683));
#5168 = ORIENTED_EDGE('',*,*,#5169,.F.);
#5169 = EDGE_CURVE('',#383,#5162,#5170,.T.);
#5170 = LINE('',#5171,#5172);
#5171 = CARTESIAN_POINT('',(-59.464,5.034,50.676));
#5172 = VECTOR('',#5173,1.);
#5173 = DIRECTION('',(0.,1.,0.));
#5174 = PLANE('',#5175);
#5175 = AXIS2_PLACEMENT_3D('',#5176,#5177,#5178);
#5176 = CARTESIAN_POINT('',(-59.1885,-0.184,50.4935));
#5177 = DIRECTION('',(0.552253687683,0.,0.833676114831));
#5178 = DIRECTION('',(0.833676114831,0.,-0.552253687683));
#5179 = ADVANCED_FACE('',(#5180),#5198,.T.);
#5180 = FACE_BOUND('',#5181,.T.);
#5181 = EDGE_LOOP('',(#5182,#5183,#5184,#5192));
#5182 = ORIENTED_EDGE('',*,*,#382,.T.);
#5183 = ORIENTED_EDGE('',*,*,#5169,.T.);
#5184 = ORIENTED_EDGE('',*,*,#5185,.F.);
#5185 = EDGE_CURVE('',#5186,#5162,#5188,.T.);
#5186 = VERTEX_POINT('',#5187);
#5187 = CARTESIAN_POINT('',(-60.08,6.532,50.894));
#5188 = LINE('',#5189,#5190);
#5189 = CARTESIAN_POINT('',(-60.08,6.532,50.894));
#5190 = VECTOR('',#5191,1.);
#5191 = DIRECTION('',(0.942707464102,0.,-0.33362049866));
#5192 = ORIENTED_EDGE('',*,*,#5193,.F.);
#5193 = EDGE_CURVE('',#375,#5186,#5194,.T.);
#5194 = LINE('',#5195,#5196);
#5195 = CARTESIAN_POINT('',(-60.08,5.034,50.894));
#5196 = VECTOR('',#5197,1.);
#5197 = DIRECTION('',(0.,1.,0.));
#5198 = PLANE('',#5199);
#5199 = AXIS2_PLACEMENT_3D('',#5200,#5201,#5202);
#5200 = CARTESIAN_POINT('',(-59.772,-0.184,50.785));
#5201 = DIRECTION('',(0.33362049866,0.,0.942707464102));
#5202 = DIRECTION('',(0.942707464102,0.,-0.33362049866));
#5203 = ADVANCED_FACE('',(#5204),#5222,.T.);
#5204 = FACE_BOUND('',#5205,.T.);
#5205 = EDGE_LOOP('',(#5206,#5207,#5208,#5216));
#5206 = ORIENTED_EDGE('',*,*,#374,.T.);
#5207 = ORIENTED_EDGE('',*,*,#5193,.T.);
#5208 = ORIENTED_EDGE('',*,*,#5209,.F.);
#5209 = EDGE_CURVE('',#5210,#5186,#5212,.T.);
#5210 = VERTEX_POINT('',#5211);
#5211 = CARTESIAN_POINT('',(-60.721,6.532,50.967));
#5212 = LINE('',#5213,#5214);
#5213 = CARTESIAN_POINT('',(-60.721,6.532,50.967));
#5214 = VECTOR('',#5215,1.);
#5215 = DIRECTION('',(0.99357755974,0.,-0.113153138629));
#5216 = ORIENTED_EDGE('',*,*,#5217,.F.);
#5217 = EDGE_CURVE('',#367,#5210,#5218,.T.);
#5218 = LINE('',#5219,#5220);
#5219 = CARTESIAN_POINT('',(-60.721,5.034,50.967));
#5220 = VECTOR('',#5221,1.);
#5221 = DIRECTION('',(0.,1.,0.));
#5222 = PLANE('',#5223);
#5223 = AXIS2_PLACEMENT_3D('',#5224,#5225,#5226);
#5224 = CARTESIAN_POINT('',(-60.4005,-0.184,50.9305));
#5225 = DIRECTION('',(0.113153138629,0.,0.99357755974));
#5226 = DIRECTION('',(0.99357755974,0.,-0.113153138629));
#5227 = ADVANCED_FACE('',(#5228),#5246,.T.);
#5228 = FACE_BOUND('',#5229,.T.);
#5229 = EDGE_LOOP('',(#5230,#5231,#5232,#5240));
#5230 = ORIENTED_EDGE('',*,*,#366,.T.);
#5231 = ORIENTED_EDGE('',*,*,#5217,.T.);
#5232 = ORIENTED_EDGE('',*,*,#5233,.F.);
#5233 = EDGE_CURVE('',#5234,#5210,#5236,.T.);
#5234 = VERTEX_POINT('',#5235);
#5235 = CARTESIAN_POINT('',(-76.765,6.532,50.984));
#5236 = LINE('',#5237,#5238);
#5237 = CARTESIAN_POINT('',(-76.765,6.532,50.984));
#5238 = VECTOR('',#5239,1.);
#5239 = DIRECTION('',(0.999999438639,0.,-1.05958554331E-03));
#5240 = ORIENTED_EDGE('',*,*,#5241,.F.);
#5241 = EDGE_CURVE('',#359,#5234,#5242,.T.);
#5242 = LINE('',#5243,#5244);
#5243 = CARTESIAN_POINT('',(-76.765,5.034,50.984));
#5244 = VECTOR('',#5245,1.);
#5245 = DIRECTION('',(0.,1.,0.));
#5246 = PLANE('',#5247);
#5247 = AXIS2_PLACEMENT_3D('',#5248,#5249,#5250);
#5248 = CARTESIAN_POINT('',(-68.743,-0.184,50.9755));
#5249 = DIRECTION('',(1.05958554331E-03,0.,0.999999438639));
#5250 = DIRECTION('',(0.999999438639,0.,-1.05958554331E-03));
#5251 = ADVANCED_FACE('',(#5252),#5270,.T.);
#5252 = FACE_BOUND('',#5253,.T.);
#5253 = EDGE_LOOP('',(#5254,#5255,#5256,#5264));
#5254 = ORIENTED_EDGE('',*,*,#358,.T.);
#5255 = ORIENTED_EDGE('',*,*,#5241,.T.);
#5256 = ORIENTED_EDGE('',*,*,#5257,.F.);
#5257 = EDGE_CURVE('',#5258,#5234,#5260,.T.);
#5258 = VERTEX_POINT('',#5259);
#5259 = CARTESIAN_POINT('',(-77.398,6.532,50.911));
#5260 = LINE('',#5261,#5262);
#5261 = CARTESIAN_POINT('',(-77.398,6.532,50.911));
#5262 = VECTOR('',#5263,1.);
#5263 = DIRECTION('',(0.99341580727,0.,0.114564540175));
#5264 = ORIENTED_EDGE('',*,*,#5265,.F.);
#5265 = EDGE_CURVE('',#351,#5258,#5266,.T.);
#5266 = LINE('',#5267,#5268);
#5267 = CARTESIAN_POINT('',(-77.398,5.034,50.911));
#5268 = VECTOR('',#5269,1.);
#5269 = DIRECTION('',(0.,1.,0.));
#5270 = PLANE('',#5271);
#5271 = AXIS2_PLACEMENT_3D('',#5272,#5273,#5274);
#5272 = CARTESIAN_POINT('',(-77.0815,-0.184,50.9475));
#5273 = DIRECTION('',(-0.114564540175,0.,0.99341580727));
#5274 = DIRECTION('',(0.99341580727,0.,0.114564540175));
#5275 = ADVANCED_FACE('',(#5276),#5294,.T.);
#5276 = FACE_BOUND('',#5277,.T.);
#5277 = EDGE_LOOP('',(#5278,#5279,#5280,#5288));
#5278 = ORIENTED_EDGE('',*,*,#350,.T.);
#5279 = ORIENTED_EDGE('',*,*,#5265,.T.);
#5280 = ORIENTED_EDGE('',*,*,#5281,.F.);
#5281 = EDGE_CURVE('',#5282,#5258,#5284,.T.);
#5282 = VERTEX_POINT('',#5283);
#5283 = CARTESIAN_POINT('',(-78.014,6.532,50.684));
#5284 = LINE('',#5285,#5286);
#5285 = CARTESIAN_POINT('',(-78.014,6.532,50.684));
#5286 = VECTOR('',#5287,1.);
#5287 = DIRECTION('',(0.93831710759,0.,0.345775947115));
#5288 = ORIENTED_EDGE('',*,*,#5289,.F.);
#5289 = EDGE_CURVE('',#343,#5282,#5290,.T.);
#5290 = LINE('',#5291,#5292);
#5291 = CARTESIAN_POINT('',(-78.014,5.034,50.684));
#5292 = VECTOR('',#5293,1.);
#5293 = DIRECTION('',(0.,1.,0.));
#5294 = PLANE('',#5295);
#5295 = AXIS2_PLACEMENT_3D('',#5296,#5297,#5298);
#5296 = CARTESIAN_POINT('',(-77.706,-0.184,50.7975));
#5297 = DIRECTION('',(-0.345775947115,0.,0.93831710759));
#5298 = DIRECTION('',(0.93831710759,0.,0.345775947115));
#5299 = ADVANCED_FACE('',(#5300),#5311,.T.);
#5300 = FACE_BOUND('',#5301,.T.);
#5301 = EDGE_LOOP('',(#5302,#5303,#5304,#5305));
#5302 = ORIENTED_EDGE('',*,*,#2014,.F.);
#5303 = ORIENTED_EDGE('',*,*,#342,.T.);
#5304 = ORIENTED_EDGE('',*,*,#5289,.T.);
#5305 = ORIENTED_EDGE('',*,*,#5306,.F.);
#5306 = EDGE_CURVE('',#2015,#5282,#5307,.T.);
#5307 = LINE('',#5308,#5309);
#5308 = CARTESIAN_POINT('',(-78.579,6.532,50.306));
#5309 = VECTOR('',#5310,1.);
#5310 = DIRECTION('',(0.831143924034,0.,0.556057350947));
#5311 = PLANE('',#5312);
#5312 = AXIS2_PLACEMENT_3D('',#5313,#5314,#5315);
#5313 = CARTESIAN_POINT('',(-78.2965,-0.184,50.495));
#5314 = DIRECTION('',(-0.556057350947,0.,0.831143924034));
#5315 = DIRECTION('',(0.831143924034,0.,0.556057350947));
#5316 = ADVANCED_FACE('',(#5317),#5410,.T.);
#5317 = FACE_BOUND('',#5318,.T.);
#5318 = EDGE_LOOP('',(#5319,#5320,#5328,#5336,#5344,#5352,#5360,#5368,
    #5376,#5384,#5392,#5398,#5399,#5400,#5401,#5402,#5403,#5404,#5405,
    #5406,#5407,#5408,#5409));
#5319 = ORIENTED_EDGE('',*,*,#1932,.T.);
#5320 = ORIENTED_EDGE('',*,*,#5321,.F.);
#5321 = EDGE_CURVE('',#5322,#1933,#5324,.T.);
#5322 = VERTEX_POINT('',#5323);
#5323 = CARTESIAN_POINT('',(-2.339,-6.9,-11.065));
#5324 = LINE('',#5325,#5326);
#5325 = CARTESIAN_POINT('',(-2.339,-6.9,-11.065));
#5326 = VECTOR('',#5327,1.);
#5327 = DIRECTION('',(-0.406765299215,0.,-0.913532698569));
#5328 = ORIENTED_EDGE('',*,*,#5329,.F.);
#5329 = EDGE_CURVE('',#5330,#5322,#5332,.T.);
#5330 = VERTEX_POINT('',#5331);
#5331 = CARTESIAN_POINT('',(-2.16,-6.9,-10.376));
#5332 = LINE('',#5333,#5334);
#5333 = CARTESIAN_POINT('',(-2.16,-6.9,-10.376));
#5334 = VECTOR('',#5335,1.);
#5335 = DIRECTION('',(-0.251449635405,0.,-0.967870384326));
#5336 = ORIENTED_EDGE('',*,*,#5337,.F.);
#5337 = EDGE_CURVE('',#5338,#5330,#5340,.T.);
#5338 = VERTEX_POINT('',#5339);
#5339 = CARTESIAN_POINT('',(-2.1,-6.9,-9.297));
#5340 = LINE('',#5341,#5342);
#5341 = CARTESIAN_POINT('',(-2.1,-6.9,-9.297));
#5342 = VECTOR('',#5343,1.);
#5343 = DIRECTION('',(-5.552126995248E-02,0.,-0.998457504645));
#5344 = ORIENTED_EDGE('',*,*,#5345,.F.);
#5345 = EDGE_CURVE('',#5346,#5338,#5348,.T.);
#5346 = VERTEX_POINT('',#5347);
#5347 = CARTESIAN_POINT('',(-2.16,-6.9,43.422));
#5348 = LINE('',#5349,#5350);
#5349 = CARTESIAN_POINT('',(-2.16,-6.9,43.422));
#5350 = VECTOR('',#5351,1.);
#5351 = DIRECTION('',(1.138108862862E-03,0.,-0.999999352354));
#5352 = ORIENTED_EDGE('',*,*,#5353,.F.);
#5353 = EDGE_CURVE('',#5354,#5346,#5356,.T.);
#5354 = VERTEX_POINT('',#5355);
#5355 = CARTESIAN_POINT('',(-2.249,-6.9,44.12));
#5356 = LINE('',#5357,#5358);
#5357 = CARTESIAN_POINT('',(-2.249,-6.9,44.12));
#5358 = VECTOR('',#5359,1.);
#5359 = DIRECTION('',(0.126483122621,0.,-0.991968759433));
#5360 = ORIENTED_EDGE('',*,*,#5361,.F.);
#5361 = EDGE_CURVE('',#5362,#5354,#5364,.T.);
#5362 = VERTEX_POINT('',#5363);
#5363 = CARTESIAN_POINT('',(-2.533,-6.9,44.81));
#5364 = LINE('',#5365,#5366);
#5365 = CARTESIAN_POINT('',(-2.533,-6.9,44.81));
#5366 = VECTOR('',#5367,1.);
#5367 = DIRECTION('',(0.380614988831,0.,-0.924733599626));
#5368 = ORIENTED_EDGE('',*,*,#5369,.F.);
#5369 = EDGE_CURVE('',#5370,#5362,#5372,.T.);
#5370 = VERTEX_POINT('',#5371);
#5371 = CARTESIAN_POINT('',(-2.987,-6.9,45.394));
#5372 = LINE('',#5373,#5374);
#5373 = CARTESIAN_POINT('',(-2.987,-6.9,45.394));
#5374 = VECTOR('',#5375,1.);
#5375 = DIRECTION('',(0.613753412901,0.,-0.789497782234));
#5376 = ORIENTED_EDGE('',*,*,#5377,.F.);
#5377 = EDGE_CURVE('',#5378,#5370,#5380,.T.);
#5378 = VERTEX_POINT('',#5379);
#5379 = CARTESIAN_POINT('',(-3.572,-6.9,45.848));
#5380 = LINE('',#5381,#5382);
#5381 = CARTESIAN_POINT('',(-3.572,-6.9,45.848));
#5382 = VECTOR('',#5383,1.);
#5383 = DIRECTION('',(0.790006211924,0.,-0.613098837972));
#5384 = ORIENTED_EDGE('',*,*,#5385,.F.);
#5385 = EDGE_CURVE('',#5386,#5378,#5388,.T.);
#5386 = VERTEX_POINT('',#5387);
#5387 = CARTESIAN_POINT('',(-4.261,-6.9,46.124));
#5388 = LINE('',#5389,#5390);
#5389 = CARTESIAN_POINT('',(-4.261,-6.9,46.124));
#5390 = VECTOR('',#5391,1.);
#5391 = DIRECTION('',(0.92829073996,0.,-0.371855216588));
#5392 = ORIENTED_EDGE('',*,*,#5393,.F.);
#5393 = EDGE_CURVE('',#4848,#5386,#5394,.T.);
#5394 = LINE('',#5395,#5396);
#5395 = CARTESIAN_POINT('',(-5.007,-6.9,46.23));
#5396 = VECTOR('',#5397,1.);
#5397 = DIRECTION('',(0.99005538684,0.,-0.140678111267));
#5398 = ORIENTED_EDGE('',*,*,#4847,.F.);
#5399 = ORIENTED_EDGE('',*,*,#1668,.T.);
#5400 = ORIENTED_EDGE('',*,*,#1692,.T.);
#5401 = ORIENTED_EDGE('',*,*,#1716,.T.);
#5402 = ORIENTED_EDGE('',*,*,#1740,.T.);
#5403 = ORIENTED_EDGE('',*,*,#1764,.T.);
#5404 = ORIENTED_EDGE('',*,*,#1788,.T.);
#5405 = ORIENTED_EDGE('',*,*,#1812,.T.);
#5406 = ORIENTED_EDGE('',*,*,#1836,.T.);
#5407 = ORIENTED_EDGE('',*,*,#1860,.T.);
#5408 = ORIENTED_EDGE('',*,*,#1884,.T.);
#5409 = ORIENTED_EDGE('',*,*,#1908,.T.);
#5410 = PLANE('',#5411);
#5411 = AXIS2_PLACEMENT_3D('',#5412,#5413,#5414);
#5412 = CARTESIAN_POINT('',(-5.887329302706,-6.9,23.695878498611));
#5413 = DIRECTION('',(0.,1.,0.));
#5414 = DIRECTION('',(0.,-0.,1.));
#5415 = ADVANCED_FACE('',(#5416),#5426,.F.);
#5416 = FACE_BOUND('',#5417,.F.);
#5417 = EDGE_LOOP('',(#5418,#5419,#5425));
#5418 = ORIENTED_EDGE('',*,*,#1940,.F.);
#5419 = ORIENTED_EDGE('',*,*,#5420,.T.);
#5420 = EDGE_CURVE('',#1933,#2957,#5421,.T.);
#5421 = LINE('',#5422,#5423);
#5422 = CARTESIAN_POINT('',(-2.339,-6.9,-11.065));
#5423 = VECTOR('',#5424,1.);
#5424 = DIRECTION('',(-0.406765299215,0.,-0.913532698569));
#5425 = ORIENTED_EDGE('',*,*,#2956,.T.);
#5426 = PLANE('',#5427);
#5427 = AXIS2_PLACEMENT_3D('',#5428,#5429,#5430);
#5428 = CARTESIAN_POINT('',(-65.97731018769,-6.9,12.726021874121));
#5429 = DIRECTION('',(0.,1.,0.));
#5430 = DIRECTION('',(0.,-0.,1.));
#5431 = ADVANCED_FACE('',(#5432),#5438,.T.);
#5432 = FACE_BOUND('',#5433,.T.);
#5433 = EDGE_LOOP('',(#5434,#5435,#5436,#5437));
#5434 = ORIENTED_EDGE('',*,*,#1996,.T.);
#5435 = ORIENTED_EDGE('',*,*,#2964,.F.);
#5436 = ORIENTED_EDGE('',*,*,#1948,.T.);
#5437 = ORIENTED_EDGE('',*,*,#1972,.T.);
#5438 = PLANE('',#5439);
#5439 = AXIS2_PLACEMENT_3D('',#5440,#5441,#5442);
#5440 = CARTESIAN_POINT('',(-5.887329302706,-6.9,23.695878498611));
#5441 = DIRECTION('',(0.,1.,0.));
#5442 = DIRECTION('',(0.,-0.,1.));
#5443 = ADVANCED_FACE('',(#5444,#5582,#5593,#5604,#5615,#5626),#5637,.T.
  );
#5444 = FACE_BOUND('',#5445,.T.);
#5445 = EDGE_LOOP('',(#5446,#5447,#5448,#5449,#5450,#5451,#5452,#5453,
    #5454,#5455,#5456,#5457,#5458,#5459,#5460,#5461,#5462,#5463,#5464,
    #5472,#5480,#5488,#5496,#5504,#5512,#5520,#5528,#5536,#5542,#5543,
    #5544,#5545,#5546,#5547,#5548,#5549,#5550,#5551,#5552,#5553,#5554,
    #5555,#5556,#5557,#5558,#5559,#5560,#5561,#5562,#5563,#5564,#5565,
    #5566,#5567,#5568,#5569,#5570,#5571,#5572,#5573,#5574,#5575,#5576,
    #5577,#5578,#5579,#5580,#5581));
#5446 = ORIENTED_EDGE('',*,*,#5306,.T.);
#5447 = ORIENTED_EDGE('',*,*,#5281,.T.);
#5448 = ORIENTED_EDGE('',*,*,#5257,.T.);
#5449 = ORIENTED_EDGE('',*,*,#5233,.T.);
#5450 = ORIENTED_EDGE('',*,*,#5209,.T.);
#5451 = ORIENTED_EDGE('',*,*,#5185,.T.);
#5452 = ORIENTED_EDGE('',*,*,#5161,.T.);
#5453 = ORIENTED_EDGE('',*,*,#5137,.T.);
#5454 = ORIENTED_EDGE('',*,*,#5113,.T.);
#5455 = ORIENTED_EDGE('',*,*,#5089,.T.);
#5456 = ORIENTED_EDGE('',*,*,#5065,.T.);
#5457 = ORIENTED_EDGE('',*,*,#5041,.T.);
#5458 = ORIENTED_EDGE('',*,*,#5017,.T.);
#5459 = ORIENTED_EDGE('',*,*,#4993,.T.);
#5460 = ORIENTED_EDGE('',*,*,#4969,.T.);
#5461 = ORIENTED_EDGE('',*,*,#4945,.T.);
#5462 = ORIENTED_EDGE('',*,*,#4921,.T.);
#5463 = ORIENTED_EDGE('',*,*,#4863,.T.);
#5464 = ORIENTED_EDGE('',*,*,#5465,.T.);
#5465 = EDGE_CURVE('',#4856,#5466,#5468,.T.);
#5466 = VERTEX_POINT('',#5467);
#5467 = CARTESIAN_POINT('',(-4.261,6.532,46.124));
#5468 = LINE('',#5469,#5470);
#5469 = CARTESIAN_POINT('',(-5.007,6.532,46.23));
#5470 = VECTOR('',#5471,1.);
#5471 = DIRECTION('',(0.99005538684,0.,-0.140678111267));
#5472 = ORIENTED_EDGE('',*,*,#5473,.T.);
#5473 = EDGE_CURVE('',#5466,#5474,#5476,.T.);
#5474 = VERTEX_POINT('',#5475);
#5475 = CARTESIAN_POINT('',(-3.572,6.532,45.848));
#5476 = LINE('',#5477,#5478);
#5477 = CARTESIAN_POINT('',(-4.261,6.532,46.124));
#5478 = VECTOR('',#5479,1.);
#5479 = DIRECTION('',(0.92829073996,0.,-0.371855216588));
#5480 = ORIENTED_EDGE('',*,*,#5481,.T.);
#5481 = EDGE_CURVE('',#5474,#5482,#5484,.T.);
#5482 = VERTEX_POINT('',#5483);
#5483 = CARTESIAN_POINT('',(-2.987,6.532,45.394));
#5484 = LINE('',#5485,#5486);
#5485 = CARTESIAN_POINT('',(-3.572,6.532,45.848));
#5486 = VECTOR('',#5487,1.);
#5487 = DIRECTION('',(0.790006211924,0.,-0.613098837972));
#5488 = ORIENTED_EDGE('',*,*,#5489,.T.);
#5489 = EDGE_CURVE('',#5482,#5490,#5492,.T.);
#5490 = VERTEX_POINT('',#5491);
#5491 = CARTESIAN_POINT('',(-2.533,6.532,44.81));
#5492 = LINE('',#5493,#5494);
#5493 = CARTESIAN_POINT('',(-2.987,6.532,45.394));
#5494 = VECTOR('',#5495,1.);
#5495 = DIRECTION('',(0.613753412901,0.,-0.789497782234));
#5496 = ORIENTED_EDGE('',*,*,#5497,.T.);
#5497 = EDGE_CURVE('',#5490,#5498,#5500,.T.);
#5498 = VERTEX_POINT('',#5499);
#5499 = CARTESIAN_POINT('',(-2.249,6.532,44.12));
#5500 = LINE('',#5501,#5502);
#5501 = CARTESIAN_POINT('',(-2.533,6.532,44.81));
#5502 = VECTOR('',#5503,1.);
#5503 = DIRECTION('',(0.380614988831,0.,-0.924733599626));
#5504 = ORIENTED_EDGE('',*,*,#5505,.T.);
#5505 = EDGE_CURVE('',#5498,#5506,#5508,.T.);
#5506 = VERTEX_POINT('',#5507);
#5507 = CARTESIAN_POINT('',(-2.16,6.532,43.422));
#5508 = LINE('',#5509,#5510);
#5509 = CARTESIAN_POINT('',(-2.249,6.532,44.12));
#5510 = VECTOR('',#5511,1.);
#5511 = DIRECTION('',(0.126483122621,0.,-0.991968759433));
#5512 = ORIENTED_EDGE('',*,*,#5513,.T.);
#5513 = EDGE_CURVE('',#5506,#5514,#5516,.T.);
#5514 = VERTEX_POINT('',#5515);
#5515 = CARTESIAN_POINT('',(-2.1,6.532,-9.297));
#5516 = LINE('',#5517,#5518);
#5517 = CARTESIAN_POINT('',(-2.16,6.532,43.422));
#5518 = VECTOR('',#5519,1.);
#5519 = DIRECTION('',(1.138108862862E-03,0.,-0.999999352354));
#5520 = ORIENTED_EDGE('',*,*,#5521,.T.);
#5521 = EDGE_CURVE('',#5514,#5522,#5524,.T.);
#5522 = VERTEX_POINT('',#5523);
#5523 = CARTESIAN_POINT('',(-2.16,6.532,-10.376));
#5524 = LINE('',#5525,#5526);
#5525 = CARTESIAN_POINT('',(-2.1,6.532,-9.297));
#5526 = VECTOR('',#5527,1.);
#5527 = DIRECTION('',(-5.552126995248E-02,0.,-0.998457504645));
#5528 = ORIENTED_EDGE('',*,*,#5529,.T.);
#5529 = EDGE_CURVE('',#5522,#5530,#5532,.T.);
#5530 = VERTEX_POINT('',#5531);
#5531 = CARTESIAN_POINT('',(-2.339,6.532,-11.065));
#5532 = LINE('',#5533,#5534);
#5533 = CARTESIAN_POINT('',(-2.16,6.532,-10.376));
#5534 = VECTOR('',#5535,1.);
#5535 = DIRECTION('',(-0.251449635405,0.,-0.967870384326));
#5536 = ORIENTED_EDGE('',*,*,#5537,.T.);
#5537 = EDGE_CURVE('',#5530,#2973,#5538,.T.);
#5538 = LINE('',#5539,#5540);
#5539 = CARTESIAN_POINT('',(-2.339,6.532,-11.065));
#5540 = VECTOR('',#5541,1.);
#5541 = DIRECTION('',(-0.406765299215,0.,-0.913532698569));
#5542 = ORIENTED_EDGE('',*,*,#2972,.T.);
#5543 = ORIENTED_EDGE('',*,*,#2934,.T.);
#5544 = ORIENTED_EDGE('',*,*,#2910,.T.);
#5545 = ORIENTED_EDGE('',*,*,#2886,.T.);
#5546 = ORIENTED_EDGE('',*,*,#2862,.T.);
#5547 = ORIENTED_EDGE('',*,*,#2838,.T.);
#5548 = ORIENTED_EDGE('',*,*,#2814,.T.);
#5549 = ORIENTED_EDGE('',*,*,#2790,.T.);
#5550 = ORIENTED_EDGE('',*,*,#2766,.T.);
#5551 = ORIENTED_EDGE('',*,*,#2742,.T.);
#5552 = ORIENTED_EDGE('',*,*,#2718,.T.);
#5553 = ORIENTED_EDGE('',*,*,#2694,.T.);
#5554 = ORIENTED_EDGE('',*,*,#2670,.T.);
#5555 = ORIENTED_EDGE('',*,*,#2646,.T.);
#5556 = ORIENTED_EDGE('',*,*,#2622,.T.);
#5557 = ORIENTED_EDGE('',*,*,#2598,.T.);
#5558 = ORIENTED_EDGE('',*,*,#2574,.T.);
#5559 = ORIENTED_EDGE('',*,*,#2550,.T.);
#5560 = ORIENTED_EDGE('',*,*,#2526,.T.);
#5561 = ORIENTED_EDGE('',*,*,#2502,.T.);
#5562 = ORIENTED_EDGE('',*,*,#2478,.T.);
#5563 = ORIENTED_EDGE('',*,*,#2454,.T.);
#5564 = ORIENTED_EDGE('',*,*,#2430,.T.);
#5565 = ORIENTED_EDGE('',*,*,#2406,.T.);
#5566 = ORIENTED_EDGE('',*,*,#2382,.T.);
#5567 = ORIENTED_EDGE('',*,*,#2358,.T.);
#5568 = ORIENTED_EDGE('',*,*,#2334,.T.);
#5569 = ORIENTED_EDGE('',*,*,#2310,.T.);
#5570 = ORIENTED_EDGE('',*,*,#2286,.T.);
#5571 = ORIENTED_EDGE('',*,*,#2262,.T.);
#5572 = ORIENTED_EDGE('',*,*,#2238,.T.);
#5573 = ORIENTED_EDGE('',*,*,#2214,.T.);
#5574 = ORIENTED_EDGE('',*,*,#2190,.T.);
#5575 = ORIENTED_EDGE('',*,*,#2166,.T.);
#5576 = ORIENTED_EDGE('',*,*,#2142,.T.);
#5577 = ORIENTED_EDGE('',*,*,#2118,.T.);
#5578 = ORIENTED_EDGE('',*,*,#2094,.T.);
#5579 = ORIENTED_EDGE('',*,*,#2070,.T.);
#5580 = ORIENTED_EDGE('',*,*,#2046,.T.);
#5581 = ORIENTED_EDGE('',*,*,#2022,.T.);
#5582 = FACE_BOUND('',#5583,.T.);
#5583 = EDGE_LOOP('',(#5584));
#5584 = ORIENTED_EDGE('',*,*,#5585,.F.);
#5585 = EDGE_CURVE('',#5586,#5586,#5588,.T.);
#5586 = VERTEX_POINT('',#5587);
#5587 = CARTESIAN_POINT('',(-72.867,6.532,-5.733));
#5588 = CIRCLE('',#5589,1.237);
#5589 = AXIS2_PLACEMENT_3D('',#5590,#5591,#5592);
#5590 = CARTESIAN_POINT('',(-72.867,6.532,-6.97));
#5591 = DIRECTION('',(0.,1.,0.));
#5592 = DIRECTION('',(0.,-0.,1.));
#5593 = FACE_BOUND('',#5594,.T.);
#5594 = EDGE_LOOP('',(#5595));
#5595 = ORIENTED_EDGE('',*,*,#5596,.F.);
#5596 = EDGE_CURVE('',#5597,#5597,#5599,.T.);
#5597 = VERTEX_POINT('',#5598);
#5598 = CARTESIAN_POINT('',(-113.769,6.532,8.966));
#5599 = CIRCLE('',#5600,1.236);
#5600 = AXIS2_PLACEMENT_3D('',#5601,#5602,#5603);
#5601 = CARTESIAN_POINT('',(-113.769,6.532,7.73));
#5602 = DIRECTION('',(0.,1.,0.));
#5603 = DIRECTION('',(0.,-0.,1.));
#5604 = FACE_BOUND('',#5605,.T.);
#5605 = EDGE_LOOP('',(#5606));
#5606 = ORIENTED_EDGE('',*,*,#5607,.F.);
#5607 = EDGE_CURVE('',#5608,#5608,#5610,.T.);
#5608 = VERTEX_POINT('',#5609);
#5609 = CARTESIAN_POINT('',(-113.769,6.532,25.967));
#5610 = CIRCLE('',#5611,1.236);
#5611 = AXIS2_PLACEMENT_3D('',#5612,#5613,#5614);
#5612 = CARTESIAN_POINT('',(-113.769,6.532,24.731));
#5613 = DIRECTION('',(0.,1.,0.));
#5614 = DIRECTION('',(0.,-0.,1.));
#5615 = FACE_BOUND('',#5616,.T.);
#5616 = EDGE_LOOP('',(#5617));
#5617 = ORIENTED_EDGE('',*,*,#5618,.F.);
#5618 = EDGE_CURVE('',#5619,#5619,#5621,.T.);
#5619 = VERTEX_POINT('',#5620);
#5620 = CARTESIAN_POINT('',(-28.365,6.532,-12.337));
#5621 = CIRCLE('',#5622,1.234);
#5622 = AXIS2_PLACEMENT_3D('',#5623,#5624,#5625);
#5623 = CARTESIAN_POINT('',(-28.365,6.532,-13.571));
#5624 = DIRECTION('',(0.,1.,0.));
#5625 = DIRECTION('',(0.,-0.,1.));
#5626 = FACE_BOUND('',#5627,.T.);
#5627 = EDGE_LOOP('',(#5628));
#5628 = ORIENTED_EDGE('',*,*,#5629,.F.);
#5629 = EDGE_CURVE('',#5630,#5630,#5632,.T.);
#5630 = VERTEX_POINT('',#5631);
#5631 = CARTESIAN_POINT('',(-41.773,6.532,29.364));
#5632 = CIRCLE('',#5633,1.231);
#5633 = AXIS2_PLACEMENT_3D('',#5634,#5635,#5636);
#5634 = CARTESIAN_POINT('',(-41.773,6.532,28.133));
#5635 = DIRECTION('',(0.,1.,0.));
#5636 = DIRECTION('',(0.,-0.,1.));
#5637 = PLANE('',#5638);
#5638 = AXIS2_PLACEMENT_3D('',#5639,#5640,#5641);
#5639 = CARTESIAN_POINT('',(-65.97731018769,6.532,12.726021874121));
#5640 = DIRECTION('',(0.,1.,0.));
#5641 = DIRECTION('',(0.,-0.,1.));
#5642 = ADVANCED_FACE('',(#5643),#5655,.T.);
#5643 = FACE_BOUND('',#5644,.T.);
#5644 = EDGE_LOOP('',(#5645,#5646,#5647,#5648,#5649));
#5645 = ORIENTED_EDGE('',*,*,#5321,.T.);
#5646 = ORIENTED_EDGE('',*,*,#5420,.T.);
#5647 = ORIENTED_EDGE('',*,*,#2980,.T.);
#5648 = ORIENTED_EDGE('',*,*,#5537,.F.);
#5649 = ORIENTED_EDGE('',*,*,#5650,.F.);
#5650 = EDGE_CURVE('',#5322,#5530,#5651,.T.);
#5651 = LINE('',#5652,#5653);
#5652 = CARTESIAN_POINT('',(-2.339,5.034,-11.065));
#5653 = VECTOR('',#5654,1.);
#5654 = DIRECTION('',(0.,1.,0.));
#5655 = PLANE('',#5656);
#5656 = AXIS2_PLACEMENT_3D('',#5657,#5658,#5659);
#5657 = CARTESIAN_POINT('',(-2.4895,-0.184,-11.403));
#5658 = DIRECTION('',(0.913532698569,0.,-0.406765299215));
#5659 = DIRECTION('',(0.406765299215,0.,0.913532698569));
#5660 = ADVANCED_FACE('',(#5661,#5737,#5748,#5759,#5770,#5781),#5792,.F.
  );
#5661 = FACE_BOUND('',#5662,.F.);
#5662 = EDGE_LOOP('',(#5663,#5664,#5665,#5666,#5667,#5668,#5669,#5670,
    #5671,#5672,#5673,#5674,#5675,#5676,#5677,#5678,#5679,#5680,#5681,
    #5682,#5683,#5684,#5685,#5686,#5687,#5688,#5689,#5690,#5691,#5692,
    #5693,#5694,#5695,#5696,#5697,#5698,#5699,#5700,#5701,#5702,#5703,
    #5704,#5705,#5706,#5707,#5708,#5709,#5710,#5711,#5712,#5713,#5714,
    #5715,#5716,#5717,#5718,#5719,#5720,#5721,#5722,#5723,#5724,#5725,
    #5726,#5727,#5728,#5729,#5730,#5731,#5732,#5733,#5734,#5735,#5736));
#5663 = ORIENTED_EDGE('',*,*,#4039,.T.);
#5664 = ORIENTED_EDGE('',*,*,#4063,.T.);
#5665 = ORIENTED_EDGE('',*,*,#4087,.T.);
#5666 = ORIENTED_EDGE('',*,*,#4111,.T.);
#5667 = ORIENTED_EDGE('',*,*,#4135,.T.);
#5668 = ORIENTED_EDGE('',*,*,#4159,.T.);
#5669 = ORIENTED_EDGE('',*,*,#4183,.T.);
#5670 = ORIENTED_EDGE('',*,*,#4207,.T.);
#5671 = ORIENTED_EDGE('',*,*,#4231,.T.);
#5672 = ORIENTED_EDGE('',*,*,#4255,.T.);
#5673 = ORIENTED_EDGE('',*,*,#4279,.T.);
#5674 = ORIENTED_EDGE('',*,*,#4303,.T.);
#5675 = ORIENTED_EDGE('',*,*,#4328,.T.);
#5676 = ORIENTED_EDGE('',*,*,#4352,.T.);
#5677 = ORIENTED_EDGE('',*,*,#4376,.T.);
#5678 = ORIENTED_EDGE('',*,*,#4400,.T.);
#5679 = ORIENTED_EDGE('',*,*,#4424,.T.);
#5680 = ORIENTED_EDGE('',*,*,#4448,.T.);
#5681 = ORIENTED_EDGE('',*,*,#4472,.T.);
#5682 = ORIENTED_EDGE('',*,*,#4496,.T.);
#5683 = ORIENTED_EDGE('',*,*,#4521,.T.);
#5684 = ORIENTED_EDGE('',*,*,#4579,.T.);
#5685 = ORIENTED_EDGE('',*,*,#4603,.T.);
#5686 = ORIENTED_EDGE('',*,*,#4627,.T.);
#5687 = ORIENTED_EDGE('',*,*,#4651,.T.);
#5688 = ORIENTED_EDGE('',*,*,#4675,.T.);
#5689 = ORIENTED_EDGE('',*,*,#4699,.T.);
#5690 = ORIENTED_EDGE('',*,*,#4723,.T.);
#5691 = ORIENTED_EDGE('',*,*,#4781,.T.);
#5692 = ORIENTED_EDGE('',*,*,#4805,.T.);
#5693 = ORIENTED_EDGE('',*,*,#4829,.T.);
#5694 = ORIENTED_EDGE('',*,*,#3002,.T.);
#5695 = ORIENTED_EDGE('',*,*,#3027,.T.);
#5696 = ORIENTED_EDGE('',*,*,#3051,.T.);
#5697 = ORIENTED_EDGE('',*,*,#3075,.T.);
#5698 = ORIENTED_EDGE('',*,*,#3099,.T.);
#5699 = ORIENTED_EDGE('',*,*,#3123,.T.);
#5700 = ORIENTED_EDGE('',*,*,#3147,.T.);
#5701 = ORIENTED_EDGE('',*,*,#3171,.T.);
#5702 = ORIENTED_EDGE('',*,*,#3195,.T.);
#5703 = ORIENTED_EDGE('',*,*,#3219,.T.);
#5704 = ORIENTED_EDGE('',*,*,#3244,.T.);
#5705 = ORIENTED_EDGE('',*,*,#3268,.T.);
#5706 = ORIENTED_EDGE('',*,*,#3292,.T.);
#5707 = ORIENTED_EDGE('',*,*,#3316,.T.);
#5708 = ORIENTED_EDGE('',*,*,#3340,.T.);
#5709 = ORIENTED_EDGE('',*,*,#3364,.T.);
#5710 = ORIENTED_EDGE('',*,*,#3389,.T.);
#5711 = ORIENTED_EDGE('',*,*,#3413,.T.);
#5712 = ORIENTED_EDGE('',*,*,#3437,.T.);
#5713 = ORIENTED_EDGE('',*,*,#3461,.T.);
#5714 = ORIENTED_EDGE('',*,*,#3485,.T.);
#5715 = ORIENTED_EDGE('',*,*,#3509,.T.);
#5716 = ORIENTED_EDGE('',*,*,#3533,.T.);
#5717 = ORIENTED_EDGE('',*,*,#3557,.T.);
#5718 = ORIENTED_EDGE('',*,*,#3581,.T.);
#5719 = ORIENTED_EDGE('',*,*,#3605,.T.);
#5720 = ORIENTED_EDGE('',*,*,#3629,.T.);
#5721 = ORIENTED_EDGE('',*,*,#3653,.T.);
#5722 = ORIENTED_EDGE('',*,*,#3677,.T.);
#5723 = ORIENTED_EDGE('',*,*,#3701,.T.);
#5724 = ORIENTED_EDGE('',*,*,#3725,.T.);
#5725 = ORIENTED_EDGE('',*,*,#3749,.T.);
#5726 = ORIENTED_EDGE('',*,*,#3774,.T.);
#5727 = ORIENTED_EDGE('',*,*,#3798,.T.);
#5728 = ORIENTED_EDGE('',*,*,#3822,.T.);
#5729 = ORIENTED_EDGE('',*,*,#3846,.T.);
#5730 = ORIENTED_EDGE('',*,*,#3870,.T.);
#5731 = ORIENTED_EDGE('',*,*,#3894,.T.);
#5732 = ORIENTED_EDGE('',*,*,#3918,.T.);
#5733 = ORIENTED_EDGE('',*,*,#3942,.T.);
#5734 = ORIENTED_EDGE('',*,*,#3966,.T.);
#5735 = ORIENTED_EDGE('',*,*,#3991,.T.);
#5736 = ORIENTED_EDGE('',*,*,#4015,.T.);
#5737 = FACE_BOUND('',#5738,.F.);
#5738 = EDGE_LOOP('',(#5739));
#5739 = ORIENTED_EDGE('',*,*,#5740,.F.);
#5740 = EDGE_CURVE('',#5741,#5741,#5743,.T.);
#5741 = VERTEX_POINT('',#5742);
#5742 = CARTESIAN_POINT('',(-72.867,5.034,-5.733));
#5743 = CIRCLE('',#5744,1.237);
#5744 = AXIS2_PLACEMENT_3D('',#5745,#5746,#5747);
#5745 = CARTESIAN_POINT('',(-72.867,5.034,-6.97));
#5746 = DIRECTION('',(0.,1.,0.));
#5747 = DIRECTION('',(0.,-0.,1.));
#5748 = FACE_BOUND('',#5749,.F.);
#5749 = EDGE_LOOP('',(#5750));
#5750 = ORIENTED_EDGE('',*,*,#5751,.F.);
#5751 = EDGE_CURVE('',#5752,#5752,#5754,.T.);
#5752 = VERTEX_POINT('',#5753);
#5753 = CARTESIAN_POINT('',(-113.769,5.034,8.966));
#5754 = CIRCLE('',#5755,1.236);
#5755 = AXIS2_PLACEMENT_3D('',#5756,#5757,#5758);
#5756 = CARTESIAN_POINT('',(-113.769,5.034,7.73));
#5757 = DIRECTION('',(0.,1.,0.));
#5758 = DIRECTION('',(0.,-0.,1.));
#5759 = FACE_BOUND('',#5760,.F.);
#5760 = EDGE_LOOP('',(#5761));
#5761 = ORIENTED_EDGE('',*,*,#5762,.F.);
#5762 = EDGE_CURVE('',#5763,#5763,#5765,.T.);
#5763 = VERTEX_POINT('',#5764);
#5764 = CARTESIAN_POINT('',(-113.769,5.034,25.967));
#5765 = CIRCLE('',#5766,1.236);
#5766 = AXIS2_PLACEMENT_3D('',#5767,#5768,#5769);
#5767 = CARTESIAN_POINT('',(-113.769,5.034,24.731));
#5768 = DIRECTION('',(0.,1.,0.));
#5769 = DIRECTION('',(0.,-0.,1.));
#5770 = FACE_BOUND('',#5771,.F.);
#5771 = EDGE_LOOP('',(#5772));
#5772 = ORIENTED_EDGE('',*,*,#5773,.F.);
#5773 = EDGE_CURVE('',#5774,#5774,#5776,.T.);
#5774 = VERTEX_POINT('',#5775);
#5775 = CARTESIAN_POINT('',(-28.365,5.034,-12.337));
#5776 = CIRCLE('',#5777,1.234);
#5777 = AXIS2_PLACEMENT_3D('',#5778,#5779,#5780);
#5778 = CARTESIAN_POINT('',(-28.365,5.034,-13.571));
#5779 = DIRECTION('',(0.,1.,0.));
#5780 = DIRECTION('',(0.,-0.,1.));
#5781 = FACE_BOUND('',#5782,.F.);
#5782 = EDGE_LOOP('',(#5783));
#5783 = ORIENTED_EDGE('',*,*,#5784,.F.);
#5784 = EDGE_CURVE('',#5785,#5785,#5787,.T.);
#5785 = VERTEX_POINT('',#5786);
#5786 = CARTESIAN_POINT('',(-41.773,5.034,29.364));
#5787 = CIRCLE('',#5788,1.231);
#5788 = AXIS2_PLACEMENT_3D('',#5789,#5790,#5791);
#5789 = CARTESIAN_POINT('',(-41.773,5.034,28.133));
#5790 = DIRECTION('',(0.,1.,0.));
#5791 = DIRECTION('',(0.,-0.,1.));
#5792 = PLANE('',#5793);
#5793 = AXIS2_PLACEMENT_3D('',#5794,#5795,#5796);
#5794 = CARTESIAN_POINT('',(-65.97731018769,5.034,12.726021874121));
#5795 = DIRECTION('',(0.,1.,0.));
#5796 = DIRECTION('',(0.,-0.,1.));
#5797 = ADVANCED_FACE('',(#5798),#5814,.F.);
#5798 = FACE_BOUND('',#5799,.F.);
#5799 = EDGE_LOOP('',(#5800,#5806,#5807,#5813));
#5800 = ORIENTED_EDGE('',*,*,#5801,.F.);
#5801 = EDGE_CURVE('',#4541,#4898,#5802,.T.);
#5802 = LINE('',#5803,#5804);
#5803 = CARTESIAN_POINT('',(-8.515,-0.4,41.));
#5804 = VECTOR('',#5805,1.);
#5805 = DIRECTION('',(0.,0.,1.));
#5806 = ORIENTED_EDGE('',*,*,#4538,.F.);
#5807 = ORIENTED_EDGE('',*,*,#5808,.T.);
#5808 = EDGE_CURVE('',#4539,#4890,#5809,.T.);
#5809 = LINE('',#5810,#5811);
#5810 = CARTESIAN_POINT('',(-19.465,-0.4,41.));
#5811 = VECTOR('',#5812,1.);
#5812 = DIRECTION('',(0.,0.,1.));
#5813 = ORIENTED_EDGE('',*,*,#4897,.F.);
#5814 = PLANE('',#5815);
#5815 = AXIS2_PLACEMENT_3D('',#5816,#5817,#5818);
#5816 = CARTESIAN_POINT('',(-19.465,-0.4,41.));
#5817 = DIRECTION('',(-0.,1.,0.));
#5818 = DIRECTION('',(0.,0.,1.));
#5819 = ADVANCED_FACE('',(#5820),#5831,.F.);
#5820 = FACE_BOUND('',#5821,.F.);
#5821 = EDGE_LOOP('',(#5822,#5828,#5829,#5830));
#5822 = ORIENTED_EDGE('',*,*,#5823,.F.);
#5823 = EDGE_CURVE('',#4557,#4880,#5824,.T.);
#5824 = LINE('',#5825,#5826);
#5825 = CARTESIAN_POINT('',(-8.515,-3.9,41.));
#5826 = VECTOR('',#5827,1.);
#5827 = DIRECTION('',(0.,0.,1.));
#5828 = ORIENTED_EDGE('',*,*,#4564,.F.);
#5829 = ORIENTED_EDGE('',*,*,#5801,.T.);
#5830 = ORIENTED_EDGE('',*,*,#4905,.F.);
#5831 = PLANE('',#5832);
#5832 = AXIS2_PLACEMENT_3D('',#5833,#5834,#5835);
#5833 = CARTESIAN_POINT('',(-8.515,-3.9,41.));
#5834 = DIRECTION('',(1.,0.,-0.));
#5835 = DIRECTION('',(0.,0.,1.));
#5836 = ADVANCED_FACE('',(#5837),#5848,.T.);
#5837 = FACE_BOUND('',#5838,.T.);
#5838 = EDGE_LOOP('',(#5839,#5840,#5841,#5847));
#5839 = ORIENTED_EDGE('',*,*,#5823,.F.);
#5840 = ORIENTED_EDGE('',*,*,#4556,.F.);
#5841 = ORIENTED_EDGE('',*,*,#5842,.T.);
#5842 = EDGE_CURVE('',#4549,#4882,#5843,.T.);
#5843 = LINE('',#5844,#5845);
#5844 = CARTESIAN_POINT('',(-19.465,-3.9,41.));
#5845 = VECTOR('',#5846,1.);
#5846 = DIRECTION('',(0.,0.,1.));
#5847 = ORIENTED_EDGE('',*,*,#4879,.F.);
#5848 = PLANE('',#5849);
#5849 = AXIS2_PLACEMENT_3D('',#5850,#5851,#5852);
#5850 = CARTESIAN_POINT('',(-19.465,-3.9,41.));
#5851 = DIRECTION('',(-0.,1.,0.));
#5852 = DIRECTION('',(0.,0.,1.));
#5853 = ADVANCED_FACE('',(#5854),#5860,.T.);
#5854 = FACE_BOUND('',#5855,.T.);
#5855 = EDGE_LOOP('',(#5856,#5857,#5858,#5859));
#5856 = ORIENTED_EDGE('',*,*,#5842,.F.);
#5857 = ORIENTED_EDGE('',*,*,#4548,.F.);
#5858 = ORIENTED_EDGE('',*,*,#5808,.T.);
#5859 = ORIENTED_EDGE('',*,*,#4889,.F.);
#5860 = PLANE('',#5861);
#5861 = AXIS2_PLACEMENT_3D('',#5862,#5863,#5864);
#5862 = CARTESIAN_POINT('',(-19.465,-3.9,41.));
#5863 = DIRECTION('',(1.,0.,-0.));
#5864 = DIRECTION('',(0.,0.,1.));
#5865 = ADVANCED_FACE('',(#5866),#5891,.F.);
#5866 = FACE_BOUND('',#5867,.F.);
#5867 = EDGE_LOOP('',(#5868,#5876,#5877,#5885));
#5868 = ORIENTED_EDGE('',*,*,#5869,.F.);
#5869 = EDGE_CURVE('',#4743,#5870,#5872,.T.);
#5870 = VERTEX_POINT('',#5871);
#5871 = CARTESIAN_POINT('',(-2.121916576566,2.74,9.96));
#5872 = LINE('',#5873,#5874);
#5873 = CARTESIAN_POINT('',(-6.587,2.74,9.96));
#5874 = VECTOR('',#5875,1.);
#5875 = DIRECTION('',(1.,0.,-0.));
#5876 = ORIENTED_EDGE('',*,*,#4740,.F.);
#5877 = ORIENTED_EDGE('',*,*,#5878,.T.);
#5878 = EDGE_CURVE('',#4741,#5879,#5881,.T.);
#5879 = VERTEX_POINT('',#5880);
#5880 = CARTESIAN_POINT('',(-2.121916576566,-1.16,9.96));
#5881 = LINE('',#5882,#5883);
#5882 = CARTESIAN_POINT('',(-6.587,-1.16,9.96));
#5883 = VECTOR('',#5884,1.);
#5884 = DIRECTION('',(1.,0.,-0.));
#5885 = ORIENTED_EDGE('',*,*,#5886,.F.);
#5886 = EDGE_CURVE('',#5870,#5879,#5887,.T.);
#5887 = LINE('',#5888,#5889);
#5888 = CARTESIAN_POINT('',(-2.121916576566,-0.672,9.96));
#5889 = VECTOR('',#5890,1.);
#5890 = DIRECTION('',(0.,-1.,0.));
#5891 = PLANE('',#5892);
#5892 = AXIS2_PLACEMENT_3D('',#5893,#5894,#5895);
#5893 = CARTESIAN_POINT('',(-6.587,-1.16,9.96));
#5894 = DIRECTION('',(0.,0.,1.));
#5895 = DIRECTION('',(1.,0.,-0.));
#5896 = ADVANCED_FACE('',(#5897),#5915,.F.);
#5897 = FACE_BOUND('',#5898,.F.);
#5898 = EDGE_LOOP('',(#5899,#5907,#5908,#5909));
#5899 = ORIENTED_EDGE('',*,*,#5900,.F.);
#5900 = EDGE_CURVE('',#4759,#5901,#5903,.T.);
#5901 = VERTEX_POINT('',#5902);
#5902 = CARTESIAN_POINT('',(-2.103706822967,2.74,-6.04));
#5903 = LINE('',#5904,#5905);
#5904 = CARTESIAN_POINT('',(-6.587,2.74,-6.04));
#5905 = VECTOR('',#5906,1.);
#5906 = DIRECTION('',(1.,0.,-0.));
#5907 = ORIENTED_EDGE('',*,*,#4766,.F.);
#5908 = ORIENTED_EDGE('',*,*,#5869,.T.);
#5909 = ORIENTED_EDGE('',*,*,#5910,.F.);
#5910 = EDGE_CURVE('',#5901,#5870,#5911,.T.);
#5911 = LINE('',#5912,#5913);
#5912 = CARTESIAN_POINT('',(-2.11685631507,2.74,5.513801236197));
#5913 = VECTOR('',#5914,1.);
#5914 = DIRECTION('',(-1.138108862862E-03,-0.,0.999999352354));
#5915 = PLANE('',#5916);
#5916 = AXIS2_PLACEMENT_3D('',#5917,#5918,#5919);
#5917 = CARTESIAN_POINT('',(-6.587,2.74,-6.04));
#5918 = DIRECTION('',(-0.,1.,0.));
#5919 = DIRECTION('',(0.,0.,1.));
#5920 = ADVANCED_FACE('',(#5921),#5939,.T.);
#5921 = FACE_BOUND('',#5922,.T.);
#5922 = EDGE_LOOP('',(#5923,#5924,#5925,#5933));
#5923 = ORIENTED_EDGE('',*,*,#5900,.F.);
#5924 = ORIENTED_EDGE('',*,*,#4758,.F.);
#5925 = ORIENTED_EDGE('',*,*,#5926,.T.);
#5926 = EDGE_CURVE('',#4751,#5927,#5929,.T.);
#5927 = VERTEX_POINT('',#5928);
#5928 = CARTESIAN_POINT('',(-2.103706822967,-1.16,-6.04));
#5929 = LINE('',#5930,#5931);
#5930 = CARTESIAN_POINT('',(-6.587,-1.16,-6.04));
#5931 = VECTOR('',#5932,1.);
#5932 = DIRECTION('',(1.,0.,-0.));
#5933 = ORIENTED_EDGE('',*,*,#5934,.F.);
#5934 = EDGE_CURVE('',#5901,#5927,#5935,.T.);
#5935 = LINE('',#5936,#5937);
#5936 = CARTESIAN_POINT('',(-2.103706822967,-0.672,-6.04));
#5937 = VECTOR('',#5938,1.);
#5938 = DIRECTION('',(0.,-1.,0.));
#5939 = PLANE('',#5940);
#5940 = AXIS2_PLACEMENT_3D('',#5941,#5942,#5943);
#5941 = CARTESIAN_POINT('',(-6.587,-1.16,-6.04));
#5942 = DIRECTION('',(0.,0.,1.));
#5943 = DIRECTION('',(1.,0.,-0.));
#5944 = ADVANCED_FACE('',(#5945),#5956,.T.);
#5945 = FACE_BOUND('',#5946,.T.);
#5946 = EDGE_LOOP('',(#5947,#5948,#5949,#5950));
#5947 = ORIENTED_EDGE('',*,*,#5926,.F.);
#5948 = ORIENTED_EDGE('',*,*,#4750,.F.);
#5949 = ORIENTED_EDGE('',*,*,#5878,.T.);
#5950 = ORIENTED_EDGE('',*,*,#5951,.F.);
#5951 = EDGE_CURVE('',#5927,#5879,#5952,.T.);
#5952 = LINE('',#5953,#5954);
#5953 = CARTESIAN_POINT('',(-2.11685631507,-1.16,5.513801236197));
#5954 = VECTOR('',#5955,1.);
#5955 = DIRECTION('',(-1.138108862862E-03,-0.,0.999999352354));
#5956 = PLANE('',#5957);
#5957 = AXIS2_PLACEMENT_3D('',#5958,#5959,#5960);
#5958 = CARTESIAN_POINT('',(-6.587,-1.16,-6.04));
#5959 = DIRECTION('',(-0.,1.,0.));
#5960 = DIRECTION('',(0.,0.,1.));
#5961 = ADVANCED_FACE('',(#5962),#5973,.T.);
#5962 = FACE_BOUND('',#5963,.T.);
#5963 = EDGE_LOOP('',(#5964,#5965,#5966,#5972));
#5964 = ORIENTED_EDGE('',*,*,#4855,.F.);
#5965 = ORIENTED_EDGE('',*,*,#5393,.T.);
#5966 = ORIENTED_EDGE('',*,*,#5967,.T.);
#5967 = EDGE_CURVE('',#5386,#5466,#5968,.T.);
#5968 = LINE('',#5969,#5970);
#5969 = CARTESIAN_POINT('',(-4.261,-6.9,46.124));
#5970 = VECTOR('',#5971,1.);
#5971 = DIRECTION('',(0.,1.,0.));
#5972 = ORIENTED_EDGE('',*,*,#5465,.F.);
#5973 = PLANE('',#5974);
#5974 = AXIS2_PLACEMENT_3D('',#5975,#5976,#5977);
#5975 = CARTESIAN_POINT('',(-4.634,-0.184,46.177));
#5976 = DIRECTION('',(0.140678111267,0.,0.99005538684));
#5977 = DIRECTION('',(0.99005538684,0.,-0.140678111267));
#5978 = ADVANCED_FACE('',(#5979),#5990,.T.);
#5979 = FACE_BOUND('',#5980,.T.);
#5980 = EDGE_LOOP('',(#5981,#5982,#5983,#5989));
#5981 = ORIENTED_EDGE('',*,*,#5967,.F.);
#5982 = ORIENTED_EDGE('',*,*,#5385,.T.);
#5983 = ORIENTED_EDGE('',*,*,#5984,.T.);
#5984 = EDGE_CURVE('',#5378,#5474,#5985,.T.);
#5985 = LINE('',#5986,#5987);
#5986 = CARTESIAN_POINT('',(-3.572,-6.9,45.848));
#5987 = VECTOR('',#5988,1.);
#5988 = DIRECTION('',(0.,1.,0.));
#5989 = ORIENTED_EDGE('',*,*,#5473,.F.);
#5990 = PLANE('',#5991);
#5991 = AXIS2_PLACEMENT_3D('',#5992,#5993,#5994);
#5992 = CARTESIAN_POINT('',(-3.9165,-0.184,45.986));
#5993 = DIRECTION('',(0.371855216588,0.,0.92829073996));
#5994 = DIRECTION('',(0.92829073996,0.,-0.371855216588));
#5995 = ADVANCED_FACE('',(#5996),#6007,.T.);
#5996 = FACE_BOUND('',#5997,.T.);
#5997 = EDGE_LOOP('',(#5998,#5999,#6000,#6006));
#5998 = ORIENTED_EDGE('',*,*,#5984,.F.);
#5999 = ORIENTED_EDGE('',*,*,#5377,.T.);
#6000 = ORIENTED_EDGE('',*,*,#6001,.T.);
#6001 = EDGE_CURVE('',#5370,#5482,#6002,.T.);
#6002 = LINE('',#6003,#6004);
#6003 = CARTESIAN_POINT('',(-2.987,-6.9,45.394));
#6004 = VECTOR('',#6005,1.);
#6005 = DIRECTION('',(0.,1.,0.));
#6006 = ORIENTED_EDGE('',*,*,#5481,.F.);
#6007 = PLANE('',#6008);
#6008 = AXIS2_PLACEMENT_3D('',#6009,#6010,#6011);
#6009 = CARTESIAN_POINT('',(-3.2795,-0.184,45.621));
#6010 = DIRECTION('',(0.613098837972,0.,0.790006211924));
#6011 = DIRECTION('',(0.790006211924,0.,-0.613098837972));
#6012 = ADVANCED_FACE('',(#6013),#6024,.T.);
#6013 = FACE_BOUND('',#6014,.T.);
#6014 = EDGE_LOOP('',(#6015,#6016,#6017,#6023));
#6015 = ORIENTED_EDGE('',*,*,#6001,.F.);
#6016 = ORIENTED_EDGE('',*,*,#5369,.T.);
#6017 = ORIENTED_EDGE('',*,*,#6018,.T.);
#6018 = EDGE_CURVE('',#5362,#5490,#6019,.T.);
#6019 = LINE('',#6020,#6021);
#6020 = CARTESIAN_POINT('',(-2.533,-6.9,44.81));
#6021 = VECTOR('',#6022,1.);
#6022 = DIRECTION('',(0.,1.,0.));
#6023 = ORIENTED_EDGE('',*,*,#5489,.F.);
#6024 = PLANE('',#6025);
#6025 = AXIS2_PLACEMENT_3D('',#6026,#6027,#6028);
#6026 = CARTESIAN_POINT('',(-2.76,-0.184,45.102));
#6027 = DIRECTION('',(0.789497782234,0.,0.613753412901));
#6028 = DIRECTION('',(-0.613753412901,0.,0.789497782234));
#6029 = ADVANCED_FACE('',(#6030),#6041,.T.);
#6030 = FACE_BOUND('',#6031,.T.);
#6031 = EDGE_LOOP('',(#6032,#6033,#6034,#6040));
#6032 = ORIENTED_EDGE('',*,*,#6018,.F.);
#6033 = ORIENTED_EDGE('',*,*,#5361,.T.);
#6034 = ORIENTED_EDGE('',*,*,#6035,.T.);
#6035 = EDGE_CURVE('',#5354,#5498,#6036,.T.);
#6036 = LINE('',#6037,#6038);
#6037 = CARTESIAN_POINT('',(-2.249,-6.9,44.12));
#6038 = VECTOR('',#6039,1.);
#6039 = DIRECTION('',(0.,1.,0.));
#6040 = ORIENTED_EDGE('',*,*,#5497,.F.);
#6041 = PLANE('',#6042);
#6042 = AXIS2_PLACEMENT_3D('',#6043,#6044,#6045);
#6043 = CARTESIAN_POINT('',(-2.391,-0.184,44.465));
#6044 = DIRECTION('',(0.924733599626,0.,0.380614988831));
#6045 = DIRECTION('',(-0.380614988831,0.,0.924733599626));
#6046 = ADVANCED_FACE('',(#6047),#6058,.T.);
#6047 = FACE_BOUND('',#6048,.T.);
#6048 = EDGE_LOOP('',(#6049,#6050,#6051,#6057));
#6049 = ORIENTED_EDGE('',*,*,#6035,.F.);
#6050 = ORIENTED_EDGE('',*,*,#5353,.T.);
#6051 = ORIENTED_EDGE('',*,*,#6052,.T.);
#6052 = EDGE_CURVE('',#5346,#5506,#6053,.T.);
#6053 = LINE('',#6054,#6055);
#6054 = CARTESIAN_POINT('',(-2.16,-6.9,43.422));
#6055 = VECTOR('',#6056,1.);
#6056 = DIRECTION('',(0.,1.,0.));
#6057 = ORIENTED_EDGE('',*,*,#5505,.F.);
#6058 = PLANE('',#6059);
#6059 = AXIS2_PLACEMENT_3D('',#6060,#6061,#6062);
#6060 = CARTESIAN_POINT('',(-2.2045,-0.184,43.771));
#6061 = DIRECTION('',(0.991968759433,0.,0.126483122621));
#6062 = DIRECTION('',(-0.126483122621,0.,0.991968759433));
#6063 = ADVANCED_FACE('',(#6064,#6075),#6081,.T.);
#6064 = FACE_BOUND('',#6065,.T.);
#6065 = EDGE_LOOP('',(#6066,#6067,#6068,#6074));
#6066 = ORIENTED_EDGE('',*,*,#6052,.F.);
#6067 = ORIENTED_EDGE('',*,*,#5345,.T.);
#6068 = ORIENTED_EDGE('',*,*,#6069,.T.);
#6069 = EDGE_CURVE('',#5338,#5514,#6070,.T.);
#6070 = LINE('',#6071,#6072);
#6071 = CARTESIAN_POINT('',(-2.1,-6.9,-9.297));
#6072 = VECTOR('',#6073,1.);
#6073 = DIRECTION('',(0.,1.,0.));
#6074 = ORIENTED_EDGE('',*,*,#5513,.F.);
#6075 = FACE_BOUND('',#6076,.T.);
#6076 = EDGE_LOOP('',(#6077,#6078,#6079,#6080));
#6077 = ORIENTED_EDGE('',*,*,#5934,.T.);
#6078 = ORIENTED_EDGE('',*,*,#5951,.T.);
#6079 = ORIENTED_EDGE('',*,*,#5886,.F.);
#6080 = ORIENTED_EDGE('',*,*,#5910,.F.);
#6081 = PLANE('',#6082);
#6082 = AXIS2_PLACEMENT_3D('',#6083,#6084,#6085);
#6083 = CARTESIAN_POINT('',(-2.13,-0.184,17.0625));
#6084 = DIRECTION('',(0.999999352354,0.,1.138108862862E-03));
#6085 = DIRECTION('',(-1.138108862862E-03,0.,0.999999352354));
#6086 = ADVANCED_FACE('',(#6087),#6098,.T.);
#6087 = FACE_BOUND('',#6088,.T.);
#6088 = EDGE_LOOP('',(#6089,#6090,#6091,#6097));
#6089 = ORIENTED_EDGE('',*,*,#6069,.F.);
#6090 = ORIENTED_EDGE('',*,*,#5337,.T.);
#6091 = ORIENTED_EDGE('',*,*,#6092,.T.);
#6092 = EDGE_CURVE('',#5330,#5522,#6093,.T.);
#6093 = LINE('',#6094,#6095);
#6094 = CARTESIAN_POINT('',(-2.16,-6.9,-10.376));
#6095 = VECTOR('',#6096,1.);
#6096 = DIRECTION('',(0.,1.,0.));
#6097 = ORIENTED_EDGE('',*,*,#5521,.F.);
#6098 = PLANE('',#6099);
#6099 = AXIS2_PLACEMENT_3D('',#6100,#6101,#6102);
#6100 = CARTESIAN_POINT('',(-2.13,-0.184,-9.8365));
#6101 = DIRECTION('',(0.998457504645,0.,-5.552126995248E-02));
#6102 = DIRECTION('',(5.552126995248E-02,0.,0.998457504645));
#6103 = ADVANCED_FACE('',(#6104),#6110,.T.);
#6104 = FACE_BOUND('',#6105,.T.);
#6105 = EDGE_LOOP('',(#6106,#6107,#6108,#6109));
#6106 = ORIENTED_EDGE('',*,*,#6092,.F.);
#6107 = ORIENTED_EDGE('',*,*,#5329,.T.);
#6108 = ORIENTED_EDGE('',*,*,#5650,.T.);
#6109 = ORIENTED_EDGE('',*,*,#5529,.F.);
#6110 = PLANE('',#6111);
#6111 = AXIS2_PLACEMENT_3D('',#6112,#6113,#6114);
#6112 = CARTESIAN_POINT('',(-2.2495,-0.184,-10.7205));
#6113 = DIRECTION('',(0.967870384326,0.,-0.251449635405));
#6114 = DIRECTION('',(0.251449635405,0.,0.967870384326));
#6115 = ADVANCED_FACE('',(#6116),#6127,.F.);
#6116 = FACE_BOUND('',#6117,.F.);
#6117 = EDGE_LOOP('',(#6118,#6119,#6125,#6126));
#6118 = ORIENTED_EDGE('',*,*,#5585,.F.);
#6119 = ORIENTED_EDGE('',*,*,#6120,.F.);
#6120 = EDGE_CURVE('',#5741,#5586,#6121,.T.);
#6121 = LINE('',#6122,#6123);
#6122 = CARTESIAN_POINT('',(-72.867,3.4E-02,-5.733));
#6123 = VECTOR('',#6124,1.);
#6124 = DIRECTION('',(0.,1.,0.));
#6125 = ORIENTED_EDGE('',*,*,#5740,.T.);
#6126 = ORIENTED_EDGE('',*,*,#6120,.T.);
#6127 = CYLINDRICAL_SURFACE('',#6128,1.237);
#6128 = AXIS2_PLACEMENT_3D('',#6129,#6130,#6131);
#6129 = CARTESIAN_POINT('',(-72.867,3.4E-02,-6.97));
#6130 = DIRECTION('',(0.,1.,0.));
#6131 = DIRECTION('',(0.,-0.,1.));
#6132 = ADVANCED_FACE('',(#6133),#6144,.F.);
#6133 = FACE_BOUND('',#6134,.F.);
#6134 = EDGE_LOOP('',(#6135,#6136,#6142,#6143));
#6135 = ORIENTED_EDGE('',*,*,#5596,.F.);
#6136 = ORIENTED_EDGE('',*,*,#6137,.F.);
#6137 = EDGE_CURVE('',#5752,#5597,#6138,.T.);
#6138 = LINE('',#6139,#6140);
#6139 = CARTESIAN_POINT('',(-113.769,3.4E-02,8.966));
#6140 = VECTOR('',#6141,1.);
#6141 = DIRECTION('',(0.,1.,0.));
#6142 = ORIENTED_EDGE('',*,*,#5751,.T.);
#6143 = ORIENTED_EDGE('',*,*,#6137,.T.);
#6144 = CYLINDRICAL_SURFACE('',#6145,1.236);
#6145 = AXIS2_PLACEMENT_3D('',#6146,#6147,#6148);
#6146 = CARTESIAN_POINT('',(-113.769,3.4E-02,7.73));
#6147 = DIRECTION('',(0.,1.,0.));
#6148 = DIRECTION('',(0.,-0.,1.));
#6149 = ADVANCED_FACE('',(#6150),#6161,.F.);
#6150 = FACE_BOUND('',#6151,.F.);
#6151 = EDGE_LOOP('',(#6152,#6153,#6159,#6160));
#6152 = ORIENTED_EDGE('',*,*,#5607,.F.);
#6153 = ORIENTED_EDGE('',*,*,#6154,.F.);
#6154 = EDGE_CURVE('',#5763,#5608,#6155,.T.);
#6155 = LINE('',#6156,#6157);
#6156 = CARTESIAN_POINT('',(-113.769,3.4E-02,25.967));
#6157 = VECTOR('',#6158,1.);
#6158 = DIRECTION('',(0.,1.,0.));
#6159 = ORIENTED_EDGE('',*,*,#5762,.T.);
#6160 = ORIENTED_EDGE('',*,*,#6154,.T.);
#6161 = CYLINDRICAL_SURFACE('',#6162,1.236);
#6162 = AXIS2_PLACEMENT_3D('',#6163,#6164,#6165);
#6163 = CARTESIAN_POINT('',(-113.769,3.4E-02,24.731));
#6164 = DIRECTION('',(0.,1.,0.));
#6165 = DIRECTION('',(0.,-0.,1.));
#6166 = ADVANCED_FACE('',(#6167),#6178,.F.);
#6167 = FACE_BOUND('',#6168,.F.);
#6168 = EDGE_LOOP('',(#6169,#6170,#6176,#6177));
#6169 = ORIENTED_EDGE('',*,*,#5618,.F.);
#6170 = ORIENTED_EDGE('',*,*,#6171,.F.);
#6171 = EDGE_CURVE('',#5774,#5619,#6172,.T.);
#6172 = LINE('',#6173,#6174);
#6173 = CARTESIAN_POINT('',(-28.365,3.4E-02,-12.337));
#6174 = VECTOR('',#6175,1.);
#6175 = DIRECTION('',(0.,1.,0.));
#6176 = ORIENTED_EDGE('',*,*,#5773,.T.);
#6177 = ORIENTED_EDGE('',*,*,#6171,.T.);
#6178 = CYLINDRICAL_SURFACE('',#6179,1.234);
#6179 = AXIS2_PLACEMENT_3D('',#6180,#6181,#6182);
#6180 = CARTESIAN_POINT('',(-28.365,3.4E-02,-13.571));
#6181 = DIRECTION('',(0.,1.,0.));
#6182 = DIRECTION('',(0.,-0.,1.));
#6183 = ADVANCED_FACE('',(#6184),#6195,.F.);
#6184 = FACE_BOUND('',#6185,.F.);
#6185 = EDGE_LOOP('',(#6186,#6187,#6193,#6194));
#6186 = ORIENTED_EDGE('',*,*,#5629,.F.);
#6187 = ORIENTED_EDGE('',*,*,#6188,.F.);
#6188 = EDGE_CURVE('',#5785,#5630,#6189,.T.);
#6189 = LINE('',#6190,#6191);
#6190 = CARTESIAN_POINT('',(-41.773,3.4E-02,29.364));
#6191 = VECTOR('',#6192,1.);
#6192 = DIRECTION('',(0.,1.,0.));
#6193 = ORIENTED_EDGE('',*,*,#5784,.T.);
#6194 = ORIENTED_EDGE('',*,*,#6188,.T.);
#6195 = CYLINDRICAL_SURFACE('',#6196,1.231);
#6196 = AXIS2_PLACEMENT_3D('',#6197,#6198,#6199);
#6197 = CARTESIAN_POINT('',(-41.773,3.4E-02,28.133));
#6198 = DIRECTION('',(0.,1.,0.));
#6199 = DIRECTION('',(0.,-0.,1.));
#6200 = ( GEOMETRIC_REPRESENTATION_CONTEXT(3) 
GLOBAL_UNCERTAINTY_ASSIGNED_CONTEXT((#6204)) 
GLOBAL_UNIT_ASSIGNED_CONTEXT((#6201,#6202,#6203)) REPRESENTATION_CONTEXT
('Context #1','3D Context with UNIT and UNCERTAINTY') );
#6201 = ( LENGTH_UNIT() NAMED_UNIT(*) SI_UNIT(.MILLI.,.METRE.) );
#6202 = ( NAMED_UNIT(*) PLANE_ANGLE_UNIT() SI_UNIT($,.RADIAN.) );
#6203 = ( NAMED_UNIT(*) SI_UNIT($,.STERADIAN.) SOLID_ANGLE_UNIT() );
#6204 = UNCERTAINTY_MEASURE_WITH_UNIT(LENGTH_MEASURE(1.E-07),#6201,
  'distance_accuracy_value','confusion accuracy');
#6205 = PRODUCT_RELATED_PRODUCT_CATEGORY('part',$,(#7));
ENDSEC;
END-ISO-10303-21;
